SID,SEASON,NUMBER,BASIN,SUBBASIN,NAME,ISO_TIME,NATURE,LAT,LON,WMO_WIND,WMO_PRES,WMO_AGENCY,USA_LAT,USA_LON,USA_STATUS,USA_WIND,USA_PRES,USA_SSHS,STORM_SPEED,STORM_DIR,INTENSITY_WIND_KT,INTENSITY_PRES_MB
2013130N04093,2013,20,NI,BB,MAHASEN:VIYARU,09-05-2013 18:00,DS,4.4,93, , , ,4.4,93,DB,20,1007,-3,7,85,20,1007
2013130N04093,2013,20,NI,BB,MAHASEN:VIYARU,09-05-2013 21:00,DS,4.4,93.3, , , ,4.4,93.3,DB,23,1006,-3,5,80,23,1006
2013130N04093,2013,20,NI,BB,MAHASEN:VIYARU,10-05-2013 00:00,TS,4.5,93.5, , , ,4.5,93.5,TD,25,1004,-1,3,0,25,1004
2013130N04093,2013,20,NI,BB,MAHASEN:VIYARU,10-05-2013 03:00,TS,4.7,93.3, , , ,4.7,93.3,TD,30,1000,-1,6,310,30,1000
2013130N04093,2013,20,NI,BB,MAHASEN:VIYARU,10-05-2013 06:00,TS,4.9,93, , , ,4.9,93,TS,35,996,0,8,300,35,996
2013130N04093,2013,20,NI,BB,MAHASEN:VIYARU,10-05-2013 09:00,TS,5.1,92.6,25,1004,newdelhi,5.1,92.8,TS,35,996,0,9,310,35,996
2013130N04093,2013,20,NI,BB,MAHASEN:VIYARU,10-05-2013 12:00,TS,5.4,92.3,30,1002,newdelhi,5.4,92.5,TS,35,996,0,9,320,35,996
2013130N04093,2013,20,NI,BB,MAHASEN:VIYARU,10-05-2013 15:00,TS,5.8,92, , , ,5.8,92.2,TS,35,996,0,10,315,35,996
2013130N04093,2013,20,NI,BB,MAHASEN:VIYARU,10-05-2013 18:00,TS,6.1,91.7,30,1000,newdelhi,6.2,91.8,TS,35,996,0,9,315,35,996
2013130N04093,2013,20,NI,BB,MAHASEN:VIYARU,10-05-2013 21:00,TS,6.4,91.3, , , ,6.6,91.4,TS,38,995,0,10,315,38,995
2013130N04093,2013,20,NI,BB,MAHASEN:VIYARU,11-05-2013 00:00,TS,6.8,91,30,998,newdelhi,7.1,90.9,TS,40,993,0,13,315,40,993
2013130N04093,2013,20,NI,BB,MAHASEN:VIYARU,11-05-2013 03:00,TS,7.3,90.4,35,996,newdelhi,7.6,90.4,TS,43,991,0,12,320,43,991
2013130N04093,2013,20,NI,BB,MAHASEN:VIYARU,11-05-2013 06:00,TS,7.8,90.2,35,996,newdelhi,8,89.8,TS,45,989,0,10,310,45,989
2013130N04093,2013,20,NI,BB,MAHASEN:VIYARU,11-05-2013 09:00,TS,7.9,89.7,35,996,newdelhi,8.3,89.3,TS,45,989,0,11,300,45,989
2013130N04093,2013,20,NI,BB,MAHASEN:VIYARU,11-05-2013 12:00,TS,8.3,89.2,40,994,newdelhi,8.6,88.9,TS,45,989,0,12,310,45,989
2013130N04093,2013,20,NI,BB,MAHASEN:VIYARU,11-05-2013 15:00,TS,8.7,88.8,40,994,newdelhi,8.9,88.6,TS,45,989,0,9,325,45,989
2013130N04093,2013,20,NI,BB,MAHASEN:VIYARU,11-05-2013 18:00,TS,9.1,88.7,40,994,newdelhi,9.1,88.3,TS,45,989,0,9,325,45,989
2013130N04093,2013,20,NI,BB,MAHASEN:VIYARU,11-05-2013 21:00,TS,9.4,88.3,40,994,newdelhi,9.3,88,TS,45,989,0,10,315,45,989
2013130N04093,2013,20,NI,BB,MAHASEN:VIYARU,12-05-2013 00:00,TS,9.8,87.9,40,994,newdelhi,9.5,87.8,TS,45,989,0,8,300,45,989
2013130N04093,2013,20,NI,BB,MAHASEN:VIYARU,12-05-2013 03:00,TS,9.8,87.5,40,994,newdelhi,9.7,87.6,TS,45,989,0,5,295,45,989
2013130N04093,2013,20,NI,BB,MAHASEN:VIYARU,12-05-2013 06:00,TS,10,87.5,40,994,newdelhi,9.9,87.4,TS,45,989,0,6,315,45,989
2013130N04093,2013,20,NI,BB,MAHASEN:VIYARU,12-05-2013 09:00,TS,10.3,87.1,40,994,newdelhi,10.1,87.2,TS,45,989,0,6,315,45,989
2013130N04093,2013,20,NI,BB,MAHASEN:VIYARU,12-05-2013 12:00,TS,10.4,87,40,994,newdelhi,10.3,87,TS,45,989,0,5,300,45,989
2013130N04093,2013,20,NI,BB,MAHASEN:VIYARU,12-05-2013 15:00,TS,10.5,86.7,40,994,newdelhi,10.5,86.8,TS,45,989,0,6,320,45,989
2013130N04093,2013,20,NI,BB,MAHASEN:VIYARU,12-05-2013 18:00,TS,10.9,86.6,40,994,newdelhi,10.8,86.7,TS,45,989,0,5,350,45,989
2013130N04093,2013,20,NI,BB,MAHASEN:VIYARU,12-05-2013 21:00,TS,11,86.5,40,994,newdelhi,11.1,86.6,TS,45,989,0,6,350,45,989
2013130N04093,2013,20,NI,BB,MAHASEN:VIYARU,13-05-2013 00:00,TS,11.5,86.5,40,994,newdelhi,11.4,86.5,TS,45,989,0,8,350,45,989
2013130N04093,2013,20,NI,BB,MAHASEN:VIYARU,13-05-2013 03:00,TS,11.8,86.4,40,994,newdelhi,11.7,86.4,TS,45,989,0,5,345,45,989
2013130N04093,2013,20,NI,BB,MAHASEN:VIYARU,13-05-2013 06:00,TS,12,86.4,40,994,newdelhi,11.9,86.2,TS,45,989,0,5,295,45,989
2013130N04093,2013,20,NI,BB,MAHASEN:VIYARU,13-05-2013 09:00,TS,12,85.9,40,994,newdelhi,12.1,85.9,TS,45,989,0,6,290,45,989
2013130N04093,2013,20,NI,BB,MAHASEN:VIYARU,13-05-2013 12:00,TS,12.2,85.8,40,994,newdelhi,12.3,85.6,TS,45,989,0,6,340,45,989
2013130N04093,2013,20,NI,BB,MAHASEN:VIYARU,13-05-2013 15:00,TS,12.6,85.7,40,994,newdelhi,12.7,85.5,TS,45,989,0,7,330,45,989
2013130N04093,2013,20,NI,BB,MAHASEN:VIYARU,13-05-2013 18:00,TS,12.8,85.5,40,994,newdelhi,13.1,85.4,TS,45,989,0,7,335,45,989
2013130N04093,2013,20,NI,BB,MAHASEN:VIYARU,13-05-2013 21:00,TS,13.2,85.4,40,994,newdelhi,13.4,85.4,TS,45,989,0,8,0,45,989
2013130N04093,2013,20,NI,BB,MAHASEN:VIYARU,14-05-2013 00:00,TS,13.6,85.5,40,994,newdelhi,13.7,85.4,TS,45,989,0,5,10,45,989
2013130N04093,2013,20,NI,BB,MAHASEN:VIYARU,14-05-2013 03:00,TS,13.7,85.5,40,994,newdelhi,14,85.6,TS,45,989,0,5,20,45,989
2013130N04093,2013,20,NI,BB,MAHASEN:VIYARU,14-05-2013 06:00,TS,14.1,85.7,40,994,newdelhi,14.2,85.8,TS,45,989,0,5,25,45,989
2013130N04093,2013,20,NI,BB,MAHASEN:VIYARU,14-05-2013 09:00,TS,14.2,85.7,40,994,newdelhi,14.4,86,TS,45,989,0,7,40,45,989
2013130N04093,2013,20,NI,BB,MAHASEN:VIYARU,14-05-2013 12:00,TS,14.6,86.1,40,994,newdelhi,14.7,86.2,TS,45,989,0,8,35,45,989
2013130N04093,2013,20,NI,BB,MAHASEN:VIYARU,14-05-2013 15:00,TS,14.8,86.2,40,994,newdelhi,15.1,86.4,TS,45,989,0,9,35,45,989
2013130N04093,2013,20,NI,BB,MAHASEN:VIYARU,14-05-2013 18:00,TS,15.3,86.6,40,994,newdelhi,15.6,86.7,TS,45,989,0,11,25,45,989
2013130N04093,2013,20,NI,BB,MAHASEN:VIYARU,14-05-2013 21:00,TS,15.8,86.7,40,994,newdelhi,16,87,TS,45,989,0,11,25,45,989
2013130N04093,2013,20,NI,BB,MAHASEN:VIYARU,15-05-2013 00:00,TS,16.3,87.1,40,994,newdelhi,16.5,87.2,TS,45,989,0,11,25,45,989
2013130N04093,2013,20,NI,BB,MAHASEN:VIYARU,15-05-2013 03:00,TS,16.7,87.2,40,992,newdelhi,17,87.4,TS,45,989,0,11,25,45,989
2013130N04093,2013,20,NI,BB,MAHASEN:VIYARU,15-05-2013 06:00,TS,17.3,87.6,45,990,newdelhi,17.5,87.6,TS,45,989,0,11,30,45,989
2013130N04093,2013,20,NI,BB,MAHASEN:VIYARU,15-05-2013 09:00,TS,17.7,87.7,45,990,newdelhi,18,88,TS,45,989,0,12,30,45,989
2013130N04093,2013,20,NI,BB,MAHASEN:VIYARU,15-05-2013 12:00,TS,18.3,88.2,45,990,newdelhi,18.5,88.4,TS,45,989,0,13,35,45,989
2013130N04093,2013,20,NI,BB,MAHASEN:VIYARU,15-05-2013 15:00,TS,18.8,88.6,45,990,newdelhi,19.1,88.7,TS,45,989,0,12,25,45,989
2013130N04093,2013,20,NI,BB,MAHASEN:VIYARU,15-05-2013 18:00,TS,19.3,88.8,45,990,newdelhi,19.7,89,TS,45,989,0,12,30,45,989
2013130N04093,2013,20,NI,BB,MAHASEN:VIYARU,15-05-2013 21:00,TS,19.8,89.2,45,990,newdelhi,20.2,89.4,TS,45,989,0,13,40,45,989
2013130N04093,2013,20,NI,BB,MAHASEN:VIYARU,16-05-2013 00:00,TS,20.4,89.7,45,990,newdelhi,20.7,89.9,TS,45,989,0,17,35,45,989
2013130N04093,2013,20,NI,BB,MAHASEN:VIYARU,16-05-2013 03:00,TS,21.2,90.2,45,990,newdelhi,21.5,90.5,TS,43,991,0,25,30,43,991
2013130N04093,2013,20,NI,BB,MAHASEN:VIYARU,16-05-2013 06:00,TS,22.5,91,45,990,newdelhi,22.4,91.1,TS,40,993,0,27,35,40,993
2013130N04093,2013,20,NI,BB,MAHASEN:VIYARU,16-05-2013 09:00,TS,23.4,91.9,40,994,newdelhi,23.3,91.8,TS,38,995,0,21,40,38,995
2013130N04093,2013,20,NI,BB,MAHASEN:VIYARU,16-05-2013 12:00,TS,24.1,92.5,30,996,newdelhi,24.3,92.6,TS,35,996,0,14,45,35,996
2013130N04093,2013,20,NI,BB,MAHASEN:VIYARU,16-05-2013 15:00,TS,24.5,93, , , , , ,TS, , ,-5,13,45, , 
2013130N04093,2013,20,NI,BB,MAHASEN:VIYARU,16-05-2013 18:00,TS,25,93.5,25,998,newdelhi, , , , , ,-5,14,40, , 
2013149N21090,2013,23,NI,BB,UNNAMED,29-05-2013 03:00,TS,21,89.5,25,996,newdelhi, , , , , ,-5,7,330, , 
2013149N21090,2013,23,NI,BB,UNNAMED,29-05-2013 06:00,TS,21.3,89.3,25,996,newdelhi, , , , , ,-5,7,315, , 
2013149N21090,2013,23,NI,BB,UNNAMED,29-05-2013 09:00,TS,21.5,89,25,996,newdelhi, , , , , ,-5,6,310, , 
2013149N21090,2013,23,NI,BB,UNNAMED,29-05-2013 12:00,TS,21.7,88.8,25,994,newdelhi, , , , , ,-5,6,330, , 
2013149N21090,2013,23,NI,BB,UNNAMED,29-05-2013 15:00,TS,22,88.7,20,994,newdelhi, , , , , ,-5,5,315, , 
2013149N21090,2013,23,NI,BB,UNNAMED,29-05-2013 18:00,TS,22.1,88.4,20,994,newdelhi, , , , , ,-5,6,285, , 
2013149N21090,2013,23,NI,BB,UNNAMED,29-05-2013 21:00,TS,22.1,88.1, , , , , , , , ,-5,6,280, , 
2013149N21090,2013,23,NI,BB,UNNAMED,30-05-2013 00:00,TS,22.2,87.8,20,994,newdelhi, , , , , ,-5,6,285, , 
2013149N21090,2013,23,NI,BB,UNNAMED,30-05-2013 03:00,TS,22.3,87.5,20,990,newdelhi, , , , , ,-5,3,290, , 
2013149N21090,2013,23,NI,BB,UNNAMED,30-05-2013 06:00,TS,22.3,87.5,20,990,newdelhi, , , , , ,-5,2,335, , 
2013149N21090,2013,23,NI,BB,UNNAMED,30-05-2013 09:00,TS,22.5,87.4, , , , , , , , ,-5,4,335, , 
2013149N21090,2013,23,NI,BB,UNNAMED,30-05-2013 12:00,TS,22.7,87.3,20,990,newdelhi, , , , , ,-5,3,330, , 
2013149N21090,2013,23,NI,BB,UNNAMED,30-05-2013 15:00,TS,22.7,87.2, , , , , , , , ,-5,1,320, , 
2013149N21090,2013,23,NI,BB,UNNAMED,30-05-2013 18:00,NR,22.8,87.2, , ,newdelhi, , , , , ,-5,4,345, , 
2013149N21090,2013,23,NI,BB,UNNAMED,30-05-2013 21:00,NR,23.1,87.2, , , , , , , , ,-5,7,355, , 
2013149N21090,2013,23,NI,BB,UNNAMED,31-05-2013 00:00,TS,23.5,87.1,20,990,newdelhi, , , , , ,-5,9,350, , 
2013149N21090,2013,23,NI,BB,UNNAMED,31-05-2013 03:00,TS,24,87,20,990,newdelhi, , , , , ,-5,10,355, , 
2013149N21090,2013,23,NI,BB,UNNAMED,31-05-2013 06:00,TS,24.5,87,20,994,newdelhi, , , , , ,-5,10,0, , 
2013149N21090,2013,23,NI,BB,UNNAMED,31-05-2013 09:00,TS,25,87,20,996,newdelhi, , , , , ,-5,10,0, , 
2013211N21088,2013,40,NI,BB,UNNAMED,30-07-2013 03:00,TS,21,88,25,990,newdelhi, , , , , ,-5,14,315, , 
2013211N21088,2013,40,NI,BB,UNNAMED,30-07-2013 06:00,TS,21.5,87.5,25,990,newdelhi, , , , , ,-5,10,315, , 
2013211N21088,2013,40,NI,BB,UNNAMED,30-07-2013 09:00,TS,21.7,87.3, , , , , , , , ,-5,5,295, , 
2013211N21088,2013,40,NI,BB,UNNAMED,30-07-2013 12:00,TS,21.7,87,25,990,newdelhi, , , , , ,-5,9,270, , 
2013211N21088,2013,40,NI,BB,UNNAMED,30-07-2013 15:00,TS,21.7,86.3, , , , , , , , ,-5,14,270, , 
2013211N21088,2013,40,NI,BB,UNNAMED,30-07-2013 18:00,TS,21.7,85.5,20,992,newdelhi, , , , , ,-5,14,270, , 
2013211N21088,2013,40,NI,BB,UNNAMED,30-07-2013 21:00,TS,21.8,84.8, , , , , , , , ,-5,14,275, , 
2013211N21088,2013,40,NI,BB,UNNAMED,31-07-2013 00:00,TS,21.8,84,20,992,newdelhi, , , , , ,-5,17,270, , 
2013211N21088,2013,40,NI,BB,UNNAMED,31-07-2013 03:00,TS,21.8,83,20,992,newdelhi, , , , , ,-5,14,270, , 
2013211N21088,2013,40,NI,BB,UNNAMED,31-07-2013 06:00,TS,21.8,82.5,20,992,newdelhi, , , , , ,-5,14,275, , 
2013211N21088,2013,40,NI,BB,UNNAMED,31-07-2013 09:00,TS,21.9,81.5, , , , , , , , ,-5,19,275, , 
2013211N21088,2013,40,NI,BB,UNNAMED,31-07-2013 12:00,TS,22,80.5,20,992,newdelhi, , , , , ,-5,15,280, , 
2013211N21088,2013,40,NI,BB,UNNAMED,31-07-2013 15:00,TS,22.1,79.9, , , , , , , , ,-5,8,290, , 
2013211N21088,2013,40,NI,BB,UNNAMED,31-07-2013 18:00,TS,22.2,79.7, , , , , , , , ,-5,3,335, , 
2013211N21088,2013,40,NI,BB,UNNAMED,31-07-2013 21:00,TS,22.4,79.8, , , , , , , , ,-5,4,50, , 
2013211N21088,2013,40,NI,BB,UNNAMED,01-08-2013 00:00,TS,22.5,80,20,992,newdelhi, , , , , ,-5,5,60, , 
2013232N22088,2013,51,NI,BB,UNNAMED,20-08-2013 00:00,TS,22,87.5,25,990,newdelhi, , , , , ,-5,0,0, , 
2013232N22088,2013,51,NI,BB,UNNAMED,20-08-2013 03:00,TS,22,87.5,25,990,newdelhi, , , , , ,-5,0,0, , 
2013232N22088,2013,51,NI,BB,UNNAMED,20-08-2013 06:00,TS,22,87.5,25,990,newdelhi, , , , , ,-5,1,0, , 
2013232N22088,2013,51,NI,BB,UNNAMED,20-08-2013 09:00,TS,22.1,87.5, , , , , , , , ,-5,3,0, , 
2013232N22088,2013,51,NI,BB,UNNAMED,20-08-2013 12:00,TS,22.3,87.5,25,990,newdelhi, , , , , ,-5,2,10, , 
2013232N22088,2013,51,NI,BB,UNNAMED,20-08-2013 15:00,TS,22.4,87.5, , , , , , , , ,-5,2,10, , 
2013232N22088,2013,51,NI,BB,UNNAMED,20-08-2013 18:00,TS,22.5,87.5,25,990,newdelhi, , , , , ,-5,6,350, , 
2013232N22088,2013,51,NI,BB,UNNAMED,20-08-2013 21:00,TS,22.9,87.4, , , , , , , , ,-5,9,330, , 
2013232N22088,2013,51,NI,BB,UNNAMED,21-08-2013 00:00,TS,23.3,87,20,990,newdelhi, , , , , ,-5,14,285, , 
2013232N22088,2013,51,NI,BB,UNNAMED,21-08-2013 03:00,TS,23.3,86,20,992,newdelhi, , , , , ,-5,12,265, , 
2013232N22088,2013,51,NI,BB,UNNAMED,21-08-2013 06:00,TS,23.2,85.7,20,992,newdelhi, , , , , ,-5,10,265, , 
2013232N22088,2013,51,NI,BB,UNNAMED,21-08-2013 09:00,TS,23.2,85, , , , , , , , ,-5,16,270, , 
2013232N22088,2013,51,NI,BB,UNNAMED,21-08-2013 12:00,TS,23.2,84,20,991,newdelhi, , , , , ,-5,18,270, , 
2013232N22088,2013,51,NI,BB,UNNAMED,21-08-2013 15:00,TS,23.2,83, , , , , , , , ,-5,17,270, , 
2013232N22088,2013,51,NI,BB,UNNAMED,21-08-2013 18:00,TS,23.2,82.2,20,994,newdelhi, , , , , ,-5,7,270, , 
2013232N22088,2013,51,NI,BB,UNNAMED,21-08-2013 21:00,TS,23.2,82.2, , , , , , , , ,-5,2,270, , 
2013232N22088,2013,51,NI,BB,UNNAMED,22-08-2013 00:00,TS,23.2,82,20,994,newdelhi, , , , , ,-5,14,270, , 
2013232N22088,2013,51,NI,BB,UNNAMED,22-08-2013 03:00,TS,23.2,80.7,20,994,newdelhi, , , , , ,-5,16,270, , 
2013232N22088,2013,51,NI,BB,UNNAMED,22-08-2013 06:00,TS,23.2,80.3,20,996,newdelhi, , , , , ,-5,5,260, , 
2013232N22088,2013,51,NI,BB,UNNAMED,22-08-2013 09:00,TS,23.1,80.1, , , , , , , , ,-5,3,225, , 
2013232N22088,2013,51,NI,BB,UNNAMED,22-08-2013 12:00,TS,23,80.1,20,998,newdelhi, , , , , ,-5,2,200, , 
2013232N22088,2013,51,NI,BB,UNNAMED,22-08-2013 15:00,TS,22.9,80.1, , , , , , , , ,-5,2,215, , 
2013232N22088,2013,51,NI,BB,UNNAMED,22-08-2013 18:00,TS,22.9,80, , , , , , , , ,-5,2,240, , 
2013232N22088,2013,51,NI,BB,UNNAMED,22-08-2013 21:00,TS,22.8,79.9, , , , , , , , ,-5,2,250, , 
2013232N22088,2013,51,NI,BB,UNNAMED,23-08-2013 00:00,TS,22.8,79.8,20,998,newdelhi, , , , , ,-5,2,255, , 
2013281N12098,2013,75,NI,BB,PHAILIN,07-10-2013 12:00,DS,11.8,97.6, , , ,11.8,97.6,DB,20,1007,-3,13,285,20,1007
2013281N12098,2013,75,NI,BB,PHAILIN,07-10-2013 15:00,DS,12,97, , , ,12,97,DB,23,1006,-3,12,285,23,1006
2013281N12098,2013,75,NI,BB,PHAILIN,07-10-2013 18:00,TS,12.1,96.4, , , ,12.1,96.4,TD,25,1004,-1,10,285,25,1004
2013281N12098,2013,75,NI,BB,PHAILIN,07-10-2013 21:00,TS,12.2,95.9, , , ,12.2,95.9,TD,25,1004,-1,8,285,25,1004
2013281N12098,2013,75,NI,BB,PHAILIN,08-10-2013 00:00,TS,12.3,95.6, , , ,12.3,95.6,TD,25,1004,-1,5,290,25,1004
2013281N12098,2013,75,NI,BB,PHAILIN,08-10-2013 03:00,TS,12.4,95.5,25,1004,newdelhi,12.5,95.3,TD,25,1004,-1,4,285,25,1004
2013281N12098,2013,75,NI,BB,PHAILIN,08-10-2013 06:00,TS,12.4,95.2,25,1004,newdelhi,12.6,95.1,TD,25,1004,-1,6,270,25,1004
2013281N12098,2013,75,NI,BB,PHAILIN,08-10-2013 09:00,TS,12.4,94.9, , , ,12.7,94.8,TD,28,1002,-1,7,265,28,1002
2013281N12098,2013,75,NI,BB,PHAILIN,08-10-2013 12:00,TS,12.4,94.5,25,1003,newdelhi,12.7,94.5,TD,30,1000,-1,7,280,30,1000
2013281N12098,2013,75,NI,BB,PHAILIN,08-10-2013 15:00,TS,12.5,94.2, , , ,12.8,94.2,TD,30,1000,-1,6,305,30,1000
2013281N12098,2013,75,NI,BB,PHAILIN,08-10-2013 18:00,TS,12.7,94,25,1003,newdelhi,12.9,93.9,TD,30,1000,-1,7,310,30,1000
2013281N12098,2013,75,NI,BB,PHAILIN,08-10-2013 21:00,TS,12.9,93.7, , , ,13,93.7,TD,33,998,-1,6,310,33,998
2013281N12098,2013,75,NI,BB,PHAILIN,09-10-2013 00:00,TS,13.1,93.5,30,1002,newdelhi,13.2,93.4,TS,35,996,0,4,300,35,996
2013281N12098,2013,75,NI,BB,PHAILIN,09-10-2013 03:00,TS,13.2,93.3,30,1001,newdelhi,13.3,93.1,TS,38,995,0,5,280,38,995
2013281N12098,2013,75,NI,BB,PHAILIN,09-10-2013 06:00,TS,13.2,92.9,30,1000,newdelhi,13.4,92.8,TS,40,993,0,8,295,40,993
2013281N12098,2013,75,NI,BB,PHAILIN,09-10-2013 09:00,TS,13.5,92.5,30,1000,newdelhi,13.5,92.5,TS,43,991,0,6,310,43,991
2013281N12098,2013,75,NI,BB,PHAILIN,09-10-2013 12:00,TS,13.6,92.4,35,999,newdelhi,13.7,92.3,TS,45,989,0,3,310,45,989
2013281N12098,2013,75,NI,BB,PHAILIN,09-10-2013 15:00,TS,13.7,92.3,35,999,newdelhi,13.8,92,TS,50,986,0,6,310,50,986
2013281N12098,2013,75,NI,BB,PHAILIN,09-10-2013 18:00,TS,14,91.9,40,998,newdelhi,14,91.8,TS,55,982,0,6,310,55,982
2013281N12098,2013,75,NI,BB,PHAILIN,09-10-2013 21:00,TS,14.1,91.8,45,996,newdelhi,14.2,91.6,TS,60,978,0,7,315,60,978
2013281N12098,2013,75,NI,BB,PHAILIN,10-10-2013 00:00,TS,14.5,91.4,45,996,newdelhi,14.5,91.3,TY,65,974,1,9,305,65,974
2013281N12098,2013,75,NI,BB,PHAILIN,10-10-2013 03:00,TS,14.6,91,55,990,newdelhi,14.8,91.1,TY,78,965,1,9,305,78,965
2013281N12098,2013,75,NI,BB,PHAILIN,10-10-2013 06:00,TS,15,90.7,65,984,newdelhi,15,90.8,TY,90,956,2,7,315,90,956
2013281N12098,2013,75,NI,BB,PHAILIN,10-10-2013 09:00,TS,15.1,90.5,70,982,newdelhi,15.2,90.5,TY,100,949,3,7,310,100,949
2013281N12098,2013,75,NI,BB,PHAILIN,10-10-2013 12:00,TS,15.4,90.1,75,976,newdelhi,15.4,90.2,TY,110,941,3,7,305,110,941
2013281N12098,2013,75,NI,BB,PHAILIN,10-10-2013 15:00,TS,15.5,89.9,90,966,newdelhi,15.5,89.8,TY,120,934,4,6,280,120,934
2013281N12098,2013,75,NI,BB,PHAILIN,10-10-2013 18:00,TS,15.6,89.5,95,960,newdelhi,15.6,89.4,ST,130,926,4,9,275,130,926
2013281N12098,2013,75,NI,BB,PHAILIN,10-10-2013 21:00,TS,15.6,89,100,954,newdelhi,15.6,89,ST,133,924,4,9,290,133,924
2013281N12098,2013,75,NI,BB,PHAILIN,11-10-2013 00:00,TS,15.9,88.6,110,946,newdelhi,15.7,88.7,ST,135,922,4,6,305,135,922
2013281N12098,2013,75,NI,BB,PHAILIN,11-10-2013 03:00,TS,15.9,88.5,115,940,newdelhi,15.9,88.5,ST,135,922,4,4,315,135,922
2013281N12098,2013,75,NI,BB,PHAILIN,11-10-2013 06:00,TS,16.2,88.3,115,940,newdelhi,16.1,88.3,ST,135,922,4,7,320,135,922
2013281N12098,2013,75,NI,BB,PHAILIN,11-10-2013 09:00,TS,16.5,88,115,940,newdelhi,16.4,88,ST,138,920,5,8,315,138,920
2013281N12098,2013,75,NI,BB,PHAILIN,11-10-2013 12:00,TS,16.8,87.7,115,940,newdelhi,16.7,87.7,ST,140,918,5,8,295,140,918
2013281N12098,2013,75,NI,BB,PHAILIN,11-10-2013 15:00,TS,16.8,87.3,115,940,newdelhi,16.8,87.3,ST,140,918,5,7,285,140,918
2013281N12098,2013,75,NI,BB,PHAILIN,11-10-2013 18:00,TS,16.9,87,115,940,newdelhi,16.8,87,ST,140,918,5,6,295,140,918
2013281N12098,2013,75,NI,BB,PHAILIN,11-10-2013 21:00,TS,17.1,86.7,115,940,newdelhi,17.1,86.7,ST,140,918,5,8,315,140,918
2013281N12098,2013,75,NI,BB,PHAILIN,12-10-2013 00:00,TS,17.5,86.5,115,940,newdelhi,17.4,86.4,ST,140,918,5,9,315,140,918
2013281N12098,2013,75,NI,BB,PHAILIN,12-10-2013 03:00,TS,17.7,86,115,940,newdelhi,17.7,86.1,ST,138,920,5,9,310,138,920
2013281N12098,2013,75,NI,BB,PHAILIN,12-10-2013 06:00,TS,18.1,85.8,115,940,newdelhi,18,85.8,ST,135,922,4,9,320,135,922
2013281N12098,2013,75,NI,BB,PHAILIN,12-10-2013 09:00,TS,18.5,85.4,115,940,newdelhi,18.3,85.5,ST,130,926,4,8,320,130,926
2013281N12098,2013,75,NI,BB,PHAILIN,12-10-2013 12:00,TS,18.7,85.2,115,940,newdelhi,18.7,85.2,TY,125,929,4,7,335,125,929
2013281N12098,2013,75,NI,BB,PHAILIN,12-10-2013 15:00,TS,19.1,85.1,115,940,newdelhi,19.1,85,TY,113,939,4,9,335,113,939
2013281N12098,2013,75,NI,BB,PHAILIN,12-10-2013 18:00,TS,19.5,84.9,100,956,newdelhi,19.5,84.9,TY,100,948,3,10,330,100,948
2013281N12098,2013,75,NI,BB,PHAILIN,12-10-2013 21:00,TS,19.9,84.6,90,966,newdelhi,19.9,84.7,TY,88,958,2,10,340,88,958
2013281N12098,2013,75,NI,BB,PHAILIN,13-10-2013 00:00,TS,20.4,84.5,75,976,newdelhi,20.3,84.5,TY,75,967,1,11,335,75,967
2013281N12098,2013,75,NI,BB,PHAILIN,13-10-2013 03:00,TS,20.9,84.1,55,990,newdelhi,20.8,84.3,TY,63,976,0,12,340,63,976
2013281N12098,2013,75,NI,BB,PHAILIN,13-10-2013 06:00,TS,21.5,84,40,992,newdelhi,21.5,84.1,TS,50,985,0,11,350,50,985
2013281N12098,2013,75,NI,BB,PHAILIN,13-10-2013 09:00,TS,22,83.9,35,993,newdelhi,22.3,84.1,TS,45,989,0,11,350,45,989
2013281N12098,2013,75,NI,BB,PHAILIN,13-10-2013 12:00,TS,22.6,83.9,35,994,newdelhi,23.1,84.1,TS,40,993,0,9,345,40,993
2013281N12098,2013,75,NI,BB,PHAILIN,13-10-2013 15:00,TS,22.8,83.6, , , , , ,TS, , ,-5,5,320, , 
2013281N12098,2013,75,NI,BB,PHAILIN,13-10-2013 18:00,TS,23,83.5,30,996,newdelhi, , , , , ,-5,4,10, , 
2013281N12098,2013,75,NI,BB,PHAILIN,13-10-2013 21:00,TS,23.2,83.7, , , , , , , , ,-5,7,45, , 
2013281N12098,2013,75,NI,BB,PHAILIN,14-10-2013 00:00,TS,23.5,84,30,1000,newdelhi, , , , , ,-5,8,30, , 
2013281N12098,2013,75,NI,BB,PHAILIN,14-10-2013 03:00,TS,23.9,84.2, , , , , , , , ,-5,10,10, , 
2013281N12098,2013,75,NI,BB,PHAILIN,14-10-2013 06:00,TS,24.5,84.2,25,1004,newdelhi, , , , , ,-5,11,5, , 
2013305N07141,2013,87,WP,MM,UNNAMED,01-11-2013 06:00,DS,7,141, , , ,7,141,DB,15,1010,-3,14,275,15,1010
2013305N07141,2013,87,WP,MM,UNNAMED,01-11-2013 09:00,DS,7.1,140.3, , , ,7.1,140.3,DB,15,1010,-3,14,275,15,1010
2013305N07141,2013,87,WP,MM,UNNAMED,01-11-2013 12:00,DS,7.1,139.6, , , ,7.1,139.6,DB,15,1010,-3,13,270,15,1010
2013305N07141,2013,87,WP,MM,UNNAMED,01-11-2013 15:00,DS,7,138.9, , , ,7,138.9,DB,18,1009,-3,13,265,18,1009
2013305N07141,2013,87,WP,MM,UNNAMED,01-11-2013 18:00,DS,7,138.3, , , ,7,138.3,DB,20,1007,-3,13,270,20,1007
2013305N07141,2013,87,WP,MM,UNNAMED,01-11-2013 21:00,DS,7,137.6, , , ,7,137.6,DB,20,1007,-3,13,275,20,1007
2013305N07141,2013,87,WP,MM,UNNAMED,02-11-2013 00:00,DS,7.1,137, , , ,7.1,137,DB,20,1007,-3,12,270,20,1007
2013305N07141,2013,87,WP,MM,UNNAMED,02-11-2013 03:00,DS,7.1,136.4, , , ,7.1,136.4,DB,20,1007,-3,11,270,20,1007
2013305N07141,2013,87,WP,MM,UNNAMED,02-11-2013 06:00,DS,7.1,135.9, , , ,7.1,135.9,DB,20,1007,-3,9,275,20,1007
2013305N07141,2013,87,WP,MM,UNNAMED,02-11-2013 09:00,DS,7.2,135.5, , , ,7.2,135.5,DB,23,1006,-3,8,285,23,1006
2013305N07141,2013,87,WP,MM,UNNAMED,02-11-2013 12:00,TS,7.3,135.1, , , ,7.3,135.1,TD,25,1004,-1,8,280,25,1004
2013305N07141,2013,87,WP,MM,UNNAMED,02-11-2013 15:00,TS,7.4,134.7, , , ,7.4,134.7,TD,25,1004,-1,9,285,25,1004
2013305N07141,2013,87,WP,MM,UNNAMED,02-11-2013 18:00,TS,7.5,134.2, , , ,7.5,134.2,TD,25,1004,-1,11,295,25,1004
2013305N07141,2013,87,WP,MM,UNNAMED,02-11-2013 21:00,TS,7.8,133.7, , , ,7.8,133.7,TD,25,1004,-1,14,300,25,1004
2013305N07141,2013,87,WP,MM,UNNAMED,03-11-2013 00:00,TS,8.2,133, , , ,8.2,133.1,TD,25,1004,-1,18,290,25,1004
2013305N07141,2013,87,WP,MM,UNNAMED,03-11-2013 03:00,TS,8.4,132, , , ,8.5,132.3,TD,25,1004,-1,19,280,25,1004
2013305N07141,2013,87,WP,MM,UNNAMED,03-11-2013 06:00,TS,8.6,131.1, , , ,8.7,131.4,TD,25,1004,-1,19,280,25,1004
2013305N07141,2013,87,WP,MM,UNNAMED,03-11-2013 09:00,TS,8.7,130.2, , , ,8.9,130.6,TD,28,1002,-1,17,280,28,1002
2013305N07141,2013,87,WP,MM,UNNAMED,03-11-2013 12:00,TS,8.9,129.4, , , ,9.1,129.8,TD,30,1000,-1,17,280,30,1000
2013305N07141,2013,87,WP,MM,UNNAMED,03-11-2013 15:00,TS,9,128.5, , , ,9.2,128.9,TD,30,1000,-1,17,280,30,1000
2013305N07141,2013,87,WP,MM,UNNAMED,03-11-2013 18:00,TS,9.2,127.7, , , ,9.3,128,TD,30,1000,-1,15,280,30,1000
2013305N07141,2013,87,WP,MM,UNNAMED,03-11-2013 21:00,TS,9.3,127, , , ,9.5,127.3,TD,30,1000,-1,13,280,30,1000
2013305N07141,2013,87,WP,MM,UNNAMED,04-11-2013 00:00,TS,9.4,126.4, , , ,9.7,126.7,TD,30,1000,-1,13,285,30,1000
2013305N07141,2013,87,WP,MM,UNNAMED,04-11-2013 03:00,TS,9.6,125.7, , , ,10.1,126.1,TD,30,1000,-1,14,285,30,1000
2013305N07141,2013,87,WP,MM,UNNAMED,04-11-2013 06:00,TS,9.8,125, , , ,10.3,125.4,TD,30,1000,-1,16,280,30,1000
2013305N07141,2013,87,WP,MM,UNNAMED,04-11-2013 09:00,TS,9.8,124.1, , , ,10.2,124.3,TD,28,1002,-1,18,275,28,1002
2013305N07141,2013,87,WP,MM,UNNAMED,04-11-2013 12:00,TS,9.9,123.2, , , ,10,123.2,TD,25,1004,-1,18,280,25,1004
2013305N07141,2013,87,WP,MM,UNNAMED,04-11-2013 15:00,TS,10.1,122.3, , , ,10.2,122.4,TD,28,1002,-1,18,285,28,1002
2013305N07141,2013,87,WP,MM,UNNAMED,04-11-2013 18:00,TS,10.4,121.5, , , ,10.5,121.7,TD,30,1000,-1,19,285,30,1000
2013305N07141,2013,87,WP,MM,UNNAMED,04-11-2013 21:00,TS,10.6,120.5, , , ,10.9,120.7,TD,30,1000,-1,21,280,30,1000
2013305N07141,2013,87,WP,MM,UNNAMED,05-11-2013 00:00,TS,10.8,119.4, , , ,11.1,119.6,TD,30,1000,-1,23,275,30,1000
2013305N07141,2013,87,WP,MM,UNNAMED,05-11-2013 03:00,TS,10.8,118.2, , , ,11,118.2,TD,33,998,-1,24,270,33,998
2013305N07141,2013,87,WP,MM,UNNAMED,05-11-2013 06:00,TS,10.8,116.9, , , ,10.9,116.9,TS,35,996,0,22,275,35,996
2013305N07141,2013,87,WP,MM,UNNAMED,05-11-2013 09:00,TS,10.9,116, , , ,11.1,115.8,TS,35,996,0,19,280,35,996
2013305N07141,2013,87,WP,MM,UNNAMED,05-11-2013 12:00,TS,11.1,115.1, , , ,11.5,114.8,TS,35,996,0,17,285,35,996
2013305N07141,2013,87,WP,MM,UNNAMED,05-11-2013 15:00,TS,11.4,114.3, , , ,11.8,113.8,TS,33,998,-1,17,285,33,998
2013305N07141,2013,87,WP,MM,UNNAMED,05-11-2013 18:00,TS,11.6,113.4, , , ,12,112.9,TD,30,1000,-1,18,285,30,1000
2013305N07141,2013,87,WP,MM,UNNAMED,05-11-2013 21:00,TS,11.8,112.4, , , ,12,112,TD,30,1000,-1,19,275,30,1000
2013305N07141,2013,87,WP,MM,UNNAMED,06-11-2013 00:00,TS,11.8,111.5, , , ,11.9,111.2,TD,30,1000,-1,16,270,30,1000
2013305N07141,2013,87,WP,MM,UNNAMED,06-11-2013 03:00,TS,11.7,110.8, , , ,11.8,110.5,TD,28,1002,-1,14,260,28,1002
2013305N07141,2013,87,WP,MM,UNNAMED,06-11-2013 06:00,TS,11.6,110.1, , , ,11.7,110,TD,25,1004,-1,12,260,25,1004
2013305N07141,2013,87,WP,MM,UNNAMED,06-11-2013 09:00,TS,11.5,109.5, , , ,11.6,109.5,TD,25,1004,-1,12,265,25,1004
2013305N07141,2013,87,WP,MM,UNNAMED,06-11-2013 12:00,TS,11.5,108.9, , , ,11.6,109,TD,25,1004,-1,11,285,25,1004
2013305N07141,2013,87,WP,MM,UNNAMED,06-11-2013 15:00,TS,11.7,108.4, , , ,11.8,108.4,TD,25,1004,-1,12,290,25,1004
2013305N07141,2013,87,WP,MM,UNNAMED,06-11-2013 18:00,TS,12,107.8, , , ,12.1,107.7,TD,25,1004,-1,15,285,25,1004
2013305N07141,2013,87,WP,MM,UNNAMED,06-11-2013 21:00,TS,12.1,107, , , ,12.3,106.8,TD,23,1006,-1,18,275,23,1006
2013305N07141,2013,87,WP,MM,UNNAMED,07-11-2013 00:00,MX,12.2,106, , , ,12.4,105.7,DB,20,1007,-3,22,270,20,1007
2013305N07141,2013,87,WP,MM,UNNAMED,07-11-2013 03:00,MX,12.2,104.7, , , ,12.4,104.4,DB,20,1007,-3,24,270,20,1007
2013305N07141,2013,87,WP,MM,UNNAMED,07-11-2013 06:00,MX,12.1,103.5, , , ,12.3,103.2,DB,20,1007,-3,19,265,20,1007
2013305N07141,2013,87,WP,MM,UNNAMED,07-11-2013 09:00,MX,11.9,102.7, , , ,12.1,102.5,DB,23,1006,-3,14,260,23,1006
2013305N07141,2013,87,WP,MM,UNNAMED,07-11-2013 12:00,TS,11.8,102.1, , , ,11.9,102,TD,25,1004,-1,12,265,25,1004
2013305N07141,2013,87,WP,MM,UNNAMED,07-11-2013 15:00,TS,11.9,101.5, , , ,12,101.5,TD,28,1002,-1,11,280,28,1002
2013305N07141,2013,87,WP,MM,UNNAMED,07-11-2013 18:00,TS,12,101, , , ,12.1,101,TD,30,1000,-1,9,285,30,1000
2013305N07141,2013,87,WP,MM,UNNAMED,07-11-2013 21:00,TS,12.1,100.6, , , ,12.1,100.6,TD,30,1000,-1,8,285,30,1000
2013305N07141,2013,87,WP,MM,UNNAMED,08-11-2013 00:00,TS,12.2,100.2, , , ,12.2,100.2,TD,30,1000,-1,11,295,30,1000
2013305N07141,2013,87,NI,BB,UNNAMED,08-11-2013 03:00,TS,12.5,99.6, , , ,12.5,99.6,TD,28,1002,-1,14,300,28,1002
2013305N07141,2013,87,NI,BB,UNNAMED,08-11-2013 06:00,TS,12.9,99, , , ,12.9,99,TD,25,1004,-1,13,300,25,1004
2013305N07141,2013,87,NI,BB,UNNAMED,08-11-2013 09:00,TS,13.2,98.5, , , ,13.2,98.5,TD,23,1006,-1,11,295,23,1006
2013305N07141,2013,87,NI,BB,UNNAMED,08-11-2013 12:00,DS,13.4,98, , , ,13.4,98,DB,20,1007,-3,13,290,20,1007
2013305N07141,2013,87,NI,BB,UNNAMED,08-11-2013 15:00,DS,13.7,97.3, , , ,13.7,97.3,DB,20,1007,-3,15,285,20,1007
2013305N07141,2013,87,NI,BB,UNNAMED,08-11-2013 18:00,DS,13.8,96.5, , , ,13.8,96.5,DB,20,1007,-3,15,270,20,1007
2013305N07141,2013,87,NI,BB,UNNAMED,08-11-2013 21:00,DS,13.7,95.8, , , ,13.7,95.8,DB,20,1007,-3,14,260,20,1007
2013305N07141,2013,87,NI,BB,UNNAMED,09-11-2013 00:00,DS,13.5,95.1, , , ,13.5,95.1,DB,20,1007,-3,13,255,20,1007
2013305N07141,2013,87,NI,BB,UNNAMED,09-11-2013 03:00,DS,13.4,94.5, , , ,13.4,94.5,DB,23,1006,-3,11,260,23,1006
2013305N07141,2013,87,NI,BB,UNNAMED,09-11-2013 06:00,TS,13.3,94, , , ,13.3,94,TD,25,1004,-1,9,260,25,1004
2013305N07141,2013,87,NI,BB,UNNAMED,09-11-2013 09:00,TS,13.2,93.6, , , ,13.2,93.6,TD,25,1004,-1,7,260,25,1004
2013305N07141,2013,87,NI,BB,UNNAMED,09-11-2013 12:00,TS,13.2,93.3, , , ,13.2,93.3,TD,25,1004,-1,7,260,25,1004
2013305N07141,2013,87,NI,BB,UNNAMED,09-11-2013 15:00,TS,13.1,93, , , ,13.1,93,TD,25,1004,-1,7,255,25,1004
2013305N07141,2013,87,NI,BB,UNNAMED,09-11-2013 18:00,TS,13,92.6, , , ,13,92.6,TD,25,1004,-1,8,250,25,1004
2013305N07141,2013,87,NI,BB,UNNAMED,09-11-2013 21:00,TS,12.9,92.2, , , ,12.9,92.2,TD,25,1004,-1,8,250,25,1004
2013305N07141,2013,87,NI,BB,UNNAMED,10-11-2013 00:00,TS,12.7,91.8, , , ,12.7,91.8,TD,25,1004,-1,9,250,25,1004
2013305N07141,2013,87,NI,BB,UNNAMED,10-11-2013 03:00,TS,12.5,91.4, , , ,12.5,91.4,TD,25,1004,-1,8,250,25,1004
2013305N07141,2013,87,NI,BB,UNNAMED,10-11-2013 06:00,TS,12.4,91, , , ,12.4,91,TD,25,1004,-1,8,245,25,1004
2013305N07141,2013,87,NI,BB,UNNAMED,10-11-2013 09:00,TS,12.2,90.6, , , ,12.2,90.6,TD,25,1004,-1,7,245,25,1004
2013305N07141,2013,87,NI,BB,UNNAMED,10-11-2013 12:00,TS,12.1,90.3, , , ,12.1,90.3,TD,25,1004,-1,6,250,25,1004
2013305N07141,2013,87,NI,BB,UNNAMED,10-11-2013 15:00,TS,12,90, , , ,12,90,TD,25,1004,-1,5,260,25,1004
2013305N07141,2013,87,NI,BB,UNNAMED,10-11-2013 18:00,TS,12,89.8, , , ,12,89.8,TD,25,1004,-1,4,255,25,1004
2013305N07141,2013,87,NI,BB,UNNAMED,10-11-2013 21:00,TS,11.9,89.6, , , ,11.9,89.6,TD,25,1004,-1,3,250,25,1004
2013305N07141,2013,87,NI,BB,UNNAMED,11-11-2013 00:00,TS,11.9,89.5, , , ,11.9,89.5,TD,25,1004,-1,3,255,25,1004
2013305N07141,2013,87,NI,BB,UNNAMED,11-11-2013 03:00,TS,11.9,89.3, , , ,11.9,89.3,TD,25,1004,-1,4,255,25,1004
2013305N07141,2013,87,NI,BB,UNNAMED,11-11-2013 06:00,TS,11.8,89.1, , , ,11.8,89.1,TD,25,1004,-1,6,245,25,1004
2013305N07141,2013,87,NI,BB,UNNAMED,11-11-2013 09:00,TS,11.6,88.8, , , ,11.6,88.8,TD,25,1004,-1,7,235,25,1004
2013305N07141,2013,87,NI,BB,UNNAMED,11-11-2013 12:00,TS,11.4,88.5, , , ,11.4,88.5,TD,25,1004,-1,7,235,25,1004
2013305N07141,2013,87,NI,BB,UNNAMED,11-11-2013 15:00,TS,11.2,88.2, , , ,11.2,88.2,TD,23,1006,-1,7,235,23,1006
2013305N07141,2013,87,NI,BB,UNNAMED,11-11-2013 18:00,DS,11,87.9, , , ,11,87.9,DB,20,1007,-3,7,235,20,1007
2013305N07141,2013,87,NI,BB,UNNAMED,11-11-2013 21:00,DS,10.8,87.6, , , ,10.8,87.6,DB,20,1007,-3,7,235,20,1007
2013305N07141,2013,87,NI,BB,UNNAMED,12-11-2013 00:00,DS,10.6,87.3, , , ,10.6,87.3,DB,20,1007,-3,5,245,20,1007
2013305N07141,2013,87,NI,BB,UNNAMED,12-11-2013 03:00,DS,10.6,87.1, , , ,10.6,87.1,DB,23,1006,-3,3,270,23,1006
2013305N07141,2013,87,NI,BB,UNNAMED,12-11-2013 06:00,TS,10.6,87, , , ,10.6,87,TD,25,1004,-1,2,275,25,1004
2013305N07141,2013,87,NI,BB,UNNAMED,12-11-2013 09:00,TS,10.6,86.9, , , ,10.6,86.9,TD,25,1004,-1,2,270,25,1004
2013305N07141,2013,87,NI,BB,UNNAMED,12-11-2013 12:00,TS,10.6,86.8, , , ,10.6,86.8,TD,25,1004,-1,1,290,25,1004
2013305N07141,2013,87,NI,BB,UNNAMED,12-11-2013 15:00,TS,10.6,86.8, , , ,10.6,86.8,TD,25,1004,-1,1,315,25,1004
2013305N07141,2013,87,NI,BB,UNNAMED,12-11-2013 18:00,TS,10.7,86.7, , , ,10.7,86.7,TD,25,1004,-1,2,310,25,1004
2013305N07141,2013,87,NI,BB,UNNAMED,12-11-2013 21:00,TS,10.7,86.6, , , ,10.7,86.6,TD,25,1004,-1,3,320,25,1004
2013305N07141,2013,87,NI,BB,UNNAMED,13-11-2013 00:00,TS,10.9,86.5,25,1004,newdelhi,10.8,86.5,TD,25,1004,-1,5,310,25,1004
2013305N07141,2013,87,NI,BB,UNNAMED,13-11-2013 03:00,TS,11.1,86.2,25,1004,newdelhi,10.9,86.4,TD,25,1004,-1,4,300,25,1004
2013305N07141,2013,87,NI,BB,UNNAMED,13-11-2013 06:00,TS,11.2,86.1,25,1004,newdelhi,10.9,86.2,TD,25,1004,-1,2,305,25,1004
2013305N07141,2013,87,NI,BB,UNNAMED,13-11-2013 09:00,TS,11.2,86, , , ,10.9,86,TD,28,1002,-1,2,285,28,1002
2013305N07141,2013,87,NI,BB,UNNAMED,13-11-2013 12:00,TS,11.2,86,25,1003,newdelhi,10.9,85.9,TD,30,1000,-1,2,265,30,1000
2013305N07141,2013,87,NI,BB,UNNAMED,13-11-2013 15:00,TS,11.2,85.8, , , ,10.9,85.8,TD,30,1001,-1,3,260,30,1001
2013305N07141,2013,87,NI,BB,UNNAMED,13-11-2013 18:00,TS,11.2,85.6,25,1003,newdelhi,10.8,85.7,TD,30,1002,-1,4,265,30,1002
2013305N07141,2013,87,NI,BB,UNNAMED,13-11-2013 21:00,TS,11.1,85.4, , , ,10.8,85.6,TD,30,1001,-1,3,260,30,1001
2013305N07141,2013,87,NI,BB,UNNAMED,14-11-2013 00:00,TS,11.1,85.3,25,1003,newdelhi,10.7,85.5,TD,30,1000,-1,2,245,30,1000
2013305N07141,2013,87,NI,BB,UNNAMED,14-11-2013 03:00,TS,11.1,85.2,25,1003,newdelhi,10.6,85.5,TD,30,1000,-1,1,205,30,1000
2013305N07141,2013,87,NI,BB,UNNAMED,14-11-2013 06:00,TS,11,85.2,25,1003,newdelhi,10.5,85.4,TD,30,1000,-1,4,205,30,1000
2013305N07141,2013,87,NI,BB,UNNAMED,14-11-2013 09:00,TS,10.7,85, , , ,10.4,85.3,TD,30,1000,-1,7,210,30,1000
2013305N07141,2013,87,NI,BB,UNNAMED,14-11-2013 12:00,TS,10.4,84.9,25,1003,newdelhi,10.2,85.2,TD,30,1000,-1,6,210,30,1000
2013305N07141,2013,87,NI,BB,UNNAMED,14-11-2013 15:00,TS,10.2,84.7, , , ,10,85,TD,30,1000,-1,4,225,30,1000
2013305N07141,2013,87,NI,BB,UNNAMED,14-11-2013 18:00,TS,10.1,84.6,25,1003,newdelhi,9.7,84.7,TD,30,1000,-1,5,230,30,1000
2013305N07141,2013,87,NI,BB,UNNAMED,14-11-2013 21:00,TS,9.9,84.4, , , ,9.5,84.4,TD,30,1000,-1,7,230,30,1000
2013305N07141,2013,87,NI,BB,UNNAMED,15-11-2013 00:00,TS,9.7,84.1,25,1003,newdelhi,9.3,84.1,TD,30,1000,-1,9,235,30,1000
2013305N07141,2013,87,NI,BB,UNNAMED,15-11-2013 03:00,TS,9.4,83.7,25,1003,newdelhi,9.3,83.8,TD,30,1000,-1,6,250,30,1000
2013305N07141,2013,87,NI,BB,UNNAMED,15-11-2013 06:00,TS,9.4,83.5,25,1003,newdelhi,9.4,83.5,TD,30,1000,-1,4,280,30,1000
2013305N07141,2013,87,NI,BB,UNNAMED,15-11-2013 09:00,TS,9.5,83.2, , , ,9.5,83.1,TD,30,1000,-1,7,285,30,1000
2013305N07141,2013,87,NI,BB,UNNAMED,15-11-2013 12:00,TS,9.6,82.9,25,1003,newdelhi,9.7,82.7,TD,30,1000,-1,9,295,30,1000
2013305N07141,2013,87,NI,BB,UNNAMED,15-11-2013 15:00,TS,9.9,82.4, , , ,10,82.4,TD,33,998,-1,10,305,33,998
2013305N07141,2013,87,NI,BB,UNNAMED,15-11-2013 18:00,TS,10.2,82,25,1003,newdelhi,10.3,82,TS,35,996,0,9,305,35,996
2013305N07141,2013,87,NI,BB,UNNAMED,15-11-2013 21:00,TS,10.4,81.7, , , ,10.5,81.6,TS,33,998,-1,8,305,33,998
2013305N07141,2013,87,NI,BB,UNNAMED,16-11-2013 00:00,TS,10.6,81.3,25,1003,newdelhi,10.7,81.1,TD,30,1000,-1,13,295,30,1000
2013305N07141,2013,87,NI,BB,UNNAMED,16-11-2013 03:00,TS,10.9,80.5,25,1003,newdelhi,10.9,80.6,TD,30,1000,-1,13,285,30,1000
2013305N07141,2013,87,NI,BB,UNNAMED,16-11-2013 06:00,TS,11,80,25,1003,newdelhi,11,80,TD,30,1000,-1,10,275,30,1000
2013305N07141,2013,87,NI,BB,UNNAMED,16-11-2013 09:00,TS,11.1,79.5,25,1004,newdelhi,11.1,79.5,TD,28,1002,-1,10,275,28,1002
2013305N07141,2013,87,NI,BB,UNNAMED,16-11-2013 12:00,TS,11.1,78.9,25, ,newdelhi,11.2,78.9,TD,25,1004,-1,12,280,25,1004
2013305N07141,2013,87,NI,BB,UNNAMED,16-11-2013 15:00,TS,11.2,78.3, , , ,11.3,78.2,TD,23,1006,-1,13,280,23,1006
2013305N07141,2013,87,NI,AS,UNNAMED,16-11-2013 18:00,MX,11.3,77.6,25, ,newdelhi,11.4,77.5,DB,20,1007,-3,14,275,20,1007
2013305N07141,2013,87,NI,AS,UNNAMED,16-11-2013 21:00,DS,11.3,76.9, , , ,11.3,76.9,DB,20,1007,-3,13,265,20,1007
2013305N07141,2013,87,NI,AS,UNNAMED,17-11-2013 00:00,DS,11.2,76.3, , , ,11.2,76.3,DB,20,1007,-3,12,260,20,1007
2013305N07141,2013,87,NI,AS,UNNAMED,17-11-2013 03:00,DS,11.1,75.7, , , ,11.1,75.7,DB,18,1009,-3,12,260,18,1009
2013305N07141,2013,87,NI,AS,UNNAMED,17-11-2013 06:00,DS,11,75.1, , , ,11,75.1,DB,15,1010,-3,13,260,15,1010
2013305N07141,2013,87,NI,AS,UNNAMED,17-11-2013 09:00,DS,10.9,74.4, , , ,10.9,74.4,DB,18,1009,-3,14,265,18,1009
2013305N07141,2013,87,NI,AS,UNNAMED,17-11-2013 12:00,DS,10.9,73.7, , , ,10.9,73.7,DB,20,1007,-3,12,275,20,1007
2013305N07141,2013,87,NI,AS,UNNAMED,17-11-2013 15:00,DS,11,73.2, , , ,11,73.2,DB,20,1007,-3,11,285,20,1007
2013305N07141,2013,87,NI,AS,UNNAMED,17-11-2013 18:00,DS,11.2,72.6, , , ,11.2,72.6,DB,20,1007,-3,13,285,20,1007
2013305N07141,2013,87,NI,AS,UNNAMED,17-11-2013 21:00,DS,11.4,71.9, , , ,11.4,71.9,DB,20,1007,-3,14,285,20,1007
2013305N07141,2013,87,NI,AS,UNNAMED,18-11-2013 00:00,DS,11.6,71.2, , , ,11.6,71.2,DB,20,1007,-3,13,290,20,1007
2013305N07141,2013,87,NI,AS,UNNAMED,18-11-2013 03:00,DS,11.8,70.7, , , ,11.8,70.7,DB,20,1007,-3,12,295,20,1007
2013305N07141,2013,87,NI,AS,UNNAMED,18-11-2013 06:00,DS,12.1,70.1, , , ,12.1,70.1,DB,20,1007,-3,14,290,20,1007
2013305N07141,2013,87,NI,AS,UNNAMED,18-11-2013 09:00,DS,12.3,69.4, , , ,12.3,69.4,DB,20,1007,-3,15,285,20,1007
2013305N07141,2013,87,NI,AS,UNNAMED,18-11-2013 12:00,DS,12.5,68.6, , , ,12.5,68.6,DB,20,1007,-3,14,280,20,1007
2013305N07141,2013,87,NI,AS,UNNAMED,18-11-2013 15:00,DS,12.5,68, , , ,12.5,68,DB,20,1007,-3,12,270,20,1007
2013305N07141,2013,87,NI,AS,UNNAMED,18-11-2013 18:00,DS,12.5,67.4, , , ,12.5,67.4,DB,20,1007,-3,12,270,20,1007
2013305N07141,2013,87,NI,AS,UNNAMED,18-11-2013 21:00,DS,12.5,66.8, , , ,12.5,66.8,DB,20,1007,-3,13,270,20,1007
2013305N07141,2013,87,NI,AS,UNNAMED,19-11-2013 00:00,DS,12.5,66.1, , , ,12.5,66.1,DB,20,1007,-3,14,265,20,1007
2013305N07141,2013,87,NI,AS,UNNAMED,19-11-2013 03:00,DS,12.3,65.3, , , ,12.3,65.3,DB,20,1007,-3,16,260,20,1007
2013305N07141,2013,87,NI,AS,UNNAMED,19-11-2013 06:00,DS,12.2,64.5, , , ,12.2,64.5,DB,20,1007,-3,17,265,20,1007
2013305N07141,2013,87,NI,AS,UNNAMED,19-11-2013 09:00,DS,12.2,63.6, , , ,12.2,63.6,DB,20,1007,-3,17,275,20,1007
2013305N07141,2013,87,NI,AS,UNNAMED,19-11-2013 12:00,TS,12.3,62.8, , , ,12.3,62.8,TD,20,1007,-1,15,280,20,1007
2013305N07141,2013,87,NI,AS,UNNAMED,19-11-2013 15:00,TS,12.5,62.1, , , ,12.5,62.1,TD,20,1007,-1,14,285,20,1007
2013305N07141,2013,87,NI,AS,UNNAMED,19-11-2013 18:00,DS,12.7,61.4, , , ,12.7,61.4,DB,20,1007,-3,15,280,20,1007
2013305N07141,2013,87,NI,AS,UNNAMED,19-11-2013 21:00,DS,12.8,60.6, , , ,12.8,60.6,DB,20,1007,-3,15,275,20,1007
2013305N07141,2013,87,NI,AS,UNNAMED,20-11-2013 00:00,DS,12.8,59.9, , , ,12.8,59.9,DB,20,1007,-3,9,270,20,1007
2013305N07141,2013,87,NI,AS,UNNAMED,20-11-2013 03:00,DS,12.8,59.6, , , ,12.8,59.6,DB,20,1007,-3,5,270,20,1007
2013305N07141,2013,87,NI,AS,UNNAMED,20-11-2013 06:00,DS,12.8,59.4, , , ,12.8,59.4,DB,20,1007,-3,7,280,20,1007
2013305N07141,2013,87,NI,AS,UNNAMED,20-11-2013 09:00,DS,12.9,58.9, , , ,12.9,58.9,DB,20,1007,-3,11,280,20,1007
2013305N07141,2013,87,NI,AS,UNNAMED,20-11-2013 12:00,DS,13,58.3, , , ,13,58.3,DB,20,1007,-3,12,270,20,1007
2013305N07141,2013,87,NI,AS,UNNAMED,20-11-2013 15:00,DS,12.9,57.7, , , ,12.9,57.7,DB,20,1007,-3,12,260,20,1007
2013305N07141,2013,87,NI,AS,UNNAMED,20-11-2013 18:00,DS,12.8,57.1, , , ,12.8,57.1,DB,20,1007,-3,12,255,20,1007
2013305N07141,2013,87,NI,AS,UNNAMED,20-11-2013 21:00,DS,12.7,56.5, , , ,12.7,56.5,DB,20,1007,-3,11,255,20,1007
2013305N07141,2013,87,NI,AS,UNNAMED,21-11-2013 00:00,DS,12.5,56, , , ,12.5,56,DB,20,1007,-3,11,255,20,1007
2013310N06066,2013,90,NI,AS,UNNAMED,06-11-2013 00:00,DS,5.6,66.4, , , ,5.6,66.4,DB,15,1010,-3,8,325,15,1010
2013310N06066,2013,90,NI,AS,UNNAMED,06-11-2013 03:00,DS,5.9,66.2, , , ,5.9,66.2,DB,18,1009,-3,8,320,18,1009
2013310N06066,2013,90,NI,AS,UNNAMED,06-11-2013 06:00,DS,6.2,65.9, , , ,6.2,65.9,DB,20,1007,-3,9,305,20,1007
2013310N06066,2013,90,NI,AS,UNNAMED,06-11-2013 09:00,DS,6.4,65.5, , , ,6.4,65.5,DB,23,1006,-3,11,295,23,1006
2013310N06066,2013,90,NI,AS,UNNAMED,06-11-2013 12:00,TS,6.7,64.9, , , ,6.7,64.9,TD,25,1004,-1,14,300,25,1004
2013310N06066,2013,90,NI,AS,UNNAMED,06-11-2013 15:00,TS,7.1,64.3, , , ,7.1,64.3,TD,23,1006,-1,15,300,23,1006
2013310N06066,2013,90,NI,AS,UNNAMED,06-11-2013 18:00,DS,7.5,63.6, , , ,7.5,63.6,DB,20,1007,-3,15,290,20,1007
2013310N06066,2013,90,NI,AS,UNNAMED,06-11-2013 21:00,DS,7.6,62.9, , , ,7.6,62.9,DB,20,1007,-3,15,280,20,1007
2013310N06066,2013,90,NI,AS,UNNAMED,07-11-2013 00:00,DS,7.7,62.1, , , ,7.7,62.1,DB,20,1007,-3,16,275,20,1007
2013310N06066,2013,90,NI,AS,UNNAMED,07-11-2013 03:00,DS,7.8,61.2, , , ,7.8,61.2,DB,20,1007,-3,17,280,20,1007
2013310N06066,2013,90,NI,AS,UNNAMED,07-11-2013 06:00,DS,8,60.4, , , ,8,60.4,DB,20,1007,-3,16,280,20,1007
2013310N06066,2013,90,NI,AS,UNNAMED,07-11-2013 09:00,DS,8.2,59.7, , , ,8.2,59.7,DB,20,1007,-3,14,280,20,1007
2013310N06066,2013,90,NI,AS,UNNAMED,07-11-2013 12:00,DS,8.3,59, , , ,8.3,59,DB,20,1007,-3,12,275,20,1007
2013310N06066,2013,90,NI,AS,UNNAMED,07-11-2013 15:00,DS,8.3,58.4, , , ,8.3,58.4,DB,23,1006,-3,11,265,23,1006
2013310N06066,2013,90,NI,AS,UNNAMED,07-11-2013 18:00,TS,8.2,57.9, , , ,8.2,57.9,TD,25,1004,-1,10,265,25,1004
2013310N06066,2013,90,NI,AS,UNNAMED,07-11-2013 21:00,TS,8.2,57.4, , , ,8.2,57.4,TD,23,1006,-1,9,265,23,1006
2013310N06066,2013,90,NI,AS,UNNAMED,08-11-2013 00:00,DS,8.1,57, , , ,8.1,57,DB,20,1007,-3,9,260,20,1007
2013310N06066,2013,90,NI,AS,UNNAMED,08-11-2013 03:00,DS,8,56.6, , , ,8,56.6,DB,23,1006,-3,8,260,23,1006
2013310N06066,2013,90,NI,AS,UNNAMED,08-11-2013 06:00,TS,7.9,56.2,25,1006,newdelhi,7.9,56.1,TD,25,1004,-1,10,270,25,1004
2013310N06066,2013,90,NI,AS,UNNAMED,08-11-2013 09:00,TS,8,55.6, , , ,8,55.6,TD,30,1000,-1,12,275,30,1000
2013310N06066,2013,90,NI,AS,UNNAMED,08-11-2013 12:00,TS,8.1,55,25,1004,newdelhi,8.1,55,TS,35,996,0,11,270,35,996
2013310N06066,2013,90,NI,AS,UNNAMED,08-11-2013 15:00,TS,8,54.5, , , ,8.1,54.5,TS,38,995,0,10,265,38,995
2013310N06066,2013,90,NI,AS,UNNAMED,08-11-2013 18:00,TS,8,54,25,1004,newdelhi,8,54,TS,40,993,0,9,270,40,993
2013310N06066,2013,90,NI,AS,UNNAMED,08-11-2013 21:00,TS,8,53.5, , , ,8,53.5,TS,43,991,0,9,270,43,991
2013310N06066,2013,90,NI,AS,UNNAMED,09-11-2013 00:00,TS,8,53.1,30,1002,newdelhi,8,53.2,TS,45,989,0,8,270,45,989
2013310N06066,2013,90,NI,AS,UNNAMED,09-11-2013 03:00,TS,8,52.8,30,1002,newdelhi,8,53,TS,40,993,0,4,270,40,993
2013310N06066,2013,90,NI,AS,UNNAMED,09-11-2013 06:00,TS,8,52.7,30,1002,newdelhi,8,52.9,TS,35,996,0,4,270,35,996
2013310N06066,2013,90,NI,AS,UNNAMED,09-11-2013 09:00,TS,8,52.4, , , ,8,52.8,TS,35,996,0,6,270,35,996
2013310N06066,2013,90,NI,AS,UNNAMED,09-11-2013 12:00,TS,8,52.1,30,1002,newdelhi,8,52.6,TS,35,996,0,5,270,35,996
2013310N06066,2013,90,NI,AS,UNNAMED,09-11-2013 15:00,TS,8,51.9, , , ,8,52.5,TS,35,996,0,1,270,35,996
2013310N06066,2013,90,NI,AS,UNNAMED,09-11-2013 18:00,TS,8,51.9,30,1002,newdelhi,8,52.3,TS,35,996,0,1,270,35,996
2013310N06066,2013,90,NI,AS,UNNAMED,09-11-2013 21:00,TS,8,51.8, , , ,8,52.2,TS,35,996,0,1,270,35,996
2013310N06066,2013,90,NI,AS,UNNAMED,10-11-2013 00:00,TS,8,51.8,30,1002,newdelhi,8,52,TS,35,996,0,2,270,35,996
2013310N06066,2013,90,NI,AS,UNNAMED,10-11-2013 03:00,TS,8,51.6,30,1002,newdelhi,8,51.8,TS,38,995,0,4,270,38,995
2013310N06066,2013,90,NI,AS,UNNAMED,10-11-2013 06:00,TS,8,51.3,30,1002,newdelhi,8,51.6,TS,40,993,0,5,275,40,993
2013310N06066,2013,90,NI,AS,UNNAMED,10-11-2013 09:00,TS,8,51.2, , , ,8.1,51.5,TS,38,995,0,2,305,38,995
2013310N06066,2013,90,NI,AS,UNNAMED,10-11-2013 12:00,TS,8.1,51.2,30,1002,newdelhi,8.2,51.3,TS,35,996,0,3,290,35,996
2013310N06066,2013,90,NI,AS,UNNAMED,10-11-2013 15:00,TS,8.1,50.9, , , ,8.2,51,TS,35,996,0,6,280,35,996
2013310N06066,2013,90,NI,AS,UNNAMED,10-11-2013 18:00,TS,8.2,50.6,30,1002,newdelhi,8.3,50.7,TS,35,996,0,6,285,35,996
2013310N06066,2013,90,NI,AS,UNNAMED,10-11-2013 21:00,TS,8.3,50.4, , , ,8.4,50.4,TS,35,996,0,6,295,35,996
2013310N06066,2013,90,NI,AS,UNNAMED,11-11-2013 00:00,TS,8.4,50.1,30,1002,newdelhi,8.6,50.1,TS,35,996,0,8,300,35,996
2013310N06066,2013,90,NI,AS,UNNAMED,11-11-2013 03:00,TS,8.7,49.7,30,1002,newdelhi,8.8,49.7,TS,35,996,0,10,300,35,996
2013310N06066,2013,90,NI,AS,UNNAMED,11-11-2013 06:00,TS,8.9,49.2,25,1004,newdelhi,9,49.2,TS,35,996,0,12,300,35,996
2013310N06066,2013,90,NI,AS,UNNAMED,11-11-2013 09:00,TS,9.2,48.6, , , ,9.2,48.6,TS,33,998,-1,13,290,33,998
2013310N06066,2013,90,NI,AS,UNNAMED,11-11-2013 12:00,TS,9.4,48, , , ,9.4,48,TD,30,1000,-1,12,280,30,1000
2013310N06066,2013,90,NI,AS,UNNAMED,11-11-2013 15:00,TS,9.5,47.4, , , ,9.5,47.4,TD,28,1002,-1,11,275,28,1002
2013310N06066,2013,90,NI,AS,UNNAMED,11-11-2013 18:00,TS,9.5,46.9, , , ,9.5,46.9,TD,25,1004,-1,10,280,25,1004
2013310N06066,2013,90,NI,AS,UNNAMED,11-11-2013 21:00,TS,9.6,46.4, , , ,9.6,46.4,TD,25,1004,-1,9,290,25,1004
2013310N06066,2013,90,NI,AS,UNNAMED,12-11-2013 00:00,TS,9.8,46, , , ,9.8,46,TD,25,1004,-1,9,295,25,1004
2013322N13090,2013,93,NI,BB,HELEN,18-11-2013 00:00,DS,13.3,90, , , ,13.3,90,DB,20,1007,-3,13,300,20,1007
2013322N13090,2013,93,NI,BB,HELEN,18-11-2013 03:00,DS,13.6,89.5, , , ,13.6,89.5,DB,23,1006,-3,13,305,23,1006
2013322N13090,2013,93,NI,BB,HELEN,18-11-2013 06:00,TS,14,88.9, , , ,14,88.9,TD,25,1004,-1,13,305,25,1004
2013322N13090,2013,93,NI,BB,HELEN,18-11-2013 09:00,TS,14.4,88.3, , , ,14.4,88.3,TD,25,1004,-1,13,305,25,1004
2013322N13090,2013,93,NI,BB,HELEN,18-11-2013 12:00,TS,14.7,87.8, , , ,14.7,87.8,TD,25,1004,-1,11,295,25,1004
2013322N13090,2013,93,NI,BB,HELEN,18-11-2013 15:00,TS,14.8,87.3, , , ,14.8,87.3,TD,25,1004,-1,9,275,25,1004
2013322N13090,2013,93,NI,BB,HELEN,18-11-2013 18:00,TS,14.8,86.9, , , ,14.8,86.9,TD,25,1004,-1,8,270,25,1004
2013322N13090,2013,93,NI,BB,HELEN,18-11-2013 21:00,TS,14.8,86.5, , , ,14.8,86.5,TD,30,1000,-1,7,265,30,1000
2013322N13090,2013,93,NI,BB,HELEN,19-11-2013 00:00,TS,14.7,86.2,25,1004,newdelhi,14.8,86.1,TS,35,996,0,6,265,35,996
2013322N13090,2013,93,NI,BB,HELEN,19-11-2013 03:00,TS,14.8,85.9,25,1004,newdelhi,14.9,85.8,TS,35,996,0,6,275,35,996
2013322N13090,2013,93,NI,BB,HELEN,19-11-2013 06:00,TS,14.8,85.6,25,1004,newdelhi,15,85.6,TS,35,996,0,6,280,35,996
2013322N13090,2013,93,NI,BB,HELEN,19-11-2013 09:00,TS,14.9,85.3, , , ,15,85.4,TS,38,995,0,5,295,38,995
2013322N13090,2013,93,NI,BB,HELEN,19-11-2013 12:00,TS,15,85.1,25,1004,newdelhi,15,85.1,TS,40,993,0,4,285,40,993
2013322N13090,2013,93,NI,BB,HELEN,19-11-2013 15:00,TS,15,84.9,30,1002,newdelhi,14.9,84.8,TS,40,993,0,5,265,40,993
2013322N13090,2013,93,NI,BB,HELEN,19-11-2013 18:00,TS,15,84.5,30,1002,newdelhi,14.9,84.5,TS,40,993,0,6,270,40,993
2013322N13090,2013,93,NI,BB,HELEN,19-11-2013 21:00,TS,15,84.2, , , ,15,84.3,TS,45,989,0,4,285,45,989
2013322N13090,2013,93,NI,BB,HELEN,20-11-2013 00:00,TS,15.1,84.1,30,1002,newdelhi,15.1,84.2,TS,50,985,0,2,305,50,985
2013322N13090,2013,93,NI,BB,HELEN,20-11-2013 03:00,TS,15.1,84.1,35,1000,newdelhi,15.2,84.1,TS,50,985,0,2,345,50,985
2013322N13090,2013,93,NI,BB,HELEN,20-11-2013 06:00,TS,15.3,84.1,40,1000,newdelhi,15.3,84.1,TS,50,985,0,2,345,50,985
2013322N13090,2013,93,NI,BB,HELEN,20-11-2013 09:00,TS,15.3,84,40,1000,newdelhi,15.4,84.1,TS,53,984,0,2,330,53,984
2013322N13090,2013,93,NI,BB,HELEN,20-11-2013 12:00,TS,15.4,84,45,998,newdelhi,15.5,84,TS,55,982,0,2,315,55,982
2013322N13090,2013,93,NI,BB,HELEN,20-11-2013 15:00,TS,15.4,83.9,45,998,newdelhi,15.6,83.9,TS,58,980,0,2,295,58,980
2013322N13090,2013,93,NI,BB,HELEN,20-11-2013 18:00,TS,15.5,83.8,45,996,newdelhi,15.6,83.8,TS,60,978,0,3,300,60,978
2013322N13090,2013,93,NI,BB,HELEN,20-11-2013 21:00,TS,15.6,83.7,45,996,newdelhi,15.6,83.7,TS,63,976,0,2,310,63,976
2013322N13090,2013,93,NI,BB,HELEN,21-11-2013 00:00,TS,15.7,83.6,50,994,newdelhi,15.7,83.6,TY,65,974,1,3,315,65,974
2013322N13090,2013,93,NI,BB,HELEN,21-11-2013 03:00,TS,15.8,83.4,50,992,newdelhi,15.8,83.5,TY,68,972,1,3,315,68,972
2013322N13090,2013,93,NI,BB,HELEN,21-11-2013 06:00,TS,15.9,83.3,55,990,newdelhi,15.9,83.3,TY,70,970,1,4,305,70,970
2013322N13090,2013,93,NI,BB,HELEN,21-11-2013 09:00,TS,16,83.1,55,990,newdelhi,16,83.2,TY,68,972,1,4,300,68,972
2013322N13090,2013,93,NI,BB,HELEN,21-11-2013 12:00,TS,16.1,83,55,990,newdelhi,16.1,83,TY,65,974,1,4,285,65,974
2013322N13090,2013,93,NI,BB,HELEN,21-11-2013 15:00,TS,16.1,82.7,55,990,newdelhi,16.1,82.8,TY,65,974,1,3,280,65,974
2013322N13090,2013,93,NI,BB,HELEN,21-11-2013 18:00,TS,16.2,82.6,55,990,newdelhi,16.1,82.5,TY,65,974,1,4,275,65,974
2013322N13090,2013,93,NI,BB,HELEN,21-11-2013 21:00,TS,16.1,82.3,55,990,newdelhi,16.1,82.2,TY,63,976,0,6,270,63,976
2013322N13090,2013,93,NI,BB,HELEN,22-11-2013 00:00,TS,16.2,82,55,990,newdelhi,16.1,82,TS,60,978,0,5,275,60,978
2013322N13090,2013,93,NI,BB,HELEN,22-11-2013 03:00,TS,16.2,81.7,55,990,newdelhi,16.2,81.8,TS,58,980,0,5,275,58,980
2013322N13090,2013,93,NI,BB,HELEN,22-11-2013 06:00,TS,16.2,81.4,55,990,newdelhi,16.2,81.5,TS,55,982,0,5,255,55,982
2013322N13090,2013,93,NI,BB,HELEN,22-11-2013 09:00,TS,16,81.2,40,1000,newdelhi,16,81.2,TS,43,991,0,7,240,43,991
2013322N13090,2013,93,NI,BB,HELEN,22-11-2013 12:00,TS,15.8,80.8,30,1002,newdelhi,15.8,80.9,TD,30,1000,-1,7,255,30,1000
2013322N13090,2013,93,NI,BB,HELEN,22-11-2013 15:00,TS,15.9,80.5, , , ,15.9,80.5,TD,28,1002,-1,7,290,28,1002
2013322N13090,2013,93,NI,BB,HELEN,22-11-2013 18:00,TS,16.1,80.2,25,1004,newdelhi,16.1,80.1,TD,25,1004,-1,8,300,25,1004
2013322N13090,2013,93,NI,BB,HELEN,22-11-2013 21:00,TS,16.3,79.7, , , ,16.3,79.7,TD,23,1006,-1,9,300,23,1006
2013322N13090,2013,93,NI,BB,HELEN,23-11-2013 00:00,DS,16.5,79.4, , , ,16.5,79.4,DB,20,1007,-3,8,310,20,1007
2013322N13090,2013,93,NI,BB,HELEN,23-11-2013 03:00,DS,16.8,79.1, , , ,16.8,79.1,DB,20,1007,-3,9,320,20,1007
2013322N13090,2013,93,NI,BB,HELEN,23-11-2013 06:00,DS,17.2,78.8, , , ,17.2,78.8,DB,20,1007,-3,9,325,20,1007
2013324N07103,2013,94,WP,MM,LEHAR,19-11-2013 18:00,DS,7.3,103.3, , , ,7.3,103.3,DB,15,1010,-3,7,190,15,1010
2013324N07103,2013,94,WP,MM,LEHAR,19-11-2013 21:00,DS,7,103.2, , , ,7,103.2,DB,15,1010,-3,5,200,15,1010
2013324N07103,2013,94,WP,MM,LEHAR,20-11-2013 00:00,DS,6.8,103.1, , , ,6.8,103.1,DB,15,1010,-3,4,250,15,1010
2013324N07103,2013,94,WP,MM,LEHAR,20-11-2013 03:00,DS,6.8,102.9, , , ,6.8,102.9,DB,18,1009,-3,5,280,18,1009
2013324N07103,2013,94,WP,MM,LEHAR,20-11-2013 06:00,DS,6.9,102.6, , , ,6.9,102.6,DB,20,1007,-3,4,255,20,1007
2013324N07103,2013,94,WP,MM,LEHAR,20-11-2013 09:00,DS,6.7,102.4, , , ,6.7,102.4,DB,20,1007,-3,5,215,20,1007
2013324N07103,2013,94,WP,MM,LEHAR,20-11-2013 12:00,DS,6.5,102.3, , , ,6.5,102.3,DB,20,1007,-3,5,220,20,1007
2013324N07103,2013,94,WP,MM,LEHAR,20-11-2013 15:00,DS,6.4,102.2, , , ,6.4,102.2,DB,18,1009,-3,4,235,18,1009
2013324N07103,2013,94,WP,MM,LEHAR,20-11-2013 18:00,DS,6.3,102, , , ,6.3,102,DB,15,1010,-3,3,250,15,1010
2013324N07103,2013,94,WP,MM,LEHAR,20-11-2013 21:00,DS,6.3,101.9, , , ,6.3,101.9,DB,15,1010,-3,3,270,15,1010
2013324N07103,2013,94,WP,MM,LEHAR,21-11-2013 00:00,DS,6.3,101.7, , , ,6.3,101.7,DB,15,1010,-3,4,275,15,1010
2013324N07103,2013,94,WP,MM,LEHAR,21-11-2013 03:00,DS,6.3,101.5, , , ,6.3,101.5,DB,15,1010,-3,5,280,15,1010
2013324N07103,2013,94,WP,MM,LEHAR,21-11-2013 06:00,DS,6.4,101.2, , , ,6.4,101.2,DB,15,1010,-3,6,295,15,1010
2013324N07103,2013,94,WP,MM,LEHAR,21-11-2013 09:00,DS,6.6,100.9, , , ,6.6,100.9,DB,15,1010,-3,7,295,15,1010
2013324N07103,2013,94,WP,MM,LEHAR,21-11-2013 12:00,DS,6.7,100.6, , , ,6.7,100.6,DB,15,1010,-3,7,285,15,1010
2013324N07103,2013,94,WP,MM,LEHAR,21-11-2013 15:00,DS,6.7,100.2, , , ,6.7,100.2,DB,15,1010,-3,7,270,15,1010
2013324N07103,2013,94,NI,BB,LEHAR,21-11-2013 18:00,DS,6.7,99.9, , , ,6.7,99.9,DB,15,1010,-3,6,265,15,1010
2013324N07103,2013,94,NI,BB,LEHAR,21-11-2013 21:00,DS,6.7,99.6, , , ,6.7,99.6,DB,18,1007,-3,5,260,18,1007
2013324N07103,2013,94,NI,BB,LEHAR,22-11-2013 00:00,DS,6.6,99.4, , , ,6.6,99.4,DB,20,1004,-3,5,240,20,1004
2013324N07103,2013,94,NI,BB,LEHAR,22-11-2013 03:00,DS,6.4,99.2, , , ,6.4,99.2,DB,20,1006,-3,5,235,20,1006
2013324N07103,2013,94,NI,BB,LEHAR,22-11-2013 06:00,DS,6.3,99, , , ,6.3,99,DB,20,1007,-3,5,245,20,1007
2013324N07103,2013,94,NI,BB,LEHAR,22-11-2013 09:00,DS,6.2,98.7, , , ,6.2,98.7,DB,20,1007,-3,5,270,20,1007
2013324N07103,2013,94,NI,BB,LEHAR,22-11-2013 12:00,DS,6.3,98.5, , , ,6.3,98.5,DB,20,1007,-3,4,310,20,1007
2013324N07103,2013,94,NI,BB,LEHAR,22-11-2013 15:00,DS,6.5,98.4, , , ,6.5,98.4,DB,23,1006,-3,5,340,23,1006
2013324N07103,2013,94,NI,BB,LEHAR,22-11-2013 18:00,TS,6.8,98.3, , , ,6.8,98.3,TD,25,1004,-1,6,330,25,1004
2013324N07103,2013,94,NI,BB,LEHAR,22-11-2013 21:00,TS,7,98.1, , , ,7,98.1,TD,25,1004,-1,7,315,25,1004
2013324N07103,2013,94,NI,BB,LEHAR,23-11-2013 00:00,TS,7.3,97.8, , , ,7.3,97.8,TD,25,1004,-1,8,315,25,1004
2013324N07103,2013,94,NI,BB,LEHAR,23-11-2013 03:00,TS,7.6,97.5, , , ,7.6,97.5,TD,25,1004,-1,9,320,25,1004
2013324N07103,2013,94,NI,BB,LEHAR,23-11-2013 06:00,TS,8,97.2, , , ,8,97.2,TD,25,1004,-1,9,320,25,1004
2013324N07103,2013,94,NI,BB,LEHAR,23-11-2013 09:00,TS,8.3,96.9, , , ,8.3,96.9,TD,30,1000,-1,9,315,30,1000
2013324N07103,2013,94,NI,BB,LEHAR,23-11-2013 12:00,TS,8.7,96.6,25,1004,newdelhi,8.7,96.6,TS,35,996,0,8,315,35,996
2013324N07103,2013,94,NI,BB,LEHAR,23-11-2013 15:00,TS,8.9,96.3, , , ,9.1,96.4,TS,35,996,0,8,320,35,996
2013324N07103,2013,94,NI,BB,LEHAR,23-11-2013 18:00,TS,9.2,96.1,30,1002,newdelhi,9.4,96.1,TS,35,996,0,10,315,35,996
2013324N07103,2013,94,NI,BB,LEHAR,23-11-2013 21:00,TS,9.6,95.6, , , ,9.7,95.8,TS,38,995,0,11,310,38,995
2013324N07103,2013,94,NI,BB,LEHAR,24-11-2013 00:00,TS,10,95.2,35,999,newdelhi,10,95.4,TS,40,993,0,8,310,40,993
2013324N07103,2013,94,NI,BB,LEHAR,24-11-2013 03:00,TS,10.2,95,40,998,newdelhi,10.3,95,TS,43,991,0,8,310,43,991
2013324N07103,2013,94,NI,BB,LEHAR,24-11-2013 06:00,TS,10.6,94.6,40,998,newdelhi,10.6,94.6,TS,45,989,0,11,305,45,989
2013324N07103,2013,94,NI,BB,LEHAR,24-11-2013 09:00,TS,10.8,94.1,45,996,newdelhi,10.8,94.2,TS,48,987,0,10,300,48,987
2013324N07103,2013,94,NI,BB,LEHAR,24-11-2013 12:00,TS,11,93.7,45,996,newdelhi,11,93.9,TS,50,985,0,7,300,50,985
2013324N07103,2013,94,NI,BB,LEHAR,24-11-2013 15:00,TS,11.1,93.5,45,996,newdelhi,11.2,93.6,TS,53,984,0,7,310,53,984
2013324N07103,2013,94,NI,BB,LEHAR,24-11-2013 18:00,TS,11.5,93.2,45,996,newdelhi,11.4,93.3,TS,55,982,0,9,300,55,982
2013324N07103,2013,94,NI,BB,LEHAR,24-11-2013 21:00,TS,11.5,92.7,45,996,newdelhi,11.6,93,TS,58,980,0,7,305,58,980
2013324N07103,2013,94,NI,BB,LEHAR,25-11-2013 00:00,TS,11.8,92.6,55,992,newdelhi,11.7,92.7,TS,60,978,0,6,305,60,978
2013324N07103,2013,94,NI,BB,LEHAR,25-11-2013 03:00,TS,11.9,92.2,55,990,newdelhi,11.8,92.4,TS,63,976,0,7,280,63,976
2013324N07103,2013,94,NI,BB,LEHAR,25-11-2013 06:00,TS,12,91.9,55,988,newdelhi,11.9,92.2,TY,65,974,1,5,280,65,974
2013324N07103,2013,94,NI,BB,LEHAR,25-11-2013 09:00,TS,12,91.7,60,988,newdelhi,12,91.9,TY,68,972,1,4,325,68,972
2013324N07103,2013,94,NI,BB,LEHAR,25-11-2013 12:00,TS,12.3,91.6,60,988,newdelhi,12.1,91.7,TY,70,970,1,6,305,70,970
2013324N07103,2013,94,NI,BB,LEHAR,25-11-2013 15:00,TS,12.3,91.2,60,988,newdelhi,12.2,91.5,TY,73,969,1,5,280,73,969
2013324N07103,2013,94,NI,BB,LEHAR,25-11-2013 18:00,TS,12.4,91.1,55,988,newdelhi,12.3,91.2,TY,75,967,1,3,290,75,967
2013324N07103,2013,94,NI,BB,LEHAR,25-11-2013 21:00,TS,12.4,90.9,65,984,newdelhi,12.4,90.9,TY,75,967,1,6,280,75,967
2013324N07103,2013,94,NI,BB,LEHAR,26-11-2013 00:00,TS,12.5,90.5,70,982,newdelhi,12.5,90.5,TY,75,967,1,9,275,75,967
2013324N07103,2013,94,NI,BB,LEHAR,26-11-2013 03:00,TS,12.5,90.1,70,982,newdelhi,12.6,90.1,TY,75,967,1,9,275,75,967
2013324N07103,2013,94,NI,BB,LEHAR,26-11-2013 06:00,TS,12.6,89.6,70,982,newdelhi,12.7,89.7,TY,75,967,1,9,290,75,967
2013324N07103,2013,94,NI,BB,LEHAR,26-11-2013 09:00,TS,12.9,89.1,70,982,newdelhi,12.8,89.3,TY,75,967,1,9,290,75,967
2013324N07103,2013,94,NI,BB,LEHAR,26-11-2013 12:00,TS,13,88.7,70,982,newdelhi,12.9,88.9,TY,75,967,1,6,280,75,967
2013324N07103,2013,94,NI,BB,LEHAR,26-11-2013 15:00,TS,13,88.5,70,982,newdelhi,13,88.5,TY,73,971,1,7,290,73,971
2013324N07103,2013,94,NI,BB,LEHAR,26-11-2013 18:00,TS,13.2,88.1,75,980,newdelhi,13.2,88.1,TY,70,975,1,10,285,70,975
2013324N07103,2013,94,NI,BB,LEHAR,26-11-2013 21:00,TS,13.3,87.5,75,980,newdelhi,13.4,87.6,TY,70,973,1,11,290,70,973
2013324N07103,2013,94,NI,BB,LEHAR,27-11-2013 00:00,TS,13.6,87,75,980,newdelhi,13.6,87,TY,70,970,1,11,290,70,970
2013324N07103,2013,94,NI,BB,LEHAR,27-11-2013 03:00,TS,13.6,86.5,75,980,newdelhi,13.8,86.4,TY,68,972,1,11,290,68,972
2013324N07103,2013,94,NI,BB,LEHAR,27-11-2013 06:00,TS,13.9,86,70,982,newdelhi,13.9,85.9,TY,65,974,1,10,290,65,974
2013324N07103,2013,94,NI,BB,LEHAR,27-11-2013 09:00,TS,14,85.5,65,984,newdelhi,13.9,85.5,TY,65,974,1,9,285,65,974
2013324N07103,2013,94,NI,BB,LEHAR,27-11-2013 12:00,TS,14.2,85.1,55,988,newdelhi,13.9,85.2,TY,65,974,1,9,290,65,974
2013324N07103,2013,94,NI,BB,LEHAR,27-11-2013 15:00,TS,14.2,84.6,55,988,newdelhi,14,84.7,TY,58,980,0,10,290,58,980
2013324N07103,2013,94,NI,BB,LEHAR,27-11-2013 18:00,TS,14.6,84.1,45,996,newdelhi,14.1,84.2,TS,50,985,0,11,295,50,985
2013324N07103,2013,94,NI,BB,LEHAR,27-11-2013 21:00,TS,14.7,83.6,40,998,newdelhi,14.3,83.6,TS,45,989,0,16,290,45,989
2013324N07103,2013,94,NI,BB,LEHAR,28-11-2013 00:00,TS,15.1,82.5,30,1000,newdelhi,14.6,83,TS,40,993,0,15,295,40,993
2013324N07103,2013,94,NI,BB,LEHAR,28-11-2013 03:00,TS,15.3,82.1,30,1000,newdelhi,14.8,82.5,TS,38,995,0,8,290,38,995
2013324N07103,2013,94,NI,BB,LEHAR,28-11-2013 06:00,TS,15.3,81.7,30,1000,newdelhi,15,82,TS,35,996,0,7,285,35,996
2013324N07103,2013,94,NI,BB,LEHAR,28-11-2013 09:00,TS,15.5,81.4,25,1002,newdelhi,15.2,81.6,TS,35,996,0,7,290,35,996
2013324N07103,2013,94,NI,BB,LEHAR,28-11-2013 12:00,TS,15.5,81,20,1004,newdelhi,15.4,81.1,TS,35,996,0,8,265,35,996
2013324N07103,2013,94,NI,BB,LEHAR,28-11-2013 15:00,TS,15.4,80.6, , , ,15.4,80.6,TS,30,1000,-1,10,265,30,1000
2013324N07103,2013,94,NI,BB,LEHAR,28-11-2013 18:00,TS,15.4,80, , , ,15.4,80,TD,25,1004,-1,12,285,25,1004
2013324N07103,2013,94,NI,BB,LEHAR,28-11-2013 21:00,TS,15.7,79.4, , , ,15.7,79.4,TD,23,1006,-1,14,300,23,1006
2013324N07103,2013,94,NI,BB,LEHAR,29-11-2013 00:00,DS,16.1,78.8, , , ,16.1,78.8,DB,20,1007,-3,15,305,20,1007
2013339N09084,2013,98,NI,BB,MADI,05-12-2013 00:00,DS,9,84.3, , , ,9,84.3,DB,15,1010,-3,2,300,15,1010
2013339N09084,2013,98,NI,BB,MADI,05-12-2013 03:00,DS,9.1,84.2, , , ,9.1,84.2,DB,18,1009,-3,2,295,18,1009
2013339N09084,2013,98,NI,BB,MADI,05-12-2013 06:00,DS,9.1,84.1, , , ,9.1,84.1,DB,20,1007,-3,2,295,20,1007
2013339N09084,2013,98,NI,BB,MADI,05-12-2013 09:00,DS,9.1,84, , , ,9.1,84,DB,23,1006,-3,2,295,23,1006
2013339N09084,2013,98,NI,BB,MADI,05-12-2013 12:00,TS,9.2,83.9, , , ,9.2,83.9,TD,25,1004,-1,2,315,25,1004
2013339N09084,2013,98,NI,BB,MADI,05-12-2013 15:00,TS,9.3,83.8, , , ,9.3,83.8,TD,25,1004,-1,2,335,25,1004
2013339N09084,2013,98,NI,BB,MADI,05-12-2013 18:00,TS,9.4,83.8, , , ,9.4,83.8,TD,25,1004,-1,2,335,25,1004
2013339N09084,2013,98,NI,BB,MADI,05-12-2013 21:00,TS,9.5,83.7, , , ,9.5,83.7,TD,28,1002,-1,2,335,28,1002
2013339N09084,2013,98,NI,BB,MADI,06-12-2013 00:00,TS,9.6,83.7, , , ,9.6,83.7,TD,30,1000,-1,2,0,30,1000
2013339N09084,2013,98,NI,BB,MADI,06-12-2013 03:00,TS,9.7,83.7,25,1004,newdelhi,9.7,83.7,TD,33,998,-1,2,25,33,998
2013339N09084,2013,98,NI,BB,MADI,06-12-2013 06:00,TS,9.8,83.8,25,1004,newdelhi,9.7,83.7,TS,35,996,0,2,35,35,996
2013339N09084,2013,98,NI,BB,MADI,06-12-2013 09:00,TS,9.9,83.9, , , ,9.7,83.7,TS,38,995,0,2,25,38,995
2013339N09084,2013,98,NI,BB,MADI,06-12-2013 12:00,TS,10,83.9,25,1004,newdelhi,9.8,83.8,TS,40,993,0,2,20,40,993
2013339N09084,2013,98,NI,BB,MADI,06-12-2013 15:00,TS,10.1,83.9, , , ,9.9,83.8,TS,43,991,0,2,15,43,991
2013339N09084,2013,98,NI,BB,MADI,06-12-2013 18:00,TS,10.2,84,30,1002,newdelhi,10,83.9,TS,45,989,0,2,30,45,989
2013339N09084,2013,98,NI,BB,MADI,06-12-2013 21:00,TS,10.3,84, , , ,10.1,84,TS,48,987,0,2,45,48,987
2013339N09084,2013,98,NI,BB,MADI,07-12-2013 00:00,TS,10.4,84.1,35,998,newdelhi,10.2,84.1,TS,50,985,0,2,50,50,985
2013339N09084,2013,98,NI,BB,MADI,07-12-2013 03:00,TS,10.4,84.2,35,998,newdelhi,10.3,84.2,TS,53,984,0,2,35,53,984
2013339N09084,2013,98,NI,BB,MADI,07-12-2013 06:00,TS,10.5,84.3,45,996,newdelhi,10.4,84.3,TS,55,982,0,3,30,55,982
2013339N09084,2013,98,NI,BB,MADI,07-12-2013 09:00,TS,10.7,84.3,55,992,newdelhi,10.6,84.4,TS,55,982,0,4,25,55,982
2013339N09084,2013,98,NI,BB,MADI,07-12-2013 12:00,TS,10.9,84.4,55,992,newdelhi,10.8,84.4,TS,55,982,0,4,25,55,982
2013339N09084,2013,98,NI,BB,MADI,07-12-2013 15:00,TS,11,84.5,55,992,newdelhi,11,84.5,TS,58,980,0,4,15,58,980
2013339N09084,2013,98,NI,BB,MADI,07-12-2013 18:00,TS,11.3,84.5,55,990,newdelhi,11.3,84.5,TS,60,978,0,5,5,60,978
2013339N09084,2013,98,NI,BB,MADI,07-12-2013 21:00,TS,11.5,84.5,55,990,newdelhi,11.6,84.5,TS,63,976,0,6,5,63,976
2013339N09084,2013,98,NI,BB,MADI,08-12-2013 00:00,TS,11.9,84.6,60,988,newdelhi,11.9,84.5,TY,65,974,1,5,5,65,974
2013339N09084,2013,98,NI,BB,MADI,08-12-2013 03:00,TS,12.1,84.6,60,988,newdelhi,12.2,84.6,TY,65,974,1,5,15,65,974
2013339N09084,2013,98,NI,BB,MADI,08-12-2013 06:00,TS,12.4,84.7,65,986,newdelhi,12.4,84.7,TY,65,974,1,6,10,65,974
2013339N09084,2013,98,NI,BB,MADI,08-12-2013 09:00,TS,12.6,84.7,65,986,newdelhi,12.6,84.7,TY,65,974,1,6,0,65,974
2013339N09084,2013,98,NI,BB,MADI,08-12-2013 12:00,TS,13,84.7,65,986,newdelhi,12.9,84.7,TY,65,974,1,6,355,65,974
2013339N09084,2013,98,NI,BB,MADI,08-12-2013 15:00,TS,13.2,84.7,65,986,newdelhi,13.2,84.7,TY,65,974,1,5,355,65,974
2013339N09084,2013,98,NI,BB,MADI,08-12-2013 18:00,TS,13.4,84.6,65,986,newdelhi,13.4,84.6,TY,65,974,1,5,355,65,974
2013339N09084,2013,98,NI,BB,MADI,08-12-2013 21:00,TS,13.6,84.6,65,986,newdelhi,13.7,84.6,TY,63,976,0,5,0,63,976
2013339N09084,2013,98,NI,BB,MADI,09-12-2013 00:00,TS,13.9,84.6,65,986,newdelhi,13.9,84.6,TS,60,978,0,4,0,60,978
2013339N09084,2013,98,NI,BB,MADI,09-12-2013 03:00,TS,14.1,84.7,65,986,newdelhi,14.1,84.6,TS,60,978,0,5,5,60,978
2013339N09084,2013,98,NI,BB,MADI,09-12-2013 06:00,TS,14.3,84.7,65,986,newdelhi,14.3,84.7,TS,60,978,0,4,10,60,978
2013339N09084,2013,98,NI,BB,MADI,09-12-2013 09:00,TS,14.4,84.7,65,986,newdelhi,14.5,84.8,TS,63,976,0,3,15,63,976
2013339N09084,2013,98,NI,BB,MADI,09-12-2013 12:00,TS,14.6,84.8,60,988,newdelhi,14.6,84.9,TY,65,974,1,3,15,65,974
2013339N09084,2013,98,NI,BB,MADI,09-12-2013 15:00,TS,14.7,84.8,60,988,newdelhi,14.7,85,TY,65,974,1,2,25,65,974
2013339N09084,2013,98,NI,BB,MADI,09-12-2013 18:00,TS,14.8,84.9,60,988,newdelhi,14.8,85,TY,65,974,1,2,30,65,974
2013339N09084,2013,98,NI,BB,MADI,09-12-2013 21:00,TS,14.8,84.9,60,988,newdelhi,14.9,85,TY,68,972,1,2,35,68,972
2013339N09084,2013,98,NI,BB,MADI,10-12-2013 00:00,TS,15,85.1,60,988,newdelhi,15,85.1,TY,70,970,1,5,40,70,970
2013339N09084,2013,98,NI,BB,MADI,10-12-2013 03:00,TS,15.3,85.3,65,988,newdelhi,15.2,85.2,TY,78,965,1,5,30,78,965
2013339N09084,2013,98,NI,BB,MADI,10-12-2013 06:00,TS,15.4,85.3,65,988,newdelhi,15.4,85.3,TY,85,959,2,3,350,85,959
2013339N09084,2013,98,NI,BB,MADI,10-12-2013 09:00,TS,15.5,85.2,65,988,newdelhi,15.4,85.2,TY,83,961,2,4,255,83,961
2013339N09084,2013,98,NI,BB,MADI,10-12-2013 12:00,TS,15.3,85,55,990,newdelhi,15.2,84.9,TY,80,963,1,7,225,80,963
2013339N09084,2013,98,NI,BB,MADI,10-12-2013 15:00,TS,15.1,84.7,55,990,newdelhi,15.1,84.7,TY,73,969,1,6,225,73,969
2013339N09084,2013,98,NI,BB,MADI,10-12-2013 18:00,TS,14.9,84.6,50,992,newdelhi,14.9,84.4,TY,65,974,1,5,215,65,974
2013339N09084,2013,98,NI,BB,MADI,10-12-2013 21:00,TS,14.7,84.4,45,994,newdelhi,14.7,84.2,TY,58,980,0,7,220,58,980
2013339N09084,2013,98,NI,BB,MADI,11-12-2013 00:00,TS,14.4,84.1,40,996,newdelhi,14.5,84,TS,50,985,0,8,225,50,985
2013339N09084,2013,98,NI,BB,MADI,11-12-2013 03:00,TS,14.1,83.8,30,998,newdelhi,14.2,83.9,TS,48,987,0,8,220,48,987
2013339N09084,2013,98,NI,BB,MADI,11-12-2013 06:00,TS,13.8,83.6,30,998,newdelhi,13.9,83.7,TS,45,989,0,7,215,45,989
2013339N09084,2013,98,NI,BB,MADI,11-12-2013 09:00,TS,13.6,83.4,30,1000,newdelhi,13.7,83.5,TS,45,989,0,6,215,45,989
2013339N09084,2013,98,NI,BB,MADI,11-12-2013 12:00,TS,13.4,83.3,30,1000,newdelhi,13.4,83.2,TS,45,989,0,6,220,45,989
2013339N09084,2013,98,NI,BB,MADI,11-12-2013 15:00,TS,13.1,83, , , ,13.1,83,TS,38,995,0,7,225,38,995
2013339N09084,2013,98,NI,BB,MADI,11-12-2013 18:00,TS,12.9,82.7,25,1000,newdelhi,12.8,82.7,TD,30,1000,-1,8,230,30,1000
2013339N09084,2013,98,NI,BB,MADI,11-12-2013 21:00,TS,12.6,82.4, , , ,12.5,82.3,TD,30,1000,-1,9,235,30,1000
2013339N09084,2013,98,NI,BB,MADI,12-12-2013 00:00,TS,12.3,82,25,1000,newdelhi,12.1,81.9,TD,30,1000,-1,11,225,30,1000
2013339N09084,2013,98,NI,BB,MADI,12-12-2013 03:00,TS,11.9,81.5,25,1000,newdelhi,11.7,81.5,TD,30,1000,-1,12,220,30,1000
2013339N09084,2013,98,NI,BB,MADI,12-12-2013 06:00,TS,11.4,81.2,25,1000,newdelhi,11.3,81.2,TD,30,1000,-1,12,215,30,1000
2013339N09084,2013,98,NI,BB,MADI,12-12-2013 09:00,TS,10.9,80.8,25,1000,newdelhi,10.8,81,TD,28,1002,-1,13,220,28,1002
2013339N09084,2013,98,NI,BB,MADI,12-12-2013 12:00,TS,10.4,80.3,25,1000,newdelhi,10.3,80.6,TD,25,1004,-1,14,240,25,1004
2013339N09084,2013,98,NI,BB,MADI,12-12-2013 15:00,TS,10.2,79.6, , , ,10.1,79.8,TD,25,1004,-1,15,255,25,1004
2013339N09084,2013,98,NI,BB,MADI,12-12-2013 18:00,TS,10,78.8,20,1004,newdelhi,10.1,78.8,TD,25,1004,-1,16,265,25,1004
2014003N08086,2014,1,NI,BB,UNNAMED,02-01-2014 18:00,DS,7.6,85.5, , , ,7.6,85.5,DB,15,1010,-3,4,280,15,1010
2014003N08086,2014,1,NI,BB,UNNAMED,02-01-2014 21:00,DS,7.6,85.3, , , ,7.6,85.3,DB,18,1009,-3,4,285,18,1009
2014003N08086,2014,1,NI,BB,UNNAMED,03-01-2014 00:00,DS,7.7,85.1, , , ,7.7,85.1,DB,20,1007,-3,4,290,20,1007
2014003N08086,2014,1,NI,BB,UNNAMED,03-01-2014 03:00,DS,7.8,84.9, , , ,7.8,84.9,DB,23,1006,-3,4,305,23,1006
2014003N08086,2014,1,NI,BB,UNNAMED,03-01-2014 06:00,TS,7.9,84.8, , , ,7.9,84.8,TD,25,1004,-1,3,320,25,1004
2014003N08086,2014,1,NI,BB,UNNAMED,03-01-2014 09:00,TS,8,84.7, , , ,8,84.7,TD,25,1004,-1,4,325,25,1004
2014003N08086,2014,1,NI,BB,UNNAMED,03-01-2014 12:00,TS,8.2,84.6, , , ,8.2,84.6,TD,25,1004,-1,4,325,25,1004
2014003N08086,2014,1,NI,BB,UNNAMED,03-01-2014 15:00,TS,8.3,84.5, , , ,8.3,84.5,TD,25,1004,-1,4,315,25,1004
2014003N08086,2014,1,NI,BB,UNNAMED,03-01-2014 18:00,TS,8.5,84.3, , , ,8.5,84.3,TD,25,1003,-1,5,305,25,1003
2014003N08086,2014,1,NI,BB,UNNAMED,03-01-2014 21:00,TS,8.7,84.1, , , ,8.7,84.1,TD,28,1001,-1,6,300,28,1001
2014003N08086,2014,1,NI,BB,UNNAMED,04-01-2014 00:00,TS,8.8,83.8, , , ,8.8,83.8,TD,30,999,-1,5,290,30,999
2014003N08086,2014,1,NI,BB,UNNAMED,04-01-2014 03:00,TS,8.8,83.5,25,1006,newdelhi,8.9,83.5,TD,33,998,-1,6,290,33,998
2014003N08086,2014,1,NI,BB,UNNAMED,04-01-2014 06:00,TS,9,83.2,25,1006,newdelhi,9,83.3,TS,35,996,0,6,295,35,996
2014003N08086,2014,1,NI,BB,UNNAMED,04-01-2014 09:00,TS,9.1,83, , , ,9.1,83,TS,35,996,0,3,280,35,996
2014003N08086,2014,1,NI,BB,UNNAMED,04-01-2014 12:00,TS,9.1,82.9,25,1006,newdelhi,9.1,82.8,TS,35,996,0,3,280,35,996
2014003N08086,2014,1,NI,BB,UNNAMED,04-01-2014 15:00,TS,9.1,82.7, , , ,9.1,82.6,TS,38,995,0,5,290,38,995
2014003N08086,2014,1,NI,BB,UNNAMED,04-01-2014 18:00,TS,9.2,82.5,25,1006,newdelhi,9.2,82.4,TS,40,993,0,5,290,40,993
2014003N08086,2014,1,NI,BB,UNNAMED,04-01-2014 21:00,TS,9.3,82.2, , , ,9.3,82.3,TS,40,993,0,4,285,40,993
2014003N08086,2014,1,NI,BB,UNNAMED,05-01-2014 00:00,TS,9.3,82.1,25,1006,newdelhi,9.3,82.2,TS,40,993,0,2,280,40,993
2014003N08086,2014,1,NI,BB,UNNAMED,05-01-2014 03:00,TS,9.3,82,25,1006,newdelhi,9.3,82,TS,40,993,0,2,270,40,993
2014003N08086,2014,1,NI,BB,UNNAMED,05-01-2014 06:00,TS,9.3,81.9,25,1006,newdelhi,9.3,81.9,TS,40,993,0,3,270,40,993
2014003N08086,2014,1,NI,BB,UNNAMED,05-01-2014 09:00,TS,9.3,81.7, , , ,9.3,81.8,TS,38,995,0,2,270,38,995
2014003N08086,2014,1,NI,BB,UNNAMED,05-01-2014 12:00,TS,9.3,81.6,25,1004,newdelhi,9.3,81.7,TS,35,996,0,2,270,35,996
2014003N08086,2014,1,NI,BB,UNNAMED,05-01-2014 15:00,TS,9.3,81.5, , , ,9.3,81.6,TS,35,996,0,2,270,35,996
2014003N08086,2014,1,NI,BB,UNNAMED,05-01-2014 18:00,TS,9.3,81.4,25,1004,newdelhi,9.3,81.5,TS,35,996,0,1,270,35,996
2014003N08086,2014,1,NI,BB,UNNAMED,05-01-2014 21:00,TS,9.3,81.4, , , ,9.3,81.4,TS,35,996,0,1,270,35,996
2014003N08086,2014,1,NI,BB,UNNAMED,06-01-2014 00:00,TS,9.3,81.3,25,1004,newdelhi,9.3,81.3,TS,35,996,0,3,275,35,996
2014003N08086,2014,1,NI,BB,UNNAMED,06-01-2014 03:00,TS,9.3,81.1,25,1006,newdelhi,9.2,81.2,TS,33,998,-1,5,240,33,998
2014003N08086,2014,1,NI,BB,UNNAMED,06-01-2014 06:00,TS,9.1,80.9, , ,newdelhi,9.1,81,TD,30,1000,-1,5,220,30,1000
2014003N08086,2014,1,NI,BB,UNNAMED,06-01-2014 09:00,TS,8.9,80.7, , , ,9,80.9,TD,28,1002,-1,3,220,28,1002
2014003N08086,2014,1,NI,BB,UNNAMED,06-01-2014 12:00,TS,8.8,80.6,25,1006,newdelhi,8.8,80.7,TD,25,1004,-1,3,220,25,1004
2014003N08086,2014,1,NI,BB,UNNAMED,06-01-2014 15:00,TS,8.7,80.5, , , ,8.6,80.5,TD,25,1004,-1,5,220,25,1004
2014003N08086,2014,1,NI,BB,UNNAMED,06-01-2014 18:00,TS,8.4,80.3, , , ,8.4,80.3,TD,25,1004,-1,6,220,25,1004
2014003N08086,2014,1,NI,BB,UNNAMED,06-01-2014 21:00,TS,8.2,80.1, , , ,8.1,80.1,TD,25,1004,-1,7,220,25,1004
2014003N08086,2014,1,NI,BB,UNNAMED,07-01-2014 00:00,TS,7.9,79.9,25,1006,newdelhi,7.9,79.9,TD,25,1004,-1,6,220,25,1004
2014003N08086,2014,1,NI,BB,UNNAMED,07-01-2014 03:00,TS,7.7,79.8, , , ,7.7,79.8,TD,25,1004,-1,5,225,25,1004
2014003N08086,2014,1,NI,BB,UNNAMED,07-01-2014 06:00,TS,7.6,79.6, , , ,7.6,79.6,TD,25,1004,-1,4,235,25,1004
2014003N08086,2014,1,NI,BB,UNNAMED,07-01-2014 09:00,TS,7.5,79.4, , , ,7.5,79.4,TD,25,1004,-1,4,245,25,1004
2014003N08086,2014,1,NI,BB,UNNAMED,07-01-2014 12:00,TS,7.4,79.2, , , ,7.4,79.2,TD,25,1004,-1,4,260,25,1004
2014003N08086,2014,1,NI,BB,UNNAMED,07-01-2014 15:00,TS,7.4,79.1, , , ,7.4,79.1,TD,25,1004,-1,3,290,25,1004
2014003N08086,2014,1,NI,BB,UNNAMED,07-01-2014 18:00,TS,7.5,78.9, , , ,7.5,78.9,TD,25,1004,-1,4,300,25,1004
2014003N08086,2014,1,NI,BB,UNNAMED,07-01-2014 21:00,TS,7.6,78.7, , , ,7.6,78.7,TD,25,1004,-1,4,295,25,1004
2014003N08086,2014,1,NI,BB,UNNAMED,08-01-2014 00:00,TS,7.7,78.5, , , ,7.7,78.5,TD,25,1004,-1,5,290,25,1004
2014003N08086,2014,1,NI,BB,UNNAMED,08-01-2014 03:00,TS,7.7,78.3, , , ,7.7,78.3,TD,25,1004,-1,5,280,25,1004
2014003N08086,2014,1,NI,AS,UNNAMED,08-01-2014 06:00,TS,7.8,78, , , ,7.8,78,TD,25,1004,-1,7,280,25,1004
2014003N08086,2014,1,NI,AS,UNNAMED,08-01-2014 09:00,TS,7.9,77.6, , , ,7.9,77.6,TD,23,1006,-1,9,285,23,1006
2014003N08086,2014,1,NI,AS,UNNAMED,08-01-2014 12:00,DS,8,77.1, , , ,8,77.1,DB,20,1007,-3,10,285,20,1007
2014141N16091,2014,28,NI,BB,UNNAMED,21-05-2014 03:00,TS,15.5,90.5,25,1004,newdelhi, , , , , ,-5,10,0, , 
2014141N16091,2014,28,NI,BB,UNNAMED,21-05-2014 06:00,TS,16,90.5,25,1004,newdelhi, , , , , ,-5,9,15, , 
2014141N16091,2014,28,NI,BB,UNNAMED,21-05-2014 09:00,TS,16.3,90.7, , , , , , , , ,-5,7,45, , 
2014141N16091,2014,28,NI,BB,UNNAMED,21-05-2014 12:00,TS,16.5,91,25,1002,newdelhi, , , , , ,-5,3,45, , 
2014141N16091,2014,28,NI,BB,UNNAMED,21-05-2014 15:00,TS,16.5,91, , , , , , , , ,-5,0,0, , 
2014141N16091,2014,28,NI,BB,UNNAMED,21-05-2014 18:00,TS,16.5,91,25,1002,newdelhi, , , , , ,-5,5,95, , 
2014141N16091,2014,28,NI,BB,UNNAMED,21-05-2014 21:00,TS,16.5,91.5, , , , , , , , ,-5,10,90, , 
2014141N16091,2014,28,NI,BB,UNNAMED,22-05-2014 00:00,TS,16.5,92,25,1000,newdelhi, , , , , ,-5,4,90, , 
2014141N16091,2014,28,NI,BB,UNNAMED,22-05-2014 03:00,TS,16.5,92,25,1000,newdelhi, , , , , ,-5,7,45, , 
2014141N16091,2014,28,NI,BB,UNNAMED,22-05-2014 06:00,TS,17,92.5,25,1000,newdelhi, , , , , ,-5,9,25, , 
2014141N16091,2014,28,NI,BB,UNNAMED,22-05-2014 09:00,TS,17.3,92.4, , , , , , , , ,-5,7,315, , 
2014141N16091,2014,28,NI,BB,UNNAMED,22-05-2014 12:00,TS,17.5,92,25,1000,newdelhi, , , , , ,-5,4,305, , 
2014141N16091,2014,28,NI,BB,UNNAMED,22-05-2014 15:00,TS,17.6,92, , , , , , , , ,-5,0,0, , 
2014141N16091,2014,28,NI,BB,UNNAMED,22-05-2014 18:00,TS,17.5,92,25,1000,newdelhi, , , , , ,-5,5,235, , 
2014141N16091,2014,28,NI,BB,UNNAMED,22-05-2014 21:00,TS,17.3,91.6, , , , , , , , ,-5,11,240, , 
2014141N16091,2014,28,NI,BB,UNNAMED,23-05-2014 00:00,TS,17,91,25,1000,newdelhi, , , , , ,-5,13,245, , 
2014159N12068,2014,31,NI,AS,NANAUK,08-06-2014 06:00,DS,12.4,68.3, , , ,12.4,68.3,DB,20,1007,-3,5,325,20,1007
2014159N12068,2014,31,NI,AS,NANAUK,08-06-2014 09:00,DS,12.6,68.1, , , ,12.6,68.1,DB,20,1007,-3,5,325,20,1007
2014159N12068,2014,31,NI,AS,NANAUK,08-06-2014 12:00,DS,12.8,68, , , ,12.8,68,DB,20,1007,-3,4,320,20,1007
2014159N12068,2014,31,NI,AS,NANAUK,08-06-2014 15:00,DS,12.9,67.9, , , ,12.9,67.9,DB,23,1006,-3,3,315,23,1006
2014159N12068,2014,31,NI,AS,NANAUK,08-06-2014 18:00,TS,13,67.8, , , ,13,67.8,TD,25,1004,-1,3,310,25,1004
2014159N12068,2014,31,NI,AS,NANAUK,08-06-2014 21:00,TS,13.1,67.7, , , ,13.1,67.7,TD,25,1003,-1,3,315,25,1003
2014159N12068,2014,31,NI,AS,NANAUK,09-06-2014 00:00,TS,13.2,67.6, , , ,13.2,67.6,TD,25,1002,-1,2,330,25,1002
2014159N12068,2014,31,NI,AS,NANAUK,09-06-2014 03:00,TS,13.3,67.6, , , ,13.3,67.6,TD,28,1001,-1,2,25,28,1001
2014159N12068,2014,31,NI,AS,NANAUK,09-06-2014 06:00,TS,13.4,67.7, , , ,13.4,67.7,TD,30,1000,-1,5,60,30,1000
2014159N12068,2014,31,NI,AS,NANAUK,09-06-2014 09:00,TS,13.6,68.1, , , ,13.6,68.1,TD,30,1000,-1,9,65,30,1000
2014159N12068,2014,31,NI,AS,NANAUK,09-06-2014 12:00,TS,13.8,68.5, , , ,13.8,68.5,TD,30,1000,-1,10,55,30,1000
2014159N12068,2014,31,NI,AS,NANAUK,09-06-2014 15:00,TS,14.1,68.9, , , ,14.1,68.9,TD,30,1000,-1,10,45,30,1000
2014159N12068,2014,31,NI,AS,NANAUK,09-06-2014 18:00,TS,14.5,69.2, , , ,14.5,69.2,TD,30,1000,-1,7,20,30,1000
2014159N12068,2014,31,NI,AS,NANAUK,09-06-2014 21:00,TS,14.8,69.2, , , ,14.8,69.2,TD,33,998,-1,6,340,33,998
2014159N12068,2014,31,NI,AS,NANAUK,10-06-2014 00:00,TS,15.1,69, , , ,15.1,69,TS,35,996,0,7,330,35,996
2014159N12068,2014,31,NI,AS,NANAUK,10-06-2014 03:00,TS,15.4,68.8, , , ,15.4,68.8,TS,38,995,0,7,325,38,995
2014159N12068,2014,31,NI,AS,NANAUK,10-06-2014 06:00,TS,15.7,68.6, , , ,15.7,68.6,TS,40,993,0,6,315,40,993
2014159N12068,2014,31,NI,AS,NANAUK,10-06-2014 09:00,TS,15.8,68.4,25,998,newdelhi,15.9,68.4,TS,43,991,0,6,305,43,991
2014159N12068,2014,31,NI,AS,NANAUK,10-06-2014 12:00,TS,16.1,68.1,25,996,newdelhi,16.1,68.1,TS,45,989,0,7,310,45,989
2014159N12068,2014,31,NI,AS,NANAUK,10-06-2014 15:00,TS,16.3,67.8, , , ,16.3,67.8,TS,48,987,0,6,310,48,987
2014159N12068,2014,31,NI,AS,NANAUK,10-06-2014 18:00,TS,16.5,67.6,30,994,newdelhi,16.4,67.6,TS,50,985,0,4,295,50,985
2014159N12068,2014,31,NI,AS,NANAUK,10-06-2014 21:00,TS,16.5,67.4, , , ,16.5,67.4,TS,53,984,0,4,285,53,984
2014159N12068,2014,31,NI,AS,NANAUK,11-06-2014 00:00,TS,16.6,67.2,35,992,newdelhi,16.6,67.2,TS,55,982,0,5,305,55,982
2014159N12068,2014,31,NI,AS,NANAUK,11-06-2014 03:00,TS,16.7,67,35,992,newdelhi,16.8,67,TS,55,982,0,6,310,55,982
2014159N12068,2014,31,NI,AS,NANAUK,11-06-2014 06:00,TS,17,66.7,45,990,newdelhi,17,66.7,TS,55,982,0,6,310,55,982
2014159N12068,2014,31,NI,AS,NANAUK,11-06-2014 09:00,TS,17.1,66.5,45,990,newdelhi,17.3,66.5,TS,55,982,0,7,315,55,982
2014159N12068,2014,31,NI,AS,NANAUK,11-06-2014 12:00,TS,17.4,66.2,45,988,newdelhi,17.5,66.2,TS,55,982,0,6,310,55,982
2014159N12068,2014,31,NI,AS,NANAUK,11-06-2014 15:00,TS,17.6,66,45,988,newdelhi,17.6,65.9,TS,55,982,0,5,295,55,982
2014159N12068,2014,31,NI,AS,NANAUK,11-06-2014 18:00,TS,17.6,65.8,45,988,newdelhi,17.7,65.7,TS,55,982,0,4,285,55,982
2014159N12068,2014,31,NI,AS,NANAUK,11-06-2014 21:00,TS,17.7,65.6,45,988,newdelhi,17.8,65.5,TS,55,982,0,6,300,55,982
2014159N12068,2014,31,NI,AS,NANAUK,12-06-2014 00:00,TS,17.9,65.3,45,986,newdelhi,18,65.2,TS,55,982,0,7,300,55,982
2014159N12068,2014,31,NI,AS,NANAUK,12-06-2014 03:00,TS,18,64.9,45,986,newdelhi,18.1,64.9,TS,50,986,0,6,295,50,986
2014159N12068,2014,31,NI,AS,NANAUK,12-06-2014 06:00,TS,18.2,64.6,45,986,newdelhi,18.2,64.6,TS,45,989,0,6,295,45,989
2014159N12068,2014,31,NI,AS,NANAUK,12-06-2014 09:00,TS,18.3,64.3,45,988,newdelhi,18.4,64.4,TS,43,991,0,6,305,43,991
2014159N12068,2014,31,NI,AS,NANAUK,12-06-2014 12:00,TS,18.5,64.1,45,988,newdelhi,18.6,64.2,TS,40,993,0,6,325,40,993
2014159N12068,2014,31,NI,AS,NANAUK,12-06-2014 15:00,TS,18.8,64,45,988,newdelhi,18.9,64.1,TS,38,995,0,8,0,38,995
2014159N12068,2014,31,NI,AS,NANAUK,12-06-2014 18:00,TS,19.3,64.1,45,988,newdelhi,19.3,64.1,TS,35,996,0,12,20,35,996
2014159N12068,2014,31,NI,AS,NANAUK,12-06-2014 21:00,TS,19.9,64.4,45,988,newdelhi,19.9,64.4,TS,30,1000,-1,12,25,30,1000
2014159N12068,2014,31,NI,AS,NANAUK,13-06-2014 00:00,TS,20.4,64.6,45,988,newdelhi,20.4,64.6,TD,25,1004,-1,8,360,25,1004
2014159N12068,2014,31,NI,AS,NANAUK,13-06-2014 03:00,TS,20.7,64.4,45,990,newdelhi,20.7,64.4,TD,25,1004,-1,10,325,25,1004
2014159N12068,2014,31,NI,AS,NANAUK,13-06-2014 06:00,MX,21.2,64,40,992,newdelhi,21.2,64,DB,20,1007,-3,8,325,20,1007
2014159N12068,2014,31,NI,AS,NANAUK,13-06-2014 09:00,MX,21.4,63.9,30,994,newdelhi,21.4,63.9,DB,20,1007,-3,2,10,20,1007
2014159N12068,2014,31,NI,AS,NANAUK,13-06-2014 12:00,MX,21.4,64,25,996,newdelhi,21.4,64,DB,20,1007,-3,2,65,20,1007
2014159N12068,2014,31,NI,AS,NANAUK,13-06-2014 15:00,MX,21.5,64.1, , , ,21.5,64.1,DB,20,1007,-3,2,60,20,1007
2014159N12068,2014,31,NI,AS,NANAUK,13-06-2014 18:00,MX,21.5,64.2,25,996,newdelhi,21.5,64.2,DB,20,1007,-3,3,70,20,1007
2014159N12068,2014,31,NI,AS,NANAUK,13-06-2014 21:00,MX,21.6,64.3, , , ,21.6,64.3,DB,20,1007,-3,3,70,20,1007
2014159N12068,2014,31,NI,AS,NANAUK,14-06-2014 00:00,MX,21.6,64.5,25,996,newdelhi,21.6,64.5,DB,20,1007,-3,3,70,20,1007
2014159N12068,2014,31,NI,AS,NANAUK,14-06-2014 03:00,DS,21.7,64.6, , , ,21.7,64.6,DB,18,1009,-3,3,70,18,1009
2014159N12068,2014,31,NI,AS,NANAUK,14-06-2014 06:00,DS,21.7,64.8, , , ,21.7,64.8,DB,15,1010,-3,3,80,15,1010
2014159N12068,2014,31,NI,AS,NANAUK,14-06-2014 09:00,DS,21.7,65, , , ,21.7,65,DB,15,1010,-3,4,90,15,1010
2014159N12068,2014,31,NI,AS,NANAUK,14-06-2014 12:00,DS,21.7,65.2, , , ,21.7,65.2,DB,15,1010,-3,4,95,15,1010
2014202N22087,2014,44,NI,BB,UNNAMED,21-07-2014 03:00,TS,22,87,25,988,newdelhi, , , , , ,-5,12,290, , 
2014202N22087,2014,44,NI,BB,UNNAMED,21-07-2014 06:00,TS,22.2,86.4,20,988,newdelhi, , , , , ,-5,13,285, , 
2014202N22087,2014,44,NI,BB,UNNAMED,21-07-2014 09:00,TS,22.4,85.7, , , , , , , , ,-5,13,285, , 
2014202N22087,2014,44,NI,BB,UNNAMED,21-07-2014 12:00,TS,22.5,85,20,988,newdelhi, , , , , ,-5,11,275, , 
2014202N22087,2014,44,NI,BB,UNNAMED,21-07-2014 15:00,TS,22.5,84.5, , , , , , , , ,-5,9,270, , 
2014202N22087,2014,44,NI,BB,UNNAMED,21-07-2014 18:00,TS,22.5,84,20,990,newdelhi, , , , , ,-5,9,270, , 
2014202N22087,2014,44,NI,BB,UNNAMED,21-07-2014 21:00,TS,22.5,83.5, , , , , , , , ,-5,9,270, , 
2014202N22087,2014,44,NI,BB,UNNAMED,22-07-2014 00:00,TS,22.5,83,20,990,newdelhi, , , , , ,-5,9,270, , 
2014202N22087,2014,44,NI,BB,UNNAMED,22-07-2014 03:00,TS,22.5,82.5,20,990,newdelhi, , , , , ,-5,9,270, , 
2014202N22087,2014,44,NI,BB,UNNAMED,22-07-2014 06:00,TS,22.5,82,20,990,newdelhi, , , , , ,-5,9,270, , 
2014202N22087,2014,44,NI,BB,UNNAMED,22-07-2014 09:00,TS,22.5,81.5, , , , , , , , ,-5,9,270, , 
2014202N22087,2014,44,NI,BB,UNNAMED,22-07-2014 12:00,TS,22.5,81,20,990,newdelhi, , , , , ,-5,11,270, , 
2014202N22087,2014,44,NI,BB,UNNAMED,22-07-2014 15:00,TS,22.5,80.3, , , , , , , , ,-5,13,270, , 
2014202N22087,2014,44,NI,BB,UNNAMED,22-07-2014 18:00,TS,22.5,79.6,20,992,newdelhi, , , , , ,-5,13,270, , 
2014202N22087,2014,44,NI,BB,UNNAMED,22-07-2014 21:00,TS,22.5,78.9, , , , , , , , ,-5,13,270, , 
2014202N22087,2014,44,NI,BB,UNNAMED,23-07-2014 00:00,TS,22.5,78.2,20,992,newdelhi, , , , , ,-5,13,270, , 
2014202N22087,2014,44,NI,AS,UNNAMED,23-07-2014 03:00,TS,22.5,77.5,20,992,newdelhi, , , , , ,-5,11,270, , 
2014202N22087,2014,44,NI,AS,UNNAMED,23-07-2014 06:00,TS,22.5,77,20,992,newdelhi, , , , , ,-5,9,270, , 
2014216N21089,2014,52,NI,BB,UNNAMED,03-08-2014 12:00,TS,21.5,88.5,25,990,newdelhi, , , , , ,-5,4,345, , 
2014216N21089,2014,52,NI,BB,UNNAMED,03-08-2014 15:00,TS,21.7,88.4, , , , , , , , ,-5,4,335, , 
2014216N21089,2014,52,NI,BB,UNNAMED,03-08-2014 18:00,TS,21.9,88.3,30,990,newdelhi, , , , , ,-5,6,315, , 
2014216N21089,2014,52,NI,BB,UNNAMED,03-08-2014 21:00,TS,22.1,88, , , , , , , , ,-5,8,300, , 
2014216N21089,2014,52,NI,BB,UNNAMED,04-08-2014 00:00,TS,22.3,87.6,30,990,newdelhi, , , , , ,-5,8,300, , 
2014216N21089,2014,52,NI,BB,UNNAMED,04-08-2014 03:00,TS,22.5,87.2,30,990,newdelhi, , , , , ,-5,10,280, , 
2014216N21089,2014,52,NI,BB,UNNAMED,04-08-2014 06:00,TS,22.5,86.5,30,990,newdelhi, , , , , ,-5,9,260, , 
2014216N21089,2014,52,NI,BB,UNNAMED,04-08-2014 09:00,TS,22.4,86.2, , , , , , , , ,-5,5,230, , 
2014216N21089,2014,52,NI,BB,UNNAMED,04-08-2014 12:00,TS,22.2,86.1,30,990,newdelhi, , , , , ,-5,6,250, , 
2014216N21089,2014,52,NI,BB,UNNAMED,04-08-2014 15:00,TS,22.2,85.6, , , , , , , , ,-5,9,270, , 
2014216N21089,2014,52,NI,BB,UNNAMED,04-08-2014 18:00,TS,22.2,85.1,30,990,newdelhi, , , , , ,-5,9,270, , 
2014216N21089,2014,52,NI,BB,UNNAMED,04-08-2014 21:00,TS,22.2,84.6, , , , , , , , ,-5,9,270, , 
2014216N21089,2014,52,NI,BB,UNNAMED,05-08-2014 00:00,TS,22.2,84.1,30,990,newdelhi, , , , , ,-5,10,270, , 
2014216N21089,2014,52,NI,BB,UNNAMED,05-08-2014 03:00,TS,22.2,83.5,30,994,newdelhi, , , , , ,-5,12,305, , 
2014216N21089,2014,52,NI,BB,UNNAMED,05-08-2014 06:00,TS,22.9,83,30,992,newdelhi, , , , , ,-5,16,325, , 
2014216N21089,2014,52,NI,BB,UNNAMED,05-08-2014 09:00,TS,23.5,82.5,25,992,newdelhi, , , , , ,-5,14,320, , 
2014216N21089,2014,52,NI,BB,UNNAMED,05-08-2014 12:00,TS,24,82,25,992,newdelhi, , , , , ,-5,11,310, , 
2014216N21089,2014,52,NI,BB,UNNAMED,05-08-2014 15:00,TS,24.2,81.6, , , , , , , , ,-5,7,285, , 
2014216N21089,2014,52,NI,BB,UNNAMED,05-08-2014 18:00,TS,24.2,81.3,25,992,newdelhi, , , , , ,-5,6,280, , 
2014216N21089,2014,52,NI,BB,UNNAMED,05-08-2014 21:00,TS,24.3,81, , , , , , , , ,-5,7,285, , 
2014216N21089,2014,52,NI,BB,UNNAMED,06-08-2014 00:00,TS,24.4,80.6,25,992,newdelhi, , , , , ,-5,7,285, , 
2014216N21089,2014,52,NI,BB,UNNAMED,06-08-2014 03:00,TS,24.5,80.2,25,996,newdelhi, , , , , ,-5,6,290, , 
2014216N21089,2014,52,NI,BB,UNNAMED,06-08-2014 06:00,TS,24.6,80,25,994,newdelhi, , , , , ,-5,5,305, , 
2014216N21089,2014,52,NI,BB,UNNAMED,06-08-2014 09:00,TS,24.8,79.8, , , , , , , , ,-5,6,310, , 
2014216N21089,2014,52,NI,BB,UNNAMED,06-08-2014 12:00,TS,25,79.5,25,994,newdelhi, , , , , ,-5,6,310, , 
2014216N21089,2014,52,NI,BB,UNNAMED,06-08-2014 15:00,TS,25.2,79.2, , , , , , , , ,-5,5,305, , 
2014216N21089,2014,52,NI,BB,UNNAMED,06-08-2014 18:00,TS,25.3,79,25,994,newdelhi, , , , , ,-5,5,300, , 
2014216N21089,2014,52,NI,BB,UNNAMED,06-08-2014 21:00,TS,25.4,78.8, , , , , , , , ,-5,5,295, , 
2014216N21089,2014,52,NI,BB,UNNAMED,07-08-2014 00:00,TS,25.5,78.5,25,994,newdelhi, , , , , ,-5,5,290, , 
2014279N11096,2014,73,NI,BB,HUDHUD,06-10-2014 06:00,DS,10.7,96.1, , , ,10.7,96.1,DB,15,1010,-3,2,265,15,1010
2014279N11096,2014,73,NI,BB,HUDHUD,06-10-2014 09:00,DS,10.7,96, , , ,10.7,96,DB,18,1009,-3,2,270,18,1009
2014279N11096,2014,73,NI,BB,HUDHUD,06-10-2014 12:00,DS,10.7,95.9, , , ,10.7,95.9,DB,20,1007,-3,2,280,20,1007
2014279N11096,2014,73,NI,BB,HUDHUD,06-10-2014 15:00,DS,10.7,95.8, , , ,10.7,95.8,DB,23,1006,-3,3,290,23,1006
2014279N11096,2014,73,NI,BB,HUDHUD,06-10-2014 18:00,TS,10.8,95.6, , , ,10.8,95.6,TD,25,1004,-1,4,295,25,1004
2014279N11096,2014,73,NI,BB,HUDHUD,06-10-2014 21:00,TS,10.9,95.4, , , ,10.9,95.4,TD,25,1004,-1,4,295,25,1004
2014279N11096,2014,73,NI,BB,HUDHUD,07-10-2014 00:00,TS,11,95.2, , , ,11,95.2,TD,25,1004,-1,5,305,25,1004
2014279N11096,2014,73,NI,BB,HUDHUD,07-10-2014 03:00,TS,11.2,95,25,1004,newdelhi,11.1,95,TD,25,1004,-1,6,310,25,1004
2014279N11096,2014,73,NI,BB,HUDHUD,07-10-2014 06:00,TS,11.4,94.7,25,1004,newdelhi,11.2,94.7,TD,25,1004,-1,6,305,25,1004
2014279N11096,2014,73,NI,BB,HUDHUD,07-10-2014 09:00,TS,11.5,94.4, , , ,11.3,94.5,TD,28,1002,-1,7,300,28,1002
2014279N11096,2014,73,NI,BB,HUDHUD,07-10-2014 12:00,TS,11.7,94.1,30,1000,newdelhi,11.4,94.2,TD,30,1000,-1,7,290,30,1000
2014279N11096,2014,73,NI,BB,HUDHUD,07-10-2014 15:00,TS,11.8,93.8, , , ,11.6,93.9,TD,30,1000,-1,6,290,30,1000
2014279N11096,2014,73,NI,BB,HUDHUD,07-10-2014 18:00,TS,11.9,93.5,30,1000,newdelhi,11.8,93.5,TD,30,1000,-1,7,290,30,1000
2014279N11096,2014,73,NI,BB,HUDHUD,07-10-2014 21:00,TS,12,93.2, , , ,12,93.1,TD,33,998,-1,7,295,33,998
2014279N11096,2014,73,NI,BB,HUDHUD,08-10-2014 00:00,TS,12.2,92.9,30,1000,newdelhi,12.2,92.7,TS,35,996,0,7,295,35,996
2014279N11096,2014,73,NI,BB,HUDHUD,08-10-2014 03:00,TS,12.3,92.6,35,998,newdelhi,12.4,92.2,TS,38,995,0,8,295,38,995
2014279N11096,2014,73,NI,BB,HUDHUD,08-10-2014 06:00,TS,12.6,92.1,40,996,newdelhi,12.6,91.7,TS,40,993,0,12,290,40,993
2014279N11096,2014,73,NI,BB,HUDHUD,08-10-2014 09:00,TS,12.8,91.4,40,996,newdelhi,12.8,91.2,TS,43,991,0,13,285,43,991
2014279N11096,2014,73,NI,BB,HUDHUD,08-10-2014 12:00,TS,12.9,90.9,40,996,newdelhi,13,90.7,TS,45,989,0,11,290,45,989
2014279N11096,2014,73,NI,BB,HUDHUD,08-10-2014 15:00,TS,13.1,90.4,40,996,newdelhi,13.2,90.3,TS,48,987,0,8,295,48,987
2014279N11096,2014,73,NI,BB,HUDHUD,08-10-2014 18:00,TS,13.3,90.1,45,994,newdelhi,13.3,90,TS,50,985,0,8,295,50,985
2014279N11096,2014,73,NI,BB,HUDHUD,08-10-2014 21:00,TS,13.5,89.6,45,992,newdelhi,13.4,89.7,TS,53,984,0,9,295,53,984
2014279N11096,2014,73,NI,BB,HUDHUD,09-10-2014 00:00,TS,13.6,89.3,45,990,newdelhi,13.5,89.4,TS,55,982,0,6,295,55,982
2014279N11096,2014,73,NI,BB,HUDHUD,09-10-2014 03:00,TS,13.7,89.1,55,988,newdelhi,13.6,89.1,TS,58,980,0,5,295,58,980
2014279N11096,2014,73,NI,BB,HUDHUD,09-10-2014 06:00,TS,13.8,88.9,55,988,newdelhi,13.7,88.9,TS,60,978,0,5,300,60,978
2014279N11096,2014,73,NI,BB,HUDHUD,09-10-2014 09:00,TS,13.9,88.6,55,988,newdelhi,13.8,88.7,TS,60,978,0,5,305,60,978
2014279N11096,2014,73,NI,BB,HUDHUD,09-10-2014 12:00,TS,14.1,88.5,55,988,newdelhi,14,88.5,TS,60,978,0,5,295,60,978
2014279N11096,2014,73,NI,BB,HUDHUD,09-10-2014 15:00,TS,14.1,88.2,55,988,newdelhi,14.1,88.3,TS,60,978,0,5,290,60,978
2014279N11096,2014,73,NI,BB,HUDHUD,09-10-2014 18:00,TS,14.2,88,55,988,newdelhi,14.3,88.1,TS,60,978,0,5,305,60,978
2014279N11096,2014,73,NI,BB,HUDHUD,09-10-2014 21:00,TS,14.4,87.8,60,988,newdelhi,14.5,87.9,TS,63,976,0,5,315,63,976
2014279N11096,2014,73,NI,BB,HUDHUD,10-10-2014 00:00,TS,14.6,87.6,60,988,newdelhi,14.7,87.7,TY,65,974,1,6,310,65,974
2014279N11096,2014,73,NI,BB,HUDHUD,10-10-2014 03:00,TS,14.8,87.3,60,988,newdelhi,14.8,87.5,TY,65,974,1,6,305,65,974
2014279N11096,2014,73,NI,BB,HUDHUD,10-10-2014 06:00,TS,14.9,87.2,60,986,newdelhi,15,87.3,TY,65,974,1,5,310,65,974
2014279N11096,2014,73,NI,BB,HUDHUD,10-10-2014 09:00,TS,15.1,87,65,984,newdelhi,15.2,87.1,TY,70,971,1,5,320,70,971
2014279N11096,2014,73,NI,BB,HUDHUD,10-10-2014 12:00,TS,15.3,86.8,70,982,newdelhi,15.4,86.9,TY,75,967,1,6,315,75,967
2014279N11096,2014,73,NI,BB,HUDHUD,10-10-2014 15:00,TS,15.5,86.5,75,980,newdelhi,15.6,86.6,TY,80,963,1,6,300,80,963
2014279N11096,2014,73,NI,BB,HUDHUD,10-10-2014 18:00,TS,15.6,86.3,75,978,newdelhi,15.7,86.2,TY,85,959,2,5,295,85,959
2014279N11096,2014,73,NI,BB,HUDHUD,10-10-2014 21:00,TS,15.7,86,75,974,newdelhi,15.7,85.9,TY,90,956,2,6,295,90,956
2014279N11096,2014,73,NI,BB,HUDHUD,11-10-2014 00:00,TS,15.9,85.7,75,970,newdelhi,15.8,85.7,TY,95,952,2,6,295,95,952
2014279N11096,2014,73,NI,BB,HUDHUD,11-10-2014 03:00,TS,16,85.4,80,968,newdelhi,16,85.4,TY,100,948,3,6,295,100,948
2014279N11096,2014,73,NI,BB,HUDHUD,11-10-2014 06:00,TS,16.1,85.1,90,966,newdelhi,16.1,85.2,TY,105,944,3,4,290,105,944
2014279N11096,2014,73,NI,BB,HUDHUD,11-10-2014 09:00,TS,16.1,85,90,964,newdelhi,16.1,85,TY,110,941,3,3,290,110,941
2014279N11096,2014,73,NI,BB,HUDHUD,11-10-2014 12:00,TS,16.2,84.9,95,962,newdelhi,16.2,84.9,TY,115,937,4,3,310,115,937
2014279N11096,2014,73,NI,BB,HUDHUD,11-10-2014 15:00,TS,16.3,84.8,95,960,newdelhi,16.4,84.8,TY,115,937,4,4,330,115,937
2014279N11096,2014,73,NI,BB,HUDHUD,11-10-2014 18:00,TS,16.6,84.6,100,954,newdelhi,16.7,84.6,TY,115,937,4,6,320,115,937
2014279N11096,2014,73,NI,BB,HUDHUD,11-10-2014 21:00,TS,16.8,84.4,100,952,newdelhi,16.9,84.4,TY,115,937,4,8,320,115,937
2014279N11096,2014,73,NI,BB,HUDHUD,12-10-2014 00:00,TS,17.2,84.1,100,950,newdelhi,17.1,84.1,TY,115,937,4,8,315,115,937
2014279N11096,2014,73,NI,BB,HUDHUD,12-10-2014 03:00,TS,17.4,83.8,100,950,newdelhi,17.4,83.8,TY,115,937,4,8,300,115,937
2014279N11096,2014,73,NI,BB,HUDHUD,12-10-2014 06:00,TS,17.6,83.4,100,950,newdelhi,17.6,83.4,TY,115,937,4,8,300,115,937
2014279N11096,2014,73,NI,BB,HUDHUD,12-10-2014 09:00,TS,17.8,83.1,90,960,newdelhi,17.8,83.1,TY,110,941,3,7,305,110,941
2014279N11096,2014,73,NI,BB,HUDHUD,12-10-2014 12:00,TS,18,82.8,60,982,newdelhi,18,82.9,TY,105,944,3,7,315,105,944
2014279N11096,2014,73,NI,BB,HUDHUD,12-10-2014 15:00,TS,18.3,82.5,45,986,newdelhi,18.3,82.6,TY,93,954,2,9,325,93,954
2014279N11096,2014,73,NI,BB,HUDHUD,12-10-2014 18:00,TS,18.8,82.3,40,987,newdelhi,18.8,82.2,TY,80,963,1,8,330,80,963
2014279N11096,2014,73,NI,BB,HUDHUD,12-10-2014 21:00,TS,19,82.1,40,988,newdelhi,19.3,81.9,TY,68,973,1,12,325,68,973
2014279N11096,2014,73,NI,BB,HUDHUD,13-10-2014 00:00,TS,19.7,81.6,30,994,newdelhi,19.9,81.6,TS,55,982,0,16,340,55,982
2014279N11096,2014,73,NI,BB,HUDHUD,13-10-2014 03:00,TS,20.5,81.5,30,996,newdelhi,20.5,81.4,TS,48,988,0,11,355,48,988
2014279N11096,2014,73,NI,BB,HUDHUD,13-10-2014 06:00,TS,20.8,81.4,30,998,newdelhi,21,81.3,TS,40,993,0,7,355,40,993
2014279N11096,2014,73,NI,BB,HUDHUD,13-10-2014 09:00,TS,21.1,81.4, , , ,21.5,81.2,TS,35,997,0,6,0,35,997
2014279N11096,2014,73,NI,BB,HUDHUD,13-10-2014 12:00,TS,21.4,81.4,25,998,newdelhi,22,81.2,TD,30,1000,-1,5,10,30,1000
2014279N11096,2014,73,NI,BB,HUDHUD,13-10-2014 15:00,TS,21.7,81.5, , , , , ,TD, , ,-5,9,5, , 
2014279N11096,2014,73,NI,BB,HUDHUD,13-10-2014 18:00,TS,22.3,81.5,25,1000,newdelhi, , , , , ,-5,20,360, , 
2014279N11096,2014,73,NI,BB,HUDHUD,13-10-2014 21:00,TS,23.6,81.5, , , , , , , , ,-5,25,0, , 
2014279N11096,2014,73,NI,BB,HUDHUD,14-10-2014 00:00,TS,24.8,81.5,25,1000,newdelhi, , , , , ,-5,15,5, , 
2014279N11096,2014,73,NI,BB,HUDHUD,14-10-2014 03:00,TS,25.1,81.6,20,1000,newdelhi, , , , , ,-5,8,15, , 
2014279N11096,2014,73,NI,BB,HUDHUD,14-10-2014 06:00,TS,25.6,81.7,20,1000,newdelhi, , , , , ,-5,12,10, , 
2014279N11096,2014,73,NI,BB,HUDHUD,14-10-2014 09:00,TS,26.3,81.8,20,1000,newdelhi, , , , , ,-5,14,5, , 
2014297N11062,2014,79,NI,AS,NILOFAR,23-10-2014 12:00,DS,10.8,62.1, , , ,10.8,62.1,DB,15,1010,-3,5,315,15,1010
2014297N11062,2014,79,NI,AS,NILOFAR,23-10-2014 15:00,DS,11,61.9, , , ,11,61.9,DB,15,1010,-3,4,315,15,1010
2014297N11062,2014,79,NI,AS,NILOFAR,23-10-2014 18:00,DS,11.1,61.8, , , ,11.1,61.8,DB,15,1010,-3,3,315,15,1010
2014297N11062,2014,79,NI,AS,NILOFAR,23-10-2014 21:00,DS,11.2,61.7, , , ,11.2,61.7,DB,18,1009,-3,3,315,18,1009
2014297N11062,2014,79,NI,AS,NILOFAR,24-10-2014 00:00,DS,11.3,61.6, , , ,11.3,61.6,DB,20,1007,-3,3,325,20,1007
2014297N11062,2014,79,NI,AS,NILOFAR,24-10-2014 03:00,DS,11.4,61.5, , , ,11.4,61.5,DB,20,1007,-3,3,345,20,1007
2014297N11062,2014,79,NI,AS,NILOFAR,24-10-2014 06:00,DS,11.6,61.5, , , ,11.6,61.5,DB,20,1007,-3,3,10,20,1007
2014297N11062,2014,79,NI,AS,NILOFAR,24-10-2014 09:00,DS,11.7,61.6, , , ,11.7,61.6,DB,20,1007,-3,3,45,20,1007
2014297N11062,2014,79,NI,AS,NILOFAR,24-10-2014 12:00,DS,11.8,61.7, , , ,11.8,61.7,DB,20,1007,-3,3,55,20,1007
2014297N11062,2014,79,NI,AS,NILOFAR,24-10-2014 15:00,DS,11.9,61.8, , , ,11.9,61.8,DB,23,1006,-3,4,55,23,1006
2014297N11062,2014,79,NI,AS,NILOFAR,24-10-2014 18:00,TS,12,62, , , ,12,62,TD,25,1004,-1,4,55,25,1004
2014297N11062,2014,79,NI,AS,NILOFAR,24-10-2014 21:00,TS,12.1,62.2, , , ,12.1,62.2,TD,28,1002,-1,4,20,28,1002
2014297N11062,2014,79,NI,AS,NILOFAR,25-10-2014 00:00,TS,12.3,62.1,25,1004,newdelhi,12.3,62.3,TD,30,1000,-1,4,345,30,1000
2014297N11062,2014,79,NI,AS,NILOFAR,25-10-2014 03:00,TS,12.6,62.1,25,1004,newdelhi,12.6,62.3,TD,30,1000,-1,4,345,30,1000
2014297N11062,2014,79,NI,AS,NILOFAR,25-10-2014 06:00,TS,12.7,62,25,1004,newdelhi,12.9,62.4,TD,30,1000,-1,4,345,30,1000
2014297N11062,2014,79,NI,AS,NILOFAR,25-10-2014 09:00,TS,13,61.9, , , ,13.2,62.6,TD,33,998,-1,5,350,33,998
2014297N11062,2014,79,NI,AS,NILOFAR,25-10-2014 12:00,TS,13.3,61.9,25,1003,newdelhi,13.5,62.8,TS,35,996,0,4,0,35,996
2014297N11062,2014,79,NI,AS,NILOFAR,25-10-2014 15:00,TS,13.3,61.9, , , ,13.7,62.9,TS,35,996,0,2,25,35,996
2014297N11062,2014,79,NI,AS,NILOFAR,25-10-2014 18:00,TS,13.5,62,25,1003,newdelhi,13.9,63,TS,35,996,0,6,40,35,996
2014297N11062,2014,79,NI,AS,NILOFAR,25-10-2014 21:00,TS,13.8,62.3, , , ,14,63,TS,38,995,0,8,40,38,995
2014297N11062,2014,79,NI,AS,NILOFAR,26-10-2014 00:00,TS,14.1,62.5,25,1002,newdelhi,14.1,63,TS,40,993,0,4,35,40,993
2014297N11062,2014,79,NI,AS,NILOFAR,26-10-2014 03:00,TS,14.1,62.5,30,999,newdelhi,14.2,63,TS,43,991,0,1,0,43,991
2014297N11062,2014,79,NI,AS,NILOFAR,26-10-2014 06:00,TS,14.2,62.5,35,998,newdelhi,14.2,63,TS,45,989,0,1,0,45,989
2014297N11062,2014,79,NI,AS,NILOFAR,26-10-2014 09:00,TS,14.2,62.5,35,996,newdelhi,14.2,63,TS,50,986,0,1,0,50,986
2014297N11062,2014,79,NI,AS,NILOFAR,26-10-2014 12:00,TS,14.3,62.5,40,994,newdelhi,14.3,63,TS,55,982,0,2,350,55,982
2014297N11062,2014,79,NI,AS,NILOFAR,26-10-2014 15:00,TS,14.3,62.5,40,994,newdelhi,14.4,63,TS,55,982,0,2,345,55,982
2014297N11062,2014,79,NI,AS,NILOFAR,26-10-2014 18:00,TS,14.5,62.5,45,994,newdelhi,14.5,62.9,TS,55,982,0,2,345,55,982
2014297N11062,2014,79,NI,AS,NILOFAR,26-10-2014 21:00,TS,14.6,62.4,50,994,newdelhi,14.6,62.9,TS,60,978,0,3,355,60,978
2014297N11062,2014,79,NI,AS,NILOFAR,27-10-2014 00:00,TS,14.8,62.4,55,990,newdelhi,14.7,62.8,TY,65,974,1,3,340,65,974
2014297N11062,2014,79,NI,AS,NILOFAR,27-10-2014 03:00,TS,14.8,62.3,60,990,newdelhi,14.8,62.7,TY,68,972,1,2,305,68,972
2014297N11062,2014,79,NI,AS,NILOFAR,27-10-2014 06:00,TS,14.9,62.3,65,986,newdelhi,14.8,62.5,TY,70,970,1,1,300,70,970
2014297N11062,2014,79,NI,AS,NILOFAR,27-10-2014 09:00,TS,14.9,62.2,65,984,newdelhi,14.9,62.4,TY,75,967,1,2,330,75,967
2014297N11062,2014,79,NI,AS,NILOFAR,27-10-2014 12:00,TS,15,62.2,70,982,newdelhi,15,62.3,TY,80,963,1,2,330,80,963
2014297N11062,2014,79,NI,AS,NILOFAR,27-10-2014 15:00,TS,15.1,62.1,70,981,newdelhi,15,62.2,TY,85,960,2,2,335,85,960
2014297N11062,2014,79,NI,AS,NILOFAR,27-10-2014 18:00,TS,15.2,62.1,70,980,newdelhi,15.1,62.1,TY,90,956,2,5,325,90,956
2014297N11062,2014,79,NI,AS,NILOFAR,27-10-2014 21:00,TS,15.4,61.8,75,979,newdelhi,15.3,61.9,TY,93,954,2,5,325,93,954
2014297N11062,2014,79,NI,AS,NILOFAR,28-10-2014 00:00,TS,15.6,61.8,75,978,newdelhi,15.5,61.7,TY,95,952,2,4,335,95,952
2014297N11062,2014,79,NI,AS,NILOFAR,28-10-2014 03:00,TS,15.8,61.7,75,977,newdelhi,15.7,61.7,TY,98,950,3,4,345,98,950
2014297N11062,2014,79,NI,AS,NILOFAR,28-10-2014 06:00,TS,16,61.7,80,974,newdelhi,16,61.7,TY,100,948,3,6,0,100,948
2014297N11062,2014,79,NI,AS,NILOFAR,28-10-2014 09:00,TS,16.3,61.7,90,966,newdelhi,16.4,61.8,TY,108,943,3,8,10,108,943
2014297N11062,2014,79,NI,AS,NILOFAR,28-10-2014 12:00,TS,16.8,61.8,100,954,newdelhi,16.8,61.8,TY,115,937,4,9,5,115,937
2014297N11062,2014,79,NI,AS,NILOFAR,28-10-2014 15:00,TS,17.2,61.8,105,952,newdelhi,17.3,61.7,TY,115,937,4,9,355,115,937
2014297N11062,2014,79,NI,AS,NILOFAR,28-10-2014 18:00,TS,17.7,61.7,110,950,newdelhi,17.7,61.6,TY,115,937,4,7,355,115,937
2014297N11062,2014,79,NI,AS,NILOFAR,28-10-2014 21:00,TS,17.9,61.7,110,950,newdelhi,17.9,61.6,TY,110,941,3,5,10,110,941
2014297N11062,2014,79,NI,AS,NILOFAR,29-10-2014 00:00,TS,18.1,61.8,105,954,newdelhi,18,61.6,TY,105,944,3,6,15,105,944
2014297N11062,2014,79,NI,AS,NILOFAR,29-10-2014 03:00,TS,18.5,61.8,100,958,newdelhi,18.2,61.7,TY,100,948,3,6,10,100,948
2014297N11062,2014,79,NI,AS,NILOFAR,29-10-2014 06:00,TS,18.7,61.9,95,962,newdelhi,18.5,61.8,TY,95,952,2,4,20,95,952
2014297N11062,2014,79,NI,AS,NILOFAR,29-10-2014 09:00,TS,18.8,62,90,968,newdelhi,18.7,62,TY,88,958,2,4,45,88,958
2014297N11062,2014,79,NI,AS,NILOFAR,29-10-2014 12:00,TS,19,62.2,80,974,newdelhi,18.8,62.2,TY,80,963,1,6,55,80,963
2014297N11062,2014,79,NI,AS,NILOFAR,29-10-2014 15:00,TS,19.2,62.5,70,980,newdelhi,18.9,62.5,TY,75,967,1,7,70,75,967
2014297N11062,2014,79,NI,AS,NILOFAR,29-10-2014 18:00,TS,19.3,62.9,70,986,newdelhi,19.1,62.9,TY,70,970,1,6,70,70,970
2014297N11062,2014,79,NI,AS,NILOFAR,29-10-2014 21:00,TS,19.4,63.2,60,988,newdelhi,19.3,63.2,TY,65,974,1,7,65,65,974
2014297N11062,2014,79,NI,AS,NILOFAR,30-10-2014 00:00,TS,19.6,63.6,60,990,newdelhi,19.6,63.5,TS,60,978,0,8,60,60,978
2014297N11062,2014,79,NI,AS,NILOFAR,30-10-2014 03:00,TS,19.8,63.9,50,994,newdelhi,19.8,63.8,TS,55,982,0,8,50,55,982
2014297N11062,2014,79,NI,AS,NILOFAR,30-10-2014 06:00,TS,20.1,64.2,45,998,newdelhi,19.9,64,TS,50,985,0,5,55,50,985
2014297N11062,2014,79,NI,AS,NILOFAR,30-10-2014 09:00,TS,20.1,64.4,40,1000,newdelhi,19.9,64.3,TS,48,987,0,4,60,48,987
2014297N11062,2014,79,NI,AS,NILOFAR,30-10-2014 12:00,TS,20.3,64.6,40,1001,newdelhi,20,64.5,TS,45,989,0,4,40,45,989
2014297N11062,2014,79,NI,AS,NILOFAR,30-10-2014 15:00,TS,20.4,64.6, , , ,20.2,64.7,TS,40,993,0,3,40,40,993
2014297N11062,2014,79,NI,AS,NILOFAR,30-10-2014 18:00,TS,20.5,64.8,35,1002,newdelhi,20.4,64.8,TS,35,996,0,4,50,35,996
2014297N11062,2014,79,NI,AS,NILOFAR,30-10-2014 21:00,TS,20.6,64.9,30,1003,newdelhi,20.6,64.9,TS,33,998,-1,3,50,33,998
2014297N11062,2014,79,NI,AS,NILOFAR,31-10-2014 00:00,TS,20.7,65,25,1004,newdelhi,20.7,65,TD,30,1000,-1,3,25,30,1000
2014297N11062,2014,79,NI,AS,NILOFAR,31-10-2014 03:00,TS,20.8,65.1, , , ,20.8,65.1,TD,28,1002,-1,3,15,28,1002
2014297N11062,2014,79,NI,AS,NILOFAR,31-10-2014 06:00,TS,21,65.1, , , ,21,65.1,TD,25,1004,-1,4,5,25,1004
2014297N11062,2014,79,NI,AS,NILOFAR,31-10-2014 09:00,TS,21.2,65.1, , , ,21.2,65.1,TD,25,1004,-1,4,345,25,1004
2014297N11062,2014,79,NI,AS,NILOFAR,31-10-2014 12:00,TS,21.4,65, , , ,21.4,65,TD,25,1004,-1,4,335,25,1004
2014297N11062,2014,79,NI,AS,NILOFAR,31-10-2014 15:00,TS,21.6,64.9, , , ,21.6,64.9,TD,23,1006,-1,4,315,23,1006
2014297N11062,2014,79,NI,AS,NILOFAR,31-10-2014 18:00,DS,21.7,64.7, , , ,21.7,64.7,DB,20,1007,-3,4,290,20,1007
2014297N11062,2014,79,NI,AS,NILOFAR,31-10-2014 21:00,DS,21.7,64.5, , , ,21.7,64.5,DB,20,1007,-3,5,270,20,1007
2014297N11062,2014,79,NI,AS,NILOFAR,01-11-2014 00:00,DS,21.7,64.2, , , ,21.7,64.2,DB,20,1007,-3,4,265,20,1007
2014297N11062,2014,79,NI,AS,NILOFAR,01-11-2014 03:00,DS,21.7,64, , , ,21.7,64,DB,20,1007,-3,4,270,20,1007
2014297N11062,2014,79,NI,AS,NILOFAR,01-11-2014 06:00,DS,21.7,63.8, , , ,21.7,63.8,DB,20,1007,-3,4,270,20,1007
2014297N11062,2014,79,NI,AS,NILOFAR,01-11-2014 09:00,DS,21.7,63.6, , , ,21.7,63.6,DB,18,1009,-3,5,270,18,1009
2014297N11062,2014,79,NI,AS,NILOFAR,01-11-2014 12:00,DS,21.7,63.3, , , ,21.7,63.3,DB,15,1010,-3,5,270,15,1010
2014309N13088,2014,82,NI,BB,UNNAMED,05-11-2014 00:00,DS,12.8,87.8, , , ,12.8,87.8,DB,20,1007,-3,3,310,20,1007
2014309N13088,2014,82,NI,BB,UNNAMED,05-11-2014 03:00,DS,12.9,87.7, , , ,12.9,87.7,DB,20,1007,-3,3,315,20,1007
2014309N13088,2014,82,NI,BB,UNNAMED,05-11-2014 06:00,DS,13,87.6, , , ,13,87.6,DB,20,1007,-3,3,320,20,1007
2014309N13088,2014,82,NI,BB,UNNAMED,05-11-2014 09:00,MX,13.1,87.5,25,1000,newdelhi,13.1,87.5,DB,23,1006,-3,3,320,23,1006
2014309N13088,2014,82,NI,BB,UNNAMED,05-11-2014 12:00,TS,13.2,87.4,25,1000,newdelhi,13.3,87.4,TD,25,1004,-1,2,330,25,1004
2014309N13088,2014,82,NI,BB,UNNAMED,05-11-2014 15:00,TS,13.3,87.4, , , ,13.4,87.3,TD,28,1002,-1,3,345,28,1002
2014309N13088,2014,82,NI,BB,UNNAMED,05-11-2014 18:00,TS,13.5,87.4,25,1000,newdelhi,13.5,87.2,TD,30,1000,-1,4,340,30,1000
2014309N13088,2014,82,NI,BB,UNNAMED,05-11-2014 21:00,TS,13.7,87.3, , , ,13.7,87,TD,33,998,-1,3,345,33,998
2014309N13088,2014,82,NI,BB,UNNAMED,06-11-2014 00:00,TS,13.8,87.3,25,1000,newdelhi,13.8,87,TS,35,996,0,2,50,35,996
2014309N13088,2014,82,NI,BB,UNNAMED,06-11-2014 03:00,TS,13.8,87.4,30,998,newdelhi,13.6,87.4,TS,33,998,-1,4,95,33,998
2014309N13088,2014,82,NI,BB,UNNAMED,06-11-2014 06:00,TS,13.8,87.7,30,998,newdelhi,13.4,87.8,TD,30,1000,-1,5,100,30,1000
2014309N13088,2014,82,NI,BB,UNNAMED,06-11-2014 09:00,TS,13.7,87.9, , , ,13.3,88.1,TD,28,1002,-1,4,95,28,1002
2014309N13088,2014,82,NI,BB,UNNAMED,06-11-2014 12:00,TS,13.7,88.1,30,998,newdelhi,13.3,88.2,TD,25,1004,-1,3,110,25,1004
2014309N13088,2014,82,NI,BB,UNNAMED,06-11-2014 15:00,TS,13.6,88.2, , , ,13.3,88.3,TD,25,1004,-1,1,155,25,1004
2014309N13088,2014,82,NI,BB,UNNAMED,06-11-2014 18:00,TS,13.6,88.2,30,1000,newdelhi,13.4,88.3,TD,25,1004,-1,2,300,25,1004
2014309N13088,2014,82,NI,BB,UNNAMED,06-11-2014 21:00,TS,13.7,88, , , ,13.6,88.3,TD,25,1004,-1,4,315,25,1004
2014309N13088,2014,82,NI,BB,UNNAMED,07-11-2014 00:00,TS,13.9,87.9,30,1001,newdelhi,13.8,88.2,TD,25,1004,-1,5,325,25,1004
2014309N13088,2014,82,NI,BB,UNNAMED,07-11-2014 03:00,TS,14.1,87.7,30,1001,newdelhi,14,88,TD,25,1004,-1,4,320,25,1004
2014309N13088,2014,82,NI,BB,UNNAMED,07-11-2014 06:00,TS,14.2,87.6,25,1003,newdelhi,14.2,87.7,TD,25,1004,-1,3,290,25,1004
2014309N13088,2014,82,NI,BB,UNNAMED,07-11-2014 09:00,TS,14.2,87.5, , , ,14.2,87.4,TD,25,1004,-1,2,270,25,1004
2014309N13088,2014,82,NI,BB,UNNAMED,07-11-2014 12:00,TS,14.2,87.4,25,1003,newdelhi,14.2,87.2,TD,25,1004,-1,3,275,25,1004
2014309N13088,2014,82,NI,BB,UNNAMED,07-11-2014 15:00,TS,14.2,87.1, , , ,14.2,87,TD,25,1004,-1,5,280,25,1004
2014309N13088,2014,82,NI,BB,UNNAMED,07-11-2014 18:00,TS,14.3,86.8,25,1004,newdelhi,14.3,86.7,TD,25,1004,-1,7,280,25,1004
2014309N13088,2014,82,NI,BB,UNNAMED,07-11-2014 21:00,TS,14.4,86.4, , , ,14.4,86.3,TD,23,1006,-1,9,280,23,1006
2014309N13088,2014,82,NI,BB,UNNAMED,08-11-2014 00:00,MX,14.5,85.9,25,1005,newdelhi,14.5,85.8,DB,20,1007,-3,9,275,20,1007
2014309N13088,2014,82,NI,BB,UNNAMED,08-11-2014 03:00,DS,14.4,85.4, , , ,14.4,85.4,DB,20,1007,-3,8,260,20,1007
2014309N13088,2014,82,NI,BB,UNNAMED,08-11-2014 06:00,DS,14.3,85.1, , , ,14.3,85.1,DB,20,1007,-3,8,250,20,1007
2014309N13088,2014,82,NI,BB,UNNAMED,08-11-2014 09:00,DS,14.1,84.7, , , ,14.1,84.7,DB,20,1007,-3,9,250,20,1007
2014309N13088,2014,82,NI,BB,UNNAMED,08-11-2014 12:00,DS,14,84.2, , , ,14,84.2,DB,20,1007,-3,9,260,20,1007
2014309N13088,2014,82,NI,BB,UNNAMED,08-11-2014 15:00,DS,14,83.7, , , ,14,83.7,DB,20,1007,-3,9,275,20,1007
2014309N13088,2014,82,NI,BB,UNNAMED,08-11-2014 18:00,DS,14.1,83.3, , , ,14.1,83.3,DB,20,1007,-3,8,290,20,1007
2014309N13088,2014,82,NI,BB,UNNAMED,08-11-2014 21:00,DS,14.3,83, , , ,14.3,83,DB,20,1007,-3,7,305,20,1007
2014309N13088,2014,82,NI,BB,UNNAMED,09-11-2014 00:00,DS,14.5,82.7, , , ,14.5,82.7,DB,20,1007,-3,7,310,20,1007
2014309N13088,2014,82,NI,BB,UNNAMED,09-11-2014 03:00,DS,14.7,82.4, , , ,14.7,82.4,DB,20,1007,-3,6,310,20,1007
2014309N13088,2014,82,NI,BB,UNNAMED,09-11-2014 06:00,DS,14.9,82.2, , , ,14.9,82.2,DB,20,1007,-3,6,310,20,1007
2015157N13069,2015,31,NI,AS,ASHOBAA,06-06-2015 06:00,TS,13.1,68.5, , , ,13.1,68.5,TD,25,1004,-1,7,10,25,1004
2015157N13069,2015,31,NI,AS,ASHOBAA,06-06-2015 09:00,TS,13.5,68.6, , , ,13.5,68.6,TD,25,1004,-1,7,10,25,1004
2015157N13069,2015,31,NI,AS,ASHOBAA,06-06-2015 12:00,TS,13.8,68.6, , , ,13.8,68.6,TD,25,1004,-1,7,5,25,1004
2015157N13069,2015,31,NI,AS,ASHOBAA,06-06-2015 15:00,TS,14.1,68.6, , , ,14.1,68.6,TD,25,1004,-1,7,0,25,1004
2015157N13069,2015,31,NI,AS,ASHOBAA,06-06-2015 18:00,TS,14.5,68.6, , , ,14.5,68.6,TD,25,1004,-1,7,360,25,1004
2015157N13069,2015,31,NI,AS,ASHOBAA,06-06-2015 21:00,TS,14.9,68.6, , , ,14.9,68.6,TD,28,1002,-1,7,0,28,1002
2015157N13069,2015,31,NI,AS,ASHOBAA,07-06-2015 00:00,TS,15.2,68.6, , , ,15.2,68.6,TD,30,1000,-1,4,350,30,1000
2015157N13069,2015,31,NI,AS,ASHOBAA,07-06-2015 03:00,TS,15.3,68.5,25,1004,newdelhi,15.5,68.6,TD,35,997,0,3,325,35,997
2015157N13069,2015,31,NI,AS,ASHOBAA,07-06-2015 06:00,TS,15.5,68.4,25,1004,newdelhi,15.7,68.5,TS,40,993,0,6,340,40,993
2015157N13069,2015,31,NI,AS,ASHOBAA,07-06-2015 09:00,TS,15.8,68.3, , , ,16,68.5,TS,40,993,0,8,350,40,993
2015157N13069,2015,31,NI,AS,ASHOBAA,07-06-2015 12:00,TS,16.2,68.3,25,1003,newdelhi,16.4,68.5,TS,40,993,0,7,0,40,993
2015157N13069,2015,31,NI,AS,ASHOBAA,07-06-2015 15:00,TS,16.5,68.3, , , ,16.8,68.5,TS,40,993,0,7,0,40,993
2015157N13069,2015,31,NI,AS,ASHOBAA,07-06-2015 18:00,TS,16.9,68.3,25,1003,newdelhi,17.2,68.5,TS,40,993,0,8,345,40,993
2015157N13069,2015,31,NI,AS,ASHOBAA,07-06-2015 21:00,TS,17.2,68, , , ,17.5,68.3,TS,40,993,0,11,320,40,993
2015157N13069,2015,31,NI,AS,ASHOBAA,08-06-2015 00:00,TS,17.7,67.6,30,996,newdelhi,17.9,67.6,TS,40,993,0,11,310,40,993
2015157N13069,2015,31,NI,AS,ASHOBAA,08-06-2015 03:00,TS,18,67.2,35,994,newdelhi,18,67.1,TS,43,991,0,6,300,43,991
2015157N13069,2015,31,NI,AS,ASHOBAA,08-06-2015 06:00,TS,18,67,35,994,newdelhi,18.1,66.8,TS,45,989,0,7,315,45,989
2015157N13069,2015,31,NI,AS,ASHOBAA,08-06-2015 09:00,TS,18.5,66.6,35,994,newdelhi,18.4,66.5,TS,45,989,0,9,320,45,989
2015157N13069,2015,31,NI,AS,ASHOBAA,08-06-2015 12:00,TS,18.7,66.4,35,994,newdelhi,18.8,66.3,TS,45,989,0,7,315,45,989
2015157N13069,2015,31,NI,AS,ASHOBAA,08-06-2015 15:00,TS,18.9,66.1,35,994,newdelhi,19.1,66,TS,48,987,0,9,310,48,987
2015157N13069,2015,31,NI,AS,ASHOBAA,08-06-2015 18:00,TS,19.3,65.7,35,994,newdelhi,19.4,65.7,TS,50,985,0,10,315,50,985
2015157N13069,2015,31,NI,AS,ASHOBAA,08-06-2015 21:00,TS,19.7,65.4,35,994,newdelhi,19.8,65.4,TS,50,985,0,10,325,50,985
2015157N13069,2015,31,NI,AS,ASHOBAA,09-06-2015 00:00,TS,20.1,65.1,35,992,newdelhi,20.2,65.1,TS,50,985,0,8,315,50,985
2015157N13069,2015,31,NI,AS,ASHOBAA,09-06-2015 03:00,TS,20.2,64.8,35,992,newdelhi,20.4,64.6,TS,50,985,0,7,300,50,985
2015157N13069,2015,31,NI,AS,ASHOBAA,09-06-2015 06:00,TS,20.5,64.4,35,990,newdelhi,20.6,64.1,TS,50,985,0,10,295,50,985
2015157N13069,2015,31,NI,AS,ASHOBAA,09-06-2015 09:00,TS,20.6,63.8,40,990,newdelhi,20.8,63.8,TS,50,985,0,11,295,50,985
2015157N13069,2015,31,NI,AS,ASHOBAA,09-06-2015 12:00,TS,21,63.3,40,990,newdelhi,20.9,63.5,TS,50,985,0,10,295,50,985
2015157N13069,2015,31,NI,AS,ASHOBAA,09-06-2015 15:00,TS,21.1,62.8,40,990,newdelhi,21,63.1,TS,53,984,0,6,285,53,984
2015157N13069,2015,31,NI,AS,ASHOBAA,09-06-2015 18:00,TS,21.1,62.6,45,990,newdelhi,21,62.7,TS,55,982,0,5,280,55,982
2015157N13069,2015,31,NI,AS,ASHOBAA,09-06-2015 21:00,TS,21.2,62.3,45,990,newdelhi,21,62.3,TS,55,982,0,6,275,55,982
2015157N13069,2015,31,NI,AS,ASHOBAA,10-06-2015 00:00,TS,21.2,62,45,990,newdelhi,21,61.9,TS,55,982,0,5,265,55,982
2015157N13069,2015,31,NI,AS,ASHOBAA,10-06-2015 03:00,TS,21.1,61.8,45,990,newdelhi,21,61.7,TS,55,982,0,4,265,55,982
2015157N13069,2015,31,NI,AS,ASHOBAA,10-06-2015 06:00,TS,21.1,61.6,45,990,newdelhi,20.9,61.6,TS,55,982,0,4,255,55,982
2015157N13069,2015,31,NI,AS,ASHOBAA,10-06-2015 09:00,TS,21,61.3,45,990,newdelhi,20.9,61.5,TS,53,984,0,3,250,53,984
2015157N13069,2015,31,NI,AS,ASHOBAA,10-06-2015 12:00,TS,21,61.3,45,990,newdelhi,20.8,61.4,TS,50,985,0,3,220,50,985
2015157N13069,2015,31,NI,AS,ASHOBAA,10-06-2015 15:00,TS,20.8,61.1,45,990,newdelhi,20.7,61.4,TS,48,987,0,3,210,48,987
2015157N13069,2015,31,NI,AS,ASHOBAA,10-06-2015 18:00,TS,20.8,61.1,45,992,newdelhi,20.6,61.4,TS,45,989,0,1,75,45,989
2015157N13069,2015,31,NI,AS,ASHOBAA,10-06-2015 21:00,TS,20.8,61.2,45,992,newdelhi,20.7,61.5,TS,45,989,0,2,285,45,989
2015157N13069,2015,31,NI,AS,ASHOBAA,11-06-2015 00:00,TS,20.8,60.9,40,994,newdelhi,20.8,61,TS,45,989,0,4,270,45,989
2015157N13069,2015,31,NI,AS,ASHOBAA,11-06-2015 03:00,TS,20.8,60.8,40,994,newdelhi,20.8,60.7,TS,45,989,0,3,270,45,989
2015157N13069,2015,31,NI,AS,ASHOBAA,11-06-2015 06:00,TS,20.8,60.6,35,994,newdelhi,20.8,60.6,TS,45,989,0,4,270,45,989
2015157N13069,2015,31,NI,AS,ASHOBAA,11-06-2015 09:00,TS,20.8,60.4,35,994,newdelhi,20.8,60.4,TS,43,991,0,4,270,43,991
2015157N13069,2015,31,NI,AS,ASHOBAA,11-06-2015 12:00,TS,20.8,60.2,35,994,newdelhi,20.8,60.3,TS,40,993,0,4,270,40,993
2015157N13069,2015,31,NI,AS,ASHOBAA,11-06-2015 15:00,TS,20.8,59.9,35,994,newdelhi,20.8,60.2,TS,38,995,0,2,270,38,995
2015157N13069,2015,31,NI,AS,ASHOBAA,11-06-2015 18:00,TS,20.8,59.9,30,996,newdelhi,20.8,60.1,TS,35,996,0,1,270,35,996
2015157N13069,2015,31,NI,AS,ASHOBAA,11-06-2015 21:00,TS,20.8,59.8, , , ,20.8,60.1,TS,35,996,0,1,270,35,996
2015157N13069,2015,31,NI,AS,ASHOBAA,12-06-2015 00:00,TS,20.8,59.8,25,996,newdelhi,20.8,60,TS,35,996,0,1,260,35,996
2015157N13069,2015,31,NI,AS,ASHOBAA,12-06-2015 03:00,TS,20.8,59.7,25,996,newdelhi,20.8,59.9,TS,33,998,-1,1,245,33,998
2015157N13069,2015,31,NI,AS,ASHOBAA,12-06-2015 06:00,TS,20.8,59.7,25,996,newdelhi,20.7,59.8,TD,30,1000,-1,1,245,30,1000
2015171N18086,2015,35,NI,BB,UNNAMED,20-06-2015 03:00,TS,18,86,25,990,newdelhi, , , , , ,-5,10,0, , 
2015171N18086,2015,35,NI,BB,UNNAMED,20-06-2015 06:00,TS,18.5,86,25,990,newdelhi, , , , , ,-5,9,345, , 
2015171N18086,2015,35,NI,BB,UNNAMED,20-06-2015 09:00,TS,18.8,85.8, , , , , , , , ,-5,7,315, , 
2015171N18086,2015,35,NI,BB,UNNAMED,20-06-2015 12:00,TS,19,85.5,25,990,newdelhi, , , , , ,-5,4,310, , 
2015171N18086,2015,35,NI,BB,UNNAMED,20-06-2015 15:00,TS,19.1,85.4, , , , , , , , ,-5,2,335, , 
2015171N18086,2015,35,NI,BB,UNNAMED,20-06-2015 18:00,TS,19.2,85.4,25,990,newdelhi, , , , , ,-5,4,320, , 
2015171N18086,2015,35,NI,BB,UNNAMED,20-06-2015 21:00,TS,19.4,85.2, , , , , , , , ,-5,6,325, , 
2015171N18086,2015,35,NI,BB,UNNAMED,21-06-2015 00:00,TS,19.7,85,25,992,newdelhi, , , , , ,-5,6,345, , 
2015171N18086,2015,35,NI,BB,UNNAMED,21-06-2015 03:00,TS,20,85,25,992,newdelhi, , , , , ,-5,6,305, , 
2015171N18086,2015,35,NI,BB,UNNAMED,21-06-2015 06:00,TS,20,84.5,25,992,newdelhi, , , , , ,-5,6,290, , 
2015171N18086,2015,35,NI,BB,UNNAMED,21-06-2015 09:00,TS,20.2,84.4, , , , , , , , ,-5,5,0, , 
2015171N18086,2015,35,NI,BB,UNNAMED,21-06-2015 12:00,TS,20.5,84.5,25,992,newdelhi, , , , , ,-5,6,10, , 
2015171N18086,2015,35,NI,BB,UNNAMED,21-06-2015 15:00,TS,20.8,84.5, , , , , , , , ,-5,5,0, , 
2015171N18086,2015,35,NI,BB,UNNAMED,21-06-2015 18:00,TS,21,84.5,25,992,newdelhi, , , , , ,-5,5,350, , 
2015173N20067,2015,36,NI,AS,UNNAMED,22-06-2015 03:00,TS,20,67,25,990,newdelhi, , , , , ,-5,0,0, , 
2015173N20067,2015,36,NI,AS,UNNAMED,22-06-2015 06:00,TS,20,67,25,990,newdelhi, , , , , ,-5,1,260, , 
2015173N20067,2015,36,NI,AS,UNNAMED,22-06-2015 09:00,TS,20,66.9, , , , , , , , ,-5,0,0, , 
2015173N20067,2015,36,NI,AS,UNNAMED,22-06-2015 12:00,TS,20,67,25,990,newdelhi, , , , , ,-5,7,85, , 
2015173N20067,2015,36,NI,AS,UNNAMED,22-06-2015 15:00,TS,20.1,67.7, , , , , , , , ,-5,14,80, , 
2015173N20067,2015,36,NI,AS,UNNAMED,22-06-2015 18:00,TS,20.2,68.5,25,990,newdelhi, , , , , ,-5,12,75, , 
2015173N20067,2015,36,NI,AS,UNNAMED,22-06-2015 21:00,TS,20.4,68.9, , , , , , , , ,-5,10,70, , 
2015173N20067,2015,36,NI,AS,UNNAMED,23-06-2015 00:00,TS,20.5,69.5,25,988,newdelhi, , , , , ,-5,15,85, , 
2015173N20067,2015,36,NI,AS,UNNAMED,23-06-2015 03:00,TS,20.5,70.5,30,988,newdelhi, , , , , ,-5,15,70, , 
2015173N20067,2015,36,NI,AS,UNNAMED,23-06-2015 06:00,TS,21,71,30,988,newdelhi, , , , , ,-5,9,50, , 
2015173N20067,2015,36,NI,AS,UNNAMED,23-06-2015 09:00,TS,21.1,71.2, , , , , , , , ,-5,3,90, , 
2015173N20067,2015,36,NI,AS,UNNAMED,23-06-2015 12:00,TS,21,71.3,30,990,newdelhi, , , , , ,-5,2,30, , 
2015173N20067,2015,36,NI,AS,UNNAMED,23-06-2015 15:00,TS,21.3,71.4, , , , , , , , ,-5,6,10, , 
2015173N20067,2015,36,NI,AS,UNNAMED,23-06-2015 18:00,TS,21.6,71.4,30,990,newdelhi, , , , , ,-5,7,360, , 
2015173N20067,2015,36,NI,AS,UNNAMED,23-06-2015 21:00,TS,21.9,71.4, , , , , , , , ,-5,6,10, , 
2015173N20067,2015,36,NI,AS,UNNAMED,24-06-2015 00:00,TS,22.2,71.5,30,990,newdelhi, , , , , ,-5,8,50, , 
2015173N20067,2015,36,NI,AS,UNNAMED,24-06-2015 03:00,TS,22.4,72,30,990,newdelhi, , , , , ,-5,13,60, , 
2015173N20067,2015,36,NI,AS,UNNAMED,24-06-2015 06:00,TS,22.8,72.7,30,990,newdelhi, , , , , ,-5,14,60, , 
2015173N20067,2015,36,NI,AS,UNNAMED,24-06-2015 09:00,TS,23,73.3, , , , , , , , ,-5,14,60, , 
2015173N20067,2015,36,NI,AS,UNNAMED,24-06-2015 12:00,TS,23.5,74,25,992,newdelhi, , , , , ,-5,21,45, , 
2015173N20067,2015,36,NI,AS,UNNAMED,24-06-2015 15:00,TS,24.6,74.9, , , , , , , , ,-5,31,35, , 
2015173N20067,2015,36,NI,AS,UNNAMED,24-06-2015 18:00,TS,26,76,25,994,newdelhi, , , , , ,-5,35,35, , 
2015191N23085,2015,44,NI,BB,UNNAMED,10-07-2015 03:00,TS,23.1,85.1,25,996,newdelhi, , , , , ,-5,2,270, , 
2015191N23085,2015,44,NI,BB,UNNAMED,10-07-2015 06:00,TS,23.1,85,25,996,newdelhi, , , , , ,-5,10,280, , 
2015191N23085,2015,44,NI,BB,UNNAMED,10-07-2015 09:00,TS,23.3,84,25,994,newdelhi, , , , , ,-5,14,285, , 
2015191N23085,2015,44,NI,BB,UNNAMED,10-07-2015 12:00,TS,23.5,83.5,25,994,newdelhi, , , , , ,-5,14,280, , 
2015191N23085,2015,44,NI,BB,UNNAMED,10-07-2015 15:00,TS,23.5,82.5,25,996,newdelhi, , , , , ,-5,11,275, , 
2015191N23085,2015,44,NI,BB,UNNAMED,10-07-2015 18:00,TS,23.6,82.3,25,996,newdelhi, , , , , ,-5,14,280, , 
2015191N23085,2015,44,NI,BB,UNNAMED,10-07-2015 21:00,TS,23.8,81,25,996,newdelhi, , , , , ,-5,17,285, , 
2015191N23085,2015,44,NI,BB,UNNAMED,11-07-2015 00:00,TS,24,80.5,25,995,newdelhi, , , , , ,-5,5,295, , 
2015191N23085,2015,44,NI,BB,UNNAMED,11-07-2015 03:00,TS,24,80.5,25,996,newdelhi, , , , , ,-5,5,0, , 
2015191N23085,2015,44,NI,BB,UNNAMED,11-07-2015 06:00,TS,24.5,80.5,25,996,newdelhi, , , , , ,-5,5,0, , 
2015191N23085,2015,44,NI,BB,UNNAMED,11-07-2015 09:00,TS,24.5,80.5,25,996,newdelhi, , , , , ,-5,10,0, , 
2015191N23085,2015,44,NI,BB,UNNAMED,11-07-2015 12:00,TS,25.5,80.5,25,996,newdelhi, , , , , ,-5,16,345, , 
2015191N23085,2015,44,NI,BB,UNNAMED,11-07-2015 15:00,TS,26,80,25,996,newdelhi, , , , , ,-5,13,320, , 
2015191N23085,2015,44,NI,BB,UNNAMED,11-07-2015 18:00,TS,26.5,79.5,25,998,newdelhi, , , , , ,-5,13,270, , 
2015191N23085,2015,44,NI,BB,UNNAMED,11-07-2015 21:00,TS,26,78.5,25,998,newdelhi, , , , , ,-5,15,315, , 
2015191N23085,2015,44,NI,BB,UNNAMED,12-07-2015 00:00,TS,27.5,78.3,25,998,newdelhi, , , , , ,-5,26,350, , 
2015191N23085,2015,44,NI,AS,UNNAMED,12-07-2015 03:00,TS,28.5,78,25,998,newdelhi, , , , , ,-5,12,325, , 
2015191N23085,2015,44,NI,AS,UNNAMED,12-07-2015 06:00,TS,28.5,77.5,25,998,newdelhi, , , , , ,-5,6,270, , 
2015191N23085,2015,44,NI,AS,UNNAMED,12-07-2015 09:00,TS,28.5,77.3,25,998,newdelhi, , , , , ,-5,4,270, , 
2015207N22091,2015,50,NI,BB,KOMEN,26-07-2015 00:00,TS,22,90.8,20,994,newdelhi, , , , , ,-5,0,0, , 
2015207N22091,2015,50,NI,BB,KOMEN,26-07-2015 03:00,TS,22,90.8,20,994,newdelhi, , , , , ,-5,3,270, , 
2015207N22091,2015,50,NI,BB,KOMEN,26-07-2015 06:00,TS,22,90.5,20,994,newdelhi, , , , , ,-5,3,270, , 
2015207N22091,2015,50,NI,BB,KOMEN,26-07-2015 09:00,TS,22,90.4, , , , , , , , ,-5,0,0, , 
2015207N22091,2015,50,NI,BB,KOMEN,26-07-2015 12:00,TS,22,90.5,20,994,newdelhi, , , , , ,-5,1,90, , 
2015207N22091,2015,50,NI,BB,KOMEN,26-07-2015 15:00,TS,22,90.5, , , , , , , , ,-5,0,0, , 
2015207N22091,2015,50,NI,BB,KOMEN,26-07-2015 18:00,TS,22,90.5,20,994,newdelhi, , , , , ,-5,0,0, , 
2015207N22091,2015,50,NI,BB,KOMEN,26-07-2015 21:00,TS,22,90.5, , , , , , , , ,-5,0,0, , 
2015207N22091,2015,50,NI,BB,KOMEN,27-07-2015 00:00,TS,22,90.5,20,994,newdelhi, , , , , ,-5,0,0, , 
2015207N22091,2015,50,NI,BB,KOMEN,27-07-2015 03:00,TS,22,90.5,25,994,newdelhi, , , , , ,-5,0,0, , 
2015207N22091,2015,50,NI,BB,KOMEN,27-07-2015 06:00,TS,22,90.5,25,994,newdelhi, , , , , ,-5,0,0, , 
2015207N22091,2015,50,NI,BB,KOMEN,27-07-2015 09:00,TS,22,90.5, , , , , , , , ,-5,0,0, , 
2015207N22091,2015,50,NI,BB,KOMEN,27-07-2015 12:00,TS,22,90.5,25,994,newdelhi, , , , , ,-5,0,0, , 
2015207N22091,2015,50,NI,BB,KOMEN,27-07-2015 15:00,TS,22,90.5, , , , , , , , ,-5,0,0, , 
2015207N22091,2015,50,NI,BB,KOMEN,27-07-2015 18:00,TS,22,90.5,25,994,newdelhi, , , , , ,-5,0,0, , 
2015207N22091,2015,50,NI,BB,KOMEN,27-07-2015 21:00,TS,22,90.5, , , , , , , , ,-5,0,0, , 
2015207N22091,2015,50,NI,BB,KOMEN,28-07-2015 00:00,TS,22,90.5,25,994,newdelhi, , , , , ,-5,0,0, , 
2015207N22091,2015,50,NI,BB,KOMEN,28-07-2015 03:00,TS,22,90.5,25,994,newdelhi, , , , , ,-5,4,190, , 
2015207N22091,2015,50,NI,BB,KOMEN,28-07-2015 06:00,MX,21.6,90.4,25,994,newdelhi,20.7,90.8,MD,25,996,-3,6,190,25,996
2015207N22091,2015,50,NI,BB,KOMEN,28-07-2015 09:00,MX,21.4,90.4, , , ,20.8,90.7,MD,28,998,-3,3,170,28,998
2015207N22091,2015,50,NI,BB,KOMEN,28-07-2015 12:00,MX,21.3,90.5,25,994,newdelhi,21,90.8,MD,30,1000,-3,3,115,30,1000
2015207N22091,2015,50,NI,BB,KOMEN,28-07-2015 15:00,MX,21.3,90.7, , , ,21.1,91,MD,30,1000,-3,4,110,30,1000
2015207N22091,2015,50,NI,BB,KOMEN,28-07-2015 18:00,MX,21.2,90.9,25,992,newdelhi,21,91.1,MD,30,995,-3,4,130,30,995
2015207N22091,2015,50,NI,BB,KOMEN,28-07-2015 21:00,MX,21,91, , , ,20.9,91.2,MD,33,996,-3,3,130,33,996
2015207N22091,2015,50,NI,BB,KOMEN,29-07-2015 00:00,MX,21,91.1,30,990,newdelhi,20.9,91.2,MD,35,996,-3,1,90,35,996
2015207N22091,2015,50,NI,BB,KOMEN,29-07-2015 03:00,MX,21,91.1,30,990,newdelhi,20.9,91.2,MD,35,996,-3,2,10,35,996
2015207N22091,2015,50,NI,BB,KOMEN,29-07-2015 06:00,MX,21.1,91.2,30,990,newdelhi,21,91.2,MD,35,996,-3,2,30,35,996
2015207N22091,2015,50,NI,BB,KOMEN,29-07-2015 09:00,MX,21.2,91.2, , , ,21.1,91.2,MD,38,995,-3,3,30,38,995
2015207N22091,2015,50,NI,BB,KOMEN,29-07-2015 12:00,MX,21.3,91.3,30,988,newdelhi,21.2,91.2,MD,40,993,-3,2,25,40,993
2015207N22091,2015,50,NI,BB,KOMEN,29-07-2015 15:00,MX,21.4,91.3, , , ,21.3,91.2,MD,40,993,-3,2,10,40,993
2015207N22091,2015,50,NI,BB,KOMEN,29-07-2015 18:00,MX,21.5,91.4,35,986,newdelhi,21.4,91.3,MD,40,993,-3,1,30,40,993
2015207N22091,2015,50,NI,BB,KOMEN,29-07-2015 21:00,MX,21.5,91.4, , , ,21.5,91.4,MD,43,991,-3,2,30,43,991
2015207N22091,2015,50,NI,BB,KOMEN,30-07-2015 00:00,MX,21.7,91.5,35,986,newdelhi,21.6,91.5,MD,45,989,-3,3,15,45,989
2015207N22091,2015,50,NI,BB,KOMEN,30-07-2015 03:00,MX,21.9,91.5,35,986,newdelhi,21.7,91.6,MD,45,989,-3,4,5,45,989
2015207N22091,2015,50,NI,BB,KOMEN,30-07-2015 06:00,MX,22.1,91.5,40,986,newdelhi,21.9,91.6,MD,45,989,-3,3,355,45,989
2015207N22091,2015,50,NI,BB,KOMEN,30-07-2015 09:00,MX,22.1,91.5,40,986,newdelhi,22,91.6,MD,43,991,-3,2,345,43,991
2015207N22091,2015,50,NI,BB,KOMEN,30-07-2015 12:00,MX,22.3,91.5,35,988,newdelhi,22.1,91.5,MD,40,993,-3,3,345,40,993
2015207N22091,2015,50,NI,BB,KOMEN,30-07-2015 15:00,MX,22.5,91.4,35,988,newdelhi,22.3,91.5,MD,38,995,-3,5,335,38,995
2015207N22091,2015,50,NI,BB,KOMEN,30-07-2015 18:00,MX,22.7,91.2,35,988,newdelhi,22.6,91.4,MD,35,996,-3,6,325,35,996
2015207N22091,2015,50,NI,BB,KOMEN,30-07-2015 21:00,MX,22.9,91.1,30,988,newdelhi,22.8,91.2,MD,33,998,-3,10,290,33,998
2015207N22091,2015,50,NI,BB,KOMEN,31-07-2015 00:00,MX,23.1,90.2,30,990,newdelhi,23,90.9,MD,30,1000,-3,10,280,30,1000
2015207N22091,2015,50,NI,BB,KOMEN,31-07-2015 03:00,TS,23.1,90,30,990,newdelhi, , ,MD, , ,-3,4,275, , 
2015207N22091,2015,50,NI,BB,KOMEN,31-07-2015 06:00,TS,23.1,89.8,30,992,newdelhi, , , , , ,-5,3,270, , 
2015207N22091,2015,50,NI,BB,KOMEN,31-07-2015 09:00,TS,23.1,89.6, , , , , , , , ,-5,3,270, , 
2015207N22091,2015,50,NI,BB,KOMEN,31-07-2015 12:00,TS,23.1,89.5,25,994,newdelhi, , , , , ,-5,2,265, , 
2015207N22091,2015,50,NI,BB,KOMEN,31-07-2015 15:00,TS,23.1,89.4, , , , , , , , ,-5,1,270, , 
2015207N22091,2015,50,NI,BB,KOMEN,31-07-2015 18:00,TS,23.1,89.4,25,994,newdelhi, , , , , ,-5,2,295, , 
2015207N22091,2015,50,NI,BB,KOMEN,31-07-2015 21:00,TS,23.2,89.3, , , , , , , , ,-5,2,300, , 
2015207N22091,2015,50,NI,BB,KOMEN,01-08-2015 00:00,TS,23.2,89.2,20,994,newdelhi, , , , , ,-5,1,300, , 
2015207N22091,2015,50,NI,BB,KOMEN,01-08-2015 03:00,TS,23.2,89.2,20,994,newdelhi, , , , , ,-5,5,310, , 
2015207N22091,2015,50,NI,BB,KOMEN,01-08-2015 06:00,TS,23.5,88.8,20,994,newdelhi, , , , , ,-5,8,310, , 
2015207N22091,2015,50,NI,BB,KOMEN,01-08-2015 09:00,TS,23.7,88.6, , , , , , , , ,-5,5,310, , 
2015207N22091,2015,50,NI,BB,KOMEN,01-08-2015 12:00,TS,23.8,88.4,20,994,newdelhi, , , , , ,-5,6,280, , 
2015207N22091,2015,50,NI,BB,KOMEN,01-08-2015 15:00,TS,23.8,88, , , , , , , , ,-5,8,270, , 
2015207N22091,2015,50,NI,BB,KOMEN,01-08-2015 18:00,TS,23.8,87.5,20,994,newdelhi, , , , , ,-5,8,275, , 
2015207N22091,2015,50,NI,BB,KOMEN,01-08-2015 21:00,TS,23.9,87.2, , , , , , , , ,-5,7,270, , 
2015207N22091,2015,50,NI,BB,KOMEN,02-08-2015 00:00,TS,23.8,86.7,20,996,newdelhi, , , , , ,-5,11,250, , 
2015207N22091,2015,50,NI,BB,KOMEN,02-08-2015 03:00,TS,23.5,86,20,996,newdelhi, , , , , ,-5,10,240, , 
2015207N22091,2015,50,NI,BB,KOMEN,02-08-2015 06:00,TS,23.3,85.7,20,996,newdelhi, , , , , ,-5,6,230, , 
2015207N22091,2015,50,NI,BB,KOMEN,02-08-2015 09:00,TS,23.1,85.5,20,996,newdelhi, , , , , ,-5,5,225, , 
2015209N26072,2015,53,NI,AS,UNNAMED,27-07-2015 12:00,TS,26.2,71.8,25,994,newdelhi, , , , , ,-5,4,170, , 
2015209N26072,2015,53,NI,AS,UNNAMED,27-07-2015 15:00,TS,26,71.8,25,994,newdelhi, , , , , ,-5,4,0, , 
2015209N26072,2015,53,NI,AS,UNNAMED,27-07-2015 18:00,TS,25.8,71.8,25,996,newdelhi, , , , , ,-5,1,0, , 
2015209N26072,2015,53,NI,AS,UNNAMED,27-07-2015 21:00,TS,26.1,71.8,25,996,newdelhi, , , , , ,-5,4,0, , 
2015209N26072,2015,53,NI,AS,UNNAMED,28-07-2015 00:00,TS,26.2,71.8,25,994,newdelhi, , , , , ,-5,13,180, , 
2015209N26072,2015,53,NI,AS,UNNAMED,28-07-2015 03:00,TS,24.8,71.8,30,994,newdelhi, , , , , ,-5,14,0, , 
2015209N26072,2015,53,NI,AS,UNNAMED,28-07-2015 06:00,TS,24.8,71.8,30,994,newdelhi, , , , , ,-5,0,0, , 
2015209N26072,2015,53,NI,AS,UNNAMED,28-07-2015 09:00,TS,24.8,71.8,30,994,newdelhi, , , , , ,-5,7,15, , 
2015209N26072,2015,53,NI,AS,UNNAMED,28-07-2015 12:00,TS,25.5,72,30,994,newdelhi, , , , , ,-5,8,20, , 
2015209N26072,2015,53,NI,AS,UNNAMED,28-07-2015 15:00,TS,25.6,72.1,30,996,newdelhi, , , , , ,-5,3,15, , 
2015209N26072,2015,53,NI,AS,UNNAMED,28-07-2015 18:00,TS,25.8,72.1,30,996,newdelhi, , , , , ,-5,4,30, , 
2015209N26072,2015,53,NI,AS,UNNAMED,28-07-2015 21:00,TS,25.9,72.3,25,996,newdelhi, , , , , ,-5,8,25, , 
2015209N26072,2015,53,NI,AS,UNNAMED,29-07-2015 00:00,TS,26.5,72.5,25,996,newdelhi, , , , , ,-5,14,25, , 
2015209N26072,2015,53,NI,AS,UNNAMED,29-07-2015 03:00,TS,27.2,73,25,996,newdelhi, , , , , ,-5,8,30, , 
2015209N26072,2015,53,NI,AS,UNNAMED,29-07-2015 06:00,TS,27.2,73,25,996,newdelhi, , , , , ,-5,0,0, , 
2015209N26072,2015,53,NI,AS,UNNAMED,29-07-2015 09:00,TS,27.2,73,25,996,newdelhi, , , , , ,-5,5,0, , 
2015209N26072,2015,53,NI,AS,UNNAMED,29-07-2015 12:00,TS,27.7,73,25,998,newdelhi, , , , , ,-5,7,0, , 
2015209N26072,2015,53,NI,AS,UNNAMED,29-07-2015 15:00,TS,27.9,73,25,998,newdelhi, , , , , ,-5,2,25, , 
2015209N26072,2015,53,NI,AS,UNNAMED,29-07-2015 18:00,TS,27.9,73.1,25,998,newdelhi, , , , , ,-5,1,40, , 
2015209N26072,2015,53,NI,AS,UNNAMED,29-07-2015 21:00,TS,28,73.1,25,998,newdelhi, , , , , ,-5,8,20, , 
2015209N26072,2015,53,NI,AS,UNNAMED,30-07-2015 00:00,TS,28.7,73.4,25,998,newdelhi, , , , , ,-5,15,20, , 
2015216N23081,2015,57,NI,BB,UNNAMED,04-08-2015 03:00,TS,22.7,80.5,25,998,newdelhi, , , , , ,-5,9,270, , 
2015216N23081,2015,57,NI,BB,UNNAMED,04-08-2015 06:00,TS,22.7,80,25,998,newdelhi, , , , , ,-5,9,270, , 
2015216N23081,2015,57,NI,BB,UNNAMED,04-08-2015 09:00,TS,22.7,79.5,25,998,newdelhi, , , , , ,-5,20,270, , 
2015216N23081,2015,57,NI,AS,UNNAMED,04-08-2015 12:00,TS,22.7,77.8,25,998,newdelhi, , , , , ,-5,21,270, , 
2015216N23081,2015,57,NI,AS,UNNAMED,04-08-2015 15:00,TS,22.7,77.3, , , , , , , , ,-5,0,0, , 
2015216N23081,2015,57,NI,AS,UNNAMED,04-08-2015 18:00,TS,22.7,77.8,25,998,newdelhi, , , , , ,-5,10,90, , 
2015259N20084,2015,79,NI,BB,UNNAMED,16-09-2015 03:00,TS,19.6,83.5,25,998,newdelhi, , , , , ,-5,17,325, , 
2015259N20084,2015,79,NI,BB,UNNAMED,16-09-2015 06:00,TS,20.3,83,25,998,newdelhi, , , , , ,-5,11,315, , 
2015259N20084,2015,79,NI,BB,UNNAMED,16-09-2015 09:00,TS,20.4,82.7,25,998,newdelhi, , , , , ,-5,5,295, , 
2015259N20084,2015,79,NI,BB,UNNAMED,16-09-2015 12:00,TS,20.5,82.5,25,998,newdelhi, , , , , ,-5,7,285, , 
2015259N20084,2015,79,NI,BB,UNNAMED,16-09-2015 15:00,TS,20.6,82,25,998,newdelhi, , , , , ,-5,6,300, , 
2015259N20084,2015,79,NI,BB,UNNAMED,16-09-2015 18:00,TS,20.8,81.9,25,998,newdelhi, , , , , ,-5,4,345, , 
2015259N20084,2015,79,NI,BB,UNNAMED,16-09-2015 21:00,TS,21,81.9,25,998,newdelhi, , , , , ,-5,5,310, , 
2015259N20084,2015,79,NI,BB,UNNAMED,17-09-2015 00:00,TS,21.1,81.5,25,998,newdelhi, , , , , ,-5,22,270, , 
2015259N20084,2015,79,NI,BB,UNNAMED,17-09-2015 03:00,TS,21,79.5,30,998,newdelhi, , , , , ,-5,20,250, , 
2015259N20084,2015,79,NI,BB,UNNAMED,17-09-2015 06:00,TS,20.5,79.5,30,998,newdelhi, , , , , ,-5,10,180, , 
2015259N20084,2015,79,NI,BB,UNNAMED,17-09-2015 09:00,TS,20,79.5,30,998,newdelhi, , , , , ,-5,5,270, , 
2015259N20084,2015,79,NI,BB,UNNAMED,17-09-2015 12:00,TS,20.5,79,30,996,newdelhi, , , , , ,-5,19,270, , 
2015259N20084,2015,79,NI,AS,UNNAMED,17-09-2015 15:00,TS,20,77.5,30,996,newdelhi, , , , , ,-5,19,255, , 
2015259N20084,2015,79,NI,AS,UNNAMED,17-09-2015 18:00,TS,20,77,30,996,newdelhi, , , , , ,-5,10,270, , 
2015259N20084,2015,79,NI,AS,UNNAMED,17-09-2015 21:00,TS,20,76.4,30,996,newdelhi, , , , , ,-5,9,25, , 
2015259N20084,2015,79,NI,AS,UNNAMED,18-09-2015 00:00,TS,20.8,77.4,25,996,newdelhi, , , , , ,-5,9,40, , 
2015259N20084,2015,79,NI,AS,UNNAMED,18-09-2015 03:00,TS,20.7,77,30,996,newdelhi, , , , , ,-5,9,205, , 
2015259N20084,2015,79,NI,AS,UNNAMED,18-09-2015 06:00,TS,20,77,30,998,newdelhi, , , , , ,-5,5,270, , 
2015259N20084,2015,79,NI,AS,UNNAMED,18-09-2015 09:00,TS,20.7,76.5,25,998,newdelhi, , , , , ,-5,11,300, , 
2015259N20084,2015,79,NI,AS,UNNAMED,18-09-2015 12:00,TS,20.5,76,25,998,newdelhi, , , , , ,-5,7,255, , 
2015259N20084,2015,79,NI,AS,UNNAMED,18-09-2015 15:00,TS,20.5,75.8,25,998,newdelhi, , , , , ,-5,5,270, , 
2015259N20084,2015,79,NI,AS,UNNAMED,18-09-2015 18:00,TS,20.5,75.5,25,998,newdelhi, , , , , ,-5,8,290, , 
2015259N20084,2015,79,NI,AS,UNNAMED,18-09-2015 21:00,TS,20.8,75,25,998,newdelhi, , , , , ,-5,11,300, , 
2015259N20084,2015,79,NI,AS,UNNAMED,19-09-2015 00:00,TS,21,74.5,25,998,newdelhi, , , , , ,-5,10,295, , 
2015280N13071,2015,90,NI,AS,UNNAMED,07-10-2015 00:00,TS,12.7,71.3, , , ,12.7,71.3,TD,25,1004,-1,3,165,25,1004
2015280N13071,2015,90,NI,AS,UNNAMED,07-10-2015 03:00,TS,12.6,71.3, , , ,12.6,71.3,TD,28,1002,-1,2,155,28,1002
2015280N13071,2015,90,NI,AS,UNNAMED,07-10-2015 06:00,TS,12.5,71.4, , , ,12.5,71.4,TD,30,1000,-1,2,110,30,1000
2015280N13071,2015,90,NI,AS,UNNAMED,07-10-2015 09:00,TS,12.5,71.5, , , ,12.5,71.5,TD,30,1000,-1,2,65,30,1000
2015280N13071,2015,90,NI,AS,UNNAMED,07-10-2015 12:00,TS,12.6,71.6, , , ,12.6,71.6,TD,30,1000,-1,3,45,30,1000
2015280N13071,2015,90,NI,AS,UNNAMED,07-10-2015 15:00,TS,12.7,71.7, , , ,12.7,71.7,TD,30,1000,-1,2,25,30,1000
2015280N13071,2015,90,NI,AS,UNNAMED,07-10-2015 18:00,TS,12.8,71.7, , , ,12.8,71.7,TD,30,1000,-1,2,345,30,1000
2015280N13071,2015,90,NI,AS,UNNAMED,07-10-2015 21:00,TS,12.9,71.6, , , ,12.9,71.6,TD,30,1000,-1,2,295,30,1000
2015280N13071,2015,90,NI,AS,UNNAMED,08-10-2015 00:00,TS,12.9,71.5, , , ,12.9,71.5,TD,30,1000,-1,2,275,30,1000
2015280N13071,2015,90,NI,AS,UNNAMED,08-10-2015 03:00,TS,12.9,71.4, , , ,12.9,71.4,TD,30,1000,-1,2,270,30,1000
2015280N13071,2015,90,NI,AS,UNNAMED,08-10-2015 06:00,TS,12.9,71.3, , , ,12.9,71.3,TD,30,1000,-1,2,310,30,1000
2015280N13071,2015,90,NI,AS,UNNAMED,08-10-2015 09:00,TS,13,71.2, , , ,13,71.2,TD,30,1000,-1,4,325,30,1000
2015280N13071,2015,90,NI,AS,UNNAMED,08-10-2015 12:00,TS,13.2,71.1, , , ,13.2,71.1,TD,30,1000,-1,3,325,30,1000
2015280N13071,2015,90,NI,AS,UNNAMED,08-10-2015 15:00,TS,13.3,71, , , ,13.3,71,TD,30,1000,-1,3,315,30,1000
2015280N13071,2015,90,NI,AS,UNNAMED,08-10-2015 18:00,TS,13.4,70.9, , , ,13.4,70.9,TD,30,1000,-1,3,315,30,1000
2015280N13071,2015,90,NI,AS,UNNAMED,08-10-2015 21:00,TS,13.5,70.8, , , ,13.5,70.8,TD,30,1000,-1,4,315,30,1000
2015280N13071,2015,90,NI,AS,UNNAMED,09-10-2015 00:00,TS,13.7,70.6,25,1004,newdelhi,13.6,70.7,TD,30,1000,-1,4,320,30,1000
2015280N13071,2015,90,NI,AS,UNNAMED,09-10-2015 03:00,TS,13.8,70.5,25,1004,newdelhi,13.7,70.6,TD,33,998,-1,4,325,33,998
2015280N13071,2015,90,NI,AS,UNNAMED,09-10-2015 06:00,TS,14,70.4,25,1004,newdelhi,13.9,70.5,TS,35,996,0,4,330,35,996
2015280N13071,2015,90,NI,AS,UNNAMED,09-10-2015 09:00,TS,14.1,70.3, , , ,14.1,70.4,TS,33,998,-1,4,325,33,998
2015280N13071,2015,90,NI,AS,UNNAMED,09-10-2015 12:00,TS,14.3,70.2,25,1002,newdelhi,14.3,70.2,TD,30,1000,-1,4,325,30,1000
2015280N13071,2015,90,NI,AS,UNNAMED,09-10-2015 15:00,TS,14.5,70.1, , , ,14.5,70.1,TD,30,1000,-1,5,325,30,1000
2015280N13071,2015,90,NI,AS,UNNAMED,09-10-2015 18:00,TS,14.7,69.9,30,1001,newdelhi,14.7,69.9,TD,30,1000,-1,5,320,30,1000
2015280N13071,2015,90,NI,AS,UNNAMED,09-10-2015 21:00,TS,14.8,69.7, , , ,14.8,69.7,TD,30,1000,-1,4,310,30,1000
2015280N13071,2015,90,NI,AS,UNNAMED,10-10-2015 00:00,TS,15,69.6,30,1001,newdelhi,14.9,69.6,TD,30,1000,-1,3,310,30,1000
2015280N13071,2015,90,NI,AS,UNNAMED,10-10-2015 03:00,TS,15.1,69.5,30,1001,newdelhi,15,69.5,TD,30,1000,-1,2,310,30,1000
2015280N13071,2015,90,NI,AS,UNNAMED,10-10-2015 06:00,TS,15.1,69.4,30,1000,newdelhi,15.1,69.4,TD,30,1000,-1,2,320,30,1000
2015280N13071,2015,90,NI,AS,UNNAMED,10-10-2015 09:00,TS,15.2,69.4, , , ,15.2,69.4,TD,28,1002,-1,2,0,28,1002
2015280N13071,2015,90,NI,AS,UNNAMED,10-10-2015 12:00,TS,15.3,69.4,30,1000,newdelhi,15.3,69.5,TD,25,1004,-1,2,10,25,1004
2015280N13071,2015,90,NI,AS,UNNAMED,10-10-2015 15:00,TS,15.3,69.4, , , ,15.4,69.6,TD,25,1004,-1,2,0,25,1004
2015280N13071,2015,90,NI,AS,UNNAMED,10-10-2015 18:00,TS,15.4,69.4,30,1000,newdelhi,15.5,69.6,TD,25,1004,-1,2,350,25,1004
2015280N13071,2015,90,NI,AS,UNNAMED,10-10-2015 21:00,TS,15.5,69.4, , , ,15.6,69.6,TD,25,1004,-1,2,340,25,1004
2015280N13071,2015,90,NI,AS,UNNAMED,11-10-2015 00:00,TS,15.6,69.3,30,1001,newdelhi,15.7,69.5,TD,25,1004,-1,2,325,25,1004
2015280N13071,2015,90,NI,AS,UNNAMED,11-10-2015 03:00,TS,15.7,69.3,25,1003,newdelhi,15.8,69.4,TD,23,1006,-1,2,325,23,1006
2015280N13071,2015,90,NI,AS,UNNAMED,11-10-2015 06:00,MX,15.7,69.2,25,1003,newdelhi,15.9,69.3,DB,20,1007,-3,2,330,20,1007
2015280N13071,2015,90,NI,AS,UNNAMED,11-10-2015 09:00,TS,15.8,69.2, , , , , ,DB, , ,-3,2,0, , 
2015280N13071,2015,90,NI,AS,UNNAMED,11-10-2015 12:00,TS,15.9,69.2,25,1004,newdelhi, , , , , ,-5,2,10, , 
2015280N13071,2015,90,NI,AS,UNNAMED,11-10-2015 15:00,TS,16,69.2, , , , , , , , ,-5,1,0, , 
2015280N13071,2015,90,NI,AS,UNNAMED,11-10-2015 18:00,TS,16,69.2,25,1004,newdelhi, , , , , ,-5,1,315, , 
2015280N13071,2015,90,NI,AS,UNNAMED,11-10-2015 21:00,TS,16,69.1, , , , , , , , ,-5,2,295, , 
2015280N13071,2015,90,NI,AS,UNNAMED,12-10-2015 00:00,TS,16.1,69,20,1004,newdelhi, , , , , ,-5,3,295, , 
2015301N11065,2015,98,NI,AS,CHAPALA,27-10-2015 12:00,TS,10.7,65.1, , , ,10.7,65.1,TD,25,1004,-1,4,335,25,1004
2015301N11065,2015,98,NI,AS,CHAPALA,27-10-2015 15:00,TS,10.9,65, , , ,10.9,65,TD,25,1004,-1,4,335,25,1004
2015301N11065,2015,98,NI,AS,CHAPALA,27-10-2015 18:00,TS,11.1,64.9, , , ,11.1,64.9,TD,25,1004,-1,5,335,25,1004
2015301N11065,2015,98,NI,AS,CHAPALA,27-10-2015 21:00,TS,11.3,64.8, , , ,11.3,64.8,TD,28,1002,-1,5,340,28,1002
2015301N11065,2015,98,NI,AS,CHAPALA,28-10-2015 00:00,TS,11.6,64.7, , , ,11.6,64.7,TD,30,1000,-1,4,350,30,1000
2015301N11065,2015,98,NI,AS,CHAPALA,28-10-2015 03:00,TS,11.8,64.7,25,1005,newdelhi,11.8,64.7,TD,33,998,-1,4,10,33,998
2015301N11065,2015,98,NI,AS,CHAPALA,28-10-2015 06:00,TS,12,64.8,25,1004,newdelhi,12.1,64.7,TS,35,996,0,6,5,35,996
2015301N11065,2015,98,NI,AS,CHAPALA,28-10-2015 09:00,TS,12.4,64.8, , , ,12.5,64.8,TS,35,996,0,7,5,35,996
2015301N11065,2015,98,NI,AS,CHAPALA,28-10-2015 12:00,TS,12.7,64.8,30,1001,newdelhi,12.8,64.9,TS,45,989,0,5,355,45,989
2015301N11065,2015,98,NI,AS,CHAPALA,28-10-2015 15:00,TS,12.9,64.8, , , ,13,64.8,TS,45,989,0,4,340,45,989
2015301N11065,2015,98,NI,AS,CHAPALA,28-10-2015 18:00,TS,13.1,64.6,30,1001,newdelhi,13.1,64.6,TS,45,989,0,5,320,45,989
2015301N11065,2015,98,NI,AS,CHAPALA,28-10-2015 21:00,TS,13.3,64.4, , , ,13.2,64.3,TS,45,989,0,6,320,45,989
2015301N11065,2015,98,NI,AS,CHAPALA,29-10-2015 00:00,TS,13.6,64.3,35,999,newdelhi,13.4,64.2,TS,50,985,0,5,325,50,985
2015301N11065,2015,98,NI,AS,CHAPALA,29-10-2015 03:00,TS,13.7,64.1,40,997,newdelhi,13.6,64,TS,53,984,0,6,300,53,984
2015301N11065,2015,98,NI,AS,CHAPALA,29-10-2015 06:00,TS,13.9,63.8,45,996,newdelhi,13.8,63.7,TS,55,982,0,7,295,55,982
2015301N11065,2015,98,NI,AS,CHAPALA,29-10-2015 09:00,TS,14,63.5,50,994,newdelhi,14,63.4,TS,60,978,0,6,300,60,978
2015301N11065,2015,98,NI,AS,CHAPALA,29-10-2015 12:00,TS,14.2,63.2,55,990,newdelhi,14.2,63.1,TY,65,974,1,7,290,65,974
2015301N11065,2015,98,NI,AS,CHAPALA,29-10-2015 15:00,TS,14.3,62.8,60,988,newdelhi,14.2,62.7,TY,73,969,1,7,280,73,969
2015301N11065,2015,98,NI,AS,CHAPALA,29-10-2015 18:00,TS,14.3,62.5,65,984,newdelhi,14.2,62.4,TY,80,963,1,6,270,80,963
2015301N11065,2015,98,NI,AS,CHAPALA,29-10-2015 21:00,TS,14.3,62.2,75,976,newdelhi,14.2,62.1,TY,90,956,2,6,270,90,956
2015301N11065,2015,98,NI,AS,CHAPALA,30-10-2015 00:00,TS,14.3,61.8,90,966,newdelhi,14.2,61.8,TY,100,948,3,7,270,100,948
2015301N11065,2015,98,NI,AS,CHAPALA,30-10-2015 03:00,TS,14.2,61.5,105,954,newdelhi,14.2,61.4,TY,115,937,4,7,265,115,937
2015301N11065,2015,98,NI,AS,CHAPALA,30-10-2015 06:00,TS,14.2,61.1,110,948,newdelhi,14.1,61.1,ST,130,926,4,6,260,130,926
2015301N11065,2015,98,NI,AS,CHAPALA,30-10-2015 09:00,TS,14.1,60.8,115,940,newdelhi,14,60.8,ST,128,928,4,5,255,128,928
2015301N11065,2015,98,NI,AS,CHAPALA,30-10-2015 12:00,TS,14.1,60.6,115,940,newdelhi,14,60.6,TY,125,929,4,5,250,125,929
2015301N11065,2015,98,NI,AS,CHAPALA,30-10-2015 15:00,TS,14,60.4,115,940,newdelhi,13.9,60.4,TY,123,931,4,5,250,123,931
2015301N11065,2015,98,NI,AS,CHAPALA,30-10-2015 18:00,TS,13.9,60.2,115,940,newdelhi,13.9,60.1,TY,120,933,4,5,260,120,933
2015301N11065,2015,98,NI,AS,CHAPALA,30-10-2015 21:00,TS,13.9,59.9,115,942,newdelhi,13.8,59.8,TY,118,935,4,6,265,118,935
2015301N11065,2015,98,NI,AS,CHAPALA,31-10-2015 00:00,TS,13.8,59.6,110,944,newdelhi,13.8,59.5,TY,115,937,4,7,265,115,937
2015301N11065,2015,98,NI,AS,CHAPALA,31-10-2015 03:00,TS,13.8,59.2,110,946,newdelhi,13.8,59.1,TY,113,939,4,8,265,113,939
2015301N11065,2015,98,NI,AS,CHAPALA,31-10-2015 06:00,TS,13.8,58.7,105,950,newdelhi,13.8,58.7,TY,110,941,3,8,270,110,941
2015301N11065,2015,98,NI,AS,CHAPALA,31-10-2015 09:00,TS,13.8,58.3,105,950,newdelhi,13.8,58.3,TY,110,941,3,8,270,110,941
2015301N11065,2015,98,NI,AS,CHAPALA,31-10-2015 12:00,TS,13.8,57.9,105,950,newdelhi,13.8,57.9,TY,110,941,3,8,270,110,941
2015301N11065,2015,98,NI,AS,CHAPALA,31-10-2015 15:00,TS,13.8,57.5,105,950,newdelhi,13.8,57.5,TY,110,941,3,7,265,110,941
2015301N11065,2015,98,NI,AS,CHAPALA,31-10-2015 18:00,TS,13.8,57.2,105,950,newdelhi,13.7,57.2,TY,110,941,3,7,260,110,941
2015301N11065,2015,98,NI,AS,CHAPALA,31-10-2015 21:00,TS,13.7,56.8,105,950,newdelhi,13.7,56.8,TY,113,939,4,8,265,113,939
2015301N11065,2015,98,NI,AS,CHAPALA,01-11-2015 00:00,TS,13.7,56.4,105,950,newdelhi,13.6,56.4,TY,115,937,4,7,260,115,937
2015301N11065,2015,98,NI,AS,CHAPALA,01-11-2015 03:00,TS,13.6,56.1,105,952,newdelhi,13.5,56.1,TY,115,937,4,7,260,115,937
2015301N11065,2015,98,NI,AS,CHAPALA,01-11-2015 06:00,TS,13.6,55.7,100,954,newdelhi,13.5,55.7,TY,115,937,4,9,270,115,937
2015301N11065,2015,98,NI,AS,CHAPALA,01-11-2015 09:00,TS,13.5,55.2,100,956,newdelhi,13.5,55.2,TY,118,935,4,10,270,118,935
2015301N11065,2015,98,NI,AS,CHAPALA,01-11-2015 12:00,TS,13.6,54.7,100,956,newdelhi,13.5,54.7,TY,120,933,4,10,270,120,933
2015301N11065,2015,98,NI,AS,CHAPALA,01-11-2015 15:00,TS,13.5,54.2,100,956,newdelhi,13.5,54.2,TY,120,933,4,10,260,120,933
2015301N11065,2015,98,NI,AS,CHAPALA,01-11-2015 18:00,TS,13.4,53.7,100,956,newdelhi,13.4,53.6,TY,120,933,4,11,255,120,933
2015301N11065,2015,98,NI,AS,CHAPALA,01-11-2015 21:00,TS,13.3,53.1,100,956,newdelhi,13.3,53.1,TY,115,937,4,11,260,115,937
2015301N11065,2015,98,NI,AS,CHAPALA,02-11-2015 00:00,TS,13.2,52.6,100,958,newdelhi,13.2,52.6,TY,110,941,3,9,265,110,941
2015301N11065,2015,98,NI,AS,CHAPALA,02-11-2015 03:00,TS,13.2,52.2,95,960,newdelhi,13.2,52.1,TY,108,943,3,9,275,108,943
2015301N11065,2015,98,NI,AS,CHAPALA,02-11-2015 06:00,TS,13.3,51.6,90,964,newdelhi,13.3,51.6,TY,105,944,3,11,275,105,944
2015301N11065,2015,98,NI,AS,CHAPALA,02-11-2015 09:00,TS,13.3,51,90,966,newdelhi,13.3,51.1,TY,103,946,3,10,275,103,946
2015301N11065,2015,98,NI,AS,CHAPALA,02-11-2015 12:00,TS,13.4,50.6,85,968,newdelhi,13.4,50.6,TY,100,948,3,10,280,100,948
2015301N11065,2015,98,NI,AS,CHAPALA,02-11-2015 15:00,TS,13.5,50,85,970,newdelhi,13.5,50.1,TY,95,952,2,10,290,95,952
2015301N11065,2015,98,NI,AS,CHAPALA,02-11-2015 18:00,TS,13.7,49.6,80,974,newdelhi,13.7,49.6,TY,90,956,2,8,295,90,956
2015301N11065,2015,98,NI,AS,CHAPALA,02-11-2015 21:00,TS,13.8,49.3,75,978,newdelhi,13.9,49.3,TY,83,962,2,8,290,83,962
2015301N11065,2015,98,NI,AS,CHAPALA,03-11-2015 00:00,TS,14,48.9,65,984,newdelhi,14,48.9,TY,75,967,1,9,285,75,967
2015301N11065,2015,98,NI,AS,CHAPALA,03-11-2015 03:00,TS,14.1,48.4,55,990,newdelhi,14,48.4,TS,60,978,0,10,275,60,978
2015301N11065,2015,98,NI,AS,CHAPALA,03-11-2015 06:00,TS,14.1,47.9,45,996,newdelhi,13.9,47.9,TS,50,985,0,7,265,50,985
2015301N11065,2015,98,NI,AS,CHAPALA,03-11-2015 09:00,TS,14.1,47.6,40,998,newdelhi,13.9,47.7,TS,45,989,0,4,280,45,989
2015301N11065,2015,98,NI,AS,CHAPALA,03-11-2015 12:00,TS,14.1,47.4,40,998,newdelhi,14,47.6,TS,40,993,0,4,290,40,993
2015301N11065,2015,98,NI,AS,CHAPALA,03-11-2015 15:00,TS,14.2,47.2,40,998,newdelhi,14.1,47.5,TS,35,997,0,4,300,35,997
2015301N11065,2015,98,NI,AS,CHAPALA,03-11-2015 18:00,TS,14.3,47.1,30,1001,newdelhi,14.3,47.4,TD,30,1000,-1,5,310,30,1000
2015301N11065,2015,98,NI,AS,CHAPALA,03-11-2015 21:00,TS,14.5,46.8, , , , , ,TD, , ,-5,8,310, , 
2015301N11065,2015,98,NI,AS,CHAPALA,04-11-2015 00:00,TS,14.8,46.5,25,1003,newdelhi, , , , , ,-5,8,315, , 
2015309N14067,2015,99,NI,AS,MEGH,04-11-2015 12:00,DS,14,66.9, , , ,14,66.9,DB,20,1007,-3,5,265,20,1007
2015309N14067,2015,99,NI,AS,MEGH,04-11-2015 15:00,DS,14,66.6, , , ,14,66.6,DB,23,1006,-3,5,270,23,1006
2015309N14067,2015,99,NI,AS,MEGH,04-11-2015 18:00,TS,14,66.4, , , ,14,66.4,TD,25,1004,-1,5,280,25,1004
2015309N14067,2015,99,NI,AS,MEGH,04-11-2015 21:00,TS,14.1,66.1, , , ,14.1,66.1,TD,28,1002,-1,6,280,28,1002
2015309N14067,2015,99,NI,AS,MEGH,05-11-2015 00:00,TS,14.1,65.8,25,1006,newdelhi,14.1,65.8,TD,30,1000,-1,7,270,30,1000
2015309N14067,2015,99,NI,AS,MEGH,05-11-2015 03:00,TS,14.1,65.4,25,1004,newdelhi,14.1,65.3,TD,33,998,-1,10,265,33,998
2015309N14067,2015,99,NI,AS,MEGH,05-11-2015 06:00,TS,14,64.8,30,1002,newdelhi,14,64.8,TS,35,996,0,11,265,35,996
2015309N14067,2015,99,NI,AS,MEGH,05-11-2015 09:00,TS,14,64.3, , , ,14,64.3,TS,35,996,0,8,265,35,996
2015309N14067,2015,99,NI,AS,MEGH,05-11-2015 12:00,TS,14,64,35,998,newdelhi,13.9,63.9,TS,35,996,0,7,255,35,996
2015309N14067,2015,99,NI,AS,MEGH,05-11-2015 15:00,TS,13.9,63.6,40,996,newdelhi,13.8,63.5,TS,38,995,0,6,255,38,995
2015309N14067,2015,99,NI,AS,MEGH,05-11-2015 18:00,TS,13.8,63.3,45,994,newdelhi,13.7,63.2,TS,40,993,0,7,255,40,993
2015309N14067,2015,99,NI,AS,MEGH,05-11-2015 21:00,TS,13.7,62.9,45,994,newdelhi,13.6,62.8,TS,40,993,0,8,255,40,993
2015309N14067,2015,99,NI,AS,MEGH,06-11-2015 00:00,TS,13.6,62.5,45,994,newdelhi,13.5,62.5,TS,40,993,0,7,250,40,993
2015309N14067,2015,99,NI,AS,MEGH,06-11-2015 03:00,TS,13.4,62.2,45,994,newdelhi,13.4,62.2,TS,43,991,0,7,240,43,991
2015309N14067,2015,99,NI,AS,MEGH,06-11-2015 06:00,TS,13.3,61.9,45,994,newdelhi,13.3,61.9,TS,45,989,0,7,245,45,989
2015309N14067,2015,99,NI,AS,MEGH,06-11-2015 09:00,TS,13.1,61.6,45,994,newdelhi,13.2,61.6,TS,45,989,0,8,255,45,989
2015309N14067,2015,99,NI,AS,MEGH,06-11-2015 12:00,TS,13.1,61.2,45,994,newdelhi,13.1,61.3,TS,45,989,0,7,250,45,989
2015309N14067,2015,99,NI,AS,MEGH,06-11-2015 15:00,TS,12.9,60.9,45,994,newdelhi,13,61,TS,45,989,0,5,255,45,989
2015309N14067,2015,99,NI,AS,MEGH,06-11-2015 18:00,TS,12.9,60.7,45,994,newdelhi,12.9,60.7,TS,45,989,0,5,255,45,989
2015309N14067,2015,99,NI,AS,MEGH,06-11-2015 21:00,TS,12.8,60.4,45,994,newdelhi,12.8,60.4,TS,50,986,0,6,260,50,986
2015309N14067,2015,99,NI,AS,MEGH,07-11-2015 00:00,TS,12.8,60.1,45,994,newdelhi,12.8,60,TS,55,982,0,7,265,55,982
2015309N14067,2015,99,NI,AS,MEGH,07-11-2015 03:00,TS,12.8,59.6,45,994,newdelhi,12.7,59.7,TS,60,978,0,8,265,60,978
2015309N14067,2015,99,NI,AS,MEGH,07-11-2015 06:00,TS,12.7,59.3,50,992,newdelhi,12.7,59.3,TY,65,974,1,8,265,65,974
2015309N14067,2015,99,NI,AS,MEGH,07-11-2015 09:00,TS,12.7,58.8,55,990,newdelhi,12.7,58.8,TY,73,969,1,9,275,73,969
2015309N14067,2015,99,NI,AS,MEGH,07-11-2015 12:00,TS,12.8,58.4,60,988,newdelhi,12.8,58.3,TY,80,963,1,9,270,80,963
2015309N14067,2015,99,NI,AS,MEGH,07-11-2015 15:00,TS,12.7,57.9,65,984,newdelhi,12.8,57.8,TY,85,960,2,10,270,85,960
2015309N14067,2015,99,NI,AS,MEGH,07-11-2015 18:00,TS,12.8,57.3,70,980,newdelhi,12.8,57.3,TY,90,956,2,11,270,90,956
2015309N14067,2015,99,NI,AS,MEGH,07-11-2015 21:00,TS,12.7,56.7,80,976,newdelhi,12.8,56.7,TY,98,950,3,12,270,98,950
2015309N14067,2015,99,NI,AS,MEGH,08-11-2015 00:00,TS,12.7,56.1,85,974,newdelhi,12.7,56.1,TY,105,944,3,12,265,105,944
2015309N14067,2015,99,NI,AS,MEGH,08-11-2015 03:00,TS,12.7,55.5,90,968,newdelhi,12.6,55.5,TY,108,943,3,12,270,108,943
2015309N14067,2015,99,NI,AS,MEGH,08-11-2015 06:00,TS,12.7,54.9,95,964,newdelhi,12.6,54.9,TY,110,941,3,13,270,110,941
2015309N14067,2015,99,NI,AS,MEGH,08-11-2015 09:00,TS,12.7,54.2,95,964,newdelhi,12.6,54.2,TY,103,947,3,14,270,103,947
2015309N14067,2015,99,NI,AS,MEGH,08-11-2015 12:00,TS,12.7,53.5,90,970,newdelhi,12.6,53.5,TY,95,952,2,13,270,95,952
2015309N14067,2015,99,NI,AS,MEGH,08-11-2015 15:00,TS,12.6,52.8,90,970,newdelhi,12.5,52.8,TY,88,958,2,12,260,88,958
2015309N14067,2015,99,NI,AS,MEGH,08-11-2015 18:00,TS,12.5,52.3,90,970,newdelhi,12.4,52.1,TY,80,963,1,13,260,80,963
2015309N14067,2015,99,NI,AS,MEGH,08-11-2015 21:00,TS,12.4,51.6,90,970,newdelhi,12.3,51.4,TY,75,967,1,13,260,75,967
2015309N14067,2015,99,NI,AS,MEGH,09-11-2015 00:00,TS,12.3,50.9,85,974,newdelhi,12.2,50.8,TY,70,970,1,13,265,70,970
2015309N14067,2015,99,NI,AS,MEGH,09-11-2015 03:00,TS,12.2,50.2,80,976,newdelhi,12.2,50.1,TY,65,974,1,13,270,65,974
2015309N14067,2015,99,NI,AS,MEGH,09-11-2015 06:00,TS,12.3,49.6,80,978,newdelhi,12.2,49.5,TS,60,978,0,13,275,60,978
2015309N14067,2015,99,NI,AS,MEGH,09-11-2015 09:00,TS,12.3,48.9,75,980,newdelhi,12.3,49,TS,55,982,0,12,280,55,982
2015309N14067,2015,99,NI,AS,MEGH,09-11-2015 12:00,TS,12.5,48.3,70,982,newdelhi,12.4,48.6,TS,50,985,0,9,280,50,985
2015309N14067,2015,99,NI,AS,MEGH,09-11-2015 15:00,TS,12.5,48,65,986,newdelhi,12.5,48.3,TS,45,989,0,7,285,45,989
2015309N14067,2015,99,NI,AS,MEGH,09-11-2015 18:00,TS,12.6,47.6,65,988,newdelhi,12.6,48.1,TS,40,993,0,7,285,40,993
2015309N14067,2015,99,NI,AS,MEGH,09-11-2015 21:00,TS,12.7,47.3,60,990,newdelhi,12.7,47.8,TS,35,997,0,7,290,35,997
2015309N14067,2015,99,NI,AS,MEGH,10-11-2015 00:00,TS,12.9,47,50,996,newdelhi,12.8,47.6,TD,30,1000,-1,6,305,30,1000
2015309N14067,2015,99,NI,AS,MEGH,10-11-2015 03:00,TS,13,46.8,40,998,newdelhi,13,47.3,TD,28,1002,-1,6,315,28,1002
2015309N14067,2015,99,NI,AS,MEGH,10-11-2015 06:00,TS,13.3,46.6,30,1003,newdelhi,13.2,47.1,TD,25,1004,-1,5,335,25,1004
2015309N14067,2015,99,NI,AS,MEGH,10-11-2015 09:00,TS,13.5,46.6, , , ,13.4,46.9,TD,23,1006,-1,4,0,23,1006
2015309N14067,2015,99,NI,AS,MEGH,10-11-2015 12:00,MX,13.7,46.6,25,1005,newdelhi,13.7,46.7,DB,20,1007,-3,4,15,20,1007
2015312N11084,2015,100,NI,BB,UNNAMED,08-11-2015 03:00,TS,10.7,83.7,25,1003,newdelhi, , , , , ,-5,10,280, , 
2015312N11084,2015,100,NI,BB,UNNAMED,08-11-2015 06:00,TS,10.8,83.2,25,1003,newdelhi, , , , , ,-5,9,285, , 
2015312N11084,2015,100,NI,BB,UNNAMED,08-11-2015 09:00,TS,10.9,82.8, , , , , , , , ,-5,7,285, , 
2015312N11084,2015,100,NI,BB,UNNAMED,08-11-2015 12:00,TS,11,82.5,25,1002,newdelhi, , , , , ,-5,9,285, , 
2015312N11084,2015,100,NI,BB,UNNAMED,08-11-2015 15:00,TS,11.1,82, , , , , , , , ,-5,11,280, , 
2015312N11084,2015,100,NI,BB,UNNAMED,08-11-2015 18:00,TS,11.2,81.4,30,1000,newdelhi, , , , , ,-5,9,280, , 
2015312N11084,2015,100,NI,BB,UNNAMED,08-11-2015 21:00,TS,11.3,81, , , , , , , , ,-5,7,285, , 
2015312N11084,2015,100,NI,BB,UNNAMED,09-11-2015 00:00,TS,11.4,80.7,30,999,newdelhi, , , , , ,-5,8,295, , 
2015312N11084,2015,100,NI,BB,UNNAMED,09-11-2015 03:00,TS,11.6,80.3,30,998,newdelhi, , , , , ,-5,7,295, , 
2015312N11084,2015,100,NI,BB,UNNAMED,09-11-2015 06:00,TS,11.7,80.1,30,996,newdelhi, , , , , ,-5,4,315, , 
2015312N11084,2015,100,NI,BB,UNNAMED,09-11-2015 09:00,TS,11.9,80, , , , , , , , ,-5,4,345, , 
2015312N11084,2015,100,NI,BB,UNNAMED,09-11-2015 12:00,TS,12.1,80,30,996,newdelhi, , , , , ,-5,4,350, , 
2015312N11084,2015,100,NI,BB,UNNAMED,09-11-2015 15:00,TS,12.3,80, , , , , , , , ,-5,3,345, , 
2015312N11084,2015,100,NI,BB,UNNAMED,09-11-2015 18:00,TS,12.4,79.9,30,998,newdelhi, , , , , ,-5,2,310, , 
2015312N11084,2015,100,NI,BB,UNNAMED,09-11-2015 21:00,TS,12.4,79.8, , , , , , , , ,-5,3,270, , 
2015312N11084,2015,100,NI,BB,UNNAMED,10-11-2015 00:00,TS,12.4,79.6,30,1000,newdelhi, , , , , ,-5,5,270, , 
2015312N11084,2015,100,NI,BB,UNNAMED,10-11-2015 03:00,TS,12.4,79.3,20,1002,newdelhi, , , , , ,-5,6,270, , 
2016138N10081,2016,17,NI,BB,ROANU,17-05-2016 00:00,DS,10,80.8, , , ,10,80.8,MD,25,1001,-3,11,20,25,1001
2016138N10081,2016,17,NI,BB,ROANU,17-05-2016 03:00,MX,10.5,81,25,1000,newdelhi,10.2,81,MD,25,1001,-3,9,20,25,1001
2016138N10081,2016,17,NI,BB,ROANU,17-05-2016 06:00,MX,10.8,81.1,25,999,newdelhi,10.5,81.2,MD,25,1000,-3,7,10,25,1000
2016138N10081,2016,17,NI,BB,ROANU,17-05-2016 09:00,MX,11.2,81.1, , , ,10.9,81.4,MD,28,1000,-3,8,0,28,1000
2016138N10081,2016,17,NI,BB,ROANU,17-05-2016 12:00,MX,11.7,81.1,25,998,newdelhi,11.3,81.5,MD,30,1000,-3,9,0,30,1000
2016138N10081,2016,17,NI,BB,ROANU,17-05-2016 15:00,MX,12.1,81.1, , , ,11.8,81.6,MD,33,998,-3,8,5,33,998
2016138N10081,2016,17,NI,BB,ROANU,17-05-2016 18:00,TS,12.5,81.1,25,998,newdelhi,12.4,81.6,TS,35,996,0,7,5,35,996
2016138N10081,2016,17,NI,BB,ROANU,17-05-2016 21:00,TS,12.8,81.2, , , ,12.8,81.6,TS,38,995,0,7,5,38,995
2016138N10081,2016,17,NI,BB,ROANU,18-05-2016 00:00,TS,13.1,81.2,25,998,newdelhi,13.2,81.6,TS,40,993,0,7,10,40,993
2016138N10081,2016,17,NI,BB,ROANU,18-05-2016 03:00,TS,13.4,81.3,30,997,newdelhi,13.6,81.6,TS,43,991,0,8,5,43,991
2016138N10081,2016,17,NI,BB,ROANU,18-05-2016 06:00,TS,13.9,81.3,30,996,newdelhi,13.9,81.6,TS,45,989,0,7,0,45,989
2016138N10081,2016,17,NI,BB,ROANU,18-05-2016 09:00,TS,14.2,81.3, , , ,14.2,81.6,TS,45,989,0,6,0,45,989
2016138N10081,2016,17,NI,BB,ROANU,18-05-2016 12:00,TS,14.4,81.3,30,996,newdelhi,14.4,81.6,TS,45,989,0,4,0,45,989
2016138N10081,2016,17,NI,BB,ROANU,18-05-2016 15:00,TS,14.5,81.3, , , ,14.7,81.6,TS,45,989,0,3,0,45,989
2016138N10081,2016,17,NI,BB,ROANU,18-05-2016 18:00,TS,14.7,81.3,30,994,newdelhi,14.9,81.6,TS,45,989,0,3,25,45,989
2016138N10081,2016,17,NI,BB,ROANU,18-05-2016 21:00,TS,14.9,81.4, , , ,15,81.7,TS,45,989,0,5,35,45,989
2016138N10081,2016,17,NI,BB,ROANU,19-05-2016 00:00,TS,15.1,81.6,35,990,newdelhi,15.1,81.8,TS,45,989,0,7,40,45,989
2016138N10081,2016,17,NI,BB,ROANU,19-05-2016 03:00,TS,15.4,81.8,35,990,newdelhi,15.1,82.1,TS,48,987,0,5,50,48,987
2016138N10081,2016,17,NI,BB,ROANU,19-05-2016 06:00,TS,15.4,82,40,988,newdelhi,15.2,82.4,TS,50,985,0,4,65,50,985
2016138N10081,2016,17,NI,BB,ROANU,19-05-2016 09:00,TS,15.5,82.2, , , ,15.3,82.8,TS,50,985,0,6,50,50,985
2016138N10081,2016,17,NI,BB,ROANU,19-05-2016 12:00,TS,15.8,82.5,40,988,newdelhi,15.6,83.1,TS,50,985,0,8,45,50,985
2016138N10081,2016,17,NI,BB,ROANU,19-05-2016 15:00,TS,16.1,82.8,40,988,newdelhi,16.1,83.4,TS,48,987,0,9,40,48,987
2016138N10081,2016,17,NI,BB,ROANU,19-05-2016 18:00,TS,16.5,83.1,40,988,newdelhi,16.6,83.7,TS,45,989,0,10,40,45,989
2016138N10081,2016,17,NI,BB,ROANU,19-05-2016 21:00,TS,16.9,83.5,40,988,newdelhi,17.1,84.1,TS,45,989,0,12,40,45,989
2016138N10081,2016,17,NI,BB,ROANU,20-05-2016 00:00,TS,17.4,84,40,988,newdelhi,17.6,84.6,TS,45,989,0,16,45,45,989
2016138N10081,2016,17,NI,BB,ROANU,20-05-2016 03:00,TS,18.1,84.7,40,988,newdelhi,18.2,85.1,TS,48,987,0,16,45,48,987
2016138N10081,2016,17,NI,BB,ROANU,20-05-2016 06:00,TS,18.6,85.1,40,988,newdelhi,18.7,85.7,TS,50,985,0,12,50,50,985
2016138N10081,2016,17,NI,BB,ROANU,20-05-2016 09:00,TS,18.9,85.6,40,988,newdelhi,18.9,86.3,TS,53,984,0,17,60,53,984
2016138N10081,2016,17,NI,BB,ROANU,20-05-2016 12:00,TS,19.4,86.7,40,988,newdelhi,19.1,86.9,TS,55,982,0,18,60,55,982
2016138N10081,2016,17,NI,BB,ROANU,20-05-2016 15:00,TS,19.8,87.3,40,986,newdelhi,19.5,87.5,TS,55,982,0,14,55,55,982
2016138N10081,2016,17,NI,BB,ROANU,20-05-2016 18:00,TS,20.2,88,45,984,newdelhi,20,88.2,TS,55,982,0,15,60,55,982
2016138N10081,2016,17,NI,BB,ROANU,20-05-2016 21:00,TS,20.5,88.7,45,983,newdelhi,20.3,89,TS,58,980,0,15,65,58,980
2016138N10081,2016,17,NI,BB,ROANU,21-05-2016 00:00,TS,20.9,89.4,45,983,newdelhi,20.7,89.8,TS,60,978,0,18,60,60,978
2016138N10081,2016,17,NI,BB,ROANU,21-05-2016 03:00,TS,21.4,90.4,45,983,newdelhi,21.3,90.4,TS,58,980,0,19,55,58,980
2016138N10081,2016,17,NI,BB,ROANU,21-05-2016 06:00,TS,21.9,91,45,983,newdelhi,22,91,TS,55,982,0,16,40,55,982
2016138N10081,2016,17,NI,BB,ROANU,21-05-2016 09:00,TS,22.6,91.5,45,983,newdelhi,22.9,91.5,TS,48,988,0,14,40,48,988
2016138N10081,2016,17,NI,BB,ROANU,21-05-2016 12:00,TS,23,92,35,990,newdelhi,23.8,92,TS,40,993,0,16,55,40,993
2016138N10081,2016,17,NI,BB,ROANU,21-05-2016 15:00,TS,23.5,93,30,992,newdelhi, , ,TS, , ,-5,21,60, , 
2016138N10081,2016,17,NI,BB,ROANU,21-05-2016 18:00,TS,24,94,30,994,newdelhi, , , , , ,-5,16,60, , 
2016138N10081,2016,17,NI,BB,ROANU,21-05-2016 21:00,TS,24.3,94.5, , , , , , , , ,-5,8,50, , 
2016138N10081,2016,17,NI,BB,ROANU,22-05-2016 00:00,TS,24.5,94.7,20,996,newdelhi, , , , , ,-5,5,40, , 
2016178N22068,2016,23,NI,AS,UNNAMED,26-06-2016 06:00,TS,21.7,67.8, , , ,21.7,67.8,TD,25,1004,-1,7,280,25,1004
2016178N22068,2016,23,NI,AS,UNNAMED,26-06-2016 09:00,TS,21.8,67.4, , , ,21.8,67.4,TD,25,1004,-1,7,280,25,1004
2016178N22068,2016,23,NI,AS,UNNAMED,26-06-2016 12:00,TS,21.8,67.1, , , ,21.8,67.1,TD,25,1004,-1,6,280,25,1004
2016178N22068,2016,23,NI,AS,UNNAMED,26-06-2016 15:00,TS,21.8,66.8, , , ,21.8,66.8,TD,28,1001,-1,6,280,28,1001
2016178N22068,2016,23,NI,AS,UNNAMED,26-06-2016 18:00,TS,21.9,66.5, , , ,21.9,66.5,TD,30,997,-1,7,280,30,997
2016178N22068,2016,23,NI,AS,UNNAMED,26-06-2016 21:00,TS,22,66.1, , , ,22,66.1,TD,33,997,-1,8,275,33,997
2016178N22068,2016,23,NI,AS,UNNAMED,27-06-2016 00:00,TS,22,65.6, , , ,22,65.6,TS,35,996,0,9,270,35,996
2016178N22068,2016,23,NI,AS,UNNAMED,27-06-2016 03:00,TS,22,65.1, , , ,22,65.1,TS,38,995,0,8,265,38,995
2016178N22068,2016,23,NI,AS,UNNAMED,27-06-2016 06:00,TS,21.9,64.7, , , ,21.9,64.7,TS,40,993,0,7,245,40,993
2016178N22068,2016,23,NI,AS,UNNAMED,27-06-2016 09:00,TS,21.7,64.4,25,996,newdelhi,21.8,64.4,TS,40,993,0,6,240,40,993
2016178N22068,2016,23,NI,AS,UNNAMED,27-06-2016 12:00,TS,21.6,64.1,25,996,newdelhi,21.6,64.2,TS,40,993,0,5,245,40,993
2016178N22068,2016,23,NI,AS,UNNAMED,27-06-2016 15:00,TS,21.5,64, , , ,21.5,64,TS,35,997,0,2,235,35,997
2016178N22068,2016,23,NI,AS,UNNAMED,27-06-2016 18:00,TS,21.5,64,25,996,newdelhi,21.4,63.9,TD,30,1000,-1,1,60,30,1000
2016178N22068,2016,23,NI,AS,UNNAMED,27-06-2016 21:00,TS,21.5,64.1, , , ,21.3,63.8,TD,28,1002,-1,1,320,28,1002
2016178N22068,2016,23,NI,AS,UNNAMED,28-06-2016 00:00,TS,21.5,63.9,25,996,newdelhi,21.2,63.7,TD,25,1004,-1,12,255,25,1004
2016178N22068,2016,23,NI,AS,UNNAMED,28-06-2016 03:00,TS,21.2,62.9,25,996,newdelhi,21.1,63.6,TD,23,1006,-1,12,255,23,1006
2016178N22068,2016,23,NI,AS,UNNAMED,28-06-2016 06:00,MX,21.2,62.7,25,996,newdelhi,20.9,63.4,DB,20,1007,-3,4,255,20,1007
2016178N22068,2016,23,NI,AS,UNNAMED,28-06-2016 09:00,TS,21.1,62.4, , , , , ,DB, , ,-3,6,220, , 
2016178N22068,2016,23,NI,AS,UNNAMED,28-06-2016 12:00,TS,20.8,62.3,25,996,newdelhi, , , , , ,-5,6,185, , 
2016178N22068,2016,23,NI,AS,UNNAMED,28-06-2016 15:00,TS,20.5,62.3, , , , , , , , ,-5,5,170, , 
2016178N22068,2016,23,NI,AS,UNNAMED,28-06-2016 18:00,TS,20.3,62.4,25,996,newdelhi, , , , , ,-5,3,170, , 
2016178N22068,2016,23,NI,AS,UNNAMED,28-06-2016 21:00,TS,20.3,62.4, , , , , , , , ,-5,1,270, , 
2016178N22068,2016,23,NI,AS,UNNAMED,29-06-2016 00:00,TS,20.3,62.3,25,996,newdelhi, , , , , ,-5,2,305, , 
2016222N22089,2016,43,NI,BB,UNNAMED,09-08-2016 09:00,TS,22,88.5,25,996,newdelhi, , , , , ,-5,0,0, , 
2016222N22089,2016,43,NI,BB,UNNAMED,09-08-2016 12:00,TS,22,88.5,25,996,newdelhi, , , , , ,-5,3,40, , 
2016222N22089,2016,43,NI,BB,UNNAMED,09-08-2016 15:00,TS,22.2,88.7, , , , , , , , ,-5,7,45, , 
2016222N22089,2016,43,NI,BB,UNNAMED,09-08-2016 18:00,TS,22.5,89,25,995,newdelhi, , , , , ,-5,8,60, , 
2016222N22089,2016,43,NI,BB,UNNAMED,09-08-2016 21:00,TS,22.7,89.5, , , , , , , , ,-5,7,65, , 
2016222N22089,2016,43,NI,BB,UNNAMED,10-08-2016 00:00,TS,22.8,89.7,25,995,newdelhi, , , , , ,-5,4,350, , 
2016222N22089,2016,43,NI,BB,UNNAMED,10-08-2016 03:00,TS,23,89.4,30,994,newdelhi, , , , , ,-5,5,310, , 
2016222N22089,2016,43,NI,BB,UNNAMED,10-08-2016 06:00,TS,23.1,89.3,30,994,newdelhi, , , , , ,-5,3,325, , 
2016222N22089,2016,43,NI,BB,UNNAMED,10-08-2016 09:00,TS,23.2,89.2, , , , , , , , ,-5,4,330, , 
2016222N22089,2016,43,NI,BB,UNNAMED,10-08-2016 12:00,TS,23.4,89.1,30,994,newdelhi, , , , , ,-5,4,305, , 
2016222N22089,2016,43,NI,BB,UNNAMED,10-08-2016 15:00,TS,23.5,88.8, , , , , , , , ,-5,6,290, , 
2016222N22089,2016,43,NI,BB,UNNAMED,10-08-2016 18:00,TS,23.6,88.5,30,994,newdelhi, , , , , ,-5,6,285, , 
2016222N22089,2016,43,NI,BB,UNNAMED,10-08-2016 21:00,TS,23.7,88.2, , , , , , , , ,-5,7,285, , 
2016222N22089,2016,43,NI,BB,UNNAMED,11-08-2016 00:00,TS,23.8,87.8,30,994,newdelhi, , , , , ,-5,8,295, , 
2016222N22089,2016,43,NI,BB,UNNAMED,11-08-2016 03:00,TS,24,87.4,30,994,newdelhi, , , , , ,-5,8,285, , 
2016222N22089,2016,43,NI,BB,UNNAMED,11-08-2016 06:00,TS,24,87,25,996,newdelhi, , , , , ,-5,6,270, , 
2016222N22089,2016,43,NI,BB,UNNAMED,11-08-2016 09:00,TS,24,86.7, , , , , , , , ,-5,5,270, , 
2016222N22089,2016,43,NI,BB,UNNAMED,11-08-2016 12:00,TS,24,86.5,25,996,newdelhi, , , , , ,-5,6,270, , 
2016222N22089,2016,43,NI,BB,UNNAMED,11-08-2016 15:00,TS,24,86.1, , , , , , , , ,-5,7,270, , 
2016222N22089,2016,43,NI,BB,UNNAMED,11-08-2016 18:00,TS,24,85.7,25,996,newdelhi, , , , , ,-5,7,270, , 
2016222N22089,2016,43,NI,BB,UNNAMED,11-08-2016 21:00,TS,24,85.4, , , , , , , , ,-5,6,270, , 
2016222N22089,2016,43,NI,BB,UNNAMED,12-08-2016 00:00,TS,24,85,25,996,newdelhi, , , , , ,-5,8,270, , 
2016222N22089,2016,43,NI,BB,UNNAMED,12-08-2016 03:00,TS,24,84.5,25,996,newdelhi, , , , , ,-5,5,270, , 
2016222N22089,2016,43,NI,BB,UNNAMED,12-08-2016 06:00,TS,24,84.5,25,996,newdelhi, , , , , ,-5,1,25, , 
2016222N22089,2016,43,NI,BB,UNNAMED,12-08-2016 09:00,TS,24.1,84.5, , , , , , , , ,-5,2,10, , 
2016222N22089,2016,43,NI,BB,UNNAMED,12-08-2016 12:00,TS,24.2,84.5,25,996,newdelhi, , , , , ,-5,3,315, , 
2016222N22089,2016,43,NI,BB,UNNAMED,12-08-2016 15:00,TS,24.3,84.3, , , , , , , , ,-5,5,295, , 
2016222N22089,2016,43,NI,BB,UNNAMED,12-08-2016 18:00,TS,24.4,84,20,996,newdelhi, , , , , ,-5,6,290, , 
2016230N21089,2016,49,NI,BB,UNNAMED,16-08-2016 12:00,TS,21,89,20,996,newdelhi, , , , , ,-5,3,310, , 
2016230N21089,2016,49,NI,BB,UNNAMED,16-08-2016 15:00,TS,21.1,88.9, , , , , , , , ,-5,3,305, , 
2016230N21089,2016,49,NI,BB,UNNAMED,16-08-2016 18:00,TS,21.2,88.7,20,996,newdelhi, , , , , ,-5,4,300, , 
2016230N21089,2016,49,NI,BB,UNNAMED,16-08-2016 21:00,TS,21.3,88.5, , , , , , , , ,-5,3,305, , 
2016230N21089,2016,49,NI,BB,UNNAMED,17-08-2016 00:00,TS,21.4,88.4,20,996,newdelhi, , , , , ,-5,2,10, , 
2016230N21089,2016,49,NI,BB,UNNAMED,17-08-2016 03:00,TS,21.5,88.5,20,996,newdelhi, , , , , ,-5,1,45, , 
2016230N21089,2016,49,NI,BB,UNNAMED,17-08-2016 06:00,TS,21.5,88.5,20,996,newdelhi, , , , , ,-5,2,345, , 
2016230N21089,2016,49,NI,BB,UNNAMED,17-08-2016 09:00,TS,21.7,88.4, , , , , , , , ,-5,6,330, , 
2016230N21089,2016,49,NI,BB,UNNAMED,17-08-2016 12:00,TS,22,88.2,25,994,newdelhi, , , , , ,-5,11,315, , 
2016230N21089,2016,49,NI,BB,UNNAMED,17-08-2016 15:00,TS,22.4,87.6, , , , , , , , ,-5,15,305, , 
2016230N21089,2016,49,NI,BB,UNNAMED,17-08-2016 18:00,TS,22.9,86.9,25,994,newdelhi, , , , , ,-5,15,305, , 
2016230N21089,2016,49,NI,BB,UNNAMED,17-08-2016 21:00,TS,23.3,86.3, , , , , , , , ,-5,14,305, , 
2016230N21089,2016,49,NI,BB,UNNAMED,18-08-2016 00:00,TS,23.7,85.7,25,994,newdelhi, , , , , ,-5,14,300, , 
2016230N21089,2016,49,NI,BB,UNNAMED,18-08-2016 03:00,TS,24,85,25,994,newdelhi, , , , , ,-5,12,285, , 
2016230N21089,2016,49,NI,BB,UNNAMED,18-08-2016 06:00,TS,24,84.4,25,994,newdelhi, , , , , ,-5,10,270, , 
2016230N21089,2016,49,NI,BB,UNNAMED,18-08-2016 09:00,TS,24,83.9, , , , , , , , ,-5,9,275, , 
2016230N21089,2016,49,NI,BB,UNNAMED,18-08-2016 12:00,TS,24.1,83.4,25,994,newdelhi, , , , , ,-5,8,285, , 
2016230N21089,2016,49,NI,BB,UNNAMED,18-08-2016 15:00,TS,24.2,83, , , , , , , , ,-5,7,295, , 
2016230N21089,2016,49,NI,BB,UNNAMED,18-08-2016 18:00,TS,24.4,82.7,25,994,newdelhi, , , , , ,-5,7,295, , 
2016230N21089,2016,49,NI,BB,UNNAMED,18-08-2016 21:00,TS,24.5,82.3, , , , , , , , ,-5,6,300, , 
2016230N21089,2016,49,NI,BB,UNNAMED,19-08-2016 00:00,TS,24.7,82.1,25,994,newdelhi, , , , , ,-5,5,5, , 
2016230N21089,2016,49,NI,BB,UNNAMED,19-08-2016 03:00,TS,25,82.3,25,994,newdelhi, , , , , ,-5,14,275, , 
2016230N21089,2016,49,NI,BB,UNNAMED,19-08-2016 06:00,TS,24.8,80.6,25,994,newdelhi, , , , , ,-5,25,265, , 
2016230N21089,2016,49,NI,BB,UNNAMED,19-08-2016 09:00,TS,24.7,79.5, , , , , , , , ,-5,15,265, , 
2016230N21089,2016,49,NI,BB,UNNAMED,19-08-2016 12:00,TS,24.7,79,25,994,newdelhi, , , , , ,-5,8,270, , 
2016230N21089,2016,49,NI,BB,UNNAMED,19-08-2016 15:00,TS,24.7,78.6, , , , , , , , ,-5,5,270, , 
2016230N21089,2016,49,NI,BB,UNNAMED,19-08-2016 18:00,TS,24.7,78.4,25,994,newdelhi, , , , , ,-5,5,270, , 
2016230N21089,2016,49,NI,BB,UNNAMED,19-08-2016 21:00,TS,24.7,78.1, , , , , , , , ,-5,5,270, , 
2016230N21089,2016,49,NI,AS,UNNAMED,20-08-2016 00:00,TS,24.7,77.8,25,994,newdelhi, , , , , ,-5,6,280, , 
2016230N21089,2016,49,NI,AS,UNNAMED,20-08-2016 03:00,TS,24.8,77.5,25,994,newdelhi, , , , , ,-5,5,280, , 
2016230N21089,2016,49,NI,AS,UNNAMED,20-08-2016 06:00,TS,24.8,77.3,25,994,newdelhi, , , , , ,-5,2,265, , 
2016230N21089,2016,49,NI,AS,UNNAMED,20-08-2016 09:00,TS,24.8,77.3, , , , , , , , ,-5,1,270, , 
2016230N21089,2016,49,NI,AS,UNNAMED,20-08-2016 12:00,TS,24.8,77.2,20,994,newdelhi, , , , , ,-5,3,285, , 
2016230N21089,2016,49,NI,AS,UNNAMED,20-08-2016 15:00,TS,24.9,76.9, , , , , , , , ,-5,7,285, , 
2016230N21089,2016,49,NI,AS,UNNAMED,20-08-2016 18:00,TS,25,76.5,15,996,newdelhi, , , , , ,-5,8,285, , 
2016295N13089,2016,82,NI,BB,KYANT,21-10-2016 00:00,TS,13.5,88.5,25,1003,newdelhi, , , , , ,-5,6,70, , 
2016295N13089,2016,82,NI,BB,KYANT,21-10-2016 03:00,TS,13.6,88.8,25,1003,newdelhi, , , , , ,-5,8,75, , 
2016295N13089,2016,82,NI,BB,KYANT,21-10-2016 06:00,TS,13.7,89.3,25,1003,newdelhi, , , , , ,-5,8,75, , 
2016295N13089,2016,82,NI,BB,KYANT,21-10-2016 09:00,TS,13.8,89.6, , , , , , , , ,-5,5,70, , 
2016295N13089,2016,82,NI,BB,KYANT,21-10-2016 12:00,TS,13.9,89.8,25,1003,newdelhi, , , , , ,-5,3,70, , 
2016295N13089,2016,82,NI,BB,KYANT,21-10-2016 15:00,TS,13.9,89.9, , , , , , , , ,-5,1,90, , 
2016295N13089,2016,82,NI,BB,KYANT,21-10-2016 18:00,TS,13.9,89.9,25,1003,newdelhi, , , , , ,-5,0,205, , 
2016295N13089,2016,82,NI,BB,KYANT,21-10-2016 21:00,TS,13.9,89.9, , , , , , , , ,-5,2,80, , 
2016295N13089,2016,82,NI,BB,KYANT,22-10-2016 00:00,TS,13.9,90.1,25,1002,newdelhi,14,90.3,TD,25,1004,-1,8,75,25,1004
2016295N13089,2016,82,NI,BB,KYANT,22-10-2016 03:00,TS,14.1,90.7,25,1002,newdelhi,14.3,91,TD,25,1005,-1,14,65,25,1005
2016295N13089,2016,82,NI,BB,KYANT,22-10-2016 06:00,TS,14.5,91.4,25,1002,newdelhi,14.6,91.5,TD,25,1005,-1,13,60,25,1005
2016295N13089,2016,82,NI,BB,KYANT,22-10-2016 09:00,TS,14.8,91.8, , , ,14.8,91.9,TD,25,1005,-1,7,60,25,1005
2016295N13089,2016,82,NI,BB,KYANT,22-10-2016 12:00,TS,14.9,92.1,25,1002,newdelhi,14.9,92.1,TD,25,1005,-1,6,55,25,1005
2016295N13089,2016,82,NI,BB,KYANT,22-10-2016 15:00,TS,15.1,92.3, , , ,15.1,92.3,TD,25,1005,-1,5,50,25,1005
2016295N13089,2016,82,NI,BB,KYANT,22-10-2016 18:00,TS,15.3,92.5,25,1002,newdelhi,15.3,92.4,TD,25,1004,-1,5,50,25,1004
2016295N13089,2016,82,NI,BB,KYANT,22-10-2016 21:00,TS,15.4,92.6, , , ,15.4,92.5,TD,25,1004,-1,4,50,25,1004
2016295N13089,2016,82,NI,BB,KYANT,23-10-2016 00:00,TS,15.5,92.8,25,1002,newdelhi,15.5,92.5,TD,25,1004,-1,2,40,25,1004
2016295N13089,2016,82,NI,BB,KYANT,23-10-2016 03:00,TS,15.6,92.8,30,1000,newdelhi,15.6,92.5,TD,28,1002,-1,1,15,28,1002
2016295N13089,2016,82,NI,BB,KYANT,23-10-2016 06:00,TS,15.6,92.8,30,1000,newdelhi,15.7,92.6,TD,30,1000,-1,1,40,30,1000
2016295N13089,2016,82,NI,BB,KYANT,23-10-2016 09:00,TS,15.7,92.9, , , ,15.8,92.7,TD,30,1001,-1,2,45,30,1001
2016295N13089,2016,82,NI,BB,KYANT,23-10-2016 12:00,TS,15.8,93,30,1000,newdelhi,15.8,92.8,TD,30,1001,-1,3,40,30,1001
2016295N13089,2016,82,NI,BB,KYANT,23-10-2016 15:00,TS,15.9,93, , , ,15.9,92.9,TD,30,1001,-1,3,30,30,1001
2016295N13089,2016,82,NI,BB,KYANT,23-10-2016 18:00,TS,16,93.1,30,1000,newdelhi,16,93,TD,30,1000,-1,3,15,30,1000
2016295N13089,2016,82,NI,BB,KYANT,23-10-2016 21:00,TS,16.1,93.1, , , ,16,93,TD,30,1000,-1,3,0,30,1000
2016295N13089,2016,82,NI,BB,KYANT,24-10-2016 00:00,TS,16.3,93.1,30,1000,newdelhi,16.1,93,TD,30,1000,-1,2,355,30,1000
2016295N13089,2016,82,NI,BB,KYANT,24-10-2016 03:00,TS,16.3,93.1,30,1000,newdelhi,16.3,93,TD,30,1000,-1,3,350,30,1000
2016295N13089,2016,82,NI,BB,KYANT,24-10-2016 06:00,TS,16.5,93.1,30,1000,newdelhi,16.5,93,TD,30,1000,-1,4,315,30,1000
2016295N13089,2016,82,NI,BB,KYANT,24-10-2016 09:00,TS,16.7,92.8, , , ,16.7,92.6,TD,30,1000,-1,6,290,30,1000
2016295N13089,2016,82,NI,BB,KYANT,24-10-2016 12:00,TS,16.7,92.5,30,1000,newdelhi,16.7,92.3,TD,30,1000,-1,4,275,30,1000
2016295N13089,2016,82,NI,BB,KYANT,24-10-2016 15:00,TS,16.7,92.3, , , ,16.7,92.1,TD,30,1000,-1,3,270,30,1000
2016295N13089,2016,82,NI,BB,KYANT,24-10-2016 18:00,TS,16.7,92.2,30,1000,newdelhi,16.6,92,TD,30,1000,-1,3,270,30,1000
2016295N13089,2016,82,NI,BB,KYANT,24-10-2016 21:00,TS,16.7,92, , , ,16.6,91.9,TD,33,998,-1,4,275,33,998
2016295N13089,2016,82,NI,BB,KYANT,25-10-2016 00:00,TS,16.8,91.7,30,1000,newdelhi,16.6,91.7,TS,35,996,0,6,280,35,996
2016295N13089,2016,82,NI,BB,KYANT,25-10-2016 03:00,TS,16.8,91.4,35,998,newdelhi,16.6,91.5,TS,38,995,0,6,275,38,995
2016295N13089,2016,82,NI,BB,KYANT,25-10-2016 06:00,TS,16.8,91.1,35,998,newdelhi,16.6,91.3,TS,40,993,0,6,260,40,993
2016295N13089,2016,82,NI,BB,KYANT,25-10-2016 09:00,TS,16.7,90.8,35,998,newdelhi,16.6,91,TS,38,995,0,5,265,38,995
2016295N13089,2016,82,NI,BB,KYANT,25-10-2016 12:00,TS,16.8,90.6,35,998,newdelhi,16.6,90.6,TS,35,996,0,6,265,35,996
2016295N13089,2016,82,NI,BB,KYANT,25-10-2016 15:00,TS,16.6,90.2,35,998,newdelhi,16.6,90.2,TS,35,996,0,7,260,35,996
2016295N13089,2016,82,NI,BB,KYANT,25-10-2016 18:00,TS,16.6,89.8,35,998,newdelhi,16.5,89.8,TS,35,996,0,7,250,35,996
2016295N13089,2016,82,NI,BB,KYANT,25-10-2016 21:00,TS,16.4,89.5,35,997,newdelhi,16.3,89.4,TS,35,996,0,8,250,35,996
2016295N13089,2016,82,NI,BB,KYANT,26-10-2016 00:00,TS,16.4,89,40,996,newdelhi,16.1,89,TS,35,996,0,10,265,35,996
2016295N13089,2016,82,NI,BB,KYANT,26-10-2016 03:00,TS,16.3,88.5,40,996,newdelhi,16.1,88.4,TS,33,998,-1,11,265,33,998
2016295N13089,2016,82,NI,BB,KYANT,26-10-2016 06:00,TS,16.3,87.9,40,996,newdelhi,16.1,87.8,TD,30,1000,-1,10,265,30,1000
2016295N13089,2016,82,NI,BB,KYANT,26-10-2016 09:00,TS,16.2,87.4,40,996,newdelhi,16.1,87.3,TD,30,1000,-1,9,260,30,1000
2016295N13089,2016,82,NI,BB,KYANT,26-10-2016 12:00,TS,16.2,87,40,996,newdelhi,16,86.9,TD,30,1000,-1,8,260,30,1000
2016295N13089,2016,82,NI,BB,KYANT,26-10-2016 15:00,TS,16.1,86.6,40,997,newdelhi,15.9,86.5,TD,28,1002,-1,7,255,28,1002
2016295N13089,2016,82,NI,BB,KYANT,26-10-2016 18:00,TS,16,86.3,35,998,newdelhi,15.9,86.1,TD,25,1004,-1,8,255,25,1004
2016295N13089,2016,82,NI,BB,KYANT,26-10-2016 21:00,TS,15.9,85.8,30,1000,newdelhi,15.8,85.7,TD,25,1004,-1,9,255,25,1004
2016295N13089,2016,82,NI,BB,KYANT,27-10-2016 00:00,TS,15.8,85.4,30,1002,newdelhi,15.8,85.2,TD,25,1004,-1,9,260,25,1004
2016295N13089,2016,82,NI,BB,KYANT,27-10-2016 03:00,TS,15.7,84.8,30,1002,newdelhi,15.8,84.7,TD,25,1004,-1,10,265,25,1004
2016295N13089,2016,82,NI,BB,KYANT,27-10-2016 06:00,TS,15.7,84.4,30,1003,newdelhi,15.8,84.2,TD,25,1004,-1,9,265,25,1004
2016295N13089,2016,82,NI,BB,KYANT,27-10-2016 09:00,TS,15.6,83.9, , , ,15.7,83.9,TD,25,1005,-1,8,260,25,1005
2016295N13089,2016,82,NI,BB,KYANT,27-10-2016 12:00,TS,15.6,83.6,30,1004,newdelhi,15.6,83.6,TD,25,1006,-1,7,255,25,1006
2016295N13089,2016,82,NI,BB,KYANT,27-10-2016 15:00,TS,15.4,83.3, , , ,15.5,83.3,TD,25,1006,-1,6,245,25,1006
2016295N13089,2016,82,NI,BB,KYANT,27-10-2016 18:00,TS,15.3,83,25,1004,newdelhi,15.3,83,TD,25,1006,-1,5,240,25,1006
2016295N13089,2016,82,NI,BB,KYANT,27-10-2016 21:00,TS,15.2,82.8, , , ,15.2,82.8,TD,25,1006,-1,4,240,25,1006
2016295N13089,2016,82,NI,BB,KYANT,28-10-2016 00:00,TS,15.1,82.6, , , ,15.1,82.6,TD,25,1005,-1,5,245,25,1005
2016295N13089,2016,82,NI,BB,KYANT,28-10-2016 03:00,TS,15,82.4, , , ,15,82.4,TD,25,1005,-1,5,250,25,1005
2016295N13089,2016,82,NI,BB,KYANT,28-10-2016 06:00,TS,14.9,82.1, , , ,14.9,82.1,TD,25,1004,-1,5,240,25,1004
2016295N13089,2016,82,NI,BB,KYANT,28-10-2016 09:00,TS,14.8,81.9, , , ,14.8,81.9,TD,25,1004,-1,5,230,25,1004
2016295N13089,2016,82,NI,BB,KYANT,28-10-2016 12:00,TS,14.6,81.7, , , ,14.6,81.7,TD,25,1004,-1,5,230,25,1004
2016295N13089,2016,82,NI,BB,KYANT,28-10-2016 15:00,TS,14.4,81.5, , , ,14.4,81.5,TD,23,1006,-1,5,230,23,1006
2016295N13089,2016,82,NI,BB,KYANT,28-10-2016 18:00,DS,14.3,81.3, , , ,14.3,81.3,DB,20,1007,-3,3,230,20,1007
2016295N13089,2016,82,NI,BB,KYANT,28-10-2016 21:00,DS,14.2,81.2, , , ,14.2,81.2,DB,20,1007,-3,1,225,20,1007
2016295N13089,2016,82,NI,BB,KYANT,29-10-2016 00:00,DS,14.2,81.2, , , ,14.2,81.2,DB,20,1007,-3,2,220,20,1007
2016295N13089,2016,82,NI,BB,KYANT,29-10-2016 03:00,DS,14.1,81.1, , , ,14.1,81.1,DB,20,1007,-3,3,225,20,1007
2016295N13089,2016,82,NI,BB,KYANT,29-10-2016 06:00,DS,14,81, , , ,14,81,DB,20,1007,-3,3,225,20,1007
2016308N13088,2016,85,NI,BB,UNNAMED,02-11-2016 18:00,TS,12.7,88,25,1004,newdelhi, , , , , ,-5,10,280, , 
2016308N13088,2016,85,NI,BB,UNNAMED,02-11-2016 21:00,TS,12.8,87.5, , , , , , , , ,-5,10,285, , 
2016308N13088,2016,85,NI,BB,UNNAMED,03-11-2016 00:00,TS,13,87,25,1004,newdelhi, , , , , ,-5,12,305, , 
2016308N13088,2016,85,NI,BB,UNNAMED,03-11-2016 03:00,TS,13.4,86.5,25,1004,newdelhi, , , , , ,-5,12,305, , 
2016308N13088,2016,85,NI,BB,UNNAMED,03-11-2016 06:00,TS,13.7,86,25,1004,newdelhi, , , , , ,-5,10,305, , 
2016308N13088,2016,85,NI,BB,UNNAMED,03-11-2016 09:00,TS,14,85.7, , , , , , , , ,-5,7,315, , 
2016308N13088,2016,85,NI,BB,UNNAMED,03-11-2016 12:00,TS,14.2,85.5,25,1004,newdelhi, , , , , ,-5,6,310, , 
2016308N13088,2016,85,NI,BB,UNNAMED,03-11-2016 15:00,TS,14.4,85.2, , , , , , , , ,-5,6,310, , 
2016308N13088,2016,85,NI,BB,UNNAMED,03-11-2016 18:00,TS,14.6,85,25,1004,newdelhi, , , , , ,-5,7,330, , 
2016308N13088,2016,85,NI,BB,UNNAMED,03-11-2016 21:00,TS,15,84.9, , , , , , , , ,-5,9,350, , 
2016308N13088,2016,85,NI,BB,UNNAMED,04-11-2016 00:00,TS,15.5,84.8,25,1002,newdelhi, , , , , ,-5,10,350, , 
2016308N13088,2016,85,NI,BB,UNNAMED,04-11-2016 03:00,TS,16,84.7,25,1002,newdelhi, , , , , ,-5,5,350, , 
2016308N13088,2016,85,NI,BB,UNNAMED,04-11-2016 06:00,TS,16,84.7,25,1000,newdelhi, , , , , ,-5,1,0, , 
2016308N13088,2016,85,NI,BB,UNNAMED,04-11-2016 09:00,TS,16.1,84.7, , , , , , , , ,-5,3,0, , 
2016308N13088,2016,85,NI,BB,UNNAMED,04-11-2016 12:00,TS,16.3,84.7,25,1000,newdelhi, , , , , ,-5,5,10, , 
2016308N13088,2016,85,NI,BB,UNNAMED,04-11-2016 15:00,TS,16.6,84.8, , , , , , , , ,-5,7,25, , 
2016308N13088,2016,85,NI,BB,UNNAMED,04-11-2016 18:00,TS,16.9,85,25,1000,newdelhi, , , , , ,-5,9,40, , 
2016308N13088,2016,85,NI,BB,UNNAMED,04-11-2016 21:00,TS,17.2,85.4, , , , , , , , ,-5,13,50, , 
2016308N13088,2016,85,NI,BB,UNNAMED,05-11-2016 00:00,TS,17.7,86,25,1000,newdelhi, , , , , ,-5,19,55, , 
2016308N13088,2016,85,NI,BB,UNNAMED,05-11-2016 03:00,TS,18.3,87,25,1000,newdelhi, , , , , ,-5,12,50, , 
2016308N13088,2016,85,NI,BB,UNNAMED,05-11-2016 06:00,TS,18.5,87,25,1000,newdelhi, , , , , ,-5,8,60, , 
2016308N13088,2016,85,NI,BB,UNNAMED,05-11-2016 09:00,TS,18.7,87.7, , , , , , , , ,-5,17,75, , 
2016308N13088,2016,85,NI,BB,UNNAMED,05-11-2016 12:00,TS,19,88.7,25,1000,newdelhi, , , , , ,-5,14,70, , 
2016308N13088,2016,85,NI,BB,UNNAMED,05-11-2016 15:00,TS,19.2,89.1, , , , , , , , ,-5,9,55, , 
2016308N13088,2016,85,NI,BB,UNNAMED,05-11-2016 18:00,TS,19.5,89.5,25,1000,newdelhi, , , , , ,-5,13,55, , 
2016308N13088,2016,85,NI,BB,UNNAMED,05-11-2016 21:00,TS,20,90.3, , , , , , , , ,-5,17,55, , 
2016308N13088,2016,85,NI,BB,UNNAMED,06-11-2016 00:00,TS,20.5,91,25,1000,newdelhi, , , , , ,-5,16,50, , 
2016308N13088,2016,85,NI,BB,UNNAMED,06-11-2016 03:00,TS,21,91.5,25,1000,newdelhi, , , , , ,-5,13,35, , 
2016308N13088,2016,85,NI,BB,UNNAMED,06-11-2016 06:00,TS,21.5,91.8,25,1002,newdelhi, , , , , ,-5,7,30, , 
2016308N13088,2016,85,NI,BB,UNNAMED,06-11-2016 09:00,TS,21.6,91.9,25,1003,newdelhi, , , , , ,-5,3,45, , 
2016335N07088,2016,91,NI,BB,NADA,29-11-2016 12:00,TS,6.8,87.7,25,1004,newdelhi,7.2,87.9,TD,30,1000,-1,11,305,30,1000
2016335N07088,2016,91,NI,BB,NADA,29-11-2016 15:00,TS,7.2,87.3, , , ,7.5,87.4,TD,33,998,-1,11,305,33,998
2016335N07088,2016,91,NI,BB,NADA,29-11-2016 18:00,TS,7.5,86.8,25,1003,newdelhi,7.8,86.9,TS,35,996,0,11,305,35,996
2016335N07088,2016,91,NI,BB,NADA,29-11-2016 21:00,TS,7.8,86.3, , , ,8.1,86.5,TS,38,995,0,11,305,38,995
2016335N07088,2016,91,NI,BB,NADA,30-11-2016 00:00,TS,8.2,85.9,30,1002,newdelhi,8.5,86,TS,40,993,0,13,310,40,993
2016335N07088,2016,91,NI,BB,NADA,30-11-2016 03:00,TS,8.6,85.3,35,1002,newdelhi,9,85.4,TS,43,991,0,13,310,43,991
2016335N07088,2016,91,NI,BB,NADA,30-11-2016 06:00,TS,9,84.9,35,1002,newdelhi,9.4,84.7,TS,45,989,0,14,315,45,989
2016335N07088,2016,91,NI,BB,NADA,30-11-2016 09:00,TS,9.6,84.3,35,1002,newdelhi,9.6,84.2,TS,45,989,0,12,310,45,989
2016335N07088,2016,91,NI,BB,NADA,30-11-2016 12:00,TS,9.8,83.9,40,1000,newdelhi,9.8,83.8,TS,45,989,0,9,300,45,989
2016335N07088,2016,91,NI,BB,NADA,30-11-2016 15:00,TS,10,83.4,40,1000,newdelhi,10,83.3,TS,45,989,0,10,295,45,989
2016335N07088,2016,91,NI,BB,NADA,30-11-2016 18:00,TS,10.3,83,40,1000,newdelhi,10.2,82.9,TS,45,989,0,12,285,45,989
2016335N07088,2016,91,NI,BB,NADA,30-11-2016 21:00,TS,10.3,82.2,40,1000,newdelhi,10.3,82.5,TS,43,991,0,10,275,43,991
2016335N07088,2016,91,NI,BB,NADA,01-12-2016 00:00,TS,10.4,82,35,1000,newdelhi,10.3,82.1,TS,40,993,0,5,275,40,993
2016335N07088,2016,91,NI,BB,NADA,01-12-2016 03:00,TS,10.4,81.7,30,1001,newdelhi,10.3,81.7,TS,40,993,0,7,280,40,993
2016335N07088,2016,91,NI,BB,NADA,01-12-2016 06:00,TS,10.5,81.3,30,1003,newdelhi,10.4,81.3,TS,40,993,0,9,290,40,993
2016335N07088,2016,91,NI,BB,NADA,01-12-2016 09:00,TS,10.6,80.9, , , ,10.6,80.9,TS,38,995,0,7,290,38,995
2016335N07088,2016,91,NI,BB,NADA,01-12-2016 12:00,TS,10.8,80.6,30,1004,newdelhi,10.8,80.5,TS,35,996,0,5,285,35,996
2016335N07088,2016,91,NI,BB,NADA,01-12-2016 15:00,TS,10.8,80.4, , , ,10.8,80.3,TS,30,1000,-1,5,275,30,1000
2016335N07088,2016,91,NI,BB,NADA,01-12-2016 18:00,TS,10.8,80.1,25,1006,newdelhi,10.8,80.1,TD,25,1004,-1,5,275,25,1004
2016335N07088,2016,91,NI,BB,NADA,01-12-2016 21:00,TS,10.8,79.9, , , ,10.8,79.9,TD,23,1006,-1,5,280,23,1006
2016335N07088,2016,91,NI,BB,NADA,02-12-2016 00:00,MX,10.9,79.6,25,1006,newdelhi,10.9,79.6,DB,20,1007,-3,6,280,20,1007
2016335N07088,2016,91,NI,BB,NADA,02-12-2016 03:00,DS,11,79.3, , , ,11,79.3,DB,20,1007,-3,7,280,20,1007
2016335N07088,2016,91,NI,BB,NADA,02-12-2016 06:00,DS,11,78.9, , , ,11,78.9,DB,20,1007,-3,7,280,20,1007
2016341N08092,2016,92,NI,BB,VARDAH,06-12-2016 06:00,TS,7.8,91.7, , , ,7.8,91.7,TD,30,1000,-1,11,320,30,1000
2016341N08092,2016,92,NI,BB,VARDAH,06-12-2016 09:00,TS,8.2,91.3,25,1002,newdelhi,8.1,91.5,TD,30,1000,-1,9,310,30,1000
2016341N08092,2016,92,NI,BB,VARDAH,06-12-2016 12:00,TS,8.4,91,25,1002,newdelhi,8.3,91.4,TD,30,1000,-1,6,325,30,1000
2016341N08092,2016,92,NI,BB,VARDAH,06-12-2016 15:00,TS,8.7,91, , , ,8.5,91.4,TD,30,1002,-1,7,355,30,1002
2016341N08092,2016,92,NI,BB,VARDAH,06-12-2016 18:00,MX,9.1,91,25,1002,newdelhi,8.7,91.5,DB,30,1004,-3,7,0,30,1004
2016341N08092,2016,92,NI,BB,VARDAH,06-12-2016 21:00,MX,9.4,91, , , ,9,91.5,DB,30,1004,-3,5,0,30,1004
2016341N08092,2016,92,NI,BB,VARDAH,07-12-2016 00:00,MX,9.6,91,25,1002,newdelhi,9.4,91.5,DB,30,1004,-3,4,10,30,1004
2016341N08092,2016,92,NI,BB,VARDAH,07-12-2016 03:00,MX,9.8,91.1,25,1002,newdelhi,9.7,91.6,DB,30,1003,-3,3,25,30,1003
2016341N08092,2016,92,NI,BB,VARDAH,07-12-2016 06:00,MX,9.9,91.2,25,1002,newdelhi,10,91.8,DB,30,1001,-3,3,25,30,1001
2016341N08092,2016,92,NI,BB,VARDAH,07-12-2016 09:00,MX,10.1,91.2, , , ,10.3,91.9,DB,30,1001,-3,4,15,30,1001
2016341N08092,2016,92,NI,BB,VARDAH,07-12-2016 12:00,TS,10.3,91.3,25,1002,newdelhi,10.5,92,TD,30,1000,-1,5,5,30,1000
2016341N08092,2016,92,NI,BB,VARDAH,07-12-2016 15:00,TS,10.5,91.3, , , ,10.7,92,TD,35,997,0,6,0,35,997
2016341N08092,2016,92,NI,BB,VARDAH,07-12-2016 18:00,TS,10.8,91.3,30,1000,newdelhi,10.8,92,TS,40,993,0,4,0,40,993
2016341N08092,2016,92,NI,BB,VARDAH,07-12-2016 21:00,TS,11,91.3, , , ,10.9,92,TS,43,995,0,3,0,43,995
2016341N08092,2016,92,NI,BB,VARDAH,08-12-2016 00:00,TS,11.1,91.3,35,998,newdelhi,11,92,TS,45,997,0,4,0,45,997
2016341N08092,2016,92,NI,BB,VARDAH,08-12-2016 03:00,TS,11.3,91.3,35,998,newdelhi,11.1,92,TS,45,996,0,3,0,45,996
2016341N08092,2016,92,NI,BB,VARDAH,08-12-2016 06:00,TS,11.4,91.3,35,998,newdelhi,11.2,92,TS,45,995,0,1,325,45,995
2016341N08092,2016,92,NI,BB,VARDAH,08-12-2016 09:00,TS,11.4,91.2,35,998,newdelhi,11.2,91.9,TS,45,995,0,1,315,45,995
2016341N08092,2016,92,NI,BB,VARDAH,08-12-2016 12:00,TS,11.4,91.2,40,997,newdelhi,11.2,91.8,TS,45,995,0,2,315,45,995
2016341N08092,2016,92,NI,BB,VARDAH,08-12-2016 15:00,TS,11.5,91.1,40,997,newdelhi,11.2,91.7,TS,45,992,0,2,305,45,992
2016341N08092,2016,92,NI,BB,VARDAH,08-12-2016 18:00,TS,11.6,91,40,997,newdelhi,11.3,91.5,TS,45,989,0,3,320,45,989
2016341N08092,2016,92,NI,BB,VARDAH,08-12-2016 21:00,TS,11.7,90.9,40,997,newdelhi,11.4,91.3,TS,45,989,0,4,305,45,989
2016341N08092,2016,92,NI,BB,VARDAH,09-12-2016 00:00,TS,11.8,90.7,45,996,newdelhi,11.5,91,TS,45,989,0,3,305,45,989
2016341N08092,2016,92,NI,BB,VARDAH,09-12-2016 03:00,TS,11.9,90.6,45,996,newdelhi,11.6,90.8,TS,45,989,0,3,310,45,989
2016341N08092,2016,92,NI,BB,VARDAH,09-12-2016 06:00,TS,12,90.5,45,996,newdelhi,11.8,90.6,TS,45,989,0,3,305,45,989
2016341N08092,2016,92,NI,BB,VARDAH,09-12-2016 09:00,TS,12.1,90.3,45,996,newdelhi,11.9,90.3,TS,48,987,0,5,295,48,987
2016341N08092,2016,92,NI,BB,VARDAH,09-12-2016 12:00,TS,12.2,90,45,996,newdelhi,12.1,90,TS,50,985,0,6,285,50,985
2016341N08092,2016,92,NI,BB,VARDAH,09-12-2016 15:00,TS,12.2,89.7,45,994,newdelhi,12.3,89.6,TS,53,984,0,7,285,53,984
2016341N08092,2016,92,NI,BB,VARDAH,09-12-2016 18:00,TS,12.3,89.4,50,992,newdelhi,12.4,89.1,TS,55,982,0,10,285,55,982
2016341N08092,2016,92,NI,BB,VARDAH,09-12-2016 21:00,TS,12.5,88.8,55,990,newdelhi,12.5,88.6,TS,55,984,0,11,285,55,984
2016341N08092,2016,92,NI,BB,VARDAH,10-12-2016 00:00,TS,12.6,88.3,55,990,newdelhi,12.6,88.1,TS,55,985,0,10,280,55,985
2016341N08092,2016,92,NI,BB,VARDAH,10-12-2016 03:00,TS,12.7,87.8,55,990,newdelhi,12.7,87.6,TS,58,987,0,10,285,58,987
2016341N08092,2016,92,NI,BB,VARDAH,10-12-2016 06:00,TS,12.9,87.3,55,990,newdelhi,12.8,87.1,TS,60,989,0,11,285,60,989
2016341N08092,2016,92,NI,BB,VARDAH,10-12-2016 09:00,TS,13,86.7,60,988,newdelhi,12.8,86.7,TS,63,987,0,9,275,63,987
2016341N08092,2016,92,NI,BB,VARDAH,10-12-2016 12:00,TS,13,86.4,65,984,newdelhi,12.8,86.3,TY,65,985,1,9,275,65,985
2016341N08092,2016,92,NI,BB,VARDAH,10-12-2016 15:00,TS,13.1,85.9,65,984,newdelhi,12.8,85.8,TY,68,978,1,10,275,68,978
2016341N08092,2016,92,NI,BB,VARDAH,10-12-2016 18:00,TS,13.1,85.4,65,984,newdelhi,12.8,85.4,TY,70,970,1,8,270,70,970
2016341N08092,2016,92,NI,BB,VARDAH,10-12-2016 21:00,TS,13,85.1,65,982,newdelhi,12.8,85.2,TY,73,969,1,5,270,73,969
2016341N08092,2016,92,NI,BB,VARDAH,11-12-2016 00:00,TS,13.1,84.8,70,980,newdelhi,12.8,84.9,TY,75,967,1,7,265,75,967
2016341N08092,2016,92,NI,BB,VARDAH,11-12-2016 03:00,TS,13,84.4,70,980,newdelhi,12.9,84.4,TY,75,974,1,10,270,75,974
2016341N08092,2016,92,NI,BB,VARDAH,11-12-2016 06:00,TS,13.1,83.8,70,980,newdelhi,13,83.9,TY,75,980,1,9,275,75,980
2016341N08092,2016,92,NI,BB,VARDAH,11-12-2016 09:00,TS,13.1,83.4,70,980,newdelhi,13.1,83.6,TY,75,980,1,7,285,75,980
2016341N08092,2016,92,NI,BB,VARDAH,11-12-2016 12:00,TS,13.2,83.2,70,980,newdelhi,13.1,83.3,TY,75,979,1,8,280,75,979
2016341N08092,2016,92,NI,BB,VARDAH,11-12-2016 15:00,TS,13.2,82.7,70,980,newdelhi,13.1,82.8,TY,78,971,1,8,265,78,971
2016341N08092,2016,92,NI,BB,VARDAH,11-12-2016 18:00,TS,13.1,82.4,70,980,newdelhi,13.1,82.4,TY,80,963,1,7,265,80,963
2016341N08092,2016,92,NI,BB,VARDAH,11-12-2016 21:00,TS,13.2,82,70,978,newdelhi,13.1,82.1,TY,85,959,2,6,280,85,959
2016341N08092,2016,92,NI,BB,VARDAH,12-12-2016 00:00,TS,13.2,81.7,70,975,newdelhi,13.2,81.8,TY,80,963,1,7,275,80,963
2016341N08092,2016,92,NI,BB,VARDAH,12-12-2016 03:00,TS,13.2,81.3,70,975,newdelhi,13.2,81.4,TY,80,963,1,9,270,80,963
2016341N08092,2016,92,NI,BB,VARDAH,12-12-2016 06:00,TS,13.2,80.8,70,975,newdelhi,13.2,80.9,TY,80,963,1,9,265,80,963
2016341N08092,2016,92,NI,BB,VARDAH,12-12-2016 09:00,TS,13.2,80.3,60,975,newdelhi,13.2,80.4,TY,73,969,1,9,265,73,969
2016341N08092,2016,92,NI,BB,VARDAH,12-12-2016 12:00,TS,13.1,79.9,50,984,newdelhi,13.2,79.8,TY,65,974,1,9,265,65,974
2016341N08092,2016,92,NI,BB,VARDAH,12-12-2016 15:00,TS,13.1,79.4,40,994,newdelhi,13.2,79.3,TY,58,980,0,9,265,58,980
2016341N08092,2016,92,NI,BB,VARDAH,12-12-2016 18:00,TS,13,78.9,30,1002,newdelhi,13.2,78.8,TS,50,985,0,10,265,50,985
2016341N08092,2016,92,NI,BB,VARDAH,12-12-2016 21:00,TS,13,78.4, , , ,13.2,78.3,TS,40,995,0,11,270,40,995
2016341N08092,2016,92,NI,AS,VARDAH,13-12-2016 00:00,TS,13,77.8,20,1003,newdelhi,13.1,77.8,TD,30,1005,-1,10,275,30,1005
2016341N08092,2016,92,NI,AS,VARDAH,13-12-2016 03:00,TS,13,77.4, , , ,13,77.4,TD,28,1005,-1,8,270,28,1005
2016341N08092,2016,92,NI,AS,VARDAH,13-12-2016 06:00,TS,13,77, , , ,13,77,TD,25,1004,-1,9,270,25,1004
2016341N08092,2016,92,NI,AS,VARDAH,13-12-2016 09:00,TS,13,76.5, , , ,13,76.5,TD,25,1004,-1,10,275,25,1004
2016341N08092,2016,92,NI,AS,VARDAH,13-12-2016 12:00,TS,13.1,76, , , ,13.1,76,TD,25,1004,-1,9,280,25,1004
2016341N08092,2016,92,NI,AS,VARDAH,13-12-2016 15:00,TS,13.2,75.6, , , ,13.2,75.6,TD,23,1006,-1,9,275,23,1006
2016341N08092,2016,92,NI,AS,VARDAH,13-12-2016 18:00,DS,13.2,75.1, , , ,13.2,75.1,DB,20,1007,-3,10,275,20,1007
2016341N08092,2016,92,NI,AS,VARDAH,13-12-2016 21:00,DS,13.2,74.5, , , ,13.2,74.5,DB,20,1007,-3,11,270,20,1007
2016341N08092,2016,92,NI,AS,VARDAH,14-12-2016 00:00,DS,13.2,74, , , ,13.2,74,DB,20,1007,-3,10,265,20,1007
2016341N08092,2016,92,NI,AS,VARDAH,14-12-2016 03:00,DS,13.2,73.6, , , ,13.2,73.6,DB,20,1007,-3,8,265,20,1007
2016341N08092,2016,92,NI,AS,VARDAH,14-12-2016 06:00,DS,13.1,73.2, , , ,13.1,73.2,DB,20,1007,-3,7,255,20,1007
2016341N08092,2016,92,NI,AS,VARDAH,14-12-2016 09:00,DS,13,72.9, , , ,13,72.9,DB,23,1006,-3,6,250,23,1006
2016341N08092,2016,92,NI,AS,VARDAH,14-12-2016 12:00,TS,12.9,72.6, , , ,12.9,72.6,TD,25,1004,-1,7,250,25,1004
2016341N08092,2016,92,NI,AS,VARDAH,14-12-2016 15:00,TS,12.8,72.2, , , ,12.8,72.2,TD,25,1004,-1,8,250,25,1004
2016341N08092,2016,92,NI,AS,VARDAH,14-12-2016 18:00,TS,12.6,71.8, , , ,12.6,71.8,TD,25,1004,-1,9,245,25,1004
2016341N08092,2016,92,NI,AS,VARDAH,14-12-2016 21:00,TS,12.4,71.4, , , ,12.4,71.4,TD,25,1004,-1,9,245,25,1004
2016341N08092,2016,92,NI,AS,VARDAH,15-12-2016 00:00,TS,12.2,71, , , ,12.2,71,TD,25,1004,-1,9,245,25,1004
2016341N08092,2016,92,NI,AS,VARDAH,15-12-2016 03:00,TS,12,70.6, , , ,12,70.6,TD,25,1004,-1,9,245,25,1004
2016341N08092,2016,92,NI,AS,VARDAH,15-12-2016 06:00,TS,11.8,70.2, , , ,11.8,70.2,TD,25,1004,-1,8,240,25,1004
2016341N08092,2016,92,NI,AS,VARDAH,15-12-2016 09:00,TS,11.6,69.9, , , ,11.6,69.9,TD,25,1004,-1,8,240,25,1004
2016341N08092,2016,92,NI,AS,VARDAH,15-12-2016 12:00,TS,11.4,69.5, , , ,11.4,69.5,TD,25,1004,-1,9,245,25,1004
2016341N08092,2016,92,NI,AS,VARDAH,15-12-2016 15:00,TS,11.2,69, , , ,11.2,69,TD,25,1004,-1,10,255,25,1004
2016341N08092,2016,92,NI,AS,VARDAH,15-12-2016 18:00,TS,11.1,68.5, , , ,11.1,68.5,TD,25,1004,-1,10,265,25,1004
2016341N08092,2016,92,NI,AS,VARDAH,15-12-2016 21:00,TS,11.1,68, , , ,11.1,68,TD,28,1002,-1,10,275,28,1002
2016341N08092,2016,92,NI,AS,VARDAH,16-12-2016 00:00,TS,11.2,67.5, , , ,11.2,67.5,TD,30,1000,-1,10,275,30,1000
2016341N08092,2016,92,NI,AS,VARDAH,16-12-2016 03:00,TS,11.2,66.9, , , ,11.2,66.9,TD,30,1000,-1,11,270,30,1000
2016341N08092,2016,92,NI,AS,VARDAH,16-12-2016 06:00,TS,11.2,66.4, , , ,11.2,66.4,TD,30,1000,-1,10,270,30,1000
2016341N08092,2016,92,NI,AS,VARDAH,16-12-2016 09:00,TS,11.2,65.9, , , ,11.2,65.9,TD,30,1000,-1,10,270,30,1000
2016341N08092,2016,92,NI,AS,VARDAH,16-12-2016 12:00,TS,11.2,65.4, , , ,11.2,65.4,TD,30,1000,-1,10,270,30,1000
2016341N08092,2016,92,NI,AS,VARDAH,16-12-2016 15:00,TS,11.2,64.9, , , ,11.2,64.9,TD,30,1000,-1,12,265,30,1000
2016341N08092,2016,92,NI,AS,VARDAH,16-12-2016 18:00,TS,11.1,64.2, , , ,11.1,64.2,TD,30,1000,-1,17,265,30,1000
2016341N08092,2016,92,NI,AS,VARDAH,16-12-2016 21:00,TS,11,63.1,25,998,newdelhi,11,63.3,TD,30,1000,-1,21,270,30,1000
2016341N08092,2016,92,NI,AS,VARDAH,17-12-2016 00:00,TS,11.1,62.1,25,998,newdelhi,10.8,62.3,TD,30,1000,-1,17,275,30,1000
2016341N08092,2016,92,NI,AS,VARDAH,17-12-2016 03:00,TS,11.2,61.4, , , ,10.7,61.6,TD,30,1000,-1,13,260,30,1000
2016341N08092,2016,92,NI,AS,VARDAH,17-12-2016 06:00,TS,11,60.8,25,998,newdelhi,10.6,61,TD,30,1000,-1,11,250,30,1000
2016341N08092,2016,92,NI,AS,VARDAH,17-12-2016 09:00,TS,10.8,60.3, , , ,10.5,60.4,TD,30,1000,-1,10,250,30,1000
2016341N08092,2016,92,NI,AS,VARDAH,17-12-2016 12:00,TS,10.6,59.8,25,998,newdelhi,10.4,59.8,TD,30,1000,-1,13,245,30,1000
2016341N08092,2016,92,NI,AS,VARDAH,17-12-2016 15:00,TS,10.2,59.1, , , ,10.1,59.1,TD,33,998,-1,17,240,33,998
2016341N08092,2016,92,NI,AS,VARDAH,17-12-2016 18:00,TS,9.8,58.3,25,996,newdelhi,9.8,58.4,TS,35,996,0,18,250,35,996
2016341N08092,2016,92,NI,AS,VARDAH,17-12-2016 21:00,TS,9.5,57.4,20,994,newdelhi,9.6,57.6,TS,35,996,0,15,255,35,996
2016341N08092,2016,92,NI,AS,VARDAH,18-12-2016 00:00,TS,9.4,56.8, , , ,9.4,56.8,TS,35,996,0,13,260,35,996
2016341N08092,2016,92,NI,AS,VARDAH,18-12-2016 03:00,TS,9.3,56.1, , , ,9.3,56.1,TS,35,996,0,14,265,35,996
2016341N08092,2016,92,NI,AS,VARDAH,18-12-2016 06:00,TS,9.3,55.4, , , ,9.3,55.4,TS,35,996,0,15,270,35,996
2016341N08092,2016,92,NI,AS,VARDAH,18-12-2016 09:00,TS,9.3,54.6, , , ,9.3,54.6,TS,35,996,0,17,270,35,996
2016341N08092,2016,92,NI,AS,VARDAH,18-12-2016 12:00,TS,9.3,53.7, , , ,9.3,53.7,TS,35,996,0,17,270,35,996
2016341N08092,2016,92,NI,AS,VARDAH,18-12-2016 15:00,TS,9.3,52.9, , , ,9.3,52.9,TS,35,996,0,16,265,35,996
2016341N08092,2016,92,NI,AS,VARDAH,18-12-2016 18:00,TS,9.2,52.1, , , ,9.2,52.1,TS,35,996,0,14,260,35,996
2016341N08092,2016,92,NI,AS,VARDAH,18-12-2016 21:00,TS,9.1,51.5, , , ,9.1,51.5,TS,30,1000,-1,11,255,30,1000
2016341N08092,2016,92,NI,AS,VARDAH,19-12-2016 00:00,TS,8.9,51, , , ,8.9,51,TD,25,1004,-1,10,250,25,1004
2017104N08085,2017,18,NI,BB,MAARUTHA,14-04-2017 00:00,TS,8.2,85.3, , , ,8.2,85.3,TD,25,1004,-1,14,35,25,1004
2017104N08085,2017,18,NI,BB,MAARUTHA,14-04-2017 03:00,TS,8.8,85.7, , , ,8.8,85.7,TD,25,1005,-1,14,35,25,1005
2017104N08085,2017,18,NI,BB,MAARUTHA,14-04-2017 06:00,TS,9.4,86.1, , , ,9.4,86.1,TD,25,1005,-1,14,35,25,1005
2017104N08085,2017,18,NI,BB,MAARUTHA,14-04-2017 09:00,TS,10,86.5, , , ,10,86.5,TD,25,1005,-1,14,35,25,1005
2017104N08085,2017,18,NI,BB,MAARUTHA,14-04-2017 12:00,TS,10.5,86.9, , , ,10.5,86.9,TD,25,1005,-1,12,40,25,1005
2017104N08085,2017,18,NI,BB,MAARUTHA,14-04-2017 15:00,TS,10.9,87.3, , , ,10.9,87.3,TD,25,1005,-1,11,40,25,1005
2017104N08085,2017,18,NI,BB,MAARUTHA,14-04-2017 18:00,TS,11.3,87.6, , , ,11.3,87.6,TD,25,1005,-1,11,40,25,1005
2017104N08085,2017,18,NI,BB,MAARUTHA,14-04-2017 21:00,TS,11.8,88, , , ,11.8,88,TD,28,1003,-1,12,35,28,1003
2017104N08085,2017,18,NI,BB,MAARUTHA,15-04-2017 00:00,TS,12.2,88.3,25,1001,newdelhi,12.3,88.4,TD,30,1000,-1,12,35,30,1000
2017104N08085,2017,18,NI,BB,MAARUTHA,15-04-2017 03:00,TS,12.7,88.7,25,1001,newdelhi,12.9,88.9,TD,33,998,-1,14,40,33,998
2017104N08085,2017,18,NI,BB,MAARUTHA,15-04-2017 06:00,TS,13.3,89.2,25,1000,newdelhi,13.4,89.4,TS,35,996,0,14,45,35,996
2017104N08085,2017,18,NI,BB,MAARUTHA,15-04-2017 09:00,TS,13.8,89.7,30,999,newdelhi,13.8,89.9,TS,38,998,0,13,45,38,998
2017104N08085,2017,18,NI,BB,MAARUTHA,15-04-2017 12:00,TS,14.3,90.2,30,999,newdelhi,14.2,90.3,TS,40,999,0,13,45,40,999
2017104N08085,2017,18,NI,BB,MAARUTHA,15-04-2017 15:00,TS,14.7,90.7, , , ,14.5,90.7,TS,43,998,0,12,45,43,998
2017104N08085,2017,18,NI,BB,MAARUTHA,15-04-2017 18:00,TS,15.1,91.1,35,998,newdelhi,14.9,91.1,TS,45,996,0,9,45,45,996
2017104N08085,2017,18,NI,BB,MAARUTHA,15-04-2017 21:00,TS,15.4,91.3,40,996,newdelhi,15.3,91.5,TS,48,991,0,13,45,48,991
2017104N08085,2017,18,NI,BB,MAARUTHA,16-04-2017 00:00,TS,16,92,40,996,newdelhi,15.8,91.9,TS,50,985,0,17,40,50,985
2017104N08085,2017,18,NI,BB,MAARUTHA,16-04-2017 03:00,TS,16.6,92.5,40,996,newdelhi,16.6,92.4,TS,50,985,0,15,35,50,985
2017104N08085,2017,18,NI,BB,MAARUTHA,16-04-2017 06:00,TS,17.2,92.9,40,996,newdelhi,17.4,92.9,TS,50,985,0,13,35,50,985
2017104N08085,2017,18,NI,BB,MAARUTHA,16-04-2017 09:00,TS,17.7,93.2,40,996,newdelhi,18,93.3,TS,48,990,0,11,35,48,990
2017104N08085,2017,18,NI,BB,MAARUTHA,16-04-2017 12:00,TS,18.1,93.6,40,996,newdelhi,18.4,93.6,TS,45,995,0,10,40,45,995
2017104N08085,2017,18,NI,BB,MAARUTHA,16-04-2017 15:00,TS,18.5,93.9,40,996,newdelhi,18.8,93.9,TS,40,998,0,9,40,40,998
2017104N08085,2017,18,NI,BB,MAARUTHA,16-04-2017 18:00,TS,18.8,94.3,40,996,newdelhi,19.2,94.2,TS,35,1001,0,13,45,35,1001
2017104N08085,2017,18,NI,BB,MAARUTHA,16-04-2017 21:00,TS,19.3,94.8,30,1000,newdelhi,19.6,94.7,TS,33,1001,-1,15,45,33,1001
2017104N08085,2017,18,NI,BB,MAARUTHA,17-04-2017 00:00,TS,19.8,95.4,20,1002,newdelhi,20.1,95.3,TD,30,1000,-1,14,45,30,1000
2017147N14087,2017,27,NI,BB,MORA,27-05-2017 06:00,TS,13.9,87.4, , , ,13.9,87.4,TD,25,1000,-1,10,95,25,1000
2017147N14087,2017,27,NI,BB,MORA,27-05-2017 09:00,TS,13.8,87.9, , , ,13.8,87.9,TD,28,1000,-1,10,95,28,1000
2017147N14087,2017,27,NI,BB,MORA,27-05-2017 12:00,TS,13.8,88.4, , , ,13.8,88.4,TD,30,1000,-1,9,90,30,1000
2017147N14087,2017,27,NI,BB,MORA,27-05-2017 15:00,TS,13.8,88.8, , , ,13.8,88.8,TD,33,998,-1,8,85,33,998
2017147N14087,2017,27,NI,BB,MORA,27-05-2017 18:00,TS,13.9,89.2, , , ,13.9,89.2,TS,35,996,0,8,75,35,996
2017147N14087,2017,27,NI,BB,MORA,27-05-2017 21:00,TS,14,89.6, , , ,14,89.6,TS,35,998,0,6,55,35,998
2017147N14087,2017,27,NI,BB,MORA,28-05-2017 00:00,TS,14.2,89.7,25,998,newdelhi,14.3,90,TS,35,999,0,8,40,35,999
2017147N14087,2017,27,NI,BB,MORA,28-05-2017 03:00,TS,14.7,90.1,25,998,newdelhi,14.7,90.4,TS,35,998,0,11,40,35,998
2017147N14087,2017,27,NI,BB,MORA,28-05-2017 06:00,TS,15.1,90.5,25,997,newdelhi,15.2,90.8,TS,35,996,0,10,35,35,996
2017147N14087,2017,27,NI,BB,MORA,28-05-2017 09:00,TS,15.5,90.7,30,996,newdelhi,15.5,91,TS,38,995,0,7,30,38,995
2017147N14087,2017,27,NI,BB,MORA,28-05-2017 12:00,TS,15.8,90.9,30,995,newdelhi,15.8,91,TS,40,993,0,6,25,40,993
2017147N14087,2017,27,NI,BB,MORA,28-05-2017 15:00,TS,16,91,35,994,newdelhi,16,91,TS,43,991,0,6,25,43,991
2017147N14087,2017,27,NI,BB,MORA,28-05-2017 18:00,TS,16.3,91.1,35,994,newdelhi,16.3,91,TS,45,989,0,6,15,45,989
2017147N14087,2017,27,NI,BB,MORA,28-05-2017 21:00,TS,16.6,91.2,40,992,newdelhi,16.6,91.1,TS,48,989,0,7,10,48,989
2017147N14087,2017,27,NI,BB,MORA,29-05-2017 00:00,TS,17,91.3,45,990,newdelhi,17,91.2,TS,50,988,0,7,10,50,988
2017147N14087,2017,27,NI,BB,MORA,29-05-2017 03:00,TS,17.3,91.3,45,990,newdelhi,17.3,91.4,TS,53,986,0,8,15,53,986
2017147N14087,2017,27,NI,BB,MORA,29-05-2017 06:00,TS,17.8,91.5,45,988,newdelhi,17.7,91.5,TS,55,983,0,10,15,55,983
2017147N14087,2017,27,NI,BB,MORA,29-05-2017 09:00,TS,18.2,91.6,45,986,newdelhi,18.2,91.6,TS,58,981,0,9,10,58,981
2017147N14087,2017,27,NI,BB,MORA,29-05-2017 12:00,TS,18.7,91.6,50,984,newdelhi,18.7,91.7,TS,60,978,0,8,5,60,978
2017147N14087,2017,27,NI,BB,MORA,29-05-2017 15:00,TS,19,91.6,55,980,newdelhi,19.2,91.7,TS,65,974,1,12,0,65,974
2017147N14087,2017,27,NI,BB,MORA,29-05-2017 18:00,TS,19.8,91.7,55,980,newdelhi,19.7,91.7,TY,70,970,1,13,5,70,970
2017147N14087,2017,27,NI,BB,MORA,29-05-2017 21:00,TS,20.3,91.7,60,978,newdelhi,20.2,91.8,TY,75,967,1,12,10,75,967
2017147N14087,2017,27,NI,BB,MORA,30-05-2017 00:00,TS,21,91.9,60,978,newdelhi,20.9,92,TY,80,963,1,17,10,80,963
2017147N14087,2017,27,NI,BB,MORA,30-05-2017 03:00,TS,21.9,92,60,978,newdelhi,22,92,TY,68,972,1,20,0,68,972
2017147N14087,2017,27,NI,BB,MORA,30-05-2017 06:00,TS,23,92,55,982,newdelhi,23.2,92.1,TS,55,980,0,20,5,55,980
2017147N14087,2017,27,NI,BB,MORA,30-05-2017 09:00,TS,23.9,92.2,40,988,newdelhi,24.3,92.2,TS,48,987,0,17,10,48,987
2017147N14087,2017,27,NI,BB,MORA,30-05-2017 12:00,TS,24.7,92.4,30,990,newdelhi,25.1,92.5,TS,40,993,0,13,15,40,993
2017147N14087,2017,27,NI,BB,MORA,30-05-2017 15:00,TS,25.2,92.6, , , ,25.6,92.9,TS,35,997,0,11,25,35,997
2017147N14087,2017,27,NI,BB,MORA,30-05-2017 18:00,TS,25.7,92.9,20,994,newdelhi,26,93.3,TD,30,1000,-1,10,30,30,1000
2017163N20090,2017,31,NI,BB,UNNAMED,11-06-2017 12:00,TS,20.5,89.5,25,990,newdelhi, , , , , ,-5,11,25, , 
2017163N20090,2017,31,NI,BB,UNNAMED,11-06-2017 15:00,TS,21,89.7, , , , , , , , ,-5,11,25, , 
2017163N20090,2017,31,NI,BB,UNNAMED,11-06-2017 18:00,TS,21.5,90,25,988,newdelhi, , , , , ,-5,11,30, , 
2017163N20090,2017,31,NI,BB,UNNAMED,11-06-2017 21:00,TS,22,90.3, , , , , , , , ,-5,11,25, , 
2017163N20090,2017,31,NI,BB,UNNAMED,12-06-2017 00:00,TS,22.5,90.5,30,988,newdelhi, , , , , ,-5,10,10, , 
2017163N20090,2017,31,NI,BB,UNNAMED,12-06-2017 03:00,TS,23,90.5,30,990,newdelhi, , , , , ,-5,10,10, , 
2017163N20090,2017,31,NI,BB,UNNAMED,12-06-2017 06:00,TS,23.5,90.7,30,990,newdelhi, , , , , ,-5,9,20, , 
2017163N20090,2017,31,NI,BB,UNNAMED,12-06-2017 09:00,TS,23.8,90.8, , , , , , , , ,-5,6,30, , 
2017163N20090,2017,31,NI,BB,UNNAMED,12-06-2017 12:00,TS,24,91,30,990,newdelhi, , , , , ,-5,6,40, , 
2017163N20090,2017,31,NI,BB,UNNAMED,12-06-2017 15:00,TS,24.2,91.2, , , , , , , , ,-5,7,40, , 
2017163N20090,2017,31,NI,BB,UNNAMED,12-06-2017 18:00,TS,24.5,91.5,25,995,newdelhi, , , , , ,-5,7,45, , 
2017199N19086,2017,43,NI,BB,UNNAMED,18-07-2017 00:00,TS,19,86,25,992,newdelhi, , , , , ,-5,0,0, , 
2017199N19086,2017,43,NI,BB,UNNAMED,18-07-2017 03:00,TS,19,86,25,992,newdelhi, , , , , ,-5,7,315, , 
2017199N19086,2017,43,NI,BB,UNNAMED,18-07-2017 06:00,TS,19.5,85.5,25,992,newdelhi, , , , , ,-5,10,320, , 
2017199N19086,2017,43,NI,BB,UNNAMED,18-07-2017 09:00,TS,19.8,85.3, , , , , , , , ,-5,4,335, , 
2017199N19086,2017,43,NI,BB,UNNAMED,18-07-2017 12:00,TS,19.9,85.3,25,992,newdelhi, , , , , ,-5,1,0, , 
2017199N19086,2017,43,NI,BB,UNNAMED,18-07-2017 15:00,TS,19.9,85.3, , , , , , , , ,-5,0,0, , 
2017199N19086,2017,43,NI,BB,UNNAMED,18-07-2017 18:00,TS,19.9,85.3,25,994,newdelhi, , , , , ,-5,1,350, , 
2017199N19086,2017,43,NI,BB,UNNAMED,18-07-2017 21:00,TS,20,85.3, , , , , , , , ,-5,2,335, , 
2017199N19086,2017,43,NI,BB,UNNAMED,19-07-2017 00:00,TS,20.1,85.2,25,994,newdelhi, , , , , ,-5,3,335, , 
2017207N24085,2017,51,NI,BB,UNNAMED,26-07-2017 00:00,TS,24,85,25,993,newdelhi, , , , , ,-5,0,0, , 
2017207N24085,2017,51,NI,BB,UNNAMED,26-07-2017 03:00,TS,24,85,25,994,newdelhi, , , , , ,-5,0,0, , 
2017207N24085,2017,51,NI,BB,UNNAMED,26-07-2017 06:00,TS,24,85,25,994,newdelhi, , , , , ,-5,0,0, , 
2017207N24085,2017,51,NI,BB,UNNAMED,26-07-2017 09:00,TS,24,85, , , , , , , , ,-5,0,0, , 
2017207N24085,2017,51,NI,BB,UNNAMED,26-07-2017 12:00,TS,24,85,20,994,newdelhi, , , , , ,-5,0,0, , 
2017207N24085,2017,51,NI,BB,UNNAMED,26-07-2017 15:00,TS,24,85, , , , , , , , ,-5,0,0, , 
2017207N24085,2017,51,NI,BB,UNNAMED,26-07-2017 18:00,TS,24,85,20,995,newdelhi, , , , , ,-5,0,0, , 
2017207N24085,2017,51,NI,BB,UNNAMED,26-07-2017 21:00,TS,24,85, , , , , , , , ,-5,0,0, , 
2017207N24085,2017,51,NI,BB,UNNAMED,27-07-2017 00:00,TS,24,85,20,995,newdelhi, , , , , ,-5,0,0, , 
2017232N19130,2017,62,WP,MM,HATO,19-08-2017 12:00,TS,19.1,130.1, ,1006,tokyo, , , , , ,-5,10,290, , 
2017232N19130,2017,62,WP,MM,HATO,19-08-2017 15:00,TS,19.3,129.6, , , , , , , , ,-5,5,260, , 
2017232N19130,2017,62,WP,MM,HATO,19-08-2017 18:00,TS,19,129.6, ,1004,tokyo, , , , , ,-5,4,250, , 
2017232N19130,2017,62,WP,MM,HATO,19-08-2017 21:00,TS,19.1,129.2, , , , , , , , ,-5,8,285, , 
2017232N19130,2017,62,WP,MM,HATO,20-08-2017 00:00,TS,19.3,128.8, ,1004,tokyo, , , , , ,-5,9,285, , 
2017232N19130,2017,62,WP,MM,HATO,20-08-2017 03:00,TS,19.4,128.3, , , , , , , , ,-5,11,285, , 
2017232N19130,2017,62,WP,MM,HATO,20-08-2017 06:00,MX,19.5,127.7, ,1002,tokyo,19.8,127,LO,20,1007,-3,11,280,20,1007
2017232N19130,2017,62,WP,MM,HATO,20-08-2017 09:00,MX,19.6,127.2, , , ,19.6,126.8,LO,23,1006,-3,10,275,23,1006
2017232N19130,2017,62,WP,MM,HATO,20-08-2017 12:00,MX,19.6,126.7,35,998,tokyo,19.5,126.5,LO,25,1004,-3,8,275,25,1004
2017232N19130,2017,62,WP,MM,HATO,20-08-2017 15:00,MX,19.7,126.3, , , ,19.5,126.1,LO,28,1002,-3,7,280,28,1002
2017232N19130,2017,62,WP,MM,HATO,20-08-2017 18:00,MX,19.8,125.9,35,996,tokyo,19.6,125.6,LO,30,1000,-3,7,290,30,1000
2017232N19130,2017,62,WP,MM,HATO,20-08-2017 21:00,MX,19.9,125.6, , , ,19.8,125.3,LO,30,1000,-3,8,290,30,1000
2017232N19130,2017,62,WP,MM,HATO,21-08-2017 00:00,TS,20.1,125.1,35,994,tokyo,20,125,TD,30,1000,-1,9,290,30,1000
2017232N19130,2017,62,WP,MM,HATO,21-08-2017 03:00,TS,20.2,124.6, , , ,20.3,124.6,TD,33,998,-1,10,285,33,998
2017232N19130,2017,62,WP,MM,HATO,21-08-2017 06:00,TS,20.3,124.1,35,994,tokyo,20.4,124,TS,35,996,0,10,275,35,996
2017232N19130,2017,62,WP,MM,HATO,21-08-2017 09:00,TS,20.4,123.6, , , ,20.3,123.4,TS,40,993,0,11,270,40,993
2017232N19130,2017,62,WP,MM,HATO,21-08-2017 12:00,TS,20.3,122.9,40,990,tokyo,20.1,122.7,TS,45,989,0,14,265,45,989
2017232N19130,2017,62,WP,MM,HATO,21-08-2017 15:00,TS,20.2,122.1, , , ,20,122,TS,45,989,0,15,260,45,989
2017232N19130,2017,62,WP,MM,HATO,21-08-2017 18:00,TS,20.1,121.3,40,990,tokyo,20,121.3,TS,45,989,0,14,270,45,989
2017232N19130,2017,62,WP,MM,HATO,21-08-2017 21:00,TS,20.2,120.6, , , ,20,120.6,TS,48,987,0,13,275,48,987
2017232N19130,2017,62,WP,MM,HATO,22-08-2017 00:00,TS,20.3,120,45,985,tokyo,20.1,119.9,TS,50,985,0,12,280,50,985
2017232N19130,2017,62,WP,MM,HATO,22-08-2017 03:00,TS,20.4,119.4, , , ,20.2,119.2,TS,55,983,0,12,280,55,983
2017232N19130,2017,62,WP,MM,HATO,22-08-2017 06:00,TS,20.4,118.7,60,975,tokyo,20.4,118.6,TS,60,981,0,13,275,60,981
2017232N19130,2017,62,WP,MM,HATO,22-08-2017 09:00,TS,20.5,118, , , ,20.5,118,TS,68,974,1,13,275,68,974
2017232N19130,2017,62,WP,MM,HATO,22-08-2017 12:00,TS,20.6,117.3,60,975,tokyo,20.6,117.3,TY,75,967,1,13,285,75,967
2017232N19130,2017,62,WP,MM,HATO,22-08-2017 15:00,TS,20.8,116.7, , , ,20.8,116.6,TY,78,965,1,14,290,78,965
2017232N19130,2017,62,WP,MM,HATO,22-08-2017 18:00,TS,21,116,65,970,tokyo,21,115.9,TY,80,963,1,14,290,80,963
2017232N19130,2017,62,WP,MM,HATO,22-08-2017 21:00,TS,21.2,115.2, , , ,21.2,115.2,TY,85,960,2,15,290,85,960
2017232N19130,2017,62,WP,MM,HATO,23-08-2017 00:00,TS,21.5,114.5,75,965,tokyo,21.5,114.5,TY,90,956,2,16,295,90,956
2017232N19130,2017,62,WP,MM,HATO,23-08-2017 03:00,TS,21.9,113.7, , , ,21.9,113.6,TY,100,948,3,16,295,100,948
2017232N19130,2017,62,WP,MM,HATO,23-08-2017 06:00,TS,22.2,112.9,75,965,tokyo,22.2,112.8,TY,85,964,2,17,290,85,964
2017232N19130,2017,62,WP,MM,HATO,23-08-2017 09:00,TS,22.5,111.9, , , ,22.5,111.9,TY,73,971,1,19,285,73,971
2017232N19130,2017,62,WP,MM,HATO,23-08-2017 12:00,TS,22.7,110.9,50,985,tokyo,22.7,111,TS,60,978,0,18,285,60,978
2017232N19130,2017,62,WP,MM,HATO,23-08-2017 15:00,TS,22.9,110, , , ,23,110,TS,53,984,0,17,285,53,984
2017232N19130,2017,62,WP,MM,HATO,23-08-2017 18:00,TS,23.1,109.1,40,994,tokyo,23.3,109,TS,45,989,0,16,285,45,989
2017232N19130,2017,62,WP,MM,HATO,23-08-2017 21:00,TS,23.3,108.3, , , ,23.4,108.3,TS,40,993,0,15,280,40,993
2017232N19130,2017,62,WP,MM,HATO,24-08-2017 00:00,TS,23.4,107.6,35,996,tokyo,23.5,107.6,TS,35,996,0,14,280,35,996
2017232N19130,2017,62,WP,MM,HATO,24-08-2017 03:00,TS,23.6,106.9, , , ,23.6,106.8,TS,33,998,-1,13,280,33,998
2017232N19130,2017,62,WP,MM,HATO,24-08-2017 06:00,TS,23.7,106.2,35,996,tokyo,23.8,106,TD,30,1000,-1,13,275,30,1000
2017232N19130,2017,62,WP,MM,HATO,24-08-2017 09:00,TS,23.7,105.5, , , ,24,105.1,TD,25,1004,-1,13,275,25,1004
2017232N19130,2017,62,WP,MM,HATO,24-08-2017 12:00,MX,23.8,104.7, ,998,tokyo,24.1,104.2,DB,20,1007,-3,17,270,20,1007
2017232N19130,2017,62,WP,MM,HATO,24-08-2017 15:00,TS,23.7,103.6, , , , , ,DB, , ,-3,22,270, , 
2017232N19130,2017,62,WP,MM,HATO,24-08-2017 18:00,TS,23.7,102.4, ,1000,tokyo, , , , , ,-5,24,270, , 
2017232N19130,2017,62,WP,MM,HATO,24-08-2017 21:00,TS,23.7,101, , , , , , , , ,-5,25,270, , 
2017232N19130,2017,62,NI,BB,HATO,25-08-2017 00:00,MX,23.7,99.7, , , , , , , , ,-5,25,270, , 
2017282N22088,2017,85,NI,BB,UNNAMED,09-10-2017 00:00,TS,22.4,88.4,25,996,newdelhi, , , , , ,-5,2,0, , 
2017282N22088,2017,85,NI,BB,UNNAMED,09-10-2017 03:00,TS,22.5,88.4,30,996,newdelhi, , , , , ,-5,2,335, , 
2017282N22088,2017,85,NI,BB,UNNAMED,09-10-2017 06:00,TS,22.6,88.3,30,996,newdelhi, , , , , ,-5,3,325, , 
2017282N22088,2017,85,NI,BB,UNNAMED,09-10-2017 09:00,TS,22.7,88.2, , , , , , , , ,-5,4,330, , 
2017282N22088,2017,85,NI,BB,UNNAMED,09-10-2017 12:00,TS,22.9,88.1,30,997,newdelhi, , , , , ,-5,3,325, , 
2017282N22088,2017,85,NI,BB,UNNAMED,09-10-2017 15:00,TS,23,88, , , , , , , , ,-5,3,305, , 
2017282N22088,2017,85,NI,BB,UNNAMED,09-10-2017 18:00,TS,23.1,87.8,30,997,newdelhi, , , , , ,-5,5,280, , 
2017282N22088,2017,85,NI,BB,UNNAMED,09-10-2017 21:00,TS,23.1,87.5, , , , , , , , ,-5,7,280, , 
2017282N22088,2017,85,NI,BB,UNNAMED,10-10-2017 00:00,TS,23.2,87.1,30,998,newdelhi, , , , , ,-5,8,300, , 
2017282N22088,2017,85,NI,BB,UNNAMED,10-10-2017 03:00,TS,23.5,86.7,30,1000,newdelhi, , , , , ,-5,8,325, , 
2017282N22088,2017,85,NI,BB,UNNAMED,10-10-2017 06:00,TS,23.8,86.6,25,1000,newdelhi, , , , , ,-5,6,345, , 
2017292N17087,2017,90,NI,BB,UNNAMED,19-10-2017 00:00,TS,16.5,86.5,25,999,newdelhi, , , , , ,-5,6,0, , 
2017292N17087,2017,90,NI,BB,UNNAMED,19-10-2017 03:00,TS,16.8,86.5,25,998,newdelhi, , , , , ,-5,8,345, , 
2017292N17087,2017,90,NI,BB,UNNAMED,19-10-2017 06:00,TS,17.3,86.3,25,998,newdelhi, , , , , ,-5,17,355, , 
2017292N17087,2017,90,NI,BB,UNNAMED,19-10-2017 09:00,TS,18.4,86.3, , , , , , , , ,-5,27,5, , 
2017292N17087,2017,90,NI,BB,UNNAMED,19-10-2017 12:00,TS,20,86.5,25,998,newdelhi, , , , , ,-5,32,5, , 
2017307N07102,2017,95,WP,MM,UNNAMED,03-11-2017 00:00,DS,7.2,102.4, , , ,7.2,102.4,DB,15,1010,-3,7,285,15,1010
2017307N07102,2017,95,WP,MM,UNNAMED,03-11-2017 03:00,DS,7.3,102, , , ,7.3,102,DB,15,1010,-3,6,280,15,1010
2017307N07102,2017,95,WP,MM,UNNAMED,03-11-2017 06:00,DS,7.3,101.8, , , ,7.3,101.8,DB,15,1010,-3,3,250,15,1010
2017307N07102,2017,95,WP,MM,UNNAMED,03-11-2017 09:00,DS,7.2,101.7, , , ,7.2,101.7,DB,15,1010,-3,3,195,15,1010
2017307N07102,2017,95,WP,MM,UNNAMED,03-11-2017 12:00,DS,7,101.7, , , ,7,101.7,DB,15,1010,-3,4,205,15,1010
2017307N07102,2017,95,WP,MM,UNNAMED,03-11-2017 15:00,DS,6.8,101.5, , , ,6.8,101.5,DB,15,1010,-3,6,225,15,1010
2017307N07102,2017,95,WP,MM,UNNAMED,03-11-2017 18:00,DS,6.6,101.3, , , ,6.6,101.3,DB,15,1010,-3,6,240,15,1010
2017307N07102,2017,95,WP,MM,UNNAMED,03-11-2017 21:00,DS,6.5,101, , , ,6.5,101,DB,15,1010,-3,6,250,15,1010
2017307N07102,2017,95,WP,MM,UNNAMED,04-11-2017 00:00,DS,6.4,100.7, , , ,6.4,100.7,DB,15,1010,-3,6,240,15,1010
2017307N07102,2017,95,WP,MM,UNNAMED,04-11-2017 03:00,DS,6.2,100.5, , , ,6.2,100.5,DB,18,1009,-3,5,215,18,1009
2017307N07102,2017,95,WP,MM,UNNAMED,04-11-2017 06:00,DS,6,100.4, , , ,6,100.4,DB,20,1007,-3,5,205,20,1007
2017307N07102,2017,95,WP,MM,UNNAMED,04-11-2017 09:00,DS,5.8,100.3, , , ,5.8,100.3,DB,23,1006,-3,4,195,23,1006
2017307N07102,2017,95,WP,MM,UNNAMED,04-11-2017 12:00,TS,5.6,100.3, , , ,5.6,100.3,TD,25,1004,-1,4,0,25,1004
2017307N07102,2017,95,WP,MM,UNNAMED,04-11-2017 15:00,TS,5.4,100.3, , , ,5.4,100.3,TD,25,1004,-1,4,165,25,1004
2017307N07102,2017,95,WP,MM,UNNAMED,04-11-2017 18:00,TS,5.2,100.4, , , ,5.2,100.4,TD,25,1004,-1,4,130,25,1004
2017307N07102,2017,95,WP,MM,UNNAMED,04-11-2017 21:00,TS,5.1,100.6, , , ,5.1,100.6,TD,23,1006,-1,5,100,23,1006
2017307N07102,2017,95,WP,MM,UNNAMED,05-11-2017 00:00,DS,5.1,100.9, , , ,5.1,100.9,DB,20,1007,-3,7,90,20,1007
2017307N07102,2017,95,WP,MM,UNNAMED,05-11-2017 03:00,DS,5.1,101.3, , , ,5.1,101.3,DB,18,1009,-3,7,80,18,1009
2017307N07102,2017,95,WP,MM,UNNAMED,05-11-2017 06:00,DS,5.2,101.6, , , ,5.2,101.6,DB,15,1010,-3,7,55,15,1010
2017307N07102,2017,95,WP,MM,UNNAMED,05-11-2017 09:00,DS,5.5,101.8, , , ,5.5,101.8,DB,18,1009,-3,7,35,18,1009
2017307N07102,2017,95,WP,MM,UNNAMED,05-11-2017 12:00,DS,5.8,102, , , ,5.8,102,DB,20,1007,-3,8,40,20,1007
2017307N07102,2017,95,WP,MM,UNNAMED,05-11-2017 15:00,DS,6.1,102.3, , , ,6.1,102.3,DB,20,1007,-3,9,40,20,1007
2017307N07102,2017,95,WP,MM,UNNAMED,05-11-2017 18:00,DS,6.5,102.6, , , ,6.5,102.6,DB,20,1006,-3,9,20,20,1006
2017307N07102,2017,95,WP,MM,UNNAMED,05-11-2017 21:00,DS,7,102.6, , , ,7,102.6,DB,20,1006,-3,10,0,20,1006
2017307N07102,2017,95,WP,MM,UNNAMED,06-11-2017 00:00,DS,7.5,102.6, , , ,7.5,102.6,DB,20,1006,-3,10,355,20,1006
2017307N07102,2017,95,WP,MM,UNNAMED,06-11-2017 03:00,DS,7.9,102.6, , , ,7.9,102.6,DB,23,1006,-3,8,0,23,1006
2017307N07102,2017,95,WP,MM,UNNAMED,06-11-2017 06:00,TS,8.3,102.6, , , ,8.3,102.6,TD,25,1005,-1,6,360,25,1005
2017307N07102,2017,95,WP,MM,UNNAMED,06-11-2017 09:00,TS,8.6,102.6, , , ,8.6,102.6,TD,25,1005,-1,5,350,25,1005
2017307N07102,2017,95,WP,MM,UNNAMED,06-11-2017 12:00,TS,8.8,102.5, , , ,8.8,102.5,TD,25,1005,-1,6,330,25,1005
2017307N07102,2017,95,WP,MM,UNNAMED,06-11-2017 15:00,TS,9,102.3, , , ,9,102.3,TD,25,1005,-1,7,315,25,1005
2017307N07102,2017,95,WP,MM,UNNAMED,06-11-2017 18:00,TS,9.3,102, , , ,9.3,102,TD,25,1004,-1,8,315,25,1004
2017307N07102,2017,95,WP,MM,UNNAMED,06-11-2017 21:00,TS,9.6,101.7, , , ,9.6,101.7,TD,25,1004,-1,8,315,25,1004
2017307N07102,2017,95,WP,MM,UNNAMED,07-11-2017 00:00,TS,9.9,101.4, , , ,9.9,101.4,TD,25,1004,-1,9,310,25,1004
2017307N07102,2017,95,WP,MM,UNNAMED,07-11-2017 03:00,TS,10.2,101, , , ,10.2,101,TD,25,1004,-1,9,310,25,1004
2017307N07102,2017,95,WP,MM,UNNAMED,07-11-2017 06:00,TS,10.5,100.7, , , ,10.5,100.7,TD,25,1004,-1,7,320,25,1004
2017307N07102,2017,95,WP,MM,UNNAMED,07-11-2017 09:00,TS,10.7,100.6, , , ,10.7,100.6,TD,25,1005,-1,4,335,25,1005
2017307N07102,2017,95,WP,MM,UNNAMED,07-11-2017 12:00,TS,10.9,100.5, , , ,10.9,100.5,TD,25,1005,-1,4,310,25,1005
2017307N07102,2017,95,WP,MM,UNNAMED,07-11-2017 15:00,TS,11,100.3, , , ,11,100.3,TD,25,1005,-1,5,290,25,1005
2017307N07102,2017,95,WP,MM,UNNAMED,07-11-2017 18:00,TS,11.1,100, , , ,11.1,100,TD,25,1005,-1,5,290,25,1005
2017307N07102,2017,95,NI,BB,UNNAMED,07-11-2017 21:00,TS,11.2,99.8, , , ,11.2,99.8,TD,23,1006,-1,4,295,23,1006
2017307N07102,2017,95,NI,BB,UNNAMED,08-11-2017 00:00,DS,11.3,99.6, , , ,11.3,99.6,DB,20,1007,-3,4,300,20,1007
2017319N15083,2017,98,NI,BB,UNNAMED,15-11-2017 03:00,TS,15,83,25,1004,newdelhi, , , , , ,-5,10,0, , 
2017319N15083,2017,98,NI,BB,UNNAMED,15-11-2017 06:00,TS,15.5,83,25,1004,newdelhi, , , , , ,-5,9,5, , 
2017319N15083,2017,98,NI,BB,UNNAMED,15-11-2017 09:00,TS,15.9,83.1, , , , , , , , ,-5,8,20, , 
2017319N15083,2017,98,NI,BB,UNNAMED,15-11-2017 12:00,TS,16.2,83.3,25,1001,newdelhi, , , , , ,-5,9,30, , 
2017319N15083,2017,98,NI,BB,UNNAMED,15-11-2017 15:00,TS,16.6,83.5, , , , , , , , ,-5,9,30, , 
2017319N15083,2017,98,NI,BB,UNNAMED,15-11-2017 18:00,TS,17,83.8,25,1002,newdelhi, , , , , ,-5,8,30, , 
2017319N15083,2017,98,NI,BB,UNNAMED,15-11-2017 21:00,TS,17.3,84, , , , , , , , ,-5,6,30, , 
2017319N15083,2017,98,NI,BB,UNNAMED,16-11-2017 00:00,TS,17.5,84.1,25,1004,newdelhi, , , , , ,-5,5,40, , 
2017319N15083,2017,98,NI,BB,UNNAMED,16-11-2017 03:00,TS,17.7,84.3,25,1004,newdelhi, , , , , ,-5,3,45, , 
2017319N15083,2017,98,NI,BB,UNNAMED,16-11-2017 06:00,TS,17.7,84.3,25,1004,newdelhi, , , , , ,-5,3,60, , 
2017319N15083,2017,98,NI,BB,UNNAMED,16-11-2017 09:00,TS,17.9,84.6, , , , , , , , ,-5,8,60, , 
2017319N15083,2017,98,NI,BB,UNNAMED,16-11-2017 12:00,TS,18.1,85,25,1004,newdelhi, , , , , ,-5,8,55, , 
2017319N15083,2017,98,NI,BB,UNNAMED,16-11-2017 15:00,TS,18.3,85.3, , , , , , , , ,-5,6,50, , 
2017319N15083,2017,98,NI,BB,UNNAMED,16-11-2017 18:00,TS,18.5,85.5,25,1004,newdelhi, , , , , ,-5,4,50, , 
2017319N15083,2017,98,NI,BB,UNNAMED,16-11-2017 21:00,TS,18.5,85.6, , , , , , , , ,-5,4,45, , 
2017319N15083,2017,98,NI,BB,UNNAMED,17-11-2017 00:00,TS,18.8,85.8,25,1004,newdelhi, , , , , ,-5,12,35, , 
2017319N15083,2017,98,NI,BB,UNNAMED,17-11-2017 03:00,TS,19.5,86.3,25,1006,newdelhi, , , , , ,-5,17,35, , 
2017333N06082,2017,102,NI,BB,OCKHI,28-11-2017 18:00,TS,6,82.2, , , ,6,82.2,TD,30,1000,-1,4,255,30,1000
2017333N06082,2017,102,NI,BB,OCKHI,28-11-2017 21:00,TS,5.9,82, , , ,5.9,82,TD,30,1000,-1,5,260,30,1000
2017333N06082,2017,102,NI,BB,OCKHI,29-11-2017 00:00,TS,5.9,81.7, , , ,5.9,81.7,TD,30,1000,-1,6,275,30,1000
2017333N06082,2017,102,NI,BB,OCKHI,29-11-2017 03:00,TS,6,81.4,25,1004,newdelhi,5.9,81.3,TD,30,1000,-1,10,280,30,1000
2017333N06082,2017,102,NI,BB,OCKHI,29-11-2017 06:00,TS,6.1,80.7,25,1004,newdelhi,5.9,80.8,TD,30,1000,-1,13,275,30,1000
2017333N06082,2017,102,NI,BB,OCKHI,29-11-2017 09:00,TS,6.2,80.1, , , ,6,80.3,TD,33,998,-1,8,275,33,998
2017333N06082,2017,102,NI,BB,OCKHI,29-11-2017 12:00,TS,6.2,79.9,25,1002,newdelhi,6.2,79.7,TS,35,996,0,7,285,35,996
2017333N06082,2017,102,NI,BB,OCKHI,29-11-2017 15:00,TS,6.3,79.5, , , ,6.4,79.2,TS,38,995,0,9,290,38,995
2017333N06082,2017,102,NI,BB,OCKHI,29-11-2017 18:00,TS,6.5,79,25,1002,newdelhi,6.7,78.8,TS,40,993,0,10,295,40,993
2017333N06082,2017,102,NI,BB,OCKHI,29-11-2017 21:00,TS,6.7,78.5,30,1001,newdelhi,6.9,78.4,TS,43,991,0,10,295,43,991
2017333N06082,2017,102,NI,BB,OCKHI,30-11-2017 00:00,TS,7,78.1,30,1000,newdelhi,7.2,77.9,TS,45,989,0,14,305,45,989
2017333N06082,2017,102,NI,AS,OCKHI,30-11-2017 03:00,TS,7.5,77.4,35,999,newdelhi,7.5,77.2,TS,48,987,0,16,300,48,987
2017333N06082,2017,102,NI,AS,OCKHI,30-11-2017 06:00,TS,7.8,76.8,40,998,newdelhi,7.8,76.6,TS,50,985,0,12,290,50,985
2017333N06082,2017,102,NI,AS,OCKHI,30-11-2017 09:00,TS,7.9,76.3,45,996,newdelhi,8,76.2,TS,53,990,0,10,290,53,990
2017333N06082,2017,102,NI,AS,OCKHI,30-11-2017 12:00,TS,8.2,75.8,45,996,newdelhi,8.1,75.8,TS,55,995,0,10,290,55,995
2017333N06082,2017,102,NI,AS,OCKHI,30-11-2017 15:00,TS,8.3,75.4,45,996,newdelhi,8.3,75.3,TS,58,993,0,10,290,58,993
2017333N06082,2017,102,NI,AS,OCKHI,30-11-2017 18:00,TS,8.5,74.9,45,994,newdelhi,8.5,74.9,TS,60,990,0,9,290,60,990
2017333N06082,2017,102,NI,AS,OCKHI,30-11-2017 21:00,TS,8.6,74.5,45,994,newdelhi,8.6,74.5,TS,63,982,0,8,290,63,982
2017333N06082,2017,102,NI,AS,OCKHI,01-12-2017 00:00,TS,8.8,74.1,50,992,newdelhi,8.7,74.2,TY,65,974,1,8,285,65,974
2017333N06082,2017,102,NI,AS,OCKHI,01-12-2017 03:00,TS,8.8,73.8,55,990,newdelhi,8.8,73.7,TY,68,972,1,8,280,68,972
2017333N06082,2017,102,NI,AS,OCKHI,01-12-2017 06:00,TS,8.9,73.4,60,989,newdelhi,8.8,73.3,TY,70,970,1,8,280,70,970
2017333N06082,2017,102,NI,AS,OCKHI,01-12-2017 09:00,TS,8.9,73,65,988,newdelhi,8.8,73,TY,73,969,1,6,280,73,969
2017333N06082,2017,102,NI,AS,OCKHI,01-12-2017 12:00,TS,9,72.8,65,986,newdelhi,8.8,72.8,TY,75,967,1,5,280,75,967
2017333N06082,2017,102,NI,AS,OCKHI,01-12-2017 15:00,TS,9.1,72.5,65,984,newdelhi,8.8,72.5,TY,78,971,1,7,280,78,971
2017333N06082,2017,102,NI,AS,OCKHI,01-12-2017 18:00,TS,9.2,72.1,70,982,newdelhi,8.9,72.1,TY,80,975,1,7,290,80,975
2017333N06082,2017,102,NI,AS,OCKHI,01-12-2017 21:00,TS,9.3,71.8,75,980,newdelhi,9.1,71.8,TY,83,973,2,7,295,83,973
2017333N06082,2017,102,NI,AS,OCKHI,02-12-2017 00:00,TS,9.5,71.5,80,978,newdelhi,9.3,71.5,TY,85,970,2,7,300,85,970
2017333N06082,2017,102,NI,AS,OCKHI,02-12-2017 03:00,TS,9.6,71.2,80,978,newdelhi,9.5,71.3,TY,88,963,2,6,305,88,963
2017333N06082,2017,102,NI,AS,OCKHI,02-12-2017 06:00,TS,9.8,71,85,976,newdelhi,9.8,71,TY,90,956,2,8,310,90,956
2017333N06082,2017,102,NI,AS,OCKHI,02-12-2017 09:00,TS,10.2,70.6,85,976,newdelhi,10.1,70.7,TY,95,952,2,10,315,95,952
2017333N06082,2017,102,NI,AS,OCKHI,02-12-2017 12:00,TS,10.5,70.3,85,976,newdelhi,10.4,70.3,TY,100,948,3,9,315,100,948
2017333N06082,2017,102,NI,AS,OCKHI,02-12-2017 15:00,TS,10.7,70,85,976,newdelhi,10.7,70,TY,98,950,3,8,315,98,950
2017333N06082,2017,102,NI,AS,OCKHI,02-12-2017 18:00,TS,11,69.7,85,976,newdelhi,10.9,69.7,TY,95,952,2,7,315,95,952
2017333N06082,2017,102,NI,AS,OCKHI,02-12-2017 21:00,TS,11.2,69.5,85,976,newdelhi,11.1,69.5,TY,93,954,2,7,320,93,954
2017333N06082,2017,102,NI,AS,OCKHI,03-12-2017 00:00,TS,11.5,69.3,85,976,newdelhi,11.3,69.3,TY,90,956,2,8,330,90,956
2017333N06082,2017,102,NI,AS,OCKHI,03-12-2017 03:00,TS,11.9,69,80,977,newdelhi,11.7,69.1,TY,85,966,2,8,335,85,966
2017333N06082,2017,102,NI,AS,OCKHI,03-12-2017 06:00,TS,12.2,68.9,75,978,newdelhi,12.1,68.9,TY,80,975,1,6,335,80,975
2017333N06082,2017,102,NI,AS,OCKHI,03-12-2017 09:00,TS,12.4,68.8,75,980,newdelhi,12.5,68.8,TY,78,976,1,7,345,78,976
2017333N06082,2017,102,NI,AS,OCKHI,03-12-2017 12:00,TS,12.9,68.7,75,982,newdelhi,12.8,68.7,TY,75,977,1,7,345,75,977
2017333N06082,2017,102,NI,AS,OCKHI,03-12-2017 15:00,TS,13.1,68.6,75,982,newdelhi,13.2,68.6,TY,75,978,1,7,345,75,978
2017333N06082,2017,102,NI,AS,OCKHI,03-12-2017 18:00,TS,13.5,68.5,75,982,newdelhi,13.5,68.5,TY,75,979,1,8,350,75,979
2017333N06082,2017,102,NI,AS,OCKHI,03-12-2017 21:00,TS,13.9,68.5,75,982,newdelhi,13.8,68.5,TY,75,973,1,8,0,75,973
2017333N06082,2017,102,NI,AS,OCKHI,04-12-2017 00:00,TS,14.3,68.5,70,984,newdelhi,14.1,68.5,TY,75,967,1,6,5,75,967
2017333N06082,2017,102,NI,AS,OCKHI,04-12-2017 03:00,TS,14.5,68.5,65,986,newdelhi,14.4,68.6,TY,73,975,1,5,20,73,975
2017333N06082,2017,102,NI,AS,OCKHI,04-12-2017 06:00,TS,14.8,68.7,65,986,newdelhi,14.7,68.7,TY,70,983,1,7,35,70,983
2017333N06082,2017,102,NI,AS,OCKHI,04-12-2017 09:00,TS,15.1,69,65,986,newdelhi,15.1,68.9,TY,68,984,1,9,30,68,984
2017333N06082,2017,102,NI,AS,OCKHI,04-12-2017 12:00,TS,15.6,69.2,60,988,newdelhi,15.5,69.2,TY,65,984,1,11,30,65,984
2017333N06082,2017,102,NI,AS,OCKHI,04-12-2017 15:00,TS,16.1,69.5,60,988,newdelhi,16,69.6,TY,63,981,0,12,35,63,981
2017333N06082,2017,102,NI,AS,OCKHI,04-12-2017 18:00,TS,16.6,69.9,55,990,newdelhi,16.6,70,TS,60,978,0,12,35,60,978
2017333N06082,2017,102,NI,AS,OCKHI,04-12-2017 21:00,TS,17,70.3,55,992,newdelhi,17.2,70.5,TS,55,982,0,12,35,55,982
2017333N06082,2017,102,NI,AS,OCKHI,05-12-2017 00:00,TS,17.5,70.7,50,994,newdelhi,17.7,70.9,TS,50,985,0,11,40,50,985
2017333N06082,2017,102,NI,AS,OCKHI,05-12-2017 03:00,TS,17.9,71,45,996,newdelhi,18.1,71.2,TS,43,991,0,9,40,43,991
2017333N06082,2017,102,NI,AS,OCKHI,05-12-2017 06:00,TS,18.2,71.2,40,998,newdelhi,18.3,71.5,TS,35,996,0,6,40,35,996
2017333N06082,2017,102,NI,AS,OCKHI,05-12-2017 09:00,TS,18.3,71.4,30,1000,newdelhi,18.4,71.7,TS,33,998,-1,4,40,33,998
2017333N06082,2017,102,NI,AS,OCKHI,05-12-2017 12:00,MX,18.5,71.5,30,1002,newdelhi,18.5,71.8,EX,30,1000,-4,5,25,30,1000
2017333N06082,2017,102,NI,AS,OCKHI,05-12-2017 15:00,TS,18.8,71.6,25,1003,newdelhi, , ,EX, , ,-4,8,30, , 
2017333N06082,2017,102,NI,AS,OCKHI,05-12-2017 18:00,TS,19.2,71.9,20,1004,newdelhi, , , , , ,-5,10,35, , 
2017340N09089,2017,103,NI,BB,UNNAMED,06-12-2017 03:00,TS,8.5,88.5,25,1004,newdelhi, , , , , ,-5,7,325, , 
2017340N09089,2017,103,NI,BB,UNNAMED,06-12-2017 06:00,TS,8.8,88.3,25,1004,newdelhi, , , , , ,-5,9,335, , 
2017340N09089,2017,103,NI,BB,UNNAMED,06-12-2017 09:00,TS,9.3,88.1, , , , , , , , ,-5,11,345, , 
2017340N09089,2017,103,NI,BB,UNNAMED,06-12-2017 12:00,TS,9.8,88,25,1004,newdelhi, , , , , ,-5,6,345, , 
2017340N09089,2017,103,NI,BB,UNNAMED,06-12-2017 15:00,TS,9.9,88, , , , , , , , ,-5,2,10, , 
2017340N09089,2017,103,NI,BB,UNNAMED,06-12-2017 18:00,TS,10,88,25,1004,newdelhi, , , , , ,-5,5,0, , 
2017340N09089,2017,103,NI,BB,UNNAMED,06-12-2017 21:00,TS,10.4,88, , , , , , , , ,-5,11,0, , 
2017340N09089,2017,103,NI,BB,UNNAMED,07-12-2017 00:00,TS,11.1,88,25,1004,newdelhi, , , , , ,-5,16,0, , 
2017340N09089,2017,103,NI,BB,UNNAMED,07-12-2017 03:00,TS,12,88,25,1004,newdelhi, , , , , ,-5,11,355, , 
2017340N09089,2017,103,NI,BB,UNNAMED,07-12-2017 06:00,TS,12.2,87.9,25,1004,newdelhi, , , , , ,-5,5,335, , 
2017340N09089,2017,103,NI,BB,UNNAMED,07-12-2017 09:00,TS,12.5,87.8, , , , , , , , ,-5,6,340, , 
2017340N09089,2017,103,NI,BB,UNNAMED,07-12-2017 12:00,TS,12.8,87.7,25,1004,newdelhi, , , , , ,-5,6,350, , 
2017340N09089,2017,103,NI,BB,UNNAMED,07-12-2017 15:00,TS,13.1,87.7, , , , , , , , ,-5,6,350, , 
2017340N09089,2017,103,NI,BB,UNNAMED,07-12-2017 18:00,TS,13.4,87.6,25,1004,newdelhi, , , , , ,-5,8,335, , 
2017340N09089,2017,103,NI,BB,UNNAMED,07-12-2017 21:00,TS,13.8,87.3, , , , , , , , ,-5,11,325, , 
2017340N09089,2017,103,NI,BB,UNNAMED,08-12-2017 00:00,TS,14.3,87,30,1002,newdelhi, , , , , ,-5,13,340, , 
2017340N09089,2017,103,NI,BB,UNNAMED,08-12-2017 03:00,TS,15,86.8,30,1002,newdelhi, , , , , ,-5,16,345, , 
2017340N09089,2017,103,NI,BB,UNNAMED,08-12-2017 06:00,TS,15.8,86.6,30,1002,newdelhi,17.2,86.3,TS,40,993,0,15,345,40,993
2017340N09089,2017,103,NI,BB,UNNAMED,08-12-2017 09:00,TS,16.5,86.5, , , ,17.5,86.3,TS,43,991,0,12,345,43,991
2017340N09089,2017,103,NI,BB,UNNAMED,08-12-2017 12:00,TS,17,86.3,30,1002,newdelhi,17.7,86.4,TS,45,989,0,11,355,45,989
2017340N09089,2017,103,NI,BB,UNNAMED,08-12-2017 15:00,TS,17.6,86.3, , , ,17.9,86.5,TS,43,994,0,10,0,43,994
2017340N09089,2017,103,NI,BB,UNNAMED,08-12-2017 18:00,TS,18.1,86.4,25,1004,newdelhi,18.1,86.5,TS,40,999,0,8,5,40,999
2017340N09089,2017,103,NI,BB,UNNAMED,08-12-2017 21:00,TS,18.4,86.4, , , ,18.2,86.5,TS,38,998,0,6,10,38,998
2017340N09089,2017,103,NI,BB,UNNAMED,09-12-2017 00:00,TS,18.7,86.5,25,1004,newdelhi,18.4,86.6,TS,35,996,0,5,35,35,996
2017340N09089,2017,103,NI,BB,UNNAMED,09-12-2017 03:00,TS,18.8,86.7,25,1004,newdelhi,18.6,86.7,TS,33,998,-1,5,45,33,998
2017340N09089,2017,103,NI,BB,UNNAMED,09-12-2017 06:00,TS,19,86.9,25,1004,newdelhi,18.9,86.9,TD,30,1000,-1,5,55,30,1000
2017340N09089,2017,103,NI,BB,UNNAMED,09-12-2017 09:00,TS,19.1,87.1, , , ,19.1,87.1,TD,30,1000,-1,5,55,30,1000
2017340N09089,2017,103,NI,BB,UNNAMED,09-12-2017 12:00,TS,19.3,87.3, , , ,19.3,87.3,TD,30,1000,-1,5,35,30,1000
2017340N09089,2017,103,NI,BB,UNNAMED,09-12-2017 15:00,TS,19.5,87.4, , , ,19.5,87.4,TD,28,1005,-1,6,30,28,1005
2017340N09089,2017,103,NI,BB,UNNAMED,09-12-2017 18:00,TS,19.8,87.6, , , ,19.8,87.6,TD,25,1009,-1,7,35,25,1009
2017340N09089,2017,103,NI,BB,UNNAMED,09-12-2017 21:00,TS,20.1,87.8, , , ,20.1,87.8,TD,25,1009,-1,8,40,25,1009
2017340N09089,2017,103,NI,BB,UNNAMED,10-12-2017 00:00,TS,20.4,88.1, , , ,20.4,88.1,TD,25,1009,-1,8,40,25,1009
2017340N09089,2017,103,NI,BB,UNNAMED,10-12-2017 03:00,TS,20.7,88.4, , , ,20.7,88.4,TD,23,1008,-1,9,40,23,1008
2017340N09089,2017,103,NI,BB,UNNAMED,10-12-2017 06:00,TS,21.1,88.7, , , ,21.1,88.7,TD,20,1007,-1,9,40,20,1007
2018072N05076,2018,12,NI,AS,UNNAMED,13-03-2018 03:00,TS,5,76,25,1006,newdelhi, , , , , ,-5,11,340, , 
2018072N05076,2018,12,NI,AS,UNNAMED,13-03-2018 06:00,TS,5.5,75.8,25,1006,newdelhi, , , , , ,-5,12,330, , 
2018072N05076,2018,12,NI,AS,UNNAMED,13-03-2018 09:00,TS,6.1,75.4, , , , , , , , ,-5,13,320, , 
2018072N05076,2018,12,NI,AS,UNNAMED,13-03-2018 12:00,TS,6.5,75,25,1006,newdelhi, , , , , ,-5,8,320, , 
2018072N05076,2018,12,NI,AS,UNNAMED,13-03-2018 15:00,TS,6.7,74.9, , , , , , , , ,-5,3,315, , 
2018072N05076,2018,12,NI,AS,UNNAMED,13-03-2018 18:00,TS,6.7,74.8,25,1006,newdelhi, , , , , ,-5,2,310, , 
2018072N05076,2018,12,NI,AS,UNNAMED,13-03-2018 21:00,TS,6.8,74.7, , , , , , , , ,-5,4,315, , 
2018072N05076,2018,12,NI,AS,UNNAMED,14-03-2018 00:00,TS,7,74.5,25,1006,newdelhi, , , , , ,-5,10,315, , 
2018072N05076,2018,12,NI,AS,UNNAMED,14-03-2018 03:00,TS,7.5,74,25,1006,newdelhi, , , , , ,-5,14,315, , 
2018072N05076,2018,12,NI,AS,UNNAMED,14-03-2018 06:00,TS,8,73.5,25,1006,newdelhi, , , , , ,-5,13,315, , 
2018072N05076,2018,12,NI,AS,UNNAMED,14-03-2018 09:00,TS,8.4,73.1, , , , , , , , ,-5,10,315, , 
2018072N05076,2018,12,NI,AS,UNNAMED,14-03-2018 12:00,TS,8.7,72.8,25,1006,newdelhi, , , , , ,-5,7,320, , 
2018072N05076,2018,12,NI,AS,UNNAMED,14-03-2018 15:00,TS,8.9,72.6, , , , , , , , ,-5,5,325, , 
2018072N05076,2018,12,NI,AS,UNNAMED,14-03-2018 18:00,TS,9.1,72.5,25,1006,newdelhi, , , , , ,-5,4,325, , 
2018136N11054,2018,24,NI,AS,SAGAR,15-05-2018 18:00,DS,11.3,53.7, , , ,11.3,53.7,DB,20,1007,-3,12,305,20,1007
2018136N11054,2018,24,NI,AS,SAGAR,15-05-2018 21:00,DS,11.6,53.2, , , ,11.6,53.2,DB,23,1006,-3,12,305,23,1006
2018136N11054,2018,24,NI,AS,SAGAR,16-05-2018 00:00,TS,12,52.7, , , ,12,52.7,TD,25,1004,-1,13,305,25,1004
2018136N11054,2018,24,NI,AS,SAGAR,16-05-2018 03:00,TS,12.4,52.2, , , ,12.4,52.2,TD,25,1004,-1,13,305,25,1004
2018136N11054,2018,24,NI,AS,SAGAR,16-05-2018 06:00,TS,12.7,51.6, , , ,12.7,51.6,TD,25,1004,-1,12,300,25,1004
2018136N11054,2018,24,NI,AS,SAGAR,16-05-2018 09:00,TS,12.9,51.1, , , ,12.9,51.1,TD,28,1005,-1,12,290,28,1005
2018136N11054,2018,24,NI,AS,SAGAR,16-05-2018 12:00,TS,13.1,50.5,25,1001,newdelhi,13.1,50.6,TD,30,1005,-1,11,280,30,1005
2018136N11054,2018,24,NI,AS,SAGAR,16-05-2018 15:00,TS,13.2,50, , , ,13.2,50.1,TD,33,1004,-1,8,280,33,1004
2018136N11054,2018,24,NI,AS,SAGAR,16-05-2018 18:00,TS,13.2,49.7,30,1001,newdelhi,13.2,49.7,TS,35,1002,0,6,275,35,1002
2018136N11054,2018,24,NI,AS,SAGAR,16-05-2018 21:00,TS,13.2,49.4, , , ,13.2,49.5,TS,38,1002,0,5,270,38,1002
2018136N11054,2018,24,NI,AS,SAGAR,17-05-2018 00:00,TS,13.2,49.2,30,999,newdelhi,13.2,49.3,TS,40,1002,0,5,270,40,1002
2018136N11054,2018,24,NI,AS,SAGAR,17-05-2018 03:00,TS,13.2,48.9,35,997,newdelhi,13.2,49.1,TS,43,996,0,5,260,43,996
2018136N11054,2018,24,NI,AS,SAGAR,17-05-2018 06:00,TS,13.1,48.7,35,997,newdelhi,13.2,48.9,TS,45,989,0,5,255,45,989
2018136N11054,2018,24,NI,AS,SAGAR,17-05-2018 09:00,TS,13.1,48.4,35,997,newdelhi,13.1,48.6,TS,48,987,0,5,260,48,987
2018136N11054,2018,24,NI,AS,SAGAR,17-05-2018 12:00,TS,13,48.1,40,996,newdelhi,13,48.1,TS,50,985,0,8,255,50,985
2018136N11054,2018,24,NI,AS,SAGAR,17-05-2018 15:00,TS,12.9,47.7,40,996,newdelhi,12.7,47.5,TS,50,985,0,9,245,50,985
2018136N11054,2018,24,NI,AS,SAGAR,17-05-2018 18:00,TS,12.6,47.3,40,996,newdelhi,12.4,47,TS,50,985,0,9,240,50,985
2018136N11054,2018,24,NI,AS,SAGAR,17-05-2018 21:00,TS,12.4,46.9,40,996,newdelhi,12.1,46.7,TS,50,985,0,9,240,50,985
2018136N11054,2018,24,NI,AS,SAGAR,18-05-2018 00:00,TS,12.2,46.5,45,996,newdelhi,11.9,46.4,TS,50,985,0,8,240,50,985
2018136N11054,2018,24,NI,AS,SAGAR,18-05-2018 03:00,TS,12,46.2,45,994,newdelhi,11.8,46.1,TS,53,984,0,6,240,53,984
2018136N11054,2018,24,NI,AS,SAGAR,18-05-2018 06:00,TS,11.9,46,45,994,newdelhi,11.7,45.9,TS,55,982,0,6,245,55,982
2018136N11054,2018,24,NI,AS,SAGAR,18-05-2018 09:00,TS,11.7,45.6,45,994,newdelhi,11.6,45.7,TS,58,980,0,5,235,58,980
2018136N11054,2018,24,NI,AS,SAGAR,18-05-2018 12:00,TS,11.5,45.5,45,994,newdelhi,11.5,45.5,TS,60,978,0,5,225,60,978
2018136N11054,2018,24,NI,AS,SAGAR,18-05-2018 15:00,TS,11.4,45.3,45,994,newdelhi,11.4,45.3,TS,63,976,0,5,230,63,976
2018136N11054,2018,24,NI,AS,SAGAR,18-05-2018 18:00,TS,11.3,45.1,45,994,newdelhi,11.2,45.1,TY,65,974,1,4,235,65,974
2018136N11054,2018,24,NI,AS,SAGAR,18-05-2018 21:00,TS,11.1,45,45,994,newdelhi,11,44.9,TY,63,976,0,4,235,63,976
2018136N11054,2018,24,NI,AS,SAGAR,19-05-2018 00:00,TS,11,44.8,45,994,newdelhi,10.9,44.7,TS,60,978,0,6,240,60,978
2018136N11054,2018,24,NI,AS,SAGAR,19-05-2018 03:00,TS,10.8,44.5,45,994,newdelhi,10.7,44.5,TS,58,980,0,6,240,58,980
2018136N11054,2018,24,NI,AS,SAGAR,19-05-2018 06:00,TS,10.7,44.2,40,996,newdelhi,10.6,44.3,TS,55,982,0,5,235,55,982
2018136N11054,2018,24,NI,AS,SAGAR,19-05-2018 09:00,TS,10.5,44,40,998,newdelhi,10.4,44.1,TS,53,989,0,6,230,53,989
2018136N11054,2018,24,NI,AS,SAGAR,19-05-2018 12:00,TS,10.4,43.8,35,1000,newdelhi,10.3,43.9,TS,50,995,0,5,235,50,995
2018136N11054,2018,24,NI,AS,SAGAR,19-05-2018 15:00,TS,10.2,43.6, , , ,10.1,43.7,TS,48,992,0,4,230,48,992
2018136N11054,2018,24,NI,AS,SAGAR,19-05-2018 18:00,TS,10.1,43.4,30,1001,newdelhi,10,43.5,TS,45,989,0,5,240,45,989
2018136N11054,2018,24,NI,AS,SAGAR,19-05-2018 21:00,TS,10,43.2, , , ,9.9,43.2,TS,43,991,0,6,255,43,991
2018136N11054,2018,24,NI,AS,SAGAR,20-05-2018 00:00,TS,9.9,42.8,25,1003,newdelhi,9.9,42.8,TS,40,993,0,8,260,40,993
2018136N11054,2018,24,NI,AS,SAGAR,20-05-2018 03:00,TS,9.9,42.3, , , ,9.9,42.3,TS,35,997,0,10,265,35,997
2018136N11054,2018,24,NI,AS,SAGAR,20-05-2018 06:00,TS,9.8,41.8, , , ,9.8,41.8,TD,30,1000,-1,10,265,30,1000
2018141N08059,2018,25,NI,AS,MEKUNU,21-05-2018 06:00,TS,7.9,58.6, , , ,7.9,58.6,TD,25,1004,-1,6,315,25,1004
2018141N08059,2018,25,NI,AS,MEKUNU,21-05-2018 09:00,TS,8.1,58.4, , , ,8.1,58.4,TD,25,1004,-1,6,325,25,1004
2018141N08059,2018,25,NI,AS,MEKUNU,21-05-2018 12:00,TS,8.4,58.3,25,1004,newdelhi,8.3,58.2,TD,25,1004,-1,5,325,25,1004
2018141N08059,2018,25,NI,AS,MEKUNU,21-05-2018 15:00,TS,8.5,58.1, , , ,8.5,58,TD,28,1004,-1,5,310,28,1004
2018141N08059,2018,25,NI,AS,MEKUNU,21-05-2018 18:00,TS,8.7,57.9,25,1003,newdelhi,8.7,57.8,TD,30,1003,-1,5,310,30,1003
2018141N08059,2018,25,NI,AS,MEKUNU,21-05-2018 21:00,TS,8.9,57.7, , , ,8.9,57.6,TD,33,1001,-1,5,315,33,1001
2018141N08059,2018,25,NI,AS,MEKUNU,22-05-2018 00:00,TS,9.1,57.5,25,1002,newdelhi,9.1,57.5,TS,35,999,0,6,315,35,999
2018141N08059,2018,25,NI,AS,MEKUNU,22-05-2018 03:00,TS,9.3,57.3,30,1001,newdelhi,9.3,57.4,TS,35,1000,0,6,320,35,1000
2018141N08059,2018,25,NI,AS,MEKUNU,22-05-2018 06:00,TS,9.6,57.1,30,1000,newdelhi,9.6,57.2,TS,35,1000,0,7,330,35,1000
2018141N08059,2018,25,NI,AS,MEKUNU,22-05-2018 09:00,TS,9.9,56.9, , , ,9.9,57,TS,38,997,0,7,335,38,997
2018141N08059,2018,25,NI,AS,MEKUNU,22-05-2018 12:00,TS,10.2,56.8,35,998,newdelhi,10.2,56.8,TS,40,993,0,7,335,40,993
2018141N08059,2018,25,NI,AS,MEKUNU,22-05-2018 15:00,TS,10.5,56.6,35,998,newdelhi,10.4,56.6,TS,45,989,0,6,320,45,989
2018141N08059,2018,25,NI,AS,MEKUNU,22-05-2018 18:00,TS,10.7,56.4,40,996,newdelhi,10.6,56.4,TS,50,985,0,5,305,50,985
2018141N08059,2018,25,NI,AS,MEKUNU,22-05-2018 21:00,TS,10.8,56.2,40,996,newdelhi,10.7,56.2,TS,53,987,0,5,310,53,987
2018141N08059,2018,25,NI,AS,MEKUNU,23-05-2018 00:00,TS,11,56.1,45,994,newdelhi,10.9,56.1,TS,55,989,0,4,335,55,989
2018141N08059,2018,25,NI,AS,MEKUNU,23-05-2018 03:00,TS,11.2,56,55,984,newdelhi,11.1,56.1,TS,58,988,0,5,0,58,988
2018141N08059,2018,25,NI,AS,MEKUNU,23-05-2018 06:00,TS,11.4,56.1,60,980,newdelhi,11.4,56.2,TS,60,986,0,6,0,60,986
2018141N08059,2018,25,NI,AS,MEKUNU,23-05-2018 09:00,TS,11.7,56,65,978,newdelhi,11.6,56.2,TS,63,980,0,6,355,63,980
2018141N08059,2018,25,NI,AS,MEKUNU,23-05-2018 12:00,TS,12,56,65,978,newdelhi,11.9,56.1,TY,65,974,1,5,350,65,974
2018141N08059,2018,25,NI,AS,MEKUNU,23-05-2018 15:00,TS,12.3,55.9,70,976,newdelhi,12.2,56,TY,70,975,1,6,340,70,975
2018141N08059,2018,25,NI,AS,MEKUNU,23-05-2018 18:00,TS,12.5,55.8,70,976,newdelhi,12.5,55.8,TY,75,976,1,6,340,75,976
2018141N08059,2018,25,NI,AS,MEKUNU,23-05-2018 21:00,TS,12.8,55.7,70,976,newdelhi,12.7,55.7,TY,78,970,1,5,345,78,970
2018141N08059,2018,25,NI,AS,MEKUNU,24-05-2018 00:00,TS,13,55.7,70,974,newdelhi,13,55.7,TY,80,963,1,6,340,80,963
2018141N08059,2018,25,NI,AS,MEKUNU,24-05-2018 03:00,TS,13.3,55.5,75,972,newdelhi,13.3,55.7,TY,80,967,1,7,345,80,967
2018141N08059,2018,25,NI,AS,MEKUNU,24-05-2018 06:00,TS,13.7,55.5,80,970,newdelhi,13.7,55.6,TY,80,971,1,7,345,80,971
2018141N08059,2018,25,NI,AS,MEKUNU,24-05-2018 09:00,TS,14,55.4,80,970,newdelhi,14,55.5,TY,80,967,1,6,345,80,967
2018141N08059,2018,25,NI,AS,MEKUNU,24-05-2018 12:00,TS,14.3,55.3,80,970,newdelhi,14.3,55.4,TY,80,963,1,6,340,80,963
2018141N08059,2018,25,NI,AS,MEKUNU,24-05-2018 15:00,TS,14.6,55.2,80,970,newdelhi,14.6,55.2,TY,80,963,1,7,325,80,963
2018141N08059,2018,25,NI,AS,MEKUNU,24-05-2018 18:00,TS,14.9,54.9,80,970,newdelhi,14.9,54.9,TY,80,963,1,6,320,80,963
2018141N08059,2018,25,NI,AS,MEKUNU,24-05-2018 21:00,TS,15.1,54.7,80,970,newdelhi,15.1,54.8,TY,83,964,2,4,315,83,964
2018141N08059,2018,25,NI,AS,MEKUNU,25-05-2018 00:00,TS,15.2,54.6,85,968,newdelhi,15.2,54.7,TY,85,964,2,4,335,85,964
2018141N08059,2018,25,NI,AS,MEKUNU,25-05-2018 03:00,TS,15.4,54.6,90,964,newdelhi,15.4,54.6,TY,88,962,2,6,350,88,962
2018141N08059,2018,25,NI,AS,MEKUNU,25-05-2018 06:00,TS,15.8,54.5,90,964,newdelhi,15.7,54.6,TY,90,960,2,7,345,90,960
2018141N08059,2018,25,NI,AS,MEKUNU,25-05-2018 09:00,TS,16.1,54.4,90,962,newdelhi,16,54.5,TY,95,954,2,7,340,95,954
2018141N08059,2018,25,NI,AS,MEKUNU,25-05-2018 12:00,TS,16.3,54.3,95,960,newdelhi,16.3,54.4,TY,100,948,3,5,325,100,948
2018141N08059,2018,25,NI,AS,MEKUNU,25-05-2018 15:00,TS,16.5,54.1,95,960,newdelhi,16.5,54.2,TY,100,951,3,5,315,100,951
2018141N08059,2018,25,NI,AS,MEKUNU,25-05-2018 18:00,TS,16.7,53.9,95,960,newdelhi,16.7,53.9,TY,100,953,3,7,320,100,953
2018141N08059,2018,25,NI,AS,MEKUNU,25-05-2018 21:00,TS,17,53.6,90,964,newdelhi,16.9,53.7,TY,93,958,2,6,325,93,958
2018141N08059,2018,25,NI,AS,MEKUNU,26-05-2018 00:00,TS,17.2,53.5,75,976,newdelhi,17.2,53.5,TY,85,963,2,5,335,85,963
2018141N08059,2018,25,NI,AS,MEKUNU,26-05-2018 03:00,TS,17.5,53.4,60,986,newdelhi,17.5,53.4,TY,78,967,1,7,340,78,967
2018141N08059,2018,25,NI,AS,MEKUNU,26-05-2018 06:00,TS,17.8,53.3,50,988,newdelhi,17.9,53.3,TY,70,970,1,8,345,70,970
2018141N08059,2018,25,NI,AS,MEKUNU,26-05-2018 09:00,TS,18.2,53.2,45,990,newdelhi,18.3,53.2,TY,63,976,0,6,340,63,976
2018141N08059,2018,25,NI,AS,MEKUNU,26-05-2018 12:00,TS,18.5,53.1,40,992,newdelhi,18.6,53.1,TS,55,982,0,5,330,55,982
2018141N08059,2018,25,NI,AS,MEKUNU,26-05-2018 15:00,TS,18.6,52.9,35,994,newdelhi,18.8,52.9,TS,50,986,0,4,320,50,986
2018141N08059,2018,25,NI,AS,MEKUNU,26-05-2018 18:00,TS,18.8,52.7,30,996,newdelhi,18.9,52.7,TS,45,989,0,4,310,45,989
2018141N08059,2018,25,NI,AS,MEKUNU,26-05-2018 21:00,TS,18.9,52.6, , , ,19,52.5,TS,40,993,0,4,305,40,993
2018141N08059,2018,25,NI,AS,MEKUNU,27-05-2018 00:00,TS,19,52.4,25,1000,newdelhi,19,52.3,TS,35,996,0,4,285,35,996
2018141N08059,2018,25,NI,AS,MEKUNU,27-05-2018 03:00,TS,19,52.1, , , ,19,52.1,TS,33,998,-1,4,270,33,998
2018141N08059,2018,25,NI,AS,MEKUNU,27-05-2018 06:00,TS,19,52, , , ,19,52,TD,30,1000,-1,3,270,30,1000
2018148N17090,2018,27,NI,BB,UNNAMED,28-05-2018 00:00,DS,16.5,90.2, , , ,16.5,90.2,DB,20,1007,-3,6,45,20,1007
2018148N17090,2018,27,NI,BB,UNNAMED,28-05-2018 03:00,DS,16.7,90.4, , , ,16.7,90.4,DB,23,1006,-3,6,45,23,1006
2018148N17090,2018,27,NI,BB,UNNAMED,28-05-2018 06:00,TS,16.9,90.6, , , ,16.9,90.6,TD,25,1004,-1,5,45,25,1004
2018148N17090,2018,27,NI,BB,UNNAMED,28-05-2018 09:00,TS,17.1,90.8, , , ,17.1,90.8,TD,25,1004,-1,6,45,25,1004
2018148N17090,2018,27,NI,BB,UNNAMED,28-05-2018 12:00,TS,17.3,91, , , ,17.3,91,TD,25,1004,-1,6,45,25,1004
2018148N17090,2018,27,NI,BB,UNNAMED,28-05-2018 15:00,TS,17.5,91.2, , , ,17.5,91.2,TD,28,1002,-1,7,45,28,1002
2018148N17090,2018,27,NI,BB,UNNAMED,28-05-2018 18:00,DS,17.8,91.5, , , ,17.8,91.5,WV,30,1000,-3,7,45,30,1000
2018148N17090,2018,27,NI,BB,UNNAMED,28-05-2018 21:00,DS,18,91.7, , , ,18,91.7,WV,33,998,-3,7,45,33,998
2018148N17090,2018,27,NI,BB,UNNAMED,29-05-2018 00:00,TS,18.3,92, , , ,18.3,92,TS,35,996,0,7,45,35,996
2018148N17090,2018,27,NI,BB,UNNAMED,29-05-2018 03:00,TS,18.5,92.3, , , ,18.5,92.3,TS,38,995,0,7,50,38,995
2018148N17090,2018,27,NI,BB,UNNAMED,29-05-2018 06:00,TS,18.7,92.5,25,998,newdelhi,18.8,92.6,TS,40,993,0,8,50,40,993
2018148N17090,2018,27,NI,BB,UNNAMED,29-05-2018 09:00,TS,19,92.9, , , ,19.1,93,TS,43,991,0,10,50,43,991
2018148N17090,2018,27,NI,BB,UNNAMED,29-05-2018 12:00,TS,19.4,93.3,30,992,newdelhi,19.5,93.5,TS,45,989,0,9,50,45,989
2018148N17090,2018,27,NI,BB,UNNAMED,29-05-2018 15:00,TS,19.7,93.6, , , ,19.9,94,TS,40,993,0,10,50,40,993
2018148N17090,2018,27,NI,BB,UNNAMED,29-05-2018 18:00,TS,20,94,30,994,newdelhi,20.3,94.5,TS,35,996,0,14,45,35,996
2018148N17090,2018,27,NI,BB,UNNAMED,29-05-2018 21:00,TS,20.6,94.7, , , ,20.8,95.1,TS,33,998,-1,18,45,33,998
2018148N17090,2018,27,NI,BB,UNNAMED,30-05-2018 00:00,TS,21.3,95.4,25,996,newdelhi,21.3,95.7,TD,30,1000,-1,16,40,30,1000
2018148N17090,2018,27,NI,BB,UNNAMED,30-05-2018 03:00,TS,21.8,95.8,20,998,newdelhi, , ,TD, , ,-5,13,40, , 
2018161N22092,2018,32,NI,BB,UNNAMED,10-06-2018 06:00,TS,22.3,91.5,25,990,newdelhi, , , , , ,-5,4,345, , 
2018161N22092,2018,32,NI,BB,UNNAMED,10-06-2018 09:00,TS,22.5,91.5, , , , , , , , ,-5,4,350, , 
2018161N22092,2018,32,NI,BB,UNNAMED,10-06-2018 12:00,TS,22.7,91.4,25,988,newdelhi, , , , , ,-5,4,345, , 
2018161N22092,2018,32,NI,BB,UNNAMED,10-06-2018 15:00,TS,22.9,91.4, , , , , , , , ,-5,3,345, , 
2018161N22092,2018,32,NI,BB,UNNAMED,10-06-2018 18:00,TS,23,91.3,20,990,newdelhi, , , , , ,-5,3,350, , 
2018202N21088,2018,46,NI,BB,UNNAMED,21-07-2018 03:00,TS,21,88,25,989,newdelhi, , , , , ,-5,10,325, , 
2018202N21088,2018,46,NI,BB,UNNAMED,21-07-2018 06:00,TS,21.4,87.7,25,989,newdelhi, , , , , ,-5,6,325, , 
2018202N21088,2018,46,NI,BB,UNNAMED,21-07-2018 09:00,TS,21.5,87.6,30,988,newdelhi, , , , , ,-5,4,315, , 
2018202N21088,2018,46,NI,BB,UNNAMED,21-07-2018 12:00,TS,21.7,87.4,30,988,newdelhi, , , , , ,-5,5,315, , 
2018202N21088,2018,46,NI,BB,UNNAMED,21-07-2018 15:00,TS,21.9,87.2, , , , , , , , ,-5,5,310, , 
2018202N21088,2018,46,NI,BB,UNNAMED,21-07-2018 18:00,TS,22,87,25,990,newdelhi, , , , , ,-5,3,315, , 
2018202N21088,2018,46,NI,BB,UNNAMED,21-07-2018 21:00,TS,22,87, , , , , , , , ,-5,3,315, , 
2018202N21088,2018,46,NI,BB,UNNAMED,22-07-2018 00:00,TS,22.2,86.8,25,992,newdelhi, , , , , ,-5,9,305, , 
2018202N21088,2018,46,NI,BB,UNNAMED,22-07-2018 03:00,TS,22.6,86.2,25,992,newdelhi, , , , , ,-5,8,310, , 
2018202N21088,2018,46,NI,BB,UNNAMED,22-07-2018 06:00,TS,22.7,86.1,25,992,newdelhi, , , , , ,-5,6,295, , 
2018202N21088,2018,46,NI,BB,UNNAMED,22-07-2018 09:00,TS,22.8,85.7, , , , , , , , ,-5,10,290, , 
2018202N21088,2018,46,NI,BB,UNNAMED,22-07-2018 12:00,TS,23,85.1,25,992,newdelhi, , , , , ,-5,9,295, , 
2018202N21088,2018,46,NI,BB,UNNAMED,22-07-2018 15:00,TS,23.2,84.8, , , , , , , , ,-5,7,310, , 
2018202N21088,2018,46,NI,BB,UNNAMED,22-07-2018 18:00,TS,23.5,84.5,20,993,newdelhi, , , , , ,-5,7,315, , 
2018202N21088,2018,46,NI,BB,UNNAMED,22-07-2018 21:00,TS,23.7,84.3, , , , , , , , ,-5,6,310, , 
2018202N21088,2018,46,NI,BB,UNNAMED,23-07-2018 00:00,TS,23.9,84,20,993,newdelhi, , , , , ,-5,6,310, , 
2018219N21088,2018,59,NI,BB,UNNAMED,07-08-2018 09:00,TS,21.5,87.5,25,992,newdelhi, , , , , ,-5,9,270, , 
2018219N21088,2018,59,NI,BB,UNNAMED,07-08-2018 12:00,TS,21.5,87,25,994,newdelhi, , , , , ,-5,9,275, , 
2018219N21088,2018,59,NI,BB,UNNAMED,07-08-2018 15:00,TS,21.5,86.5, , , , , , , , ,-5,9,275, , 
2018219N21088,2018,59,NI,BB,UNNAMED,07-08-2018 18:00,TS,21.6,86,25,995,newdelhi, , , , , ,-5,12,275, , 
2018219N21088,2018,59,NI,BB,UNNAMED,07-08-2018 21:00,TS,21.7,85.3, , , , , , , , ,-5,14,275, , 
2018219N21088,2018,59,NI,BB,UNNAMED,08-08-2018 00:00,TS,21.7,84.5,20,996,newdelhi, , , , , ,-5,15,275, , 
2018227N20086,2018,65,NI,BB,UNNAMED,15-08-2018 03:00,TS,20,86,25,993,newdelhi, , , , , ,-5,8,285, , 
2018227N20086,2018,65,NI,BB,UNNAMED,15-08-2018 06:00,TS,20.1,85.6,25,993,newdelhi, , , , , ,-5,7,285, , 
2018227N20086,2018,65,NI,BB,UNNAMED,15-08-2018 09:00,TS,20.2,85.3, , , , , , , , ,-5,6,280, , 
2018227N20086,2018,65,NI,BB,UNNAMED,15-08-2018 12:00,TS,20.2,85,25,993,newdelhi, , , , , ,-5,7,275, , 
2018227N20086,2018,65,NI,BB,UNNAMED,15-08-2018 15:00,TS,20.2,84.6, , , , , , , , ,-5,9,275, , 
2018227N20086,2018,65,NI,BB,UNNAMED,15-08-2018 18:00,TS,20.3,84,25,993,newdelhi, , , , , ,-5,14,275, , 
2018227N20086,2018,65,NI,BB,UNNAMED,15-08-2018 21:00,TS,20.4,83.1, , , , , , , , ,-5,19,275, , 
2018227N20086,2018,65,NI,BB,UNNAMED,16-08-2018 00:00,TS,20.5,82,25,994,newdelhi, , , , , ,-5,19,275, , 
2018227N20086,2018,65,NI,BB,UNNAMED,16-08-2018 03:00,TS,20.6,81,20,994,newdelhi, , , , , ,-5,14,280, , 
2018227N20086,2018,65,NI,BB,UNNAMED,16-08-2018 06:00,TS,20.7,80.5,20,994,newdelhi, , , , , ,-5,15,280, , 
2018227N20086,2018,65,NI,BB,UNNAMED,16-08-2018 09:00,TS,20.9,79.4, , , , , , , , ,-5,21,280, , 
2018227N20086,2018,65,NI,BB,UNNAMED,16-08-2018 12:00,TS,21.1,78.3,20,994,newdelhi, , , , , ,-5,15,280, , 
2018227N20086,2018,65,NI,AS,UNNAMED,16-08-2018 15:00,TS,21.1,77.9, , , , , , , , ,-5,8,280, , 
2018227N20086,2018,65,NI,AS,UNNAMED,16-08-2018 18:00,TS,21.2,77.5,20,994,newdelhi, , , , , ,-5,11,285, , 
2018227N20086,2018,65,NI,AS,UNNAMED,16-08-2018 21:00,TS,21.4,76.8, , , , , , , , ,-5,17,290, , 
2018227N20086,2018,65,NI,AS,UNNAMED,17-08-2018 00:00,TS,21.8,75.8,20,994,newdelhi, , , , , ,-5,20,290, , 
2018249N22088,2018,75,NI,BB,UNNAMED,06-09-2018 00:00,TS,21.8,88,25,992,newdelhi, , , , , ,-5,2,270, , 
2018249N22088,2018,75,NI,BB,UNNAMED,06-09-2018 03:00,TS,21.8,87.9,30,990,newdelhi, , , , , ,-5,4,270, , 
2018249N22088,2018,75,NI,BB,UNNAMED,06-09-2018 06:00,TS,21.8,87.6,30,990,newdelhi, , , , , ,-5,6,265, , 
2018249N22088,2018,75,NI,BB,UNNAMED,06-09-2018 09:00,TS,21.7,87.2, , , , , , , , ,-5,8,260, , 
2018249N22088,2018,75,NI,BB,UNNAMED,06-09-2018 12:00,TS,21.7,86.8,30,990,newdelhi, , , , , ,-5,7,270, , 
2018249N22088,2018,75,NI,BB,UNNAMED,06-09-2018 15:00,TS,21.8,86.5, , , , , , , , ,-5,8,285, , 
2018249N22088,2018,75,NI,BB,UNNAMED,06-09-2018 18:00,TS,21.9,86,30,990,newdelhi, , , , , ,-5,14,275, , 
2018249N22088,2018,75,NI,BB,UNNAMED,06-09-2018 21:00,TS,21.9,85, , , , , , , , ,-5,19,280, , 
2018249N22088,2018,75,NI,BB,UNNAMED,07-09-2018 00:00,TS,22.2,84,25,991,newdelhi, , , , , ,-5,19,300, , 
2018249N22088,2018,75,NI,BB,UNNAMED,07-09-2018 03:00,TS,22.9,83.3,20,992,newdelhi, , , , , ,-5,19,315, , 
2018263N17089,2018,84,NI,BB,DAYE,19-09-2018 15:00,TS,17.2,89,25,997,newdelhi, , , , , ,-5,13,275, , 
2018263N17089,2018,84,NI,BB,DAYE,19-09-2018 18:00,TS,17.2,88.3,25,996,newdelhi,16.9,87.4,TD,30,1000,-1,11,270,30,1000
2018263N17089,2018,84,NI,BB,DAYE,19-09-2018 21:00,TS,17.2,87.8, , , ,16.8,87.3,TD,30,999,-1,9,270,30,999
2018263N17089,2018,84,NI,BB,DAYE,20-09-2018 00:00,TS,17.2,87.4,25,996,newdelhi,16.8,87.2,TD,30,998,-1,7,280,30,998
2018263N17089,2018,84,NI,BB,DAYE,20-09-2018 03:00,TS,17.3,87.1,30,995,newdelhi,17.1,87.2,TD,30,998,-1,5,315,30,998
2018263N17089,2018,84,NI,BB,DAYE,20-09-2018 06:00,TS,17.6,87,30,995,newdelhi,17.5,87.2,TD,30,997,-1,8,320,30,997
2018263N17089,2018,84,NI,BB,DAYE,20-09-2018 09:00,TS,17.9,86.6, , , ,17.8,86.9,TD,33,996,-1,11,310,33,996
2018263N17089,2018,84,NI,BB,DAYE,20-09-2018 12:00,TS,18.3,86.1,30,994,newdelhi,18.2,86.4,TS,35,995,0,11,315,35,995
2018263N17089,2018,84,NI,BB,DAYE,20-09-2018 15:00,TS,18.6,85.8,35,992,newdelhi,18.6,85.9,TS,35,997,0,12,310,35,997
2018263N17089,2018,84,NI,BB,DAYE,20-09-2018 18:00,TS,19.1,85.2,35,992,newdelhi,18.9,85.3,TS,35,999,0,15,300,35,999
2018263N17089,2018,84,NI,BB,DAYE,20-09-2018 21:00,TS,19.4,84.4,35,993,newdelhi,19.2,84.4,TS,35,998,0,17,295,35,998
2018263N17089,2018,84,NI,BB,DAYE,21-09-2018 00:00,TS,19.8,83.6,30,994,newdelhi,19.5,83.4,TS,35,996,0,19,290,35,996
2018263N17089,2018,84,NI,BB,DAYE,21-09-2018 03:00,TS,20.1,82.5,30,994,newdelhi,19.6,82.6,TS,33,998,-1,20,290,33,998
2018263N17089,2018,84,NI,BB,DAYE,21-09-2018 06:00,TS,20.5,81.5,30,995,newdelhi,19.8,81.7,TD,30,1000,-1,19,295,30,1000
2018263N17089,2018,84,NI,BB,DAYE,21-09-2018 09:00,TS,20.9,80.7, , , ,20.1,80.7,TD,28,1002,-1,16,300,28,1002
2018263N17089,2018,84,NI,BB,DAYE,21-09-2018 12:00,TS,21.2,80.1,25,996,newdelhi,20.6,79.6,TD,25,1004,-1,12,290,25,1004
2018263N17089,2018,84,NI,BB,DAYE,21-09-2018 15:00,TS,21.4,79.5, , , , , ,TD, , ,-5,13,275, , 
2018263N17089,2018,84,NI,BB,DAYE,21-09-2018 18:00,TS,21.4,78.7,25,996,newdelhi, , , , , ,-5,17,285, , 
2018263N17089,2018,84,NI,AS,DAYE,21-09-2018 21:00,TS,21.8,77.8, , , , , , , , ,-5,19,300, , 
2018263N17089,2018,84,NI,AS,DAYE,22-09-2018 00:00,TS,22.3,76.9,25,997,newdelhi, , , , , ,-5,18,310, , 
2018263N17089,2018,84,NI,AS,DAYE,22-09-2018 03:00,TS,22.9,76.3,20,998,newdelhi, , , , , ,-5,8,315, , 
2018263N17089,2018,84,NI,AS,DAYE,22-09-2018 06:00,TS,22.9,76.3,20,999,newdelhi, , , , , ,-5,0,0, , 
2018279N11069,2018,95,NI,AS,LUBAN,05-10-2018 18:00,DS,11.2,68.9, , , ,11.2,68.9,DB,20,1004,-3,10,255,20,1004
2018279N11069,2018,95,NI,AS,LUBAN,05-10-2018 21:00,DS,11.1,68.4, , , ,11.1,68.4,DB,20,1006,-3,10,260,20,1006
2018279N11069,2018,95,NI,AS,LUBAN,06-10-2018 00:00,DS,11,67.9, , , ,11,67.9,DB,20,1007,-3,9,265,20,1007
2018279N11069,2018,95,NI,AS,LUBAN,06-10-2018 03:00,DS,11,67.5, , , ,11,67.5,DB,23,1007,-3,8,270,23,1007
2018279N11069,2018,95,NI,AS,LUBAN,06-10-2018 06:00,TS,11,67.1, , , ,11,67.1,TD,25,1006,-1,6,275,25,1006
2018279N11069,2018,95,NI,AS,LUBAN,06-10-2018 09:00,TS,11,66.9,25,1003,newdelhi,11,66.9,TD,25,1005,-1,3,285,25,1005
2018279N11069,2018,95,NI,AS,LUBAN,06-10-2018 12:00,TS,11.1,66.8,25,1002,newdelhi,11,66.7,TD,25,1004,-1,3,300,25,1004
2018279N11069,2018,95,NI,AS,LUBAN,06-10-2018 15:00,TS,11.2,66.6, , , ,11,66.5,TD,25,1004,-1,4,305,25,1004
2018279N11069,2018,95,NI,AS,LUBAN,06-10-2018 18:00,TS,11.4,66.4,25,1002,newdelhi,11.1,66.3,TD,25,1004,-1,5,300,25,1004
2018279N11069,2018,95,NI,AS,LUBAN,06-10-2018 21:00,TS,11.4,66.2, , , ,11.1,66.2,TD,25,1004,-1,5,295,25,1004
2018279N11069,2018,95,NI,AS,LUBAN,07-10-2018 00:00,TS,11.5,66,25,1002,newdelhi,11.2,66.1,TD,25,1003,-1,6,295,25,1003
2018279N11069,2018,95,NI,AS,LUBAN,07-10-2018 03:00,TS,11.7,65.7,25,1002,newdelhi,11.3,65.7,TD,25,1004,-1,7,285,25,1004
2018279N11069,2018,95,NI,AS,LUBAN,07-10-2018 06:00,TS,11.8,65.3,25,1002,newdelhi,11.5,65.2,TD,25,1004,-1,9,280,25,1004
2018279N11069,2018,95,NI,AS,LUBAN,07-10-2018 09:00,TS,11.8,64.8,30,1001,newdelhi,11.7,64.8,TD,28,1002,-1,10,280,28,1002
2018279N11069,2018,95,NI,AS,LUBAN,07-10-2018 12:00,TS,12,64.3,30,1001,newdelhi,11.8,64.3,TD,30,1000,-1,9,280,30,1000
2018279N11069,2018,95,NI,AS,LUBAN,07-10-2018 15:00,TS,12,63.9, , , ,11.8,63.8,TD,33,998,-1,8,275,33,998
2018279N11069,2018,95,NI,AS,LUBAN,07-10-2018 18:00,TS,12,63.5,30,1000,newdelhi,11.8,63.4,TS,35,996,0,9,270,35,996
2018279N11069,2018,95,NI,AS,LUBAN,07-10-2018 21:00,TS,12,63, , , ,11.8,63,TS,38,995,0,9,275,38,995
2018279N11069,2018,95,NI,AS,LUBAN,08-10-2018 00:00,TS,12.1,62.5,35,999,newdelhi,11.8,62.6,TS,40,993,0,8,275,40,993
2018279N11069,2018,95,NI,AS,LUBAN,08-10-2018 03:00,TS,12.1,62.1,40,998,newdelhi,11.8,62.2,TS,43,991,0,6,280,43,991
2018279N11069,2018,95,NI,AS,LUBAN,08-10-2018 06:00,TS,12.2,61.9,40,997,newdelhi,11.9,61.9,TS,45,989,0,5,290,45,989
2018279N11069,2018,95,NI,AS,LUBAN,08-10-2018 09:00,TS,12.3,61.6,45,996,newdelhi,12,61.7,TS,48,987,0,6,290,48,987
2018279N11069,2018,95,NI,AS,LUBAN,08-10-2018 12:00,TS,12.4,61.3,45,996,newdelhi,12.2,61.6,TS,50,985,0,5,290,50,985
2018279N11069,2018,95,NI,AS,LUBAN,08-10-2018 15:00,TS,12.5,61.1,45,996,newdelhi,12.3,61.4,TS,53,984,0,5,295,53,984
2018279N11069,2018,95,NI,AS,LUBAN,08-10-2018 18:00,TS,12.6,60.9,45,994,newdelhi,12.4,61.2,TS,55,982,0,5,295,55,982
2018279N11069,2018,95,NI,AS,LUBAN,08-10-2018 21:00,TS,12.7,60.6,45,994,newdelhi,12.6,61,TS,55,982,0,4,305,55,982
2018279N11069,2018,95,NI,AS,LUBAN,09-10-2018 00:00,TS,12.8,60.5,45,994,newdelhi,12.7,60.8,TS,55,982,0,3,320,55,982
2018279N11069,2018,95,NI,AS,LUBAN,09-10-2018 03:00,TS,12.9,60.4,45,994,newdelhi,12.8,60.7,TS,58,980,0,2,325,58,980
2018279N11069,2018,95,NI,AS,LUBAN,09-10-2018 06:00,TS,13,60.4,45,994,newdelhi,12.9,60.6,TS,60,978,0,2,325,60,978
2018279N11069,2018,95,NI,AS,LUBAN,09-10-2018 09:00,TS,13.1,60.3,50,992,newdelhi,13,60.5,TS,60,978,0,4,305,60,978
2018279N11069,2018,95,NI,AS,LUBAN,09-10-2018 12:00,TS,13.2,60.1,55,990,newdelhi,13.1,60.4,TS,60,978,0,5,305,60,978
2018279N11069,2018,95,NI,AS,LUBAN,09-10-2018 15:00,TS,13.4,59.8,55,990,newdelhi,13.4,60.1,TS,63,976,0,6,310,63,976
2018279N11069,2018,95,NI,AS,LUBAN,09-10-2018 18:00,TS,13.6,59.6,55,990,newdelhi,13.7,59.8,TY,65,974,1,6,305,65,974
2018279N11069,2018,95,NI,AS,LUBAN,09-10-2018 21:00,TS,13.7,59.3,60,988,newdelhi,13.8,59.5,TY,68,972,1,6,315,68,972
2018279N11069,2018,95,NI,AS,LUBAN,10-10-2018 00:00,TS,14,59.2,65,985,newdelhi,13.9,59.3,TY,70,970,1,4,325,70,970
2018279N11069,2018,95,NI,AS,LUBAN,10-10-2018 03:00,TS,14.1,59.1,65,984,newdelhi,14,59.1,TY,73,969,1,3,315,73,969
2018279N11069,2018,95,NI,AS,LUBAN,10-10-2018 06:00,TS,14.2,59,75,978,newdelhi,14.2,59,TY,75,967,1,4,310,75,967
2018279N11069,2018,95,NI,AS,LUBAN,10-10-2018 09:00,TS,14.4,58.7,75,978,newdelhi,14.3,58.8,TY,80,968,1,4,300,80,968
2018279N11069,2018,95,NI,AS,LUBAN,10-10-2018 12:00,TS,14.4,58.6,75,978,newdelhi,14.4,58.6,TY,85,969,2,3,290,85,969
2018279N11069,2018,95,NI,AS,LUBAN,10-10-2018 15:00,TS,14.5,58.5,75,978,newdelhi,14.4,58.5,TY,85,964,2,2,295,85,964
2018279N11069,2018,95,NI,AS,LUBAN,10-10-2018 18:00,TS,14.5,58.4,75,978,newdelhi,14.4,58.4,TY,85,959,2,1,285,85,959
2018279N11069,2018,95,NI,AS,LUBAN,10-10-2018 21:00,TS,14.5,58.4,75,978,newdelhi,14.4,58.3,TY,80,967,1,2,280,80,967
2018279N11069,2018,95,NI,AS,LUBAN,11-10-2018 00:00,TS,14.6,58.2,75,978,newdelhi,14.4,58.2,TY,75,975,1,3,260,75,975
2018279N11069,2018,95,NI,AS,LUBAN,11-10-2018 03:00,TS,14.4,58,70,980,newdelhi,14.4,58.1,TY,73,979,1,3,245,73,979
2018279N11069,2018,95,NI,AS,LUBAN,11-10-2018 06:00,TS,14.5,57.9,70,980,newdelhi,14.4,58,TY,70,982,1,2,280,70,982
2018279N11069,2018,95,NI,AS,LUBAN,11-10-2018 09:00,TS,14.5,57.9,70,980,newdelhi,14.4,57.9,TY,65,980,1,1,295,65,980
2018279N11069,2018,95,NI,AS,LUBAN,11-10-2018 12:00,TS,14.5,57.8,70,980,newdelhi,14.5,57.9,TS,60,978,0,1,305,60,978
2018279N11069,2018,95,NI,AS,LUBAN,11-10-2018 15:00,TS,14.5,57.8,70,980,newdelhi,14.6,57.9,TS,55,982,0,1,315,55,982
2018279N11069,2018,95,NI,AS,LUBAN,11-10-2018 18:00,TS,14.6,57.7,70,980,newdelhi,14.6,57.8,TS,50,985,0,2,315,50,985
2018279N11069,2018,95,NI,AS,LUBAN,11-10-2018 21:00,TS,14.7,57.7,65,980,newdelhi,14.6,57.7,TS,48,987,0,1,295,48,987
2018279N11069,2018,95,NI,AS,LUBAN,12-10-2018 00:00,TS,14.7,57.6,60,984,newdelhi,14.6,57.6,TS,45,989,0,2,270,45,989
2018279N11069,2018,95,NI,AS,LUBAN,12-10-2018 03:00,TS,14.6,57.5,55,987,newdelhi,14.6,57.5,TS,43,991,0,2,270,43,991
2018279N11069,2018,95,NI,AS,LUBAN,12-10-2018 06:00,TS,14.7,57.4,50,990,newdelhi,14.6,57.4,TS,40,993,0,3,270,40,993
2018279N11069,2018,95,NI,AS,LUBAN,12-10-2018 09:00,TS,14.6,57.2,50,990,newdelhi,14.6,57.2,TS,40,993,0,3,270,40,993
2018279N11069,2018,95,NI,AS,LUBAN,12-10-2018 12:00,TS,14.7,57,50,991,newdelhi,14.6,56.9,TS,40,993,0,4,275,40,993
2018279N11069,2018,95,NI,AS,LUBAN,12-10-2018 15:00,TS,14.7,56.8,50,992,newdelhi,14.6,56.7,TS,40,993,0,5,280,40,993
2018279N11069,2018,95,NI,AS,LUBAN,12-10-2018 18:00,TS,14.8,56.5,45,994,newdelhi,14.7,56.4,TS,40,993,0,6,280,40,993
2018279N11069,2018,95,NI,AS,LUBAN,12-10-2018 21:00,TS,14.8,56.2,45,994,newdelhi,14.7,56.1,TS,40,993,0,6,270,40,993
2018279N11069,2018,95,NI,AS,LUBAN,13-10-2018 00:00,TS,14.8,55.9,45,994,newdelhi,14.7,55.8,TS,40,993,0,6,270,40,993
2018279N11069,2018,95,NI,AS,LUBAN,13-10-2018 03:00,TS,14.8,55.6,40,994,newdelhi,14.7,55.6,TS,40,993,0,6,280,40,993
2018279N11069,2018,95,NI,AS,LUBAN,13-10-2018 06:00,TS,14.9,55.3,40,994,newdelhi,14.8,55.3,TS,40,993,0,7,280,40,993
2018279N11069,2018,95,NI,AS,LUBAN,13-10-2018 09:00,TS,14.9,54.9,40,994,newdelhi,14.8,55,TS,40,993,0,7,275,40,993
2018279N11069,2018,95,NI,AS,LUBAN,13-10-2018 12:00,TS,14.9,54.5,40,994,newdelhi,14.9,54.6,TS,40,993,0,8,275,40,993
2018279N11069,2018,95,NI,AS,LUBAN,13-10-2018 15:00,TS,14.9,54.1,40,994,newdelhi,15,54.2,TS,40,993,0,8,280,40,993
2018279N11069,2018,95,NI,AS,LUBAN,13-10-2018 18:00,TS,15.1,53.7,40,996,newdelhi,15.1,53.7,TS,40,993,0,8,290,40,993
2018279N11069,2018,95,NI,AS,LUBAN,13-10-2018 21:00,TS,15.2,53.3,40,996,newdelhi,15.3,53.2,TS,38,998,0,9,290,38,998
2018279N11069,2018,95,NI,AS,LUBAN,14-10-2018 00:00,TS,15.4,52.8,40,998,newdelhi,15.5,52.8,TS,35,1002,0,9,300,35,1002
2018279N11069,2018,95,NI,AS,LUBAN,14-10-2018 03:00,TS,15.6,52.5,40,998,newdelhi,15.6,52.5,TS,35,999,0,8,305,35,999
2018279N11069,2018,95,NI,AS,LUBAN,14-10-2018 06:00,TS,15.9,52.2,35,999,newdelhi,15.8,52.2,TS,35,996,0,7,295,35,996
2018279N11069,2018,95,NI,AS,LUBAN,14-10-2018 09:00,TS,15.9,51.8,30,1000,newdelhi,16,51.9,TS,33,998,-1,8,285,33,998
2018279N11069,2018,95,NI,AS,LUBAN,14-10-2018 12:00,TS,16,51.4,30,1001,newdelhi,16.2,51.6,TD,30,1000,-1,7,285,30,1000
2018279N11069,2018,95,NI,AS,LUBAN,14-10-2018 15:00,TS,16.1,51.1, , , ,16.4,51.3,TD,28,1002,-1,6,295,28,1002
2018279N11069,2018,95,NI,AS,LUBAN,14-10-2018 18:00,TS,16.3,50.8,25,1002,newdelhi,16.5,51,TD,25,1004,-1,11,275,25,1004
2018279N11069,2018,95,NI,AS,LUBAN,14-10-2018 21:00,TS,16.2,50, , , , , ,TD, , ,-5,17,265, , 
2018279N11069,2018,95,NI,AS,LUBAN,15-10-2018 00:00,TS,16.2,49,25,1003,newdelhi, , , , , ,-5,19,265, , 
2018281N14088,2018,97,NI,BB,TITLI,08-10-2018 00:00,DS,14.2,88.4, , , ,14.2,88.4,DB,20,1007,-3,1,0,20,1007
2018281N14088,2018,97,NI,BB,TITLI,08-10-2018 03:00,MX,14.1,88.4,25,1002,newdelhi,14.2,88.2,DB,23,1006,-3,1,225,23,1006
2018281N14088,2018,97,NI,BB,TITLI,08-10-2018 06:00,TS,14.1,88.3,25,1002,newdelhi,14.2,88,TD,25,1005,-1,3,285,25,1005
2018281N14088,2018,97,NI,BB,TITLI,08-10-2018 09:00,TS,14.2,88.1, , , ,14.2,87.8,TD,28,1004,-1,4,295,28,1004
2018281N14088,2018,97,NI,BB,TITLI,08-10-2018 12:00,TS,14.3,87.9,25,1002,newdelhi,14.3,87.6,TD,30,1002,-1,5,290,30,1002
2018281N14088,2018,97,NI,BB,TITLI,08-10-2018 15:00,TS,14.4,87.7, , , ,14.3,87.4,TD,30,1001,-1,5,290,30,1001
2018281N14088,2018,97,NI,BB,TITLI,08-10-2018 18:00,TS,14.5,87.5,30,1000,newdelhi,14.4,87.3,TD,30,1000,-1,4,295,30,1000
2018281N14088,2018,97,NI,BB,TITLI,08-10-2018 21:00,TS,14.6,87.3, , , ,14.5,87.2,TD,33,998,-1,4,300,33,998
2018281N14088,2018,97,NI,BB,TITLI,09-10-2018 00:00,TS,14.7,87.1,30,1000,newdelhi,14.6,87.1,TS,35,996,0,3,295,35,996
2018281N14088,2018,97,NI,BB,TITLI,09-10-2018 03:00,TS,14.7,86.9,30,999,newdelhi,14.7,87,TS,38,995,0,3,295,38,995
2018281N14088,2018,97,NI,BB,TITLI,09-10-2018 06:00,TS,14.8,86.8,35,998,newdelhi,14.8,86.9,TS,40,993,0,3,315,40,993
2018281N14088,2018,97,NI,BB,TITLI,09-10-2018 09:00,TS,14.9,86.7,35,997,newdelhi,14.9,86.8,TS,43,995,0,4,325,43,995
2018281N14088,2018,97,NI,BB,TITLI,09-10-2018 12:00,TS,15.1,86.6,40,996,newdelhi,15.1,86.8,TS,45,997,0,5,330,45,997
2018281N14088,2018,97,NI,BB,TITLI,09-10-2018 15:00,TS,15.3,86.5,40,995,newdelhi,15.3,86.7,TS,48,991,0,5,325,48,991
2018281N14088,2018,97,NI,BB,TITLI,09-10-2018 18:00,TS,15.6,86.3,45,996,newdelhi,15.6,86.6,TS,50,985,0,6,325,50,985
2018281N14088,2018,97,NI,BB,TITLI,09-10-2018 21:00,TS,15.8,86.1,50,994,newdelhi,15.8,86.4,TS,58,980,0,6,330,58,980
2018281N14088,2018,97,NI,BB,TITLI,10-10-2018 00:00,TS,16.1,86,55,990,newdelhi,16.1,86.2,TY,65,974,1,8,345,65,974
2018281N14088,2018,97,NI,BB,TITLI,10-10-2018 03:00,TS,16.5,85.9,60,988,newdelhi,16.5,86,TY,70,975,1,10,340,70,975
2018281N14088,2018,97,NI,BB,TITLI,10-10-2018 06:00,TS,17,85.6,70,982,newdelhi,16.9,85.7,TY,75,976,1,9,335,75,976
2018281N14088,2018,97,NI,BB,TITLI,10-10-2018 09:00,TS,17.3,85.4,75,976,newdelhi,17.3,85.5,TY,83,966,2,7,330,83,966
2018281N14088,2018,97,NI,BB,TITLI,10-10-2018 12:00,TS,17.6,85.3,80,972,newdelhi,17.6,85.3,TY,90,956,2,6,330,90,956
2018281N14088,2018,97,NI,BB,TITLI,10-10-2018 15:00,TS,17.8,85.1,80,972,newdelhi,18,85.1,TY,98,950,3,8,335,98,950
2018281N14088,2018,97,NI,BB,TITLI,10-10-2018 18:00,TS,18.3,85,80,972,newdelhi,18.3,84.8,TY,105,944,3,9,325,105,944
2018281N14088,2018,97,NI,BB,TITLI,10-10-2018 21:00,TS,18.6,84.6,80,972,newdelhi,18.5,84.5,TY,103,946,3,8,310,103,946
2018281N14088,2018,97,NI,BB,TITLI,11-10-2018 00:00,TS,18.8,84.4,80,972,newdelhi,18.7,84.3,TY,100,948,3,6,305,100,948
2018281N14088,2018,97,NI,BB,TITLI,11-10-2018 03:00,TS,18.9,84.1,65,985,newdelhi,18.8,84.1,TY,90,956,2,6,310,90,956
2018281N14088,2018,97,NI,BB,TITLI,11-10-2018 06:00,TS,19.2,83.9,60,988,newdelhi,19,83.9,TY,80,963,1,6,330,80,963
2018281N14088,2018,97,NI,BB,TITLI,11-10-2018 09:00,TS,19.4,83.8,50,994,newdelhi,19.2,83.8,TY,73,969,1,6,350,73,969
2018281N14088,2018,97,NI,BB,TITLI,11-10-2018 12:00,TS,19.7,83.8,45,996,newdelhi,19.5,83.8,TY,65,974,1,5,15,65,974
2018281N14088,2018,97,NI,BB,TITLI,11-10-2018 15:00,TS,19.9,83.9,40,998,newdelhi,19.7,83.9,TY,60,978,0,6,45,60,978
2018281N14088,2018,97,NI,BB,TITLI,11-10-2018 18:00,TS,20.1,84.2,30,999,newdelhi,19.9,84.1,TS,55,982,0,6,45,55,982
2018281N14088,2018,97,NI,BB,TITLI,11-10-2018 21:00,TS,20.3,84.4, , , ,20.2,84.4,TS,48,988,0,6,45,48,988
2018281N14088,2018,97,NI,BB,TITLI,12-10-2018 00:00,TS,20.5,84.7,30,1000,newdelhi,20.6,84.7,TS,40,993,0,6,50,40,993
2018281N14088,2018,97,NI,BB,TITLI,12-10-2018 03:00,TS,20.7,85,30,1001,newdelhi,21,85.1,TS,35,997,0,6,55,35,997
2018281N14088,2018,97,NI,BB,TITLI,12-10-2018 06:00,TS,20.9,85.3,30,1001,newdelhi,21.3,85.5,TD,30,1000,-1,5,70,30,1000
2018281N14088,2018,97,NI,BB,TITLI,12-10-2018 09:00,TS,20.9,85.5,25,1002,newdelhi, , ,TD, , ,-5,8,70, , 
2018281N14088,2018,97,NI,BB,TITLI,12-10-2018 12:00,TS,21.2,86.1,25,1002,newdelhi, , , , , ,-5,13,60, , 
2018281N14088,2018,97,NI,BB,TITLI,12-10-2018 15:00,TS,21.6,86.7, , , , , , , , ,-5,12,55, , 
2018281N14088,2018,97,NI,BB,TITLI,12-10-2018 18:00,TS,21.9,87.2,25,1003,newdelhi, , , , , ,-5,9,55, , 
2018281N14088,2018,97,NI,BB,TITLI,12-10-2018 21:00,TS,22.1,87.5,20,1004,newdelhi, , , , , ,-5,7,55, , 
2018314N12093,2018,108,NI,BB,GAJA,10-11-2018 03:00,TS,11.7,92.5,25,1003,newdelhi, , , , , ,-5,12,300, , 
2018314N12093,2018,108,NI,BB,GAJA,10-11-2018 06:00,TS,12,92,25,1002,newdelhi, , , , , ,-5,12,300, , 
2018314N12093,2018,108,NI,BB,GAJA,10-11-2018 09:00,TS,12.3,91.4, , , , , , , , ,-5,15,295, , 
2018314N12093,2018,108,NI,BB,GAJA,10-11-2018 12:00,MX,12.7,90.7,30,1001,newdelhi,12.9,90.2,DB,30,1004,-3,13,295,30,1004
2018314N12093,2018,108,NI,BB,GAJA,10-11-2018 15:00,MX,12.9,90.2, , , ,13.1,90,DB,33,1002,-3,9,295,33,1002
2018314N12093,2018,108,NI,BB,GAJA,10-11-2018 18:00,TS,13.1,89.8,30,1000,newdelhi,13.2,89.7,TS,35,1000,0,7,295,35,1000
2018314N12093,2018,108,NI,BB,GAJA,10-11-2018 21:00,TS,13.2,89.5, , , ,13.3,89.4,TS,35,998,0,7,295,35,998
2018314N12093,2018,108,NI,BB,GAJA,11-11-2018 00:00,TS,13.4,89.2,35,999,newdelhi,13.3,89.1,TS,35,996,0,7,285,35,996
2018314N12093,2018,108,NI,BB,GAJA,11-11-2018 03:00,TS,13.4,88.8,35,999,newdelhi,13.4,88.8,TS,35,996,0,7,280,35,996
2018314N12093,2018,108,NI,BB,GAJA,11-11-2018 06:00,TS,13.4,88.5,40,998,newdelhi,13.4,88.4,TS,35,996,0,8,265,35,996
2018314N12093,2018,108,NI,BB,GAJA,11-11-2018 09:00,TS,13.4,88,40,998,newdelhi,13.3,87.9,TS,35,996,0,7,260,35,996
2018314N12093,2018,108,NI,BB,GAJA,11-11-2018 12:00,TS,13.3,87.7,40,998,newdelhi,13.1,87.4,TS,35,996,0,6,255,35,996
2018314N12093,2018,108,NI,BB,GAJA,11-11-2018 15:00,TS,13.2,87.5,40,998,newdelhi,12.9,87.2,TS,35,1000,0,4,245,35,1000
2018314N12093,2018,108,NI,BB,GAJA,11-11-2018 18:00,TS,13.1,87.3,40,998,newdelhi,12.8,87.2,TS,35,1004,0,3,240,35,1004
2018314N12093,2018,108,NI,BB,GAJA,11-11-2018 21:00,TS,13.1,87.2,40,998,newdelhi,12.6,87.2,TS,35,1004,0,2,205,35,1004
2018314N12093,2018,108,NI,BB,GAJA,12-11-2018 00:00,TS,12.9,87.2,40,998,newdelhi,12.5,87.3,TS,35,1004,0,4,0,35,1004
2018314N12093,2018,108,NI,BB,GAJA,12-11-2018 03:00,TS,12.7,87.2,40,998,newdelhi,12.3,87.4,TS,35,1000,0,3,170,35,1000
2018314N12093,2018,108,NI,BB,GAJA,12-11-2018 06:00,TS,12.6,87.3,40,998,newdelhi,12.3,87.6,TS,35,996,0,1,85,35,996
2018314N12093,2018,108,NI,BB,GAJA,12-11-2018 09:00,TS,12.7,87.3,40,998,newdelhi,12.5,87.7,TS,33,998,-1,3,65,33,998
2018314N12093,2018,108,NI,BB,GAJA,12-11-2018 12:00,TS,12.8,87.6,40,998,newdelhi,12.9,87.8,TD,30,1000,-1,4,45,30,1000
2018314N12093,2018,108,NI,BB,GAJA,12-11-2018 15:00,TS,13,87.6,40,998,newdelhi,13.2,87.7,TD,30,1000,-1,6,0,30,1000
2018314N12093,2018,108,NI,BB,GAJA,12-11-2018 18:00,TS,13.3,87.6,45,996,newdelhi,13.4,87.6,TD,30,1000,-1,5,330,30,1000
2018314N12093,2018,108,NI,BB,GAJA,12-11-2018 21:00,TS,13.4,87.4,45,996,newdelhi,13.7,87.4,TD,30,1000,-1,4,305,30,1000
2018314N12093,2018,108,NI,BB,GAJA,13-11-2018 00:00,TS,13.6,87.2,40,998,newdelhi,13.9,87.2,TD,30,1000,-1,4,290,30,1000
2018314N12093,2018,108,NI,BB,GAJA,13-11-2018 03:00,TS,13.6,87,40,998,newdelhi,13.9,86.8,TD,30,1000,-1,6,280,30,1000
2018314N12093,2018,108,NI,BB,GAJA,13-11-2018 06:00,TS,13.7,86.6,40,998,newdelhi,13.8,86.5,TD,30,1000,-1,6,265,30,1000
2018314N12093,2018,108,NI,BB,GAJA,13-11-2018 09:00,TS,13.6,86.3,40,998,newdelhi,13.7,86.3,TD,30,1000,-1,5,255,30,1000
2018314N12093,2018,108,NI,BB,GAJA,13-11-2018 12:00,TS,13.5,86.1,40,998,newdelhi,13.6,86.1,TD,30,1000,-1,5,245,30,1000
2018314N12093,2018,108,NI,BB,GAJA,13-11-2018 15:00,TS,13.4,85.9,40,998,newdelhi,13.5,86,TD,33,1002,-1,4,240,33,1002
2018314N12093,2018,108,NI,BB,GAJA,13-11-2018 18:00,TS,13.3,85.7,40,998,newdelhi,13.4,85.8,TS,35,1003,0,4,240,35,1003
2018314N12093,2018,108,NI,BB,GAJA,13-11-2018 21:00,TS,13.2,85.5,40,998,newdelhi,13.3,85.6,TS,38,1002,0,4,240,38,1002
2018314N12093,2018,108,NI,BB,GAJA,14-11-2018 00:00,TS,13.1,85.4,40,998,newdelhi,13.1,85.4,TS,40,1001,0,4,240,40,1001
2018314N12093,2018,108,NI,BB,GAJA,14-11-2018 03:00,TS,13,85.2,40,998,newdelhi,13,85.3,TS,43,995,0,5,230,43,995
2018314N12093,2018,108,NI,BB,GAJA,14-11-2018 06:00,TS,12.8,85,45,996,newdelhi,12.8,85.1,TS,45,989,0,6,230,45,989
2018314N12093,2018,108,NI,BB,GAJA,14-11-2018 09:00,TS,12.6,84.7,45,996,newdelhi,12.6,84.8,TS,48,987,0,7,230,48,987
2018314N12093,2018,108,NI,BB,GAJA,14-11-2018 12:00,TS,12.4,84.4,45,996,newdelhi,12.3,84.5,TS,50,985,0,6,230,50,985
2018314N12093,2018,108,NI,BB,GAJA,14-11-2018 15:00,TS,12.2,84.2,45,996,newdelhi,12.1,84.2,TS,50,985,0,6,235,50,985
2018314N12093,2018,108,NI,BB,GAJA,14-11-2018 18:00,TS,12,83.9,45,996,newdelhi,12,83.9,TS,50,985,0,8,245,50,985
2018314N12093,2018,108,NI,BB,GAJA,14-11-2018 21:00,TS,11.8,83.5,45,996,newdelhi,11.8,83.5,TS,53,984,0,8,235,53,984
2018314N12093,2018,108,NI,BB,GAJA,15-11-2018 00:00,TS,11.5,83.1,45,996,newdelhi,11.6,83.1,TS,55,982,0,9,240,55,982
2018314N12093,2018,108,NI,BB,GAJA,15-11-2018 03:00,TS,11.4,82.7,50,994,newdelhi,11.4,82.7,TS,60,978,0,10,255,60,978
2018314N12093,2018,108,NI,BB,GAJA,15-11-2018 06:00,TS,11.3,82.2,55,990,newdelhi,11.3,82.3,TY,65,974,1,11,250,65,974
2018314N12093,2018,108,NI,BB,GAJA,15-11-2018 09:00,TS,11.1,81.6,55,989,newdelhi,11.1,81.8,TY,68,972,1,10,245,68,972
2018314N12093,2018,108,NI,BB,GAJA,15-11-2018 12:00,TS,10.9,81.2,60,988,newdelhi,10.9,81.2,TY,70,970,1,10,245,70,970
2018314N12093,2018,108,NI,BB,GAJA,15-11-2018 15:00,TS,10.7,80.7,65,984,newdelhi,10.7,80.7,TY,75,967,1,10,250,75,967
2018314N12093,2018,108,NI,BB,GAJA,15-11-2018 18:00,TS,10.6,80.3,70,976,newdelhi,10.6,80.2,TY,80,963,1,10,260,80,963
2018314N12093,2018,108,NI,BB,GAJA,15-11-2018 21:00,TS,10.5,79.7,70,976,newdelhi,10.5,79.7,TY,75,967,1,11,265,75,967
2018314N12093,2018,108,NI,BB,GAJA,16-11-2018 00:00,TS,10.5,79.1,55,990,newdelhi,10.5,79.1,TY,70,970,1,12,270,70,970
2018314N12093,2018,108,NI,BB,GAJA,16-11-2018 03:00,TS,10.4,78.5,45,996,newdelhi,10.5,78.4,TY,63,976,0,15,270,63,976
2018314N12093,2018,108,NI,AS,GAJA,16-11-2018 06:00,TS,10.5,77.6,30,1000,newdelhi,10.4,77.7,TS,55,982,0,15,265,55,982
2018314N12093,2018,108,NI,AS,GAJA,16-11-2018 09:00,TS,10.3,76.9, , , ,10.2,76.9,TS,50,986,0,14,255,50,986
2018314N12093,2018,108,NI,AS,GAJA,16-11-2018 12:00,TS,10,76.3,25,1002,newdelhi,10,76.2,TS,45,989,0,12,250,45,989
2018314N12093,2018,108,NI,AS,GAJA,16-11-2018 15:00,TS,9.9,75.8, , , ,9.8,75.7,TS,43,991,0,11,255,43,991
2018314N12093,2018,108,NI,AS,GAJA,16-11-2018 18:00,TS,9.8,75.3,25,1002,newdelhi,9.7,75.2,TS,40,993,0,10,260,40,993
2018314N12093,2018,108,NI,AS,GAJA,16-11-2018 21:00,TS,9.7,74.7, , , ,9.6,74.6,TS,40,999,0,11,265,40,999
2018314N12093,2018,108,NI,AS,GAJA,17-11-2018 00:00,TS,9.7,74.2,30,1003,newdelhi,9.6,74,TS,40,1004,0,12,270,40,1004
2018314N12093,2018,108,NI,AS,GAJA,17-11-2018 03:00,TS,9.7,73.5,30,1003,newdelhi,9.7,73.4,TS,40,1005,0,11,275,40,1005
2018314N12093,2018,108,NI,AS,GAJA,17-11-2018 06:00,TS,9.8,73,30,1003,newdelhi,9.8,72.8,TS,40,1005,0,11,275,40,1005
2018314N12093,2018,108,NI,AS,GAJA,17-11-2018 09:00,TS,9.9,72.4, , , ,9.9,72.3,TS,40,1004,0,12,275,40,1004
2018314N12093,2018,108,NI,AS,GAJA,17-11-2018 12:00,TS,10,71.8,30,1003,newdelhi,10,71.9,TS,40,1003,0,12,280,40,1003
2018314N12093,2018,108,NI,AS,GAJA,17-11-2018 15:00,TS,10.1,71.2, , , ,10.1,71.4,TS,38,1005,0,11,285,38,1005
2018314N12093,2018,108,NI,AS,GAJA,17-11-2018 18:00,TS,10.2,70.7,30,1003,newdelhi,10.3,70.9,TS,35,1007,0,10,285,35,1007
2018314N12093,2018,108,NI,AS,GAJA,17-11-2018 21:00,TS,10.3,70.2, , , ,10.4,70.4,TS,33,1007,-1,9,285,33,1007
2018314N12093,2018,108,NI,AS,GAJA,18-11-2018 00:00,TS,10.4,69.8,30,1003,newdelhi,10.5,70,TD,30,1006,-1,7,280,30,1006
2018314N12093,2018,108,NI,AS,GAJA,18-11-2018 03:00,TS,10.5,69.5,30,1003,newdelhi,10.5,69.5,TD,28,1008,-1,7,280,28,1008
2018314N12093,2018,108,NI,AS,GAJA,18-11-2018 06:00,TS,10.5,69.1,30,1003,newdelhi,10.5,69.1,TD,25,1009,-1,7,280,25,1009
2018314N12093,2018,108,NI,AS,GAJA,18-11-2018 09:00,TS,10.6,68.8, , , ,10.5,68.8,TD,23,1009,-1,6,280,23,1009
2018314N12093,2018,108,NI,AS,GAJA,18-11-2018 12:00,MX,10.6,68.5,30,1003,newdelhi,10.5,68.4,DB,20,1008,-3,7,275,20,1008
2018314N12093,2018,108,NI,AS,GAJA,18-11-2018 15:00,MX,10.6,68, , , ,10.5,68,DB,20,1009,-3,9,275,20,1009
2018314N12093,2018,108,NI,AS,GAJA,18-11-2018 18:00,MX,10.7,67.5,30,1003,newdelhi,10.5,67.5,DB,20,1010,-3,9,275,20,1010
2018314N12093,2018,108,NI,AS,GAJA,18-11-2018 21:00,MX,10.7,67.1, , , ,10.5,67.1,DB,20,1010,-3,9,280,20,1010
2018314N12093,2018,108,NI,AS,GAJA,19-11-2018 00:00,MX,10.8,66.6,30,1003,newdelhi,10.5,66.7,DB,20,1010,-3,8,285,20,1010
2018314N12093,2018,108,NI,AS,GAJA,19-11-2018 03:00,MX,10.9,66.3,30,1003,newdelhi,10.5,66.3,DB,20,1010,-3,8,285,20,1010
2018314N12093,2018,108,NI,AS,GAJA,19-11-2018 06:00,MX,11,65.8,25,1004,newdelhi,10.5,65.9,DB,20,1010,-3,10,290,20,1010
2018314N12093,2018,108,NI,AS,GAJA,19-11-2018 09:00,TS,11.2,65.4, , , , , ,DB, , ,-3,8,280, , 
2018314N12093,2018,108,NI,AS,GAJA,19-11-2018 12:00,TS,11.2,65,25,1004,newdelhi, , , , , ,-5,7,265, , 
2018347N07089,2018,112,NI,BB,PHETHAI,13-12-2018 00:00,TS,6.5,88.7,25,1004,newdelhi, , , , , ,-5,4,335, , 
2018347N07089,2018,112,NI,BB,PHETHAI,13-12-2018 03:00,TS,6.7,88.6,25,1004,newdelhi, , , , , ,-5,4,325, , 
2018347N07089,2018,112,NI,BB,PHETHAI,13-12-2018 06:00,TS,6.8,88.5,25,1003,newdelhi, , , , , ,-5,4,325, , 
2018347N07089,2018,112,NI,BB,PHETHAI,13-12-2018 09:00,TS,7,88.4, , , , , , , , ,-5,5,340, , 
2018347N07089,2018,112,NI,BB,PHETHAI,13-12-2018 12:00,TS,7.2,88.3,25,1003,newdelhi,6.9,88.9,TD,30,1000,-1,3,340,30,1000
2018347N07089,2018,112,NI,BB,PHETHAI,13-12-2018 15:00,TS,7.4,88.2, , , ,7.2,88.5,TD,30,1000,-1,4,315,30,1000
2018347N07089,2018,112,NI,BB,PHETHAI,13-12-2018 18:00,TS,7.5,88,30,1002,newdelhi,7.4,88.1,TD,30,1000,-1,5,310,30,1000
2018347N07089,2018,112,NI,BB,PHETHAI,13-12-2018 21:00,TS,7.7,87.8, , , ,7.5,87.9,TD,30,1000,-1,6,315,30,1000
2018347N07089,2018,112,NI,BB,PHETHAI,14-12-2018 00:00,TS,7.9,87.6,30,1002,newdelhi,7.6,87.7,TD,30,1000,-1,6,315,30,1000
2018347N07089,2018,112,NI,BB,PHETHAI,14-12-2018 03:00,TS,8.1,87.5,30,1002,newdelhi,7.7,87.5,TD,30,1000,-1,4,310,30,1000
2018347N07089,2018,112,NI,BB,PHETHAI,14-12-2018 06:00,TS,8.2,87.4,30,1002,newdelhi,7.8,87.3,TD,30,1000,-1,4,285,30,1000
2018347N07089,2018,112,NI,BB,PHETHAI,14-12-2018 09:00,TS,8.2,87.1, , , ,7.9,87.1,TD,30,1000,-1,6,285,30,1000
2018347N07089,2018,112,NI,BB,PHETHAI,14-12-2018 12:00,TS,8.3,86.8,30,1002,newdelhi,8,86.8,TD,30,1000,-1,6,295,30,1000
2018347N07089,2018,112,NI,BB,PHETHAI,14-12-2018 15:00,TS,8.5,86.5, , , ,8.2,86.5,TD,30,1000,-1,6,305,30,1000
2018347N07089,2018,112,NI,BB,PHETHAI,14-12-2018 18:00,TS,8.7,86.3,30,1002,newdelhi,8.5,86.3,TD,30,1000,-1,6,300,30,1000
2018347N07089,2018,112,NI,BB,PHETHAI,14-12-2018 21:00,TS,8.8,86, , , ,8.7,86.1,TD,30,1000,-1,6,305,30,1000
2018347N07089,2018,112,NI,BB,PHETHAI,15-12-2018 00:00,TS,9,85.7,30,1002,newdelhi,9,85.9,TD,30,1000,-1,7,310,30,1000
2018347N07089,2018,112,NI,BB,PHETHAI,15-12-2018 03:00,TS,9.3,85.4,30,1001,newdelhi,9.4,85.7,TD,33,998,-1,7,320,33,998
2018347N07089,2018,112,NI,BB,PHETHAI,15-12-2018 06:00,TS,9.5,85.3,30,1001,newdelhi,9.7,85.4,TS,35,996,0,7,330,35,996
2018347N07089,2018,112,NI,BB,PHETHAI,15-12-2018 09:00,TS,9.9,85.1, , , ,9.9,85.1,TS,38,995,0,7,330,38,995
2018347N07089,2018,112,NI,BB,PHETHAI,15-12-2018 12:00,TS,10.2,84.9,35,1000,newdelhi,10.1,84.9,TS,40,993,0,8,330,40,993
2018347N07089,2018,112,NI,BB,PHETHAI,15-12-2018 15:00,TS,10.5,84.7,35,1000,newdelhi,10.3,84.7,TS,43,991,0,7,330,43,991
2018347N07089,2018,112,NI,BB,PHETHAI,15-12-2018 18:00,TS,10.8,84.6,35,1000,newdelhi,10.6,84.5,TS,45,989,0,6,335,45,989
2018347N07089,2018,112,NI,BB,PHETHAI,15-12-2018 21:00,TS,11,84.4,35,1000,newdelhi,11,84.4,TS,45,989,0,6,335,45,989
2018347N07089,2018,112,NI,BB,PHETHAI,16-12-2018 00:00,TS,11.3,84.3,40,998,newdelhi,11.4,84.3,TS,45,989,0,8,340,45,989
2018347N07089,2018,112,NI,BB,PHETHAI,16-12-2018 03:00,TS,11.8,84.1,45,996,newdelhi,11.8,84.1,TS,48,993,0,10,335,48,993
2018347N07089,2018,112,NI,BB,PHETHAI,16-12-2018 06:00,TS,12.3,83.9,45,996,newdelhi,12.3,83.9,TS,50,997,0,8,320,50,997
2018347N07089,2018,112,NI,BB,PHETHAI,16-12-2018 09:00,TS,12.4,83.5,50,994,newdelhi,12.9,83.5,TS,53,996,0,14,325,53,996
2018347N07089,2018,112,NI,BB,PHETHAI,16-12-2018 12:00,TS,13.4,83.1,55,992,newdelhi,13.4,83.1,TS,55,994,0,15,330,55,994
2018347N07089,2018,112,NI,BB,PHETHAI,16-12-2018 15:00,TS,13.8,82.8,55,992,newdelhi,13.8,82.9,TS,55,995,0,8,330,55,995
2018347N07089,2018,112,NI,BB,PHETHAI,16-12-2018 18:00,TS,14.1,82.7,55,992,newdelhi,14.1,82.8,TS,55,996,0,8,335,55,996
2018347N07089,2018,112,NI,BB,PHETHAI,16-12-2018 21:00,TS,14.5,82.4,55,992,newdelhi,14.4,82.7,TS,53,996,0,10,345,53,996
2018347N07089,2018,112,NI,BB,PHETHAI,17-12-2018 00:00,TS,15,82.4,50,994,newdelhi,14.8,82.6,TS,50,995,0,11,355,50,995
2018347N07089,2018,112,NI,BB,PHETHAI,17-12-2018 03:00,TS,15.5,82.3,45,997,newdelhi,15.3,82.5,TS,45,1000,0,10,355,45,1000
2018347N07089,2018,112,NI,BB,PHETHAI,17-12-2018 06:00,TS,16,82.3,45,997,newdelhi,15.8,82.4,TS,40,1004,0,10,0,40,1004
2018347N07089,2018,112,NI,BB,PHETHAI,17-12-2018 09:00,TS,16.5,82.3,40,998,newdelhi,16.3,82.4,TS,35,1006,0,9,10,35,1006
2018347N07089,2018,112,NI,BB,PHETHAI,17-12-2018 12:00,TS,16.8,82.5,30,1001,newdelhi,16.8,82.5,TD,30,1007,-1,9,15,30,1007
2018347N07089,2018,112,NI,BB,PHETHAI,17-12-2018 15:00,TS,17.4,82.6,30,1004,newdelhi,17.4,82.7,TD,28,1009,-1,10,15,28,1009
2018347N07089,2018,112,NI,BB,PHETHAI,17-12-2018 18:00,TS,17.8,82.8,25,1006,newdelhi,18.1,83,TD,25,1010,-1,9,20,25,1010
2018365N08115,2018,117,WP,MM,PABUK,30-12-2018 12:00,DS,8.3,115.1, , , ,8.3,115.1,LO,15,1009,-3,8,285,15,1009
2018365N08115,2018,117,WP,MM,PABUK,30-12-2018 15:00,DS,8.4,114.7, , , ,8.4,114.7,LO,18,1008,-3,8,285,18,1008
2018365N08115,2018,117,WP,MM,PABUK,30-12-2018 18:00,DS,8.5,114.3, , , ,8.5,114.3,DB,20,1007,-3,9,285,20,1007
2018365N08115,2018,117,WP,MM,PABUK,30-12-2018 21:00,DS,8.6,113.8, , , ,8.6,113.8,DB,20,1008,-3,10,275,20,1008
2018365N08115,2018,117,WP,MM,PABUK,31-12-2018 00:00,DS,8.6,113.3, , , ,8.6,113.3,DB,20,1008,-3,12,260,20,1008
2018365N08115,2018,117,WP,MM,PABUK,31-12-2018 03:00,DS,8.4,112.7, , , ,8.4,112.7,DB,23,1007,-3,13,240,23,1007
2018365N08115,2018,117,WP,MM,PABUK,31-12-2018 06:00,TS,7.9,112.1, ,1004,tokyo,8,112.1,TD,25,1006,-1,12,235,25,1006
2018365N08115,2018,117,WP,MM,PABUK,31-12-2018 09:00,TS,7.6,111.7, , , ,7.6,111.6,TD,28,1005,-1,8,230,28,1005
2018365N08115,2018,117,WP,MM,PABUK,31-12-2018 12:00,TS,7.4,111.5, ,1004,tokyo,7.3,111.3,TD,30,1004,-1,6,230,30,1004
2018365N08115,2018,117,WP,MM,PABUK,31-12-2018 15:00,TS,7.2,111.3, , , ,7.1,111.1,TD,30,1004,-1,5,225,30,1004
2018365N08115,2018,117,WP,MM,PABUK,31-12-2018 18:00,TS,7.1,111.1, ,1004,tokyo,7,111,TD,30,1004,-1,5,215,30,1004
2018365N08115,2018,117,WP,MM,PABUK,31-12-2018 21:00,TS,6.8,111, , , ,6.9,111,TD,33,1003,-1,5,215,33,1003
2018365N08115,2018,117,WP,MM,PABUK,01-01-2019 00:00,TS,6.6,110.8, ,1004,tokyo,6.7,110.9,TS,35,1001,0,6,225,35,1001
2018365N08115,2018,117,WP,MM,PABUK,01-01-2019 03:00,TS,6.4,110.5, , , ,6.5,110.6,TS,35,1001,0,7,235,35,1001
2018365N08115,2018,117,WP,MM,PABUK,01-01-2019 06:00,TS,6.2,110.2,35,1000,tokyo,6.2,110.3,TS,35,1000,0,6,235,35,1000
2018365N08115,2018,117,WP,MM,PABUK,01-01-2019 09:00,TS,6,110, , , ,6,110.1,TS,35,1000,0,5,240,35,1000
2018365N08115,2018,117,WP,MM,PABUK,01-01-2019 12:00,TS,5.9,109.8,35,1000,tokyo,5.9,109.8,TS,35,1000,0,5,250,35,1000
2018365N08115,2018,117,WP,MM,PABUK,01-01-2019 15:00,TS,5.9,109.5, , , ,5.8,109.5,TS,35,1001,0,5,255,35,1001
2018365N08115,2018,117,WP,MM,PABUK,01-01-2019 18:00,TS,5.8,109.3,35,1000,tokyo,5.8,109.2,TS,35,1001,0,6,270,35,1001
2018365N08115,2018,117,WP,MM,PABUK,01-01-2019 21:00,TS,5.8,109, , , ,5.8,109,TS,35,1001,0,6,275,35,1001
2018365N08115,2018,117,WP,MM,PABUK,02-01-2019 00:00,TS,5.9,108.6,35,1000,tokyo,5.9,108.7,TS,35,1001,0,7,285,35,1001
2018365N08115,2018,117,WP,MM,PABUK,02-01-2019 03:00,TS,6,108.3, , , ,6,108.4,TS,35,1001,0,7,285,35,1001
2018365N08115,2018,117,WP,MM,PABUK,02-01-2019 06:00,TS,6.1,107.9,35,1000,tokyo,6.1,108,TS,35,1001,0,8,280,35,1001
2018365N08115,2018,117,WP,MM,PABUK,02-01-2019 09:00,TS,6.2,107.5, , , ,6.1,107.5,TS,38,1000,0,9,275,38,1000
2018365N08115,2018,117,WP,MM,PABUK,02-01-2019 12:00,TS,6.2,107,35,1000,tokyo,6,107,TS,40,999,0,10,270,40,999
2018365N08115,2018,117,WP,MM,PABUK,02-01-2019 15:00,TS,6.1,106.5, , , ,5.9,106.6,TS,40,999,0,11,265,40,999
2018365N08115,2018,117,WP,MM,PABUK,02-01-2019 18:00,TS,6.1,105.9,35,1000,tokyo,5.9,106.2,TS,40,999,0,10,265,40,999
2018365N08115,2018,117,WP,MM,PABUK,02-01-2019 21:00,TS,6.1,105.4, , , ,5.9,105.8,TS,40,1000,0,9,270,40,1000
2018365N08115,2018,117,WP,MM,PABUK,03-01-2019 00:00,TS,6.1,105,35,1000,tokyo,5.9,105.3,TS,40,1000,0,8,275,40,1000
2018365N08115,2018,117,WP,MM,PABUK,03-01-2019 03:00,TS,6.1,104.6, , , ,6,104.9,TS,40,1000,0,7,280,40,1000
2018365N08115,2018,117,WP,MM,PABUK,03-01-2019 06:00,TS,6.2,104.3,35,1000,tokyo,6.2,104.4,TS,40,1000,0,7,290,40,1000
2018365N08115,2018,117,WP,MM,PABUK,03-01-2019 09:00,TS,6.3,104, , , ,6.4,103.9,TS,40,1000,0,8,295,40,1000
2018365N08115,2018,117,WP,MM,PABUK,03-01-2019 12:00,TS,6.5,103.6,40,998,tokyo,6.6,103.5,TS,40,1000,0,9,305,40,1000
2018365N08115,2018,117,WP,MM,PABUK,03-01-2019 15:00,TS,6.8,103.2, , , ,6.9,103.1,TS,43,999,0,11,310,43,999
2018365N08115,2018,117,WP,MM,PABUK,03-01-2019 18:00,TS,7.2,102.7,45,996,tokyo,7.3,102.7,TS,45,998,0,12,305,45,998
2018365N08115,2018,117,WP,MM,PABUK,03-01-2019 21:00,TS,7.6,102.2, , , ,7.7,102.3,TS,48,997,0,13,300,48,997
2018365N08115,2018,117,WP,MM,PABUK,04-01-2019 00:00,TS,7.9,101.6,45,996,tokyo,8,101.8,TS,50,996,0,12,295,50,996
2018365N08115,2018,117,WP,MM,PABUK,04-01-2019 03:00,TS,8.1,101.1, , , ,8.1,101.3,TS,50,996,0,10,290,50,996
2018365N08115,2018,117,WP,MM,PABUK,04-01-2019 06:00,TS,8.2,100.6,45,996,tokyo,8.2,100.7,TS,50,996,0,9,280,50,996
2018365N08115,2018,117,WP,MM,PABUK,04-01-2019 09:00,TS,8.3,100.2, , , ,8.2,100.1,TS,45,999,0,8,280,45,999
2018365N08115,2018,117,NI,BB,PABUK,04-01-2019 12:00,TS,8.3,99.8,40,1000,tokyo,8.3,99.6,TS,40,1001,0,9,280,40,1001
2018365N08115,2018,117,NI,BB,PABUK,04-01-2019 15:00,TS,8.4,99.3,45,998,newdelhi,8.4,99.3,TS,38,1003,0,9,285,38,1003
2018365N08115,2018,117,NI,BB,PABUK,04-01-2019 18:00,TS,8.5,98.9,45,998,newdelhi,8.6,99,TS,35,1004,0,7,295,35,1004
2018365N08115,2018,117,NI,BB,PABUK,04-01-2019 21:00,TS,8.7,98.7,45,998,newdelhi,8.8,98.7,TS,33,1005,-1,5,305,33,1005
2018365N08115,2018,117,NI,BB,PABUK,05-01-2019 00:00,TS,8.8,98.5,40,1000,newdelhi,9.1,98.5,TD,30,1006,-1,6,310,30,1006
2018365N08115,2018,117,NI,BB,PABUK,05-01-2019 03:00,TS,9.1,98.2,40,1000,newdelhi,9.3,98.3,TD,30,1006,-1,7,310,30,1006
2018365N08115,2018,117,NI,BB,PABUK,05-01-2019 06:00,TS,9.3,98,40,1000,newdelhi,9.6,98.1,TD,30,1005,-1,7,310,30,1005
2018365N08115,2018,117,NI,BB,PABUK,05-01-2019 09:00,TS,9.5,97.7,40,1000,newdelhi,9.9,97.7,TD,28,1006,-1,8,310,28,1006
2018365N08115,2018,117,NI,BB,PABUK,05-01-2019 12:00,TS,9.8,97.4,40,1000,newdelhi,10.1,97.3,TD,25,1007,-1,10,305,25,1007
2018365N08115,2018,117,NI,BB,PABUK,05-01-2019 15:00,TS,10.1,96.9,40,1000,newdelhi,10.3,96.9,TD,28,1006,-1,11,300,28,1006
2018365N08115,2018,117,NI,BB,PABUK,05-01-2019 18:00,TS,10.4,96.4,35,1001,newdelhi,10.4,96.5,TD,30,1004,-1,11,295,30,1004
2018365N08115,2018,117,NI,BB,PABUK,05-01-2019 21:00,TS,10.5,95.9,35,1001,newdelhi,10.6,95.9,TD,28,1005,-1,11,285,28,1005
2018365N08115,2018,117,NI,BB,PABUK,06-01-2019 00:00,TS,10.7,95.3,35,1001,newdelhi,10.7,95.1,TD,25,1006,-1,15,280,25,1006
2018365N08115,2018,117,NI,BB,PABUK,06-01-2019 03:00,TS,10.8,94.4,35,1001,newdelhi,10.8,94.2,TD,25,1007,-1,17,280,25,1007
2018365N08115,2018,117,NI,BB,PABUK,06-01-2019 06:00,TS,11,93.6,30,1002,newdelhi,10.9,93.4,TD,25,1007,-1,15,280,25,1007
2018365N08115,2018,117,NI,BB,PABUK,06-01-2019 09:00,TS,11.1,92.9, , , ,11,92.7,TD,23,1008,-1,11,285,23,1008
2018365N08115,2018,117,NI,BB,PABUK,06-01-2019 12:00,MX,11.3,92.4,30,1003,newdelhi,11.1,92.1,DB,20,1009,-3,10,290,20,1009
2018365N08115,2018,117,NI,BB,PABUK,06-01-2019 15:00,MX,11.5,92, , , ,11.3,91.6,DB,20,1009,-3,9,300,20,1009
2018365N08115,2018,117,NI,BB,PABUK,06-01-2019 18:00,MX,11.7,91.7,30,1003,newdelhi,11.6,91.1,DB,20,1009,-3,10,305,20,1009
2018365N08115,2018,117,NI,BB,PABUK,06-01-2019 21:00,MX,12,91.2, , , ,11.8,90.5,DB,20,1009,-3,9,315,20,1009
2018365N08115,2018,117,NI,BB,PABUK,07-01-2019 00:00,MX,12.3,91,25,1004,newdelhi,12,90.1,DB,20,1009,-3,5,345,20,1009
2018365N08115,2018,117,NI,BB,PABUK,07-01-2019 03:00,MX,12.5,91.1,25,1004,newdelhi,12.2,90,DB,20,1009,-3,5,50,20,1009
2018365N08115,2018,117,NI,BB,PABUK,07-01-2019 06:00,MX,12.6,91.4,25,1004,newdelhi,12.3,90.2,DB,20,1009,-3,10,65,20,1009
2018365N08115,2018,117,NI,BB,PABUK,07-01-2019 09:00,TS,12.9,92, , , , , ,DB, , ,-3,8,50, , 
2018365N08115,2018,117,NI,BB,PABUK,07-01-2019 12:00,TS,13.1,92,25,1004,newdelhi, , , , , ,-5,2,5, , 
2018365N08115,2018,117,NI,BB,PABUK,07-01-2019 15:00,TS,13.1,92, , , , , , , , ,-5,0,0, , 
2018365N08115,2018,117,NI,BB,PABUK,07-01-2019 18:00,TS,13.1,92,20,1005,newdelhi, , , , , ,-5,1,0, , 
2019116N02090,2019,23,NI,BB,FANI,25-04-2019 18:00,TS,1.9,90.2, , , ,1.9,90.2,TD,25,1004,-1,4,335,25,1004
2019116N02090,2019,23,NI,BB,FANI,25-04-2019 21:00,TS,2.1,90.1, , , ,2.1,90.1,TD,25,1004,-1,4,325,25,1004
2019116N02090,2019,23,NI,BB,FANI,26-04-2019 00:00,TS,2.2,90, , , ,2.2,90,TD,25,1003,-1,4,310,25,1003
2019116N02090,2019,23,NI,BB,FANI,26-04-2019 03:00,TS,2.3,89.8, , , ,2.3,89.8,TD,25,1003,-1,4,315,25,1003
2019116N02090,2019,23,NI,BB,FANI,26-04-2019 06:00,TS,2.5,89.7, , , ,2.5,89.7,TD,25,1003,-1,5,355,25,1003
2019116N02090,2019,23,NI,BB,FANI,26-04-2019 09:00,TS,2.8,89.8, , , ,2.8,89.8,TD,25,1003,-1,7,5,25,1003
2019116N02090,2019,23,NI,BB,FANI,26-04-2019 12:00,TS,3.2,89.8,25,998,newdelhi,3.2,89.9,TD,25,1003,-1,7,350,25,1003
2019116N02090,2019,23,NI,BB,FANI,26-04-2019 15:00,TS,3.5,89.7, , , ,3.6,90,TD,28,1004,-1,7,340,28,1004
2019116N02090,2019,23,NI,BB,FANI,26-04-2019 18:00,TS,3.8,89.5,25,998,newdelhi,3.9,90.1,TD,30,1004,-1,7,340,30,1004
2019116N02090,2019,23,NI,BB,FANI,26-04-2019 21:00,TS,4.2,89.4, , , ,4.3,90.1,TD,33,1004,-1,8,350,33,1004
2019116N02090,2019,23,NI,BB,FANI,27-04-2019 00:00,TS,4.6,89.4,30,997,newdelhi,4.6,90,TS,35,1003,0,7,0,35,1003
2019116N02090,2019,23,NI,BB,FANI,27-04-2019 03:00,TS,4.9,89.4,30,996,newdelhi,4.8,90.1,TS,40,1001,0,6,0,40,1001
2019116N02090,2019,23,NI,BB,FANI,27-04-2019 06:00,TS,5.1,89.4,35,995,newdelhi,5.1,90.2,TS,45,998,0,6,355,45,998
2019116N02090,2019,23,NI,BB,FANI,27-04-2019 09:00,TS,5.5,89.3,40,994,newdelhi,5.6,90.2,TS,45,997,0,9,345,45,997
2019116N02090,2019,23,NI,BB,FANI,27-04-2019 12:00,TS,6,89.2,45,992,newdelhi,6.1,89.9,TS,45,996,0,10,335,45,996
2019116N02090,2019,23,NI,BB,FANI,27-04-2019 15:00,TS,6.4,88.9,45,992,newdelhi,6.4,89.3,TS,45,996,0,10,310,45,996
2019116N02090,2019,23,NI,BB,FANI,27-04-2019 18:00,TS,6.6,88.5,45,992,newdelhi,6.6,88.7,TS,45,996,0,9,305,45,996
2019116N02090,2019,23,NI,BB,FANI,27-04-2019 21:00,TS,6.8,88.2,45,992,newdelhi,6.8,88.4,TS,45,997,0,6,325,45,997
2019116N02090,2019,23,NI,BB,FANI,28-04-2019 00:00,TS,7.1,88.1,45,992,newdelhi,6.9,88.3,TS,45,998,0,4,350,45,998
2019116N02090,2019,23,NI,BB,FANI,28-04-2019 03:00,TS,7.2,88.1,45,992,newdelhi,7.1,88.3,TS,45,998,0,3,345,45,998
2019116N02090,2019,23,NI,BB,FANI,28-04-2019 06:00,TS,7.4,88.1,45,992,newdelhi,7.3,88.3,TS,45,998,0,5,335,45,998
2019116N02090,2019,23,NI,BB,FANI,28-04-2019 09:00,TS,7.6,87.9,45,992,newdelhi,7.5,88.3,TS,45,997,0,8,325,45,997
2019116N02090,2019,23,NI,BB,FANI,28-04-2019 12:00,TS,8,87.6,45,992,newdelhi,7.7,88.2,TS,45,996,0,6,320,45,996
2019116N02090,2019,23,NI,BB,FANI,28-04-2019 15:00,TS,8.1,87.5,45,992,newdelhi,7.8,88.1,TS,45,996,0,3,330,45,996
2019116N02090,2019,23,NI,BB,FANI,28-04-2019 18:00,TS,8.2,87.5,45,992,newdelhi,8,88,TS,45,995,0,3,345,45,995
2019116N02090,2019,23,NI,BB,FANI,28-04-2019 21:00,TS,8.4,87.4,45,992,newdelhi,8.3,87.9,TS,45,992,0,4,345,45,992
2019116N02090,2019,23,NI,BB,FANI,29-04-2019 00:00,TS,8.6,87.4,45,992,newdelhi,8.6,87.8,TS,45,989,0,5,340,45,989
2019116N02090,2019,23,NI,BB,FANI,29-04-2019 03:00,TS,8.8,87.2,45,992,newdelhi,9,87.6,TS,48,987,0,7,345,48,987
2019116N02090,2019,23,NI,BB,FANI,29-04-2019 06:00,TS,9.3,87.2,45,992,newdelhi,9.4,87.4,TS,50,985,0,10,350,50,985
2019116N02090,2019,23,NI,BB,FANI,29-04-2019 09:00,TS,9.8,87.1,45,992,newdelhi,9.9,87.4,TS,55,986,0,9,355,55,986
2019116N02090,2019,23,NI,BB,FANI,29-04-2019 12:00,TS,10.2,87.1,55,986,newdelhi,10.3,87.4,TS,60,987,0,8,350,60,987
2019116N02090,2019,23,NI,BB,FANI,29-04-2019 15:00,TS,10.5,86.9,55,986,newdelhi,10.7,87.2,TS,65,984,1,8,335,65,984
2019116N02090,2019,23,NI,BB,FANI,29-04-2019 18:00,TS,10.9,86.8,55,986,newdelhi,11,86.9,TY,70,981,1,8,335,70,981
2019116N02090,2019,23,NI,BB,FANI,29-04-2019 21:00,TS,11.3,86.6,65,982,newdelhi,11.4,86.7,TY,78,976,1,9,345,78,976
2019116N02090,2019,23,NI,BB,FANI,30-04-2019 00:00,TS,11.8,86.5,70,980,newdelhi,11.9,86.5,TY,85,971,2,12,340,85,971
2019116N02090,2019,23,NI,BB,FANI,30-04-2019 03:00,TS,12.3,86.2,75,974,newdelhi,12.4,86.2,TY,88,969,2,12,320,88,969
2019116N02090,2019,23,NI,BB,FANI,30-04-2019 06:00,TS,12.7,85.8,80,970,newdelhi,12.8,85.8,TY,90,967,2,11,310,90,967
2019116N02090,2019,23,NI,BB,FANI,30-04-2019 09:00,TS,13,85.3,85,966,newdelhi,13,85.3,TY,93,966,2,11,300,93,966
2019116N02090,2019,23,NI,BB,FANI,30-04-2019 12:00,TS,13.3,84.8,90,962,newdelhi,13.2,84.9,TY,95,964,2,8,295,95,964
2019116N02090,2019,23,NI,BB,FANI,30-04-2019 15:00,TS,13.4,84.6,95,957,newdelhi,13.3,84.6,TY,100,960,3,5,305,100,960
2019116N02090,2019,23,NI,BB,FANI,30-04-2019 18:00,TS,13.5,84.4,95,957,newdelhi,13.5,84.4,TY,105,955,3,4,310,105,955
2019116N02090,2019,23,NI,BB,FANI,30-04-2019 21:00,TS,13.6,84.2,95,957,newdelhi,13.7,84.2,TY,105,954,3,5,320,105,954
2019116N02090,2019,23,NI,BB,FANI,01-05-2019 00:00,TS,13.9,84.1,95,957,newdelhi,13.9,84.1,TY,105,952,3,5,335,105,952
2019116N02090,2019,23,NI,BB,FANI,01-05-2019 03:00,TS,14.1,84,95,957,newdelhi,14,84.1,TY,105,952,3,3,350,105,952
2019116N02090,2019,23,NI,BB,FANI,01-05-2019 06:00,TS,14.2,84,95,957,newdelhi,14.2,84.1,TY,105,951,3,5,15,105,951
2019116N02090,2019,23,NI,BB,FANI,01-05-2019 09:00,TS,14.5,84.1,95,955,newdelhi,14.5,84.1,TY,105,951,3,7,10,105,951
2019116N02090,2019,23,NI,BB,FANI,01-05-2019 12:00,TS,14.9,84.1,100,950,newdelhi,14.8,84.2,TY,105,951,3,6,5,105,951
2019116N02090,2019,23,NI,BB,FANI,01-05-2019 15:00,TS,15,84.2,100,950,newdelhi,15,84.2,TY,105,951,3,4,5,105,951
2019116N02090,2019,23,NI,BB,FANI,01-05-2019 18:00,TS,15.2,84.2,100,950,newdelhi,15.2,84.3,TY,105,951,3,5,20,105,951
2019116N02090,2019,23,NI,BB,FANI,01-05-2019 21:00,TS,15.5,84.3,100,950,newdelhi,15.5,84.4,TY,108,946,3,7,25,108,946
2019116N02090,2019,23,NI,BB,FANI,02-05-2019 00:00,TS,15.9,84.6,105,945,newdelhi,15.8,84.6,TY,110,941,3,8,25,110,941
2019116N02090,2019,23,NI,BB,FANI,02-05-2019 03:00,TS,16.2,84.7,105,945,newdelhi,16.3,84.7,TY,115,938,4,9,15,115,938
2019116N02090,2019,23,NI,BB,FANI,02-05-2019 06:00,TS,16.8,84.8,110,940,newdelhi,16.8,84.8,TY,120,934,4,9,10,120,934
2019116N02090,2019,23,NI,BB,FANI,02-05-2019 09:00,TS,17.2,84.8,115,932,newdelhi,17.2,84.8,TY,135,917,4,8,0,135,917
2019116N02090,2019,23,NI,BB,FANI,02-05-2019 12:00,TS,17.6,84.8,115,932,newdelhi,17.6,84.8,ST,150,900,5,7,5,150,900
2019116N02090,2019,23,NI,BB,FANI,02-05-2019 15:00,TS,17.9,84.9,115,934,newdelhi,17.9,84.9,ST,148,903,5,7,15,148,903
2019116N02090,2019,23,NI,BB,FANI,02-05-2019 18:00,TS,18.3,85,115,934,newdelhi,18.3,85,ST,145,905,5,8,25,145,905
2019116N02090,2019,23,NI,BB,FANI,02-05-2019 21:00,TS,18.6,85.2,115,934,newdelhi,18.7,85.2,ST,140,912,5,10,30,140,912
2019116N02090,2019,23,NI,BB,FANI,03-05-2019 00:00,TS,19.1,85.5,105,945,newdelhi,19.1,85.5,ST,135,918,4,11,25,135,918
2019116N02090,2019,23,NI,BB,FANI,03-05-2019 03:00,TS,19.6,85.7,100,952,newdelhi,19.6,85.7,ST,125,930,4,12,20,125,930
2019116N02090,2019,23,NI,BB,FANI,03-05-2019 06:00,TS,20.2,85.9,85,966,newdelhi,20.2,85.9,TY,115,942,4,11,20,115,942
2019116N02090,2019,23,NI,BB,FANI,03-05-2019 09:00,TS,20.7,86.1,75,970,newdelhi,20.8,86.1,TY,95,957,2,12,30,95,957
2019116N02090,2019,23,NI,BB,FANI,03-05-2019 12:00,TS,21.2,86.5,70,976,newdelhi,21.3,86.5,TY,75,971,1,12,40,75,971
2019116N02090,2019,23,NI,BB,FANI,03-05-2019 15:00,TS,21.6,86.9,60,980,newdelhi,21.7,87.1,TY,65,978,1,12,45,65,978
2019116N02090,2019,23,NI,BB,FANI,03-05-2019 18:00,TS,22.1,87.4,55,984,newdelhi,22.2,87.7,TS,55,985,0,15,45,55,985
2019116N02090,2019,23,NI,BB,FANI,03-05-2019 21:00,TS,22.6,88.1,50,986,newdelhi,22.8,88.3,TS,48,989,0,15,40,48,989
2019116N02090,2019,23,NI,BB,FANI,04-05-2019 00:00,TS,23.2,88.5,40,994,newdelhi,23.4,88.8,TS,40,993,0,14,40,40,993
2019116N02090,2019,23,NI,BB,FANI,04-05-2019 03:00,TS,23.7,89,30,996,newdelhi,24,89.4,TS,35,996,0,15,40,35,996
2019116N02090,2019,23,NI,BB,FANI,04-05-2019 06:00,TS,24.4,89.5,25,998,newdelhi,24.6,90,TD,30,999,-1,14,40,30,999
2019116N02090,2019,23,NI,BB,FANI,04-05-2019 09:00,TS,24.8,89.9, , , , , ,TD, , ,-5,14,55, , 
2019116N02090,2019,23,NI,BB,FANI,04-05-2019 12:00,TS,25.2,90.7,20,1000,newdelhi, , , , , ,-5,16,60, , 
2019160N11073,2019,27,NI,AS,VAYU,08-06-2019 18:00,DS,10.5,72.7, , , ,10.5,72.7,DB,15, ,-3,10,240,15, 
2019160N11073,2019,27,NI,AS,VAYU,08-06-2019 21:00,DS,10.2,72.3, , , ,10.2,72.3,DB,18, ,-3,9,245,18, 
2019160N11073,2019,27,NI,AS,VAYU,09-06-2019 00:00,DS,10.1,71.9, , , ,10.1,71.9,DB,20,1004,-3,7,265,20,1004
2019160N11073,2019,27,NI,AS,VAYU,09-06-2019 03:00,DS,10.2,71.6, , , ,10.2,71.6,DB,20,1004,-3,6,300,20,1004
2019160N11073,2019,27,NI,AS,VAYU,09-06-2019 06:00,DS,10.4,71.4, , , ,10.4,71.4,DB,20,1004,-3,6,320,20,1004
2019160N11073,2019,27,NI,AS,VAYU,09-06-2019 09:00,DS,10.6,71.2, , , ,10.6,71.2,DB,23,1003,-3,6,330,23,1003
2019160N11073,2019,27,NI,AS,VAYU,09-06-2019 12:00,TS,10.9,71.1, , , ,10.9,71.1,TD,25,1002,-1,6,355,25,1002
2019160N11073,2019,27,NI,AS,VAYU,09-06-2019 15:00,TS,11.2,71.1, , , ,11.2,71.1,TD,28,1001,-1,6,10,28,1001
2019160N11073,2019,27,NI,AS,VAYU,09-06-2019 18:00,TS,11.5,71.2, , , ,11.5,71.2,TD,30,1000,-1,6,360,30,1000
2019160N11073,2019,27,NI,AS,VAYU,09-06-2019 21:00,TS,11.8,71.1, , , ,11.8,71.1,TD,30,1000,-1,6,340,30,1000
2019160N11073,2019,27,NI,AS,VAYU,10-06-2019 00:00,TS,12,71,25,998,newdelhi,12.1,71,TD,30,999,-1,7,345,30,999
2019160N11073,2019,27,NI,AS,VAYU,10-06-2019 03:00,TS,12.4,70.9,25,998,newdelhi,12.4,70.9,TD,33,997,-1,6,345,33,997
2019160N11073,2019,27,NI,AS,VAYU,10-06-2019 06:00,TS,12.6,70.8,30,997,newdelhi,12.7,70.8,TS,35,995,0,5,340,35,995
2019160N11073,2019,27,NI,AS,VAYU,10-06-2019 09:00,TS,12.9,70.8, , , ,13,70.7,TS,40,995,0,7,350,40,995
2019160N11073,2019,27,NI,AS,VAYU,10-06-2019 12:00,TS,13.3,70.7,30,996,newdelhi,13.3,70.6,TS,45,994,0,7,345,45,994
2019160N11073,2019,27,NI,AS,VAYU,10-06-2019 15:00,TS,13.6,70.6, , , ,13.6,70.5,TS,45,993,0,6,345,45,993
2019160N11073,2019,27,NI,AS,VAYU,10-06-2019 18:00,TS,13.9,70.6,35,995,newdelhi,13.9,70.5,TS,45,992,0,6,0,45,992
2019160N11073,2019,27,NI,AS,VAYU,10-06-2019 21:00,TS,14.2,70.6,35,994,newdelhi,14.2,70.6,TS,48,990,0,7,10,48,990
2019160N11073,2019,27,NI,AS,VAYU,11-06-2019 00:00,TS,14.6,70.7,40,993,newdelhi,14.5,70.8,TS,50,988,0,7,10,50,988
2019160N11073,2019,27,NI,AS,VAYU,11-06-2019 03:00,TS,14.9,70.7,40,992,newdelhi,14.8,70.9,TS,53,987,0,6,5,53,987
2019160N11073,2019,27,NI,AS,VAYU,11-06-2019 06:00,TS,15.2,70.8,45,990,newdelhi,15.2,70.9,TS,55,986,0,7,0,55,986
2019160N11073,2019,27,NI,AS,VAYU,11-06-2019 09:00,TS,15.6,70.8,45,988,newdelhi,15.6,70.9,TS,63,982,0,9,0,63,982
2019160N11073,2019,27,NI,AS,VAYU,11-06-2019 12:00,TS,16.1,70.8,55,986,newdelhi,16,70.9,TY,70,977,1,9,355,70,977
2019160N11073,2019,27,NI,AS,VAYU,11-06-2019 15:00,TS,16.6,70.7,60,983,newdelhi,16.5,70.8,TY,75,970,1,10,350,75,970
2019160N11073,2019,27,NI,AS,VAYU,11-06-2019 18:00,TS,17,70.6,65,980,newdelhi,16.9,70.6,TY,80,963,1,8,345,80,963
2019160N11073,2019,27,NI,AS,VAYU,11-06-2019 21:00,TS,17.4,70.5,70,977,newdelhi,17.3,70.4,TY,88,961,2,8,340,88,961
2019160N11073,2019,27,NI,AS,VAYU,12-06-2019 00:00,TS,17.7,70.3,75,975,newdelhi,17.6,70.2,TY,95,958,2,7,335,95,958
2019160N11073,2019,27,NI,AS,VAYU,12-06-2019 03:00,TS,18,70.2,75,973,newdelhi,18,70.1,TY,95,958,2,8,340,95,958
2019160N11073,2019,27,NI,AS,VAYU,12-06-2019 06:00,TS,18.4,70,75,971,newdelhi,18.4,70,TY,95,957,2,8,340,95,957
2019160N11073,2019,27,NI,AS,VAYU,12-06-2019 09:00,TS,18.8,69.9,80,970,newdelhi,18.7,69.9,TY,93,959,2,7,350,93,959
2019160N11073,2019,27,NI,AS,VAYU,12-06-2019 12:00,TS,19.1,69.9,80,970,newdelhi,19,69.8,TY,90,961,2,7,350,90,961
2019160N11073,2019,27,NI,AS,VAYU,12-06-2019 15:00,TS,19.4,69.8,80,970,newdelhi,19.3,69.7,TY,88,962,2,6,345,88,962
2019160N11073,2019,27,NI,AS,VAYU,12-06-2019 18:00,TS,19.7,69.7,80,970,newdelhi,19.6,69.7,TY,85,963,2,5,345,85,963
2019160N11073,2019,27,NI,AS,VAYU,12-06-2019 21:00,TS,19.9,69.6,80,970,newdelhi,19.8,69.7,TY,85,962,2,5,345,85,962
2019160N11073,2019,27,NI,AS,VAYU,13-06-2019 00:00,TS,20.1,69.6,80,970,newdelhi,20,69.6,TY,85,961,2,5,340,85,961
2019160N11073,2019,27,NI,AS,VAYU,13-06-2019 03:00,TS,20.3,69.5,80,970,newdelhi,20.3,69.5,TY,90,958,2,4,330,90,958
2019160N11073,2019,27,NI,AS,VAYU,13-06-2019 06:00,TS,20.5,69.4,80,970,newdelhi,20.5,69.4,TY,95,955,2,4,325,95,955
2019160N11073,2019,27,NI,AS,VAYU,13-06-2019 09:00,TS,20.7,69.2,80,970,newdelhi,20.7,69.3,TY,98,952,3,5,320,98,952
2019160N11073,2019,27,NI,AS,VAYU,13-06-2019 12:00,TS,20.8,69.1,80,970,newdelhi,20.8,69.1,TY,100,948,3,3,305,100,948
2019160N11073,2019,27,NI,AS,VAYU,13-06-2019 15:00,TS,20.9,68.9,80,970,newdelhi,20.9,69,TY,100,948,3,2,285,100,948
2019160N11073,2019,27,NI,AS,VAYU,13-06-2019 18:00,TS,20.9,68.9,80,970,newdelhi,20.9,68.9,TY,100,948,3,2,285,100,948
2019160N11073,2019,27,NI,AS,VAYU,13-06-2019 21:00,TS,20.9,68.7,80,970,newdelhi,21,68.7,TY,98,950,3,3,290,98,950
2019160N11073,2019,27,NI,AS,VAYU,14-06-2019 00:00,TS,21,68.6,80,970,newdelhi,21,68.6,TY,95,952,2,2,280,95,952
2019160N11073,2019,27,NI,AS,VAYU,14-06-2019 03:00,TS,21,68.4,75,973,newdelhi,21,68.5,TY,93,955,2,2,255,93,955
2019160N11073,2019,27,NI,AS,VAYU,14-06-2019 06:00,TS,21,68.4,75,973,newdelhi,20.9,68.5,TY,90,957,2,2,230,90,957
2019160N11073,2019,27,NI,AS,VAYU,14-06-2019 09:00,TS,20.9,68.3,75,973,newdelhi,20.8,68.5,TY,83,961,2,2,225,83,961
2019160N11073,2019,27,NI,AS,VAYU,14-06-2019 12:00,TS,20.8,68.2,70,976,newdelhi,20.8,68.4,TY,75,965,1,2,245,75,965
2019160N11073,2019,27,NI,AS,VAYU,14-06-2019 15:00,TS,20.8,68.1,70,976,newdelhi,20.8,68.2,TY,75,966,1,3,260,75,966
2019160N11073,2019,27,NI,AS,VAYU,14-06-2019 18:00,TS,20.8,67.9,65,978,newdelhi,20.7,68,TY,75,967,1,4,260,75,967
2019160N11073,2019,27,NI,AS,VAYU,14-06-2019 21:00,TS,20.7,67.7,65,978,newdelhi,20.6,67.8,TY,78,965,1,4,255,78,965
2019160N11073,2019,27,NI,AS,VAYU,15-06-2019 00:00,TS,20.7,67.5,65,978,newdelhi,20.6,67.6,TY,80,962,1,3,250,80,962
2019160N11073,2019,27,NI,AS,VAYU,15-06-2019 03:00,TS,20.6,67.3,65,979,newdelhi,20.5,67.3,TY,80,963,1,6,265,80,963
2019160N11073,2019,27,NI,AS,VAYU,15-06-2019 06:00,TS,20.6,66.9,65,979,newdelhi,20.5,66.9,TY,80,964,1,6,270,80,964
2019160N11073,2019,27,NI,AS,VAYU,15-06-2019 09:00,TS,20.6,66.7,65,980,newdelhi,20.5,66.6,TY,78,966,1,5,275,78,966
2019160N11073,2019,27,NI,AS,VAYU,15-06-2019 12:00,TS,20.7,66.4,65,980,newdelhi,20.6,66.4,TY,75,968,1,4,280,75,968
2019160N11073,2019,27,NI,AS,VAYU,15-06-2019 15:00,TS,20.7,66.2,65,980,newdelhi,20.6,66.1,TY,73,970,1,4,275,73,970
2019160N11073,2019,27,NI,AS,VAYU,15-06-2019 18:00,TS,20.7,66,65,981,newdelhi,20.7,65.9,TY,70,971,1,4,280,70,971
2019160N11073,2019,27,NI,AS,VAYU,15-06-2019 21:00,TS,20.7,65.8,65,981,newdelhi,20.8,65.6,TY,68,973,1,5,275,68,973
2019160N11073,2019,27,NI,AS,VAYU,16-06-2019 00:00,TS,20.8,65.5,60,983,newdelhi,20.8,65.4,TY,65,975,1,5,275,65,975
2019160N11073,2019,27,NI,AS,VAYU,16-06-2019 03:00,TS,20.8,65.2,55,985,newdelhi,20.8,65.3,TY,63,977,0,3,280,63,977
2019160N11073,2019,27,NI,AS,VAYU,16-06-2019 06:00,TS,20.8,65.1,55,985,newdelhi,20.7,65.2,TS,60,979,0,1,250,60,979
2019160N11073,2019,27,NI,AS,VAYU,16-06-2019 09:00,TS,20.7,65.1,55,986,newdelhi,20.6,65.2,TS,58,981,0,1,135,58,981
2019160N11073,2019,27,NI,AS,VAYU,16-06-2019 12:00,TS,20.8,65.2,50,988,newdelhi,20.5,65.3,TS,55,983,0,5,80,55,983
2019160N11073,2019,27,NI,AS,VAYU,16-06-2019 15:00,TS,20.8,65.6,45,990,newdelhi,20.5,65.7,TS,45,988,0,9,70,45,988
2019160N11073,2019,27,NI,AS,VAYU,16-06-2019 18:00,TS,21.1,66.1,40,992,newdelhi,20.8,66.1,TS,40,993,0,9,55,40,993
2019160N11073,2019,27,NI,AS,VAYU,16-06-2019 21:00,TS,21.4,66.4,40,993,newdelhi,21.2,66.4,TS,38,994,0,8,45,38,994
2019160N11073,2019,27,NI,AS,VAYU,17-06-2019 00:00,TS,21.7,66.6,35,995,newdelhi,21.6,66.6,TS,35,994,0,6,40,35,994
2019160N11073,2019,27,NI,AS,VAYU,17-06-2019 03:00,TS,21.8,66.8,30,996,newdelhi,21.8,66.8,TS,33,995,-1,4,50,33,995
2019160N11073,2019,27,NI,AS,VAYU,17-06-2019 06:00,TS,21.9,67,30,997,newdelhi,21.9,67,TD,30,996,-1,7,55,30,996
2019160N11073,2019,27,NI,AS,VAYU,17-06-2019 09:00,TS,22.2,67.4,25,998,newdelhi,22.2,67.4,TD,28,997,-1,10,55,28,997
2019160N11073,2019,27,NI,AS,VAYU,17-06-2019 12:00,TS,22.5,67.9,20,998,newdelhi,22.5,67.9,TD,25,998,-1,9,45,25,998
2019160N11073,2019,27,NI,AS,VAYU,17-06-2019 15:00,TS,22.8,68.1, , , ,22.8,68.1,TD,23,1003,-1,7,35,23,1003
2019160N11073,2019,27,NI,AS,VAYU,17-06-2019 18:00,DS,23.1,68.3, , , ,23.1,68.3,DB,20,1007,-3,6,50,20,1007
2019160N11073,2019,27,NI,AS,VAYU,17-06-2019 21:00,DS,23.2,68.6, , , ,23.2,68.6,DB,20,1007,-3,7,80,20,1007
2019160N11073,2019,27,NI,AS,VAYU,18-06-2019 00:00,DS,23.2,69, , , ,23.2,69,DB,20,1007,-3,9,95,20,1007
2019160N11073,2019,27,NI,AS,VAYU,18-06-2019 03:00,DS,23.1,69.6, , , ,23.1,69.6,DB,20,1007,-3,11,100,20,1007
2019160N11073,2019,27,NI,AS,VAYU,18-06-2019 06:00,DS,23,70.2, , , ,23,70.2,DB,20,1007,-3,12,100,20,1007
2019218N21088,2019,47,NI,BB,UNNAMED,06-08-2019 03:00,TS,20.5,88,25,990,newdelhi, , , , , ,-5,0,0, , 
2019218N21088,2019,47,NI,BB,UNNAMED,06-08-2019 06:00,TS,20.5,88,25,990,newdelhi, , , , , ,-5,1,315, , 
2019218N21088,2019,47,NI,BB,UNNAMED,06-08-2019 09:00,TS,20.6,87.9, , , , , , , , ,-5,3,315, , 
2019218N21088,2019,47,NI,BB,UNNAMED,06-08-2019 12:00,TS,20.7,87.8,25,990,newdelhi, , , , , ,-5,3,310, , 
2019218N21088,2019,47,NI,BB,UNNAMED,06-08-2019 15:00,TS,20.7,87.7, , , , , , , , ,-5,2,300, , 
2019218N21088,2019,47,NI,BB,UNNAMED,06-08-2019 18:00,TS,20.8,87.6,25,990,newdelhi, , , , , ,-5,3,305, , 
2019218N21088,2019,47,NI,BB,UNNAMED,06-08-2019 21:00,TS,20.9,87.5, , , , , , , , ,-5,3,315, , 
2019218N21088,2019,47,NI,BB,UNNAMED,07-08-2019 00:00,TS,21,87.4,30,988,newdelhi, , , , , ,-5,2,340, , 
2019218N21088,2019,47,NI,BB,UNNAMED,07-08-2019 03:00,TS,21.1,87.4,30,988,newdelhi, , , , , ,-5,3,315, , 
2019218N21088,2019,47,NI,BB,UNNAMED,07-08-2019 06:00,TS,21.2,87.2,30,988,newdelhi, , , , , ,-5,6,310, , 
2019218N21088,2019,47,NI,BB,UNNAMED,07-08-2019 09:00,TS,21.5,86.9, , , , , , , , ,-5,10,315, , 
2019218N21088,2019,47,NI,BB,UNNAMED,07-08-2019 12:00,TS,21.9,86.5,30,988,newdelhi, , , , , ,-5,10,310, , 
2019218N21088,2019,47,NI,BB,UNNAMED,07-08-2019 15:00,TS,22.2,86.1, , , , , , , , ,-5,10,300, , 
2019218N21088,2019,47,NI,BB,UNNAMED,07-08-2019 18:00,TS,22.4,85.6,30,988,newdelhi, , , , , ,-5,12,290, , 
2019218N21088,2019,47,NI,BB,UNNAMED,07-08-2019 21:00,TS,22.6,84.9, , , , , , , , ,-5,15,285, , 
2019218N21088,2019,47,NI,BB,UNNAMED,08-08-2019 00:00,TS,22.8,84,25,999,newdelhi, , , , , ,-5,19,280, , 
2019218N21088,2019,47,NI,BB,UNNAMED,08-08-2019 03:00,TS,23,82.9,25,999,newdelhi, , , , , ,-5,20,285, , 
2019218N21088,2019,47,NI,BB,UNNAMED,08-08-2019 06:00,TS,23.4,81.9,25,999,newdelhi, , , , , ,-5,19,290, , 
2019218N21088,2019,47,NI,BB,UNNAMED,08-08-2019 09:00,TS,23.6,80.9, , , , , , , , ,-5,16,275, , 
2019218N21088,2019,47,NI,BB,UNNAMED,08-08-2019 12:00,TS,23.6,80.2,25,999,newdelhi, , , , , ,-5,9,270, , 
2019218N21088,2019,47,NI,BB,UNNAMED,08-08-2019 15:00,TS,23.6,80, , , , , , , , ,-5,4,270, , 
2019218N21088,2019,47,NI,BB,UNNAMED,08-08-2019 18:00,TS,23.6,79.8,25,1000,newdelhi, , , , , ,-5,5,265, , 
2019218N21088,2019,47,NI,BB,UNNAMED,08-08-2019 21:00,TS,23.6,79.4, , , , , , , , ,-5,11,270, , 
2019218N21088,2019,47,NI,BB,UNNAMED,09-08-2019 00:00,TS,23.6,78.6,25,1000,newdelhi, , , , , ,-5,19,275, , 
2019218N21088,2019,47,NI,AS,UNNAMED,09-08-2019 03:00,TS,23.8,77.3,25,1000,newdelhi, , , , , ,-5,23,280, , 
2019218N21088,2019,47,NI,AS,UNNAMED,09-08-2019 06:00,TS,24,76.1,25,1000,newdelhi, , , , , ,-5,22,280, , 
2019264N19071,2019,71,NI,AS,HIKAA:HIKKA,20-09-2019 18:00,DS,19.3,71.3, , , ,19.3,71.3,DB,20,1007,-3,5,240,20,1007
2019264N19071,2019,71,NI,AS,HIKAA:HIKKA,20-09-2019 21:00,DS,19.2,71.1, , , ,19.2,71.1,DB,20,1005,-3,4,240,20,1005
2019264N19071,2019,71,NI,AS,HIKAA:HIKKA,21-09-2019 00:00,DS,19.1,70.9, , , ,19.1,70.9,DB,20,1002,-3,3,250,20,1002
2019264N19071,2019,71,NI,AS,HIKAA:HIKKA,21-09-2019 03:00,DS,19.1,70.7, , , ,19.1,70.7,DB,20,1002,-3,3,270,20,1002
2019264N19071,2019,71,NI,AS,HIKAA:HIKKA,21-09-2019 06:00,DS,19.1,70.6, , , ,19.1,70.6,DB,20,1002,-3,3,285,20,1002
2019264N19071,2019,71,NI,AS,HIKAA:HIKKA,21-09-2019 09:00,DS,19.1,70.5, , , ,19.1,70.5,DB,20,1002,-3,3,290,20,1002
2019264N19071,2019,71,NI,AS,HIKAA:HIKKA,21-09-2019 12:00,DS,19.2,70.3, , , ,19.2,70.3,DB,20,1002,-3,3,285,20,1002
2019264N19071,2019,71,NI,AS,HIKAA:HIKKA,21-09-2019 15:00,DS,19.2,70.1, , , ,19.2,70.1,DB,20,1003,-3,4,285,20,1003
2019264N19071,2019,71,NI,AS,HIKAA:HIKKA,21-09-2019 18:00,DS,19.3,69.9, , , ,19.3,69.9,DB,20,1004,-3,4,300,20,1004
2019264N19071,2019,71,NI,AS,HIKAA:HIKKA,21-09-2019 21:00,DS,19.4,69.7, , , ,19.4,69.7,DB,23,1003,-3,5,310,23,1003
2019264N19071,2019,71,NI,AS,HIKAA:HIKKA,22-09-2019 00:00,TS,19.6,69.5, , , ,19.6,69.5,TD,25,1001,-1,6,310,25,1001
2019264N19071,2019,71,NI,AS,HIKAA:HIKKA,22-09-2019 03:00,TS,19.8,69.2,25,1002,newdelhi,19.8,69.2,TD,28,1001,-1,7,305,28,1001
2019264N19071,2019,71,NI,AS,HIKAA:HIKKA,22-09-2019 06:00,TS,20,68.9,25,1000,newdelhi,20,68.8,TD,30,1001,-1,8,305,30,1001
2019264N19071,2019,71,NI,AS,HIKAA:HIKKA,22-09-2019 09:00,TS,20.2,68.5, , , ,20.2,68.4,TD,33,1000,-1,8,300,33,1000
2019264N19071,2019,71,NI,AS,HIKAA:HIKKA,22-09-2019 12:00,TS,20.4,68.1,30,999,newdelhi,20.4,68,TS,35,999,0,9,285,35,999
2019264N19071,2019,71,NI,AS,HIKAA:HIKKA,22-09-2019 15:00,TS,20.5,67.6, , , ,20.4,67.5,TS,35,1000,0,9,275,35,1000
2019264N19071,2019,71,NI,AS,HIKAA:HIKKA,22-09-2019 18:00,TS,20.4,67.1,30,998,newdelhi,20.4,67,TS,35,1001,0,10,265,35,1001
2019264N19071,2019,71,NI,AS,HIKAA:HIKKA,22-09-2019 21:00,TS,20.4,66.6, , , ,20.3,66.5,TS,43,998,0,10,265,43,998
2019264N19071,2019,71,NI,AS,HIKAA:HIKKA,23-09-2019 00:00,TS,20.4,66.1,35,997,newdelhi,20.2,65.9,TS,50,995,0,10,265,50,995
2019264N19071,2019,71,NI,AS,HIKAA:HIKKA,23-09-2019 03:00,TS,20.3,65.5,40,996,newdelhi,20.2,65.3,TS,53,995,0,11,265,53,995
2019264N19071,2019,71,NI,AS,HIKAA:HIKKA,23-09-2019 06:00,TS,20.3,64.9,45,994,newdelhi,20.2,64.7,TS,55,994,0,13,265,55,994
2019264N19071,2019,71,NI,AS,HIKAA:HIKKA,23-09-2019 09:00,TS,20.2,64.1,55,988,newdelhi,20.2,64.1,TS,63,989,0,12,270,63,989
2019264N19071,2019,71,NI,AS,HIKAA:HIKKA,23-09-2019 12:00,TS,20.2,63.6,55,988,newdelhi,20.2,63.5,TY,70,984,1,12,270,70,984
2019264N19071,2019,71,NI,AS,HIKAA:HIKKA,23-09-2019 15:00,TS,20.2,62.9,55,988,newdelhi,20.2,62.9,TY,75,981,1,12,270,75,981
2019264N19071,2019,71,NI,AS,HIKAA:HIKKA,23-09-2019 18:00,TS,20.2,62.3,60,986,newdelhi,20.2,62.3,TY,80,978,1,13,270,80,978
2019264N19071,2019,71,NI,AS,HIKAA:HIKKA,23-09-2019 21:00,TS,20.2,61.6,60,986,newdelhi,20.2,61.6,TY,85,974,2,13,265,85,974
2019264N19071,2019,71,NI,AS,HIKAA:HIKKA,24-09-2019 00:00,TS,20.1,61,70,980,newdelhi,20.1,60.9,TY,90,969,2,12,265,90,969
2019264N19071,2019,71,NI,AS,HIKAA:HIKKA,24-09-2019 03:00,TS,20.1,60.3,75,978,newdelhi,20.1,60.2,TY,90,969,2,13,265,90,969
2019264N19071,2019,71,NI,AS,HIKAA:HIKKA,24-09-2019 06:00,TS,20,59.6,75,978,newdelhi,20,59.6,TY,90,969,2,13,260,90,969
2019264N19071,2019,71,NI,AS,HIKAA:HIKKA,24-09-2019 09:00,TS,19.9,58.9,75,978,newdelhi,19.9,58.9,TY,83,974,2,12,260,83,974
2019264N19071,2019,71,NI,AS,HIKAA:HIKKA,24-09-2019 12:00,TS,19.8,58.3,75,978,newdelhi,19.8,58.3,TY,75,979,1,12,260,75,979
2019264N19071,2019,71,NI,AS,HIKAA:HIKKA,24-09-2019 15:00,TS,19.7,57.6,60,986,newdelhi,19.7,57.6,TY,68,981,1,12,265,68,981
2019264N19071,2019,71,NI,AS,HIKAA:HIKKA,24-09-2019 18:00,TS,19.7,57.1,55,989,newdelhi,19.7,57,TS,60,982,0,10,265,60,982
2019264N19071,2019,71,NI,AS,HIKAA:HIKKA,24-09-2019 21:00,TS,19.6,56.5,45,994,newdelhi,19.7,56.5,TS,53,986,0,10,265,53,986
2019264N19071,2019,71,NI,AS,HIKAA:HIKKA,25-09-2019 00:00,TS,19.6,56,35,997,newdelhi,19.6,56,TS,45,989,0,10,260,45,989
2019264N19071,2019,71,NI,AS,HIKAA:HIKKA,25-09-2019 03:00,TS,19.4,55.5,30,999,newdelhi,19.4,55.5,TS,38,995,0,10,245,38,995
2019264N19071,2019,71,NI,AS,HIKAA:HIKKA,25-09-2019 06:00,TS,19.2,55,25,1002,newdelhi,19.2,55,TD,30,1000,-1,10,255,30,1000
2019264N19071,2019,71,NI,AS,HIKAA:HIKKA,25-09-2019 09:00,TS,19.2,54.5, , , ,19.2,54.5,TD,28,1004,-1,9,270,28,1004
2019264N19071,2019,71,NI,AS,HIKAA:HIKKA,25-09-2019 12:00,TS,19.2,54, , , ,19.2,54,TD,25,1008,-1,11,265,25,1008
2019264N19071,2019,71,NI,AS,HIKAA:HIKKA,25-09-2019 15:00,TS,19.1,53.4, , , ,19.1,53.4,TD,23,1009,-1,12,260,23,1009
2019264N19071,2019,71,NI,AS,HIKAA:HIKKA,25-09-2019 18:00,DS,19,52.8, , , ,19,52.8,DB,20,1010,-3,11,260,20,1010
2019264N19071,2019,71,NI,AS,HIKAA:HIKKA,25-09-2019 21:00,DS,18.9,52.3, , , ,18.9,52.3,DB,20,1010,-3,10,265,20,1010
2019264N19071,2019,71,NI,AS,HIKAA:HIKKA,26-09-2019 00:00,DS,18.9,51.7, , , ,18.9,51.7,DB,20,1010,-3,11,265,20,1010
2019264N19071,2019,71,NI,AS,HIKAA:HIKKA,26-09-2019 03:00,DS,18.9,51.1, , , ,18.9,51.1,DB,20,1010,-3,11,265,20,1010
2019264N19071,2019,71,NI,AS,HIKAA:HIKKA,26-09-2019 06:00,DS,18.8,50.5, , , ,18.8,50.5,DB,20,1010,-3,12,265,20,1010
2019273N23070,2019,76,NI,AS,UNNAMED,29-09-2019 12:00,TS,23.1,70.2,25,1002,newdelhi, , , , , ,-5,1,0, , 
2019273N23070,2019,76,NI,AS,UNNAMED,29-09-2019 15:00,TS,23.1,70.2, , , , , , , , ,-5,0,0, , 
2019273N23070,2019,76,NI,AS,UNNAMED,29-09-2019 18:00,TS,23.1,70.2,25,1002,newdelhi, , , , , ,-5,1,85, , 
2019273N23070,2019,76,NI,AS,UNNAMED,29-09-2019 21:00,TS,23.1,70.3, , , , , , , , ,-5,3,70, , 
2019273N23070,2019,76,NI,AS,UNNAMED,30-09-2019 00:00,TS,23.2,70.5,25,1002,newdelhi, , , , , ,-5,5,50, , 
2019273N23070,2019,76,NI,AS,UNNAMED,30-09-2019 03:00,TS,23.4,70.7,25,1002,newdelhi, , , , , ,-5,8,70, , 
2019273N23070,2019,76,NI,AS,UNNAMED,30-09-2019 06:00,TS,23.5,71.3,25,1002,newdelhi, , , , , ,-5,9,85, , 
2019273N23070,2019,76,NI,AS,UNNAMED,30-09-2019 09:00,TS,23.5,71.6, , , , , , , , ,-5,6,90, , 
2019273N23070,2019,76,NI,AS,UNNAMED,30-09-2019 12:00,TS,23.5,71.9,25,1002,newdelhi, , , , , ,-5,5,85, , 
2019273N23070,2019,76,NI,AS,UNNAMED,30-09-2019 15:00,TS,23.6,72.2, , , , , , , , ,-5,8,75, , 
2019273N23070,2019,76,NI,AS,UNNAMED,30-09-2019 18:00,TS,23.7,72.7,25,1002,newdelhi, , , , , ,-5,10,75, , 
2019273N23070,2019,76,NI,AS,UNNAMED,30-09-2019 21:00,TS,23.8,73.3, , , , , , , , ,-5,13,75, , 
2019273N23070,2019,76,NI,AS,UNNAMED,01-10-2019 00:00,TS,24,74.1,25,1002,newdelhi, , , , , ,-5,14,75, , 
2019296N15066,2019,87,NI,AS,KYAAR:KYARR,22-10-2019 18:00,DS,14.7,66.4, , , ,14.7,66.4,DB,20,1004,-3,9,60,20,1004
2019296N15066,2019,87,NI,AS,KYAAR:KYARR,22-10-2019 21:00,DS,14.9,66.8, , , ,14.9,66.8,DB,20,1004,-3,9,65,20,1004
2019296N15066,2019,87,NI,AS,KYAAR:KYARR,23-10-2019 00:00,DS,15.1,67.2, , , ,15.1,67.2,DB,20,1003,-3,9,70,20,1003
2019296N15066,2019,87,NI,AS,KYAAR:KYARR,23-10-2019 03:00,DS,15.2,67.6, , , ,15.2,67.6,DB,20,1004,-3,9,75,20,1004
2019296N15066,2019,87,NI,AS,KYAAR:KYARR,23-10-2019 06:00,DS,15.3,68.1, , , ,15.3,68.1,DB,20,1005,-3,9,75,20,1005
2019296N15066,2019,87,NI,AS,KYAAR:KYARR,23-10-2019 09:00,DS,15.4,68.5, , , ,15.4,68.5,DB,20,1004,-3,9,75,20,1004
2019296N15066,2019,87,NI,AS,KYAAR:KYARR,23-10-2019 12:00,DS,15.5,69, , , ,15.5,69,DB,20,1002,-3,10,80,20,1002
2019296N15066,2019,87,NI,AS,KYAAR:KYARR,23-10-2019 15:00,DS,15.6,69.6, , , ,15.6,69.6,DB,23,1003,-3,11,85,23,1003
2019296N15066,2019,87,NI,AS,KYAAR:KYARR,23-10-2019 18:00,TS,15.6,70.1, , , ,15.6,70.1,TD,25,1004,-1,7,90,25,1004
2019296N15066,2019,87,NI,AS,KYAAR:KYARR,23-10-2019 21:00,TS,15.6,70.4, , , ,15.6,70.4,TD,25,1002,-1,4,105,25,1002
2019296N15066,2019,87,NI,AS,KYAAR:KYARR,24-10-2019 00:00,TS,15.5,70.5, , , ,15.5,70.5,TD,25,999,-1,4,140,25,999
2019296N15066,2019,87,NI,AS,KYAAR:KYARR,24-10-2019 03:00,TS,15.3,70.6,25,1000,newdelhi,15.3,70.7,TD,28,1000,-1,3,150,28,1000
2019296N15066,2019,87,NI,AS,KYAAR:KYARR,24-10-2019 06:00,TS,15.2,70.7,25,1000,newdelhi,15.1,70.8,TD,30,1001,-1,2,85,30,1001
2019296N15066,2019,87,NI,AS,KYAAR:KYARR,24-10-2019 09:00,TS,15.3,70.8, , , ,15.2,71,TD,30,1001,-1,4,50,30,1001
2019296N15066,2019,87,NI,AS,KYAAR:KYARR,24-10-2019 12:00,TS,15.5,71,30,998,newdelhi,15.4,71.1,TD,30,1001,-1,4,60,30,1001
2019296N15066,2019,87,NI,AS,KYAAR:KYARR,24-10-2019 15:00,TS,15.5,71.1, , , ,15.4,71.2,TD,33,1001,-1,4,75,33,1001
2019296N15066,2019,87,NI,AS,KYAAR:KYARR,24-10-2019 18:00,TS,15.6,71.3,30,997,newdelhi,15.4,71.3,TS,35,1001,0,3,65,35,1001
2019296N15066,2019,87,NI,AS,KYAAR:KYARR,24-10-2019 21:00,TS,15.6,71.4, , , ,15.5,71.4,TS,40,998,0,3,50,40,998
2019296N15066,2019,87,NI,AS,KYAAR:KYARR,25-10-2019 00:00,TS,15.8,71.6,40,996,newdelhi,15.6,71.6,TS,45,994,0,3,45,45,994
2019296N15066,2019,87,NI,AS,KYAAR:KYARR,25-10-2019 03:00,TS,15.9,71.7,40,996,newdelhi,15.7,71.7,TS,48,993,0,3,45,48,993
2019296N15066,2019,87,NI,AS,KYAAR:KYARR,25-10-2019 06:00,TS,16,71.8,45,994,newdelhi,15.9,71.8,TS,50,992,0,3,30,50,992
2019296N15066,2019,87,NI,AS,KYAAR:KYARR,25-10-2019 09:00,TS,16.1,71.8,45,994,newdelhi,16,71.9,TS,53,990,0,3,0,53,990
2019296N15066,2019,87,NI,AS,KYAAR:KYARR,25-10-2019 12:00,TS,16.3,71.8,50,992,newdelhi,16.2,71.9,TS,55,987,0,2,335,55,987
2019296N15066,2019,87,NI,AS,KYAAR:KYARR,25-10-2019 15:00,TS,16.3,71.7,55,991,newdelhi,16.4,71.7,TS,60,986,0,4,300,60,986
2019296N15066,2019,87,NI,AS,KYAAR:KYARR,25-10-2019 18:00,TS,16.5,71.5,55,990,newdelhi,16.5,71.4,TY,65,984,1,6,290,65,984
2019296N15066,2019,87,NI,AS,KYAAR:KYARR,25-10-2019 21:00,TS,16.5,71.1,60,988,newdelhi,16.6,71.1,TY,68,982,1,7,280,68,982
2019296N15066,2019,87,NI,AS,KYAAR:KYARR,26-10-2019 00:00,TS,16.6,70.8,65,984,newdelhi,16.6,70.7,TY,70,979,1,7,275,70,979
2019296N15066,2019,87,NI,AS,KYAAR:KYARR,26-10-2019 03:00,TS,16.6,70.4,65,984,newdelhi,16.6,70.3,TY,75,978,1,7,275,75,978
2019296N15066,2019,87,NI,AS,KYAAR:KYARR,26-10-2019 06:00,TS,16.6,70,75,978,newdelhi,16.6,70,TY,80,976,1,7,270,80,976
2019296N15066,2019,87,NI,AS,KYAAR:KYARR,26-10-2019 09:00,TS,16.6,69.7,80,974,newdelhi,16.6,69.7,TY,88,969,2,6,280,88,969
2019296N15066,2019,87,NI,AS,KYAAR:KYARR,26-10-2019 12:00,TS,16.7,69.4,85,970,newdelhi,16.7,69.4,TY,95,961,2,6,280,95,961
2019296N15066,2019,87,NI,AS,KYAAR:KYARR,26-10-2019 15:00,TS,16.7,69.1,90,966,newdelhi,16.7,69.2,TY,108,950,3,5,280,108,950
2019296N15066,2019,87,NI,AS,KYAAR:KYARR,26-10-2019 18:00,TS,16.8,68.9,105,950,newdelhi,16.8,68.9,TY,120,939,4,6,285,120,939
2019296N15066,2019,87,NI,AS,KYAAR:KYARR,26-10-2019 21:00,TS,16.9,68.5,110,946,newdelhi,16.9,68.6,TY,128,932,4,7,285,128,932
2019296N15066,2019,87,NI,AS,KYAAR:KYARR,27-10-2019 00:00,TS,17,68.2,120,934,newdelhi,17,68.2,ST,135,924,4,7,290,135,924
2019296N15066,2019,87,NI,AS,KYAAR:KYARR,27-10-2019 03:00,TS,17.1,67.8,125,928,newdelhi,17.1,67.8,ST,135,925,4,8,290,135,925
2019296N15066,2019,87,NI,AS,KYAAR:KYARR,27-10-2019 06:00,TS,17.3,67.4,125,928,newdelhi,17.3,67.5,ST,135,926,4,7,290,135,926
2019296N15066,2019,87,NI,AS,KYAAR:KYARR,27-10-2019 09:00,TS,17.4,67.1,130,922,newdelhi,17.4,67.2,ST,133,927,4,6,295,133,927
2019296N15066,2019,87,NI,AS,KYAAR:KYARR,27-10-2019 12:00,TS,17.5,66.8,130,922,newdelhi,17.5,66.9,ST,130,928,4,6,290,130,928
2019296N15066,2019,87,NI,AS,KYAAR:KYARR,27-10-2019 15:00,TS,17.6,66.5,130,922,newdelhi,17.7,66.6,ST,128,931,4,6,305,128,931
2019296N15066,2019,87,NI,AS,KYAAR:KYARR,27-10-2019 18:00,TS,17.8,66.3,130,922,newdelhi,17.9,66.2,TY,125,933,4,8,300,125,933
2019296N15066,2019,87,NI,AS,KYAAR:KYARR,27-10-2019 21:00,TS,18,65.8,125,926,newdelhi,18.1,65.8,TY,128,931,4,8,290,128,931
2019296N15066,2019,87,NI,AS,KYAAR:KYARR,28-10-2019 00:00,TS,18.2,65.5,125,928,newdelhi,18.2,65.5,ST,130,929,4,7,285,130,929
2019296N15066,2019,87,NI,AS,KYAAR:KYARR,28-10-2019 03:00,TS,18.2,65.1,125,928,newdelhi,18.3,65.1,ST,130,930,4,7,285,130,930
2019296N15066,2019,87,NI,AS,KYAAR:KYARR,28-10-2019 06:00,TS,18.3,64.8,125,928,newdelhi,18.3,64.8,ST,130,931,4,5,290,130,931
2019296N15066,2019,87,NI,AS,KYAAR:KYARR,28-10-2019 09:00,TS,18.4,64.5,125,928,newdelhi,18.4,64.6,ST,128,932,4,4,300,128,932
2019296N15066,2019,87,NI,AS,KYAAR:KYARR,28-10-2019 12:00,TS,18.5,64.4,125,928,newdelhi,18.5,64.4,TY,125,933,4,5,305,125,933
2019296N15066,2019,87,NI,AS,KYAAR:KYARR,28-10-2019 15:00,TS,18.7,64.1,125,928,newdelhi,18.6,64.2,TY,123,935,4,5,310,123,935
2019296N15066,2019,87,NI,AS,KYAAR:KYARR,28-10-2019 18:00,TS,18.8,64,125,930,newdelhi,18.8,64,TY,120,937,4,4,305,120,937
2019296N15066,2019,87,NI,AS,KYAAR:KYARR,28-10-2019 21:00,TS,18.9,63.8,125,930,newdelhi,19,63.8,TY,118,940,4,5,310,118,940
2019296N15066,2019,87,NI,AS,KYAAR:KYARR,29-10-2019 00:00,TS,19.1,63.6,120,934,newdelhi,19.1,63.6,TY,115,942,4,5,310,115,942
2019296N15066,2019,87,NI,AS,KYAAR:KYARR,29-10-2019 03:00,TS,19.2,63.4,115,940,newdelhi,19.3,63.4,TY,113,945,4,4,315,113,945
2019296N15066,2019,87,NI,AS,KYAAR:KYARR,29-10-2019 06:00,TS,19.4,63.3,110,946,newdelhi,19.4,63.3,TY,110,947,3,4,310,110,947
2019296N15066,2019,87,NI,AS,KYAAR:KYARR,29-10-2019 09:00,TS,19.5,63.1,105,950,newdelhi,19.5,63.2,TY,105,951,3,2,310,105,951
2019296N15066,2019,87,NI,AS,KYAAR:KYARR,29-10-2019 12:00,TS,19.6,63.1,100,956,newdelhi,19.6,63,TY,100,955,3,2,295,100,955
2019296N15066,2019,87,NI,AS,KYAAR:KYARR,29-10-2019 15:00,TS,19.6,62.9,100,956,newdelhi,19.6,62.9,TY,98,958,3,3,280,98,958
2019296N15066,2019,87,NI,AS,KYAAR:KYARR,29-10-2019 18:00,TS,19.6,62.8,95,960,newdelhi,19.6,62.7,TY,95,961,2,3,275,95,961
2019296N15066,2019,87,NI,AS,KYAAR:KYARR,29-10-2019 21:00,TS,19.6,62.5,90,966,newdelhi,19.6,62.5,TY,90,965,2,5,265,90,965
2019296N15066,2019,87,NI,AS,KYAAR:KYARR,30-10-2019 00:00,TS,19.6,62.3,85,970,newdelhi,19.5,62.2,TY,85,968,2,5,255,85,968
2019296N15066,2019,87,NI,AS,KYAAR:KYARR,30-10-2019 03:00,TS,19.5,62.1,80,974,newdelhi,19.4,62,TY,78,974,1,5,240,78,974
2019296N15066,2019,87,NI,AS,KYAAR:KYARR,30-10-2019 06:00,TS,19.3,61.8,75,978,newdelhi,19.2,61.8,TY,70,979,1,5,230,70,979
2019296N15066,2019,87,NI,AS,KYAAR:KYARR,30-10-2019 09:00,TS,19.2,61.6,70,982,newdelhi,19,61.6,TY,65,983,1,5,225,65,983
2019296N15066,2019,87,NI,AS,KYAAR:KYARR,30-10-2019 12:00,TS,18.9,61.4,65,984,newdelhi,18.9,61.3,TS,60,986,0,6,240,60,986
2019296N15066,2019,87,NI,AS,KYAAR:KYARR,30-10-2019 15:00,TS,18.9,61.1,60,988,newdelhi,18.8,60.9,TS,55,990,0,6,245,55,990
2019296N15066,2019,87,NI,AS,KYAAR:KYARR,30-10-2019 18:00,TS,18.7,60.8,55,990,newdelhi,18.7,60.6,TS,50,994,0,6,235,50,994
2019296N15066,2019,87,NI,AS,KYAAR:KYARR,30-10-2019 21:00,TS,18.5,60.5,55,991,newdelhi,18.5,60.4,TS,45,997,0,6,225,45,997
2019296N15066,2019,87,NI,AS,KYAAR:KYARR,31-10-2019 00:00,TS,18.3,60.4,50,994,newdelhi,18.2,60.2,TS,40,999,0,7,220,40,999
2019296N15066,2019,87,NI,AS,KYAAR:KYARR,31-10-2019 03:00,TS,18,60.1,45,996,newdelhi,17.9,60,TS,38,1001,0,7,210,38,1001
2019296N15066,2019,87,NI,AS,KYAAR:KYARR,31-10-2019 06:00,TS,17.7,60,40,998,newdelhi,17.7,59.9,TS,35,1003,0,5,200,35,1003
2019296N15066,2019,87,NI,AS,KYAAR:KYARR,31-10-2019 09:00,TS,17.5,59.9,40,998,newdelhi,17.5,59.8,TS,35,1001,0,3,205,35,1001
2019296N15066,2019,87,NI,AS,KYAAR:KYARR,31-10-2019 12:00,TS,17.4,59.9,35,999,newdelhi,17.4,59.8,TS,35,999,0,4,220,35,999
2019296N15066,2019,87,NI,AS,KYAAR:KYARR,31-10-2019 15:00,TS,17.2,59.7,30,1001,newdelhi,17.2,59.7,TS,30,1002,-1,6,205,30,1002
2019296N15066,2019,87,NI,AS,KYAAR:KYARR,31-10-2019 18:00,TS,16.9,59.6,30,1001,newdelhi,17,59.6,TD,25,1005,-1,5,195,25,1005
2019296N15066,2019,87,NI,AS,KYAAR:KYARR,31-10-2019 21:00,TS,16.7,59.5,30,1001,newdelhi,16.7,59.5,TD,25,1005,-1,5,215,25,1005
2019296N15066,2019,87,NI,AS,KYAAR:KYARR,01-11-2019 00:00,TS,16.5,59.3,25,1002,newdelhi,16.4,59.3,TD,25,1005,-1,7,225,25,1005
2019296N15066,2019,87,NI,AS,KYAAR:KYARR,01-11-2019 03:00,TS,16.2,59,25,1002,newdelhi,16.2,58.9,TD,25,1006,-1,8,235,25,1006
2019296N15066,2019,87,NI,AS,KYAAR:KYARR,01-11-2019 06:00,TS,16,58.6,25,1002,newdelhi,15.9,58.5,TD,25,1006,-1,9,235,25,1006
2019296N15066,2019,87,NI,AS,KYAAR:KYARR,01-11-2019 09:00,TS,15.7,58.2,25,1002,newdelhi,15.6,58.1,TD,25,1005,-1,11,240,25,1005
2019296N15066,2019,87,NI,AS,KYAAR:KYARR,01-11-2019 12:00,TS,15.4,57.6,25,1002,newdelhi,15.3,57.7,TD,25,1004,-1,11,225,25,1004
2019296N15066,2019,87,NI,AS,KYAAR:KYARR,01-11-2019 15:00,TS,14.9,57.4,25,1002,newdelhi,14.8,57.5,TD,25,1005,-1,11,205,25,1005
2019296N15066,2019,87,NI,AS,KYAAR:KYARR,01-11-2019 18:00,TS,14.4,57.1,25,1002,newdelhi,14.3,57.2,TD,25,1005,-1,12,220,25,1005
2019296N15066,2019,87,NI,AS,KYAAR:KYARR,01-11-2019 21:00,TS,14,56.6,25,1002,newdelhi,14,56.8,TD,25,1005,-1,12,235,25,1005
2019296N15066,2019,87,NI,AS,KYAAR:KYARR,02-11-2019 00:00,TS,13.8,56.1,25,1002,newdelhi,13.8,56.3,TD,25,1005,-1,14,250,25,1005
2019296N15066,2019,87,NI,AS,KYAAR:KYARR,02-11-2019 03:00,TS,13.6,55.2,25,1003,newdelhi,13.6,55.4,TD,25,1005,-1,18,255,25,1005
2019296N15066,2019,87,NI,AS,KYAAR:KYARR,02-11-2019 06:00,TS,13.3,54.3,25,1003,newdelhi,13.4,54.5,TD,25,1005,-1,16,245,25,1005
2019296N15066,2019,87,NI,AS,KYAAR:KYARR,02-11-2019 09:00,TS,12.9,53.8,25,1003,newdelhi,13.1,53.7,TD,25,1006,-1,14,245,25,1006
2019296N15066,2019,87,NI,AS,KYAAR:KYARR,02-11-2019 12:00,TS,12.6,53,20,1003,newdelhi,12.7,53,TD,25,1006,-1,17,240,25,1006
2019296N15066,2019,87,NI,AS,KYAAR:KYARR,02-11-2019 15:00,MX,12.1,52.3,20,1003,newdelhi,12.1,52.2,DB,20,1007,-3,19,215,20,1007
2019296N15066,2019,87,NI,AS,KYAAR:KYARR,02-11-2019 18:00,DS,11.1,51.9, , , ,11.1,51.9,DB,20,1007,-3,18,190,20,1007
2019296N15066,2019,87,NI,AS,KYAAR:KYARR,02-11-2019 21:00,DS,10.3,51.9, , , ,10.3,51.9,DB,20,1007,-3,13,170,20,1007
2019296N15066,2019,87,NI,AS,KYAAR:KYARR,03-11-2019 00:00,DS,9.8,52.1, , , ,9.8,52.1,DB,20,1007,-3,9,165,20,1007
2019296N15066,2019,87,NI,AS,KYAAR:KYARR,03-11-2019 03:00,DS,9.5,52.2, , , ,9.5,52.2,DB,18,1007,-3,6,170,18,1007
2019296N15066,2019,87,NI,AS,KYAAR:KYARR,03-11-2019 06:00,DS,9.2,52.2, , , ,9.2,52.2,DB,15,1007,-3,5,175,15,1007
2019301N05081,2019,91,NI,BB,MAHA,28-10-2019 06:00,DS,4.9,81.2, , , ,4.9,81.2,DB,15, ,-3,12,265,15, 
2019301N05081,2019,91,NI,BB,MAHA,28-10-2019 09:00,DS,4.9,80.6, , , ,4.9,80.6,DB,15, ,-3,12,265,15, 
2019301N05081,2019,91,NI,BB,MAHA,28-10-2019 12:00,DS,4.8,80, , , ,4.8,80,DB,15, ,-3,12,260,15, 
2019301N05081,2019,91,NI,BB,MAHA,28-10-2019 15:00,DS,4.7,79.4, , , ,4.7,79.4,DB,15, ,-3,12,260,15, 
2019301N05081,2019,91,NI,BB,MAHA,28-10-2019 18:00,DS,4.6,78.8, , , ,4.6,78.8,DB,15,1009,-3,13,260,15,1009
2019301N05081,2019,91,NI,BB,MAHA,28-10-2019 21:00,DS,4.5,78.1, , , ,4.5,78.1,DB,18,1008,-3,13,265,18,1008
2019301N05081,2019,91,NI,AS,MAHA,29-10-2019 00:00,DS,4.5,77.5, , , ,4.5,77.5,DB,20,1007,-3,11,285,20,1007
2019301N05081,2019,91,NI,AS,MAHA,29-10-2019 03:00,DS,4.7,77.1, , , ,4.7,77.1,DB,23,1007,-3,9,310,23,1007
2019301N05081,2019,91,NI,AS,MAHA,29-10-2019 06:00,TS,5.1,76.8, , , ,5.1,76.8,TD,25,1006,-1,8,340,25,1006
2019301N05081,2019,91,NI,AS,MAHA,29-10-2019 09:00,TS,5.5,76.8, , , ,5.5,76.8,TD,25,1006,-1,8,0,25,1006
2019301N05081,2019,91,NI,AS,MAHA,29-10-2019 12:00,TS,5.9,76.8, , , ,5.9,76.8,TD,25,1006,-1,8,350,25,1006
2019301N05081,2019,91,NI,AS,MAHA,29-10-2019 15:00,TS,6.3,76.7, , , ,6.3,76.7,TD,28,1005,-1,9,335,28,1005
2019301N05081,2019,91,NI,AS,MAHA,29-10-2019 18:00,TS,6.7,76.4, , , ,6.7,76.4,TD,30,1004,-1,11,325,30,1004
2019301N05081,2019,91,NI,AS,MAHA,29-10-2019 21:00,TS,7.1,76, , , ,7.1,76,TD,30,1005,-1,10,315,30,1005
2019301N05081,2019,91,NI,AS,MAHA,30-10-2019 00:00,TS,7.4,75.7,25,1003,newdelhi,7.6,75.6,TD,30,1006,-1,13,315,30,1006
2019301N05081,2019,91,NI,AS,MAHA,30-10-2019 03:00,TS,8,75.1,25,1003,newdelhi,8,75.2,TD,33,1006,-1,12,320,33,1006
2019301N05081,2019,91,NI,AS,MAHA,30-10-2019 06:00,TS,8.3,74.9,25,1002,newdelhi,8.5,74.8,TS,35,1005,0,10,320,35,1005
2019301N05081,2019,91,NI,AS,MAHA,30-10-2019 09:00,TS,8.7,74.5,30,1001,newdelhi,9,74.5,TS,40,1002,0,12,325,40,1002
2019301N05081,2019,91,NI,AS,MAHA,30-10-2019 12:00,TS,9.3,74.1,35,1000,newdelhi,9.5,74.2,TS,45,999,0,12,325,45,999
2019301N05081,2019,91,NI,AS,MAHA,30-10-2019 15:00,TS,9.8,73.8,40,998,newdelhi,10,73.8,TS,45,999,0,13,325,45,999
2019301N05081,2019,91,NI,AS,MAHA,30-10-2019 18:00,TS,10.3,73.4,40,998,newdelhi,10.4,73.5,TS,45,999,0,11,330,45,999
2019301N05081,2019,91,NI,AS,MAHA,30-10-2019 21:00,TS,10.7,73.3,40,998,newdelhi,10.8,73.5,TS,45,999,0,8,350,45,999
2019301N05081,2019,91,NI,AS,MAHA,31-10-2019 00:00,TS,11.1,73.3,45,996,newdelhi,11.2,73.5,TS,45,998,0,9,350,45,998
2019301N05081,2019,91,NI,AS,MAHA,31-10-2019 03:00,TS,11.6,73.1,45,996,newdelhi,11.7,73.5,TS,48,998,0,10,350,48,998
2019301N05081,2019,91,NI,AS,MAHA,31-10-2019 06:00,TS,12,73.1,50,994,newdelhi,12.2,73.4,TS,50,997,0,9,0,50,997
2019301N05081,2019,91,NI,AS,MAHA,31-10-2019 09:00,TS,12.5,73.1,50,994,newdelhi,12.7,73.5,TS,53,995,0,10,350,53,995
2019301N05081,2019,91,NI,AS,MAHA,31-10-2019 12:00,TS,13,72.9,50,992,newdelhi,13.2,73.4,TS,55,992,0,11,330,55,992
2019301N05081,2019,91,NI,AS,MAHA,31-10-2019 15:00,TS,13.5,72.6,55,990,newdelhi,13.7,73,TS,53,994,0,11,325,53,994
2019301N05081,2019,91,NI,AS,MAHA,31-10-2019 18:00,TS,13.9,72.3,55,990,newdelhi,14.1,72.4,TS,50,996,0,9,315,50,996
2019301N05081,2019,91,NI,AS,MAHA,31-10-2019 21:00,TS,14.1,72,55,990,newdelhi,14.4,71.9,TS,48,997,0,10,315,48,997
2019301N05081,2019,91,NI,AS,MAHA,01-11-2019 00:00,TS,14.6,71.6,55,990,newdelhi,14.6,71.4,TS,45,998,0,12,305,45,998
2019301N05081,2019,91,NI,AS,MAHA,01-11-2019 03:00,TS,14.8,70.9,55,990,newdelhi,14.9,70.8,TS,45,998,0,12,295,45,998
2019301N05081,2019,91,NI,AS,MAHA,01-11-2019 06:00,TS,15.2,70.4,55,990,newdelhi,15.1,70.3,TS,45,998,0,10,300,45,998
2019301N05081,2019,91,NI,AS,MAHA,01-11-2019 09:00,TS,15.3,70,55,990,newdelhi,15.3,70,TS,45,998,0,8,295,45,998
2019301N05081,2019,91,NI,AS,MAHA,01-11-2019 12:00,TS,15.5,69.7,50,992,newdelhi,15.4,69.8,TS,45,998,0,7,295,45,998
2019301N05081,2019,91,NI,AS,MAHA,01-11-2019 15:00,TS,15.7,69.4,50,992,newdelhi,15.6,69.5,TS,45,998,0,6,305,45,998
2019301N05081,2019,91,NI,AS,MAHA,01-11-2019 18:00,TS,15.9,69.1,50,992,newdelhi,15.8,69.2,TS,45,997,0,6,310,45,997
2019301N05081,2019,91,NI,AS,MAHA,01-11-2019 21:00,TS,16,68.9,50,992,newdelhi,15.9,68.9,TS,48,996,0,6,300,48,996
2019301N05081,2019,91,NI,AS,MAHA,02-11-2019 00:00,TS,16.2,68.6,50,992,newdelhi,16,68.7,TS,50,995,0,6,300,50,995
2019301N05081,2019,91,NI,AS,MAHA,02-11-2019 03:00,TS,16.3,68.4,50,992,newdelhi,16.3,68.5,TS,53,994,0,6,315,53,994
2019301N05081,2019,91,NI,AS,MAHA,02-11-2019 06:00,TS,16.6,68.2,50,992,newdelhi,16.6,68.2,TS,55,993,0,7,315,55,993
2019301N05081,2019,91,NI,AS,MAHA,02-11-2019 09:00,TS,16.8,67.9,50,992,newdelhi,16.8,67.9,TS,55,993,0,7,310,55,993
2019301N05081,2019,91,NI,AS,MAHA,02-11-2019 12:00,TS,17,67.6,55,990,newdelhi,17,67.6,TS,55,993,0,6,300,55,993
2019301N05081,2019,91,NI,AS,MAHA,02-11-2019 15:00,TS,17.1,67.3,55,990,newdelhi,17.1,67.3,TS,58,992,0,6,290,58,992
2019301N05081,2019,91,NI,AS,MAHA,02-11-2019 18:00,TS,17.2,67.1,60,988,newdelhi,17.2,67.1,TS,60,991,0,5,305,60,991
2019301N05081,2019,91,NI,AS,MAHA,02-11-2019 21:00,TS,17.4,66.8,60,988,newdelhi,17.3,66.9,TS,63,990,0,5,305,63,990
2019301N05081,2019,91,NI,AS,MAHA,03-11-2019 00:00,TS,17.5,66.6,60,988,newdelhi,17.4,66.7,TY,65,989,1,4,285,65,989
2019301N05081,2019,91,NI,AS,MAHA,03-11-2019 03:00,TS,17.5,66.4,60,988,newdelhi,17.4,66.5,TY,68,988,1,4,275,68,988
2019301N05081,2019,91,NI,AS,MAHA,03-11-2019 06:00,TS,17.6,66.2,60,988,newdelhi,17.5,66.2,TY,70,986,1,5,280,70,986
2019301N05081,2019,91,NI,AS,MAHA,03-11-2019 09:00,TS,17.6,65.9,65,984,newdelhi,17.6,65.9,TY,75,983,1,5,285,75,983
2019301N05081,2019,91,NI,AS,MAHA,03-11-2019 12:00,TS,17.7,65.7,70,982,newdelhi,17.7,65.7,TY,80,979,1,4,300,80,979
2019301N05081,2019,91,NI,AS,MAHA,03-11-2019 15:00,TS,17.8,65.5,75,978,newdelhi,17.8,65.5,TY,88,973,2,4,300,88,973
2019301N05081,2019,91,NI,AS,MAHA,03-11-2019 18:00,TS,17.9,65.4,80,974,newdelhi,17.9,65.3,TY,95,967,2,5,290,95,967
2019301N05081,2019,91,NI,AS,MAHA,03-11-2019 21:00,TS,18,65.1,85,970,newdelhi,18,65.1,TY,98,966,3,5,295,98,966
2019301N05081,2019,91,NI,AS,MAHA,04-11-2019 00:00,TS,18.1,64.9,90,966,newdelhi,18.1,64.9,TY,100,965,3,5,305,100,965
2019301N05081,2019,91,NI,AS,MAHA,04-11-2019 03:00,TS,18.3,64.6,90,966,newdelhi,18.3,64.6,TY,100,965,3,7,315,100,965
2019301N05081,2019,91,NI,AS,MAHA,04-11-2019 06:00,TS,18.6,64.4,90,966,newdelhi,18.5,64.4,TY,100,965,3,5,320,100,965
2019301N05081,2019,91,NI,AS,MAHA,04-11-2019 09:00,TS,18.7,64.2,95,962,newdelhi,18.7,64.3,TY,103,962,3,4,330,103,962
2019301N05081,2019,91,NI,AS,MAHA,04-11-2019 12:00,TS,18.9,64.1,100,956,newdelhi,18.9,64.2,TY,105,959,3,6,325,105,959
2019301N05081,2019,91,NI,AS,MAHA,04-11-2019 15:00,TS,19.2,63.9,100,956,newdelhi,19.1,64,TY,105,960,3,6,315,105,960
2019301N05081,2019,91,NI,AS,MAHA,04-11-2019 18:00,TS,19.3,63.7,100,956,newdelhi,19.3,63.7,TY,105,960,3,4,305,105,960
2019301N05081,2019,91,NI,AS,MAHA,04-11-2019 21:00,TS,19.4,63.6,100,956,newdelhi,19.4,63.5,TY,103,962,3,3,315,103,962
2019301N05081,2019,91,NI,AS,MAHA,05-11-2019 00:00,TS,19.5,63.5,90,966,newdelhi,19.4,63.4,TY,100,963,3,2,340,100,963
2019301N05081,2019,91,NI,AS,MAHA,05-11-2019 03:00,TS,19.6,63.5,85,970,newdelhi,19.5,63.4,TY,95,967,2,2,25,95,967
2019301N05081,2019,91,NI,AS,MAHA,05-11-2019 06:00,TS,19.7,63.6,80,974,newdelhi,19.6,63.5,TY,90,970,2,3,60,90,970
2019301N05081,2019,91,NI,AS,MAHA,05-11-2019 09:00,TS,19.7,63.7,80,974,newdelhi,19.7,63.6,TY,88,972,2,4,80,88,972
2019301N05081,2019,91,NI,AS,MAHA,05-11-2019 12:00,TS,19.8,64,70,982,newdelhi,19.7,63.9,TY,85,974,2,5,90,85,974
2019301N05081,2019,91,NI,AS,MAHA,05-11-2019 15:00,TS,19.8,64.3,70,982,newdelhi,19.7,64.3,TY,78,981,1,8,90,78,981
2019301N05081,2019,91,NI,AS,MAHA,05-11-2019 18:00,TS,19.8,64.8,70,982,newdelhi,19.7,64.7,TY,70,987,1,9,90,70,987
2019301N05081,2019,91,NI,AS,MAHA,05-11-2019 21:00,TS,19.8,65.3,70,982,newdelhi,19.7,65,TY,63,990,0,8,90,63,990
2019301N05081,2019,91,NI,AS,MAHA,06-11-2019 00:00,TS,19.8,65.6,60,988,newdelhi,19.7,65.4,TS,55,993,0,7,90,55,993
2019301N05081,2019,91,NI,AS,MAHA,06-11-2019 03:00,TS,19.7,66,55,990,newdelhi,19.7,65.8,TS,50,997,0,7,100,50,997
2019301N05081,2019,91,NI,AS,MAHA,06-11-2019 06:00,TS,19.7,66.4,50,994,newdelhi,19.6,66.2,TS,45,1000,0,8,100,45,1000
2019301N05081,2019,91,NI,AS,MAHA,06-11-2019 09:00,TS,19.6,66.9,50,994,newdelhi,19.6,66.7,TS,43,1000,0,11,95,43,1000
2019301N05081,2019,91,NI,AS,MAHA,06-11-2019 12:00,TS,19.6,67.5,45,996,newdelhi,19.5,67.3,TS,40,1000,0,11,90,40,1000
2019301N05081,2019,91,NI,AS,MAHA,06-11-2019 15:00,TS,19.6,68.1,40,998,newdelhi,19.4,67.9,TS,35,1001,0,9,95,35,1001
2019301N05081,2019,91,NI,AS,MAHA,06-11-2019 18:00,TS,19.6,68.5,40,998,newdelhi,19.3,68.5,TD,30,1002,-1,9,90,30,1002
2019301N05081,2019,91,NI,AS,MAHA,06-11-2019 21:00,TS,19.6,69,35,1000,newdelhi,19.4,69.2,TD,28,1003,-1,11,80,28,1003
2019301N05081,2019,91,NI,AS,MAHA,07-11-2019 00:00,TS,19.7,69.6,30,1003,newdelhi,19.6,69.8,TD,25,1004,-1,10,70,25,1004
2019301N05081,2019,91,NI,AS,MAHA,07-11-2019 03:00,TS,19.9,70.1,30,1003,newdelhi,19.9,70.1,TD,25,1004,-1,8,65,25,1004
2019301N05081,2019,91,NI,AS,MAHA,07-11-2019 06:00,TS,20.1,70.4,25,1005,newdelhi,20.1,70.4,TD,25,1004,-1,7,70,25,1004
2019301N05081,2019,91,NI,AS,MAHA,07-11-2019 09:00,TS,20.2,70.8,20,1005,newdelhi,20.2,70.8,TD,25,1004,-1,9,80,25,1004
2019301N05081,2019,91,NI,AS,MAHA,07-11-2019 12:00,TS,20.2,71.3, , , ,20.2,71.3,TD,25,1004,-1,9,80,25,1004
2019301N05081,2019,91,NI,AS,MAHA,07-11-2019 15:00,TS,20.3,71.7, , , ,20.3,71.7,TD,25,1005,-1,7,75,25,1005
2019301N05081,2019,91,NI,AS,MAHA,07-11-2019 18:00,TS,20.4,72, , , ,20.4,72,TD,25,1006,-1,5,90,25,1006
2019301N05081,2019,91,NI,AS,MAHA,07-11-2019 21:00,TS,20.3,72.2, , , ,20.3,72.2,TD,25,1007,-1,3,125,25,1007
2019301N05081,2019,91,NI,AS,MAHA,08-11-2019 00:00,TS,20.2,72.3, , , ,20.2,72.3,TD,25,1007,-1,3,135,25,1007
2019301N05081,2019,91,NI,AS,MAHA,08-11-2019 03:00,TS,20.1,72.4, , , ,20.1,72.4,TD,28,1006,-1,2,120,28,1006
2019301N05081,2019,91,NI,AS,MAHA,08-11-2019 06:00,TS,20.1,72.5, , , ,20.1,72.5,TD,30,1004,-1,1,55,30,1004
2019301N05081,2019,91,NI,AS,MAHA,08-11-2019 09:00,TS,20.2,72.5, , , ,20.2,72.5,TD,30,1004,-1,2,10,30,1004
2019301N05081,2019,91,NI,AS,MAHA,08-11-2019 12:00,TS,20.3,72.5, , , ,20.3,72.5,TD,30,1003,-1,2,315,30,1003
2019301N05081,2019,91,NI,AS,MAHA,08-11-2019 15:00,TS,20.3,72.4, , , ,20.3,72.4,TD,28,1005,-1,2,270,28,1005
2019301N05081,2019,91,NI,AS,MAHA,08-11-2019 18:00,TS,20.3,72.3, , , ,20.3,72.3,TD,25,1007,-1,1,240,25,1007
2019301N05081,2019,91,NI,AS,MAHA,08-11-2019 21:00,TS,20.3,72.3, , , ,20.3,72.3,TD,25,1007,-1,1,0,25,1007
2019301N05081,2019,91,NI,AS,MAHA,09-11-2019 00:00,TS,20.2,72.3, , , ,20.2,72.3,TD,25,1006,-1,3,215,25,1006
2019301N05081,2019,91,NI,AS,MAHA,09-11-2019 03:00,TS,20.1,72.1, , , ,20.1,72.1,TD,23,1008,-1,5,230,23,1008
2019301N05081,2019,91,NI,AS,MAHA,09-11-2019 06:00,DS,19.9,71.9, , , ,19.9,71.9,DB,20,1009,-3,5,245,20,1009
2019301N05081,2019,91,NI,AS,MAHA,09-11-2019 09:00,DS,19.8,71.7, , , ,19.8,71.7,DB,18,1010,-3,5,260,18,1010
2019301N05081,2019,91,NI,AS,MAHA,09-11-2019 12:00,DS,19.8,71.4, , , ,19.8,71.4,DB,15,1010,-3,5,245,15,1010
2019301N05081,2019,91,NI,AS,MAHA,09-11-2019 15:00,DS,19.7,71.2, , , ,19.7,71.2,DB,15,1011,-3,6,235,15,1011
2019301N05081,2019,91,NI,AS,MAHA,09-11-2019 18:00,DS,19.5,70.9, , , ,19.5,70.9,DB,15,1012,-3,7,245,15,1012
2019301N05081,2019,91,NI,AS,MAHA,09-11-2019 21:00,DS,19.4,70.5, , , ,19.4,70.5,DB,15,1011,-3,8,255,15,1011
2019301N05081,2019,91,NI,AS,MAHA,10-11-2019 00:00,DS,19.3,70.1, , , ,19.3,70.1,DB,15,1010,-3,8,260,15,1010
2019301N05081,2019,91,NI,AS,MAHA,10-11-2019 03:00,DS,19.2,69.7, , , ,19.2,69.7,DB,15,1010,-3,8,260,15,1010
2019301N05081,2019,91,NI,AS,MAHA,10-11-2019 06:00,DS,19.2,69.3, , , ,19.2,69.3,DB,15,1010,-3,8,260,15,1010
2019301N05081,2019,91,NI,AS,MAHA,10-11-2019 09:00,DS,19.1,68.9, , , ,19.1,68.9,DB,15,1010,-3,8,255,15,1010
2019301N05081,2019,91,NI,AS,MAHA,10-11-2019 12:00,DS,19,68.5, , , ,19,68.5,DB,15,1010,-3,8,240,15,1010
2019301N05081,2019,91,NI,AS,MAHA,10-11-2019 15:00,DS,18.7,68.2, , , ,18.7,68.2,DB,15,1010,-3,8,225,15,1010
2019301N05081,2019,91,NI,AS,MAHA,10-11-2019 18:00,DS,18.4,67.9, , , ,18.4,67.9,DB,15,1010,-3,6,215,15,1010
2019301N05081,2019,91,NI,AS,MAHA,10-11-2019 21:00,DS,18.2,67.8, , , ,18.2,67.8,DB,15,1010,-3,4,210,15,1010
2019301N05081,2019,91,NI,AS,MAHA,11-11-2019 00:00,DS,18.1,67.7, , , ,18.1,67.7,DB,15,1010,-3,3,210,15,1010
2019302N11118,2019,92,WP,MM,BULBUL:MATMO,28-10-2019 12:00,DS,10.6,118.2, , , ,10.6,118.2,DB,20,1007,-3,6,270,20,1007
2019302N11118,2019,92,WP,MM,BULBUL:MATMO,28-10-2019 15:00,DS,10.6,117.9, , , ,10.6,117.9,DB,20,1007,-3,11,295,20,1007
2019302N11118,2019,92,WP,MM,BULBUL:MATMO,28-10-2019 18:00,MX,11.1,117.2, ,1004,tokyo,10.7,117.5,DB,20,1007,-3,14,305,20,1007
2019302N11118,2019,92,WP,MM,BULBUL:MATMO,28-10-2019 21:00,MX,11.4,116.7, , , ,10.9,116.9,DB,20,1008,-3,13,300,20,1008
2019302N11118,2019,92,WP,MM,BULBUL:MATMO,29-10-2019 00:00,MX,11.7,116.1, ,1004,tokyo,11.2,116.3,DB,20,1009,-3,13,300,20,1009
2019302N11118,2019,92,WP,MM,BULBUL:MATMO,29-10-2019 03:00,MX,12,115.5, , , ,11.4,115.6,DB,23,1007,-3,12,295,23,1007
2019302N11118,2019,92,WP,MM,BULBUL:MATMO,29-10-2019 06:00,TS,12.2,115, ,1002,tokyo,11.6,115,TD,25,1004,-1,11,295,25,1004
2019302N11118,2019,92,WP,MM,BULBUL:MATMO,29-10-2019 09:00,TS,12.5,114.5, , , ,11.8,114.5,TD,25,1004,-1,11,295,25,1004
2019302N11118,2019,92,WP,MM,BULBUL:MATMO,29-10-2019 12:00,TS,12.7,114, ,1002,tokyo,12.1,114.1,TD,25,1004,-1,12,285,25,1004
2019302N11118,2019,92,WP,MM,BULBUL:MATMO,29-10-2019 15:00,TS,12.8,113.4, , , ,12.4,113.6,TD,28,1004,-1,12,280,28,1004
2019302N11118,2019,92,WP,MM,BULBUL:MATMO,29-10-2019 18:00,TS,12.9,112.8,35,1000,tokyo,12.7,113.1,TD,30,1003,-1,10,280,30,1003
2019302N11118,2019,92,WP,MM,BULBUL:MATMO,29-10-2019 21:00,TS,13.1,112.3, , , ,12.9,112.6,TD,35,1001,0,11,280,35,1001
2019302N11118,2019,92,WP,MM,BULBUL:MATMO,30-10-2019 00:00,TS,13.1,111.7,45,994,tokyo,13,112,TS,40,999,0,10,275,40,999
2019302N11118,2019,92,WP,MM,BULBUL:MATMO,30-10-2019 03:00,TS,13.2,111.2, , , ,13.1,111.4,TS,43,997,0,9,270,43,997
2019302N11118,2019,92,WP,MM,BULBUL:MATMO,30-10-2019 06:00,TS,13.2,110.8,50,992,tokyo,13.1,110.8,TS,45,995,0,7,275,45,995
2019302N11118,2019,92,WP,MM,BULBUL:MATMO,30-10-2019 09:00,TS,13.2,110.5, , , ,13.2,110.4,TS,48,994,0,7,280,48,994
2019302N11118,2019,92,WP,MM,BULBUL:MATMO,30-10-2019 12:00,TS,13.3,110.1,50,992,tokyo,13.3,110,TS,50,993,0,10,280,50,993
2019302N11118,2019,92,WP,MM,BULBUL:MATMO,30-10-2019 15:00,TS,13.4,109.5, , , ,13.4,109.4,TS,55,990,0,13,280,55,990
2019302N11118,2019,92,WP,MM,BULBUL:MATMO,30-10-2019 18:00,TS,13.5,108.8,50,994,tokyo,13.5,108.5,TS,50,995,0,15,275,50,995
2019302N11118,2019,92,WP,MM,BULBUL:MATMO,30-10-2019 21:00,TS,13.5,108, , , ,13.6,107.8,TS,48,997,0,16,275,48,997
2019302N11118,2019,92,WP,MM,BULBUL:MATMO,31-10-2019 00:00,TS,13.6,107.2,35,1000,tokyo,13.6,107.2,TS,45,998,0,14,275,45,998
2019302N11118,2019,92,WP,MM,BULBUL:MATMO,31-10-2019 03:00,TS,13.6,106.5, , , ,13.6,106.5,TS,40,997,0,12,275,40,997
2019302N11118,2019,92,WP,MM,BULBUL:MATMO,31-10-2019 06:00,TS,13.7,105.9, ,1002,tokyo,13.7,105.8,TS,35,996,0,10,280,35,996
2019302N11118,2019,92,WP,MM,BULBUL:MATMO,31-10-2019 09:00,TS,13.8,105.4, , , ,13.7,105.2,TS,30,1001,-1,10,280,30,1001
2019302N11118,2019,92,WP,MM,BULBUL:MATMO,31-10-2019 12:00,TS,13.9,104.9, ,1006,tokyo,13.8,104.6,TD,25,1006,-1,11,275,25,1006
2019302N11118,2019,92,WP,MM,BULBUL:MATMO,31-10-2019 15:00,TS,13.9,104.3, , , ,13.9,104,TD,23,1007,-1,13,275,23,1007
2019302N11118,2019,92,WP,MM,BULBUL:MATMO,31-10-2019 18:00,MX,14,103.6, ,1008,tokyo,14,103.4,DB,20,1008,-3,15,280,20,1008
2019302N11118,2019,92,WP,MM,BULBUL:MATMO,31-10-2019 21:00,DS,14.2,102.8, , , ,14.2,102.8,DB,18,1008,-3,14,285,18,1008
2019302N11118,2019,92,WP,MM,BULBUL:MATMO,01-11-2019 00:00,DS,14.3,102.2, , , ,14.3,102.2,DB,15,1008,-3,10,285,15,1008
2019302N11118,2019,92,WP,MM,BULBUL:MATMO,01-11-2019 03:00,DS,14.4,101.8, , , ,14.4,101.8,DB,15,1008,-3,8,285,15,1008
2019302N11118,2019,92,WP,MM,BULBUL:MATMO,01-11-2019 06:00,DS,14.5,101.4, , , ,14.5,101.4,WV,15,1008,-3,7,275,15,1008
2019302N11118,2019,92,WP,MM,BULBUL:MATMO,01-11-2019 09:00,DS,14.5,101, , , ,14.5,101,WV,15,1008,-3,7,260,15,1008
2019302N11118,2019,92,WP,MM,BULBUL:MATMO,01-11-2019 12:00,DS,14.4,100.7, , , ,14.4,100.7,WV,15,1007,-3,7,255,15,1007
2019302N11118,2019,92,WP,MM,BULBUL:MATMO,01-11-2019 15:00,DS,14.3,100.4, , , ,14.3,100.4,WV,15,1008,-3,7,255,15,1008
2019302N11118,2019,92,WP,MM,BULBUL:MATMO,01-11-2019 18:00,DS,14.2,100, , , ,14.2,100,WV,15,1008,-3,7,255,15,1008
2019302N11118,2019,92,NI,BB,BULBUL:MATMO,01-11-2019 21:00,DS,14.1,99.6, , , ,14.1,99.6,WV,15,1008,-3,7,255,15,1008
2019302N11118,2019,92,NI,BB,BULBUL:MATMO,02-11-2019 00:00,DS,14,99.3, , , ,14,99.3,WV,15,1008,-3,6,250,15,1008
2019302N11118,2019,92,NI,BB,BULBUL:MATMO,02-11-2019 03:00,DS,13.9,99, , , ,13.9,99,WV,15,1009,-3,5,250,15,1009
2019302N11118,2019,92,NI,BB,BULBUL:MATMO,02-11-2019 06:00,DS,13.8,98.8, , , ,13.8,98.8,WV,15,1010,-3,5,245,15,1010
2019302N11118,2019,92,NI,BB,BULBUL:MATMO,02-11-2019 09:00,DS,13.7,98.6, , , ,13.7,98.6,WV,15,1008,-3,5,250,15,1008
2019302N11118,2019,92,NI,BB,BULBUL:MATMO,02-11-2019 12:00,DS,13.6,98.3, , , ,13.6,98.3,WV,15,1006,-3,6,250,15,1006
2019302N11118,2019,92,NI,BB,BULBUL:MATMO,02-11-2019 15:00,DS,13.5,98, , , ,13.5,98,WV,15,1006,-3,7,255,15,1006
2019302N11118,2019,92,NI,BB,BULBUL:MATMO,02-11-2019 18:00,DS,13.4,97.6, , , ,13.4,97.6,WV,15,1006,-3,8,260,15,1006
2019302N11118,2019,92,NI,BB,BULBUL:MATMO,02-11-2019 21:00,DS,13.3,97.2, , , ,13.3,97.2,WV,15,1006,-3,9,265,15,1006
2019302N11118,2019,92,NI,BB,BULBUL:MATMO,03-11-2019 00:00,DS,13.3,96.7, , , ,13.3,96.7,DB,15,1006,-3,8,265,15,1006
2019302N11118,2019,92,NI,BB,BULBUL:MATMO,03-11-2019 03:00,DS,13.3,96.3, , , ,13.3,96.3,DB,15,1007,-3,7,270,15,1007
2019302N11118,2019,92,NI,BB,BULBUL:MATMO,03-11-2019 06:00,DS,13.3,96, , , ,13.3,96,DB,15,1008,-3,6,270,15,1008
2019302N11118,2019,92,NI,BB,BULBUL:MATMO,03-11-2019 09:00,DS,13.3,95.7, , , ,13.3,95.7,DB,18,1008,-3,6,270,18,1008
2019302N11118,2019,92,NI,BB,BULBUL:MATMO,03-11-2019 12:00,DS,13.3,95.4, , , ,13.3,95.4,DB,20,1007,-3,6,265,20,1007
2019302N11118,2019,92,NI,BB,BULBUL:MATMO,03-11-2019 15:00,DS,13.3,95.1, , , ,13.3,95.1,DB,20,1007,-3,6,260,20,1007
2019302N11118,2019,92,NI,BB,BULBUL:MATMO,03-11-2019 18:00,DS,13.2,94.8, , , ,13.2,94.8,DB,20,1006,-3,6,255,20,1006
2019302N11118,2019,92,NI,BB,BULBUL:MATMO,03-11-2019 21:00,DS,13.1,94.5, , , ,13.1,94.5,DB,20,1007,-3,7,255,20,1007
2019302N11118,2019,92,NI,BB,BULBUL:MATMO,04-11-2019 00:00,DS,13,94.1, , , ,13,94.1,DB,20,1007,-3,8,255,20,1007
2019302N11118,2019,92,NI,BB,BULBUL:MATMO,04-11-2019 03:00,DS,12.9,93.7, , , ,12.9,93.7,DB,23,1007,-3,9,255,23,1007
2019302N11118,2019,92,NI,BB,BULBUL:MATMO,04-11-2019 06:00,TS,12.8,93.2, , , ,12.8,93.2,TD,25,1006,-1,9,265,25,1006
2019302N11118,2019,92,NI,BB,BULBUL:MATMO,04-11-2019 09:00,TS,12.8,92.7, , , ,12.8,92.7,TD,25,1006,-1,9,270,25,1006
2019302N11118,2019,92,NI,BB,BULBUL:MATMO,04-11-2019 12:00,TS,12.8,92.3, , , ,12.8,92.3,TD,25,1005,-1,8,270,25,1005
2019302N11118,2019,92,NI,BB,BULBUL:MATMO,04-11-2019 15:00,TS,12.8,91.9, , , ,12.8,91.9,TD,25,1007,-1,7,270,25,1007
2019302N11118,2019,92,NI,BB,BULBUL:MATMO,04-11-2019 18:00,TS,12.8,91.6, , , ,12.8,91.6,TD,25,1008,-1,6,270,25,1008
2019302N11118,2019,92,NI,BB,BULBUL:MATMO,04-11-2019 21:00,TS,12.8,91.3, , , ,12.8,91.3,TD,25,1008,-1,5,275,25,1008
2019302N11118,2019,92,NI,BB,BULBUL:MATMO,05-11-2019 00:00,TS,12.9,91.1,20,1004,newdelhi,12.8,91,TD,25,1007,-1,4,285,25,1007
2019302N11118,2019,92,NI,BB,BULBUL:MATMO,05-11-2019 03:00,TS,12.9,90.9,25,1003,newdelhi,12.8,90.8,TD,25,1007,-1,5,280,25,1007
2019302N11118,2019,92,NI,BB,BULBUL:MATMO,05-11-2019 06:00,TS,12.9,90.6,25,1003,newdelhi,12.8,90.6,TD,25,1006,-1,5,280,25,1006
2019302N11118,2019,92,NI,BB,BULBUL:MATMO,05-11-2019 09:00,TS,13,90.4, , , ,12.9,90.4,TD,30,1004,-1,5,285,30,1004
2019302N11118,2019,92,NI,BB,BULBUL:MATMO,05-11-2019 12:00,TS,13.1,90.1,25,1003,newdelhi,12.9,90.1,TS,35,1002,0,5,280,35,1002
2019302N11118,2019,92,NI,BB,BULBUL:MATMO,05-11-2019 15:00,TS,13.1,89.9, , , ,12.9,89.8,TS,35,1002,0,3,280,35,1002
2019302N11118,2019,92,NI,BB,BULBUL:MATMO,05-11-2019 18:00,TS,13.1,89.8,25,1002,newdelhi,12.9,89.7,TS,35,1001,0,2,320,35,1001
2019302N11118,2019,92,NI,BB,BULBUL:MATMO,05-11-2019 21:00,TS,13.2,89.8, , , ,13.1,89.8,TS,35,1001,0,2,15,35,1001
2019302N11118,2019,92,NI,BB,BULBUL:MATMO,06-11-2019 00:00,TS,13.3,89.8,30,1001,newdelhi,13.2,89.9,TS,35,1000,0,1,0,35,1000
2019302N11118,2019,92,NI,BB,BULBUL:MATMO,06-11-2019 03:00,TS,13.3,89.8,30,1001,newdelhi,13.2,90,TS,35,999,0,1,245,35,999
2019302N11118,2019,92,NI,BB,BULBUL:MATMO,06-11-2019 06:00,TS,13.3,89.7,30,1001,newdelhi,13.1,90,TS,35,998,0,1,275,35,998
2019302N11118,2019,92,NI,BB,BULBUL:MATMO,06-11-2019 09:00,TS,13.3,89.7, , , ,13.1,90,TS,35,998,0,2,340,35,998
2019302N11118,2019,92,NI,BB,BULBUL:MATMO,06-11-2019 12:00,TS,13.4,89.7,30,1000,newdelhi,13.3,90,TS,35,997,0,3,355,35,997
2019302N11118,2019,92,NI,BB,BULBUL:MATMO,06-11-2019 15:00,TS,13.6,89.6, , , ,13.6,89.9,TS,38,997,0,5,350,38,997
2019302N11118,2019,92,NI,BB,BULBUL:MATMO,06-11-2019 18:00,TS,13.9,89.6,35,998,newdelhi,13.9,89.8,TS,40,997,0,5,335,40,997
2019302N11118,2019,92,NI,BB,BULBUL:MATMO,06-11-2019 21:00,TS,14.1,89.4, , , ,14.2,89.5,TS,43,996,0,6,330,43,996
2019302N11118,2019,92,NI,BB,BULBUL:MATMO,07-11-2019 00:00,TS,14.4,89.3,35,998,newdelhi,14.5,89.2,TS,45,995,0,7,340,45,995
2019302N11118,2019,92,NI,BB,BULBUL:MATMO,07-11-2019 03:00,TS,14.8,89.1,35,998,newdelhi,14.8,88.9,TS,48,995,0,10,330,48,995
2019302N11118,2019,92,NI,BB,BULBUL:MATMO,07-11-2019 06:00,TS,15.2,88.7,40,996,newdelhi,15.1,88.7,TS,50,994,0,9,315,50,994
2019302N11118,2019,92,NI,BB,BULBUL:MATMO,07-11-2019 09:00,TS,15.4,88.4,45,995,newdelhi,15.3,88.5,TS,55,991,0,8,315,55,991
2019302N11118,2019,92,NI,BB,BULBUL:MATMO,07-11-2019 12:00,TS,15.8,88.2,45,994,newdelhi,15.6,88.3,TS,60,988,0,8,320,60,988
2019302N11118,2019,92,NI,BB,BULBUL:MATMO,07-11-2019 15:00,TS,16,88,50,992,newdelhi,15.9,88,TS,63,986,0,6,330,63,986
2019302N11118,2019,92,NI,BB,BULBUL:MATMO,07-11-2019 18:00,TS,16.3,87.8,55,989,newdelhi,16.2,87.8,TY,65,984,1,6,340,65,984
2019302N11118,2019,92,NI,BB,BULBUL:MATMO,07-11-2019 21:00,TS,16.6,87.7,60,986,newdelhi,16.6,87.8,TY,68,984,1,7,350,68,984
2019302N11118,2019,92,NI,BB,BULBUL:MATMO,08-11-2019 00:00,TS,17,87.7,65,983,newdelhi,17,87.8,TY,70,983,1,7,0,70,983
2019302N11118,2019,92,NI,BB,BULBUL:MATMO,08-11-2019 03:00,TS,17.3,87.7,65,982,newdelhi,17.4,87.8,TY,75,979,1,8,0,75,979
2019302N11118,2019,92,NI,BB,BULBUL:MATMO,08-11-2019 06:00,TS,17.7,87.8,70,980,newdelhi,17.8,87.9,TY,80,974,1,9,5,80,974
2019302N11118,2019,92,NI,BB,BULBUL:MATMO,08-11-2019 09:00,TS,18.2,87.8,70,980,newdelhi,18.3,87.9,TY,80,975,1,9,0,80,975
2019302N11118,2019,92,NI,BB,BULBUL:MATMO,08-11-2019 12:00,TS,18.6,87.8,75,976,newdelhi,18.7,87.9,TY,80,975,1,9,0,80,975
2019302N11118,2019,92,NI,BB,BULBUL:MATMO,08-11-2019 15:00,TS,19.1,87.8,75,976,newdelhi,19,87.9,TY,78,977,1,7,355,78,977
2019302N11118,2019,92,NI,BB,BULBUL:MATMO,08-11-2019 18:00,TS,19.3,87.7,75,976,newdelhi,19.3,87.8,TY,75,979,1,5,355,75,979
2019302N11118,2019,92,NI,BB,BULBUL:MATMO,08-11-2019 21:00,TS,19.6,87.7,75,976,newdelhi,19.7,87.7,TY,75,979,1,7,355,75,979
2019302N11118,2019,92,NI,BB,BULBUL:MATMO,09-11-2019 00:00,TS,20,87.6,75,976,newdelhi,20,87.7,TY,75,979,1,7,355,75,979
2019302N11118,2019,92,NI,BB,BULBUL:MATMO,09-11-2019 03:00,TS,20.4,87.6,70,980,newdelhi,20.3,87.7,TY,80,976,1,6,10,80,976
2019302N11118,2019,92,NI,BB,BULBUL:MATMO,09-11-2019 06:00,TS,20.6,87.8,70,982,newdelhi,20.6,87.7,TY,85,972,2,6,20,85,972
2019302N11118,2019,92,NI,BB,BULBUL:MATMO,09-11-2019 09:00,TS,20.9,87.9,70,982,newdelhi,20.8,87.8,TY,93,966,2,6,25,93,966
2019302N11118,2019,92,NI,BB,BULBUL:MATMO,09-11-2019 12:00,TS,21.2,88.1,70,982,newdelhi,21.1,88,TY,100,959,3,6,35,100,959
2019302N11118,2019,92,NI,BB,BULBUL:MATMO,09-11-2019 15:00,TS,21.4,88.3,60,986,newdelhi,21.4,88.2,TY,105,955,3,7,50,105,955
2019302N11118,2019,92,NI,BB,BULBUL:MATMO,09-11-2019 18:00,TS,21.6,88.6,60,990,newdelhi,21.6,88.6,TY,95,964,2,9,60,95,964
2019302N11118,2019,92,NI,BB,BULBUL:MATMO,09-11-2019 21:00,TS,21.8,89.1,50,996,newdelhi,21.8,89,TY,83,974,2,9,65,83,974
2019302N11118,2019,92,NI,BB,BULBUL:MATMO,10-11-2019 00:00,TS,22,89.5,45,998,newdelhi,21.9,89.4,TY,70,983,1,7,65,70,983
2019302N11118,2019,92,NI,BB,BULBUL:MATMO,10-11-2019 03:00,TS,22.2,89.8,40,1000,newdelhi,22.1,89.8,TY,63,988,0,7,65,63,988
2019302N11118,2019,92,NI,BB,BULBUL:MATMO,10-11-2019 06:00,TS,22.3,90.1,40,1000,newdelhi,22.3,90.2,TS,55,993,0,6,60,55,993
2019302N11118,2019,92,NI,BB,BULBUL:MATMO,10-11-2019 09:00,TS,22.4,90.3,30,1002,newdelhi,22.5,90.5,TS,48,997,0,5,60,48,997
2019302N11118,2019,92,NI,BB,BULBUL:MATMO,10-11-2019 12:00,TS,22.6,90.6,30,1002,newdelhi,22.6,90.7,TS,40,1001,0,5,65,40,1001
2019302N11118,2019,92,NI,BB,BULBUL:MATMO,10-11-2019 15:00,TS,22.6,90.8, , , ,22.7,90.9,TS,35,1004,0,5,70,35,1004
2019302N11118,2019,92,NI,BB,BULBUL:MATMO,10-11-2019 18:00,TS,22.8,91.1,30,1002,newdelhi,22.8,91,TD,30,1006,-1,5,60,30,1006
2019302N11118,2019,92,NI,BB,BULBUL:MATMO,10-11-2019 21:00,TS,22.9,91.3, , , ,22.9,91.1,TD,25,1007,-1,5,45,25,1007
2019302N11118,2019,92,NI,BB,BULBUL:MATMO,11-11-2019 00:00,MX,23.1,91.5,20,1004,newdelhi,23.1,91.1,DB,20,1007,-3,5,40,20,1007
2019335N05058,2019,103,NI,AS,PAWAN,30-11-2019 18:00,DS,4.6,58, , , ,4.6,58,DB,15, ,-3,5,295,15, 
2019335N05058,2019,103,NI,AS,PAWAN,30-11-2019 21:00,DS,4.7,57.8, , , ,4.7,57.8,DB,15, ,-3,4,295,15, 
2019335N05058,2019,103,NI,AS,PAWAN,01-12-2019 00:00,DS,4.8,57.6, , , ,4.8,57.6,DB,15,1010,-3,3,295,15,1010
2019335N05058,2019,103,NI,AS,PAWAN,01-12-2019 03:00,DS,4.9,57.5, , , ,4.9,57.5,DB,15,1009,-3,2,295,15,1009
2019335N05058,2019,103,NI,AS,PAWAN,01-12-2019 06:00,DS,4.9,57.4, , , ,4.9,57.4,DB,15,1008,-3,2,295,15,1008
2019335N05058,2019,103,NI,AS,PAWAN,01-12-2019 09:00,DS,4.9,57.3, , , ,4.9,57.3,DB,18,1008,-3,2,295,18,1008
2019335N05058,2019,103,NI,AS,PAWAN,01-12-2019 12:00,DS,5,57.2, , , ,5,57.2,DB,20,1007,-3,3,305,20,1007
2019335N05058,2019,103,NI,AS,PAWAN,01-12-2019 15:00,DS,5.1,57.1, , , ,5.1,57.1,DB,20,1007,-3,3,315,20,1007
2019335N05058,2019,103,NI,AS,PAWAN,01-12-2019 18:00,DS,5.2,57, , , ,5.2,57,DB,20,1007,-3,3,330,20,1007
2019335N05058,2019,103,NI,AS,PAWAN,01-12-2019 21:00,DS,5.3,56.9, , , ,5.3,56.9,DB,23,1005,-3,3,345,23,1005
2019335N05058,2019,103,NI,AS,PAWAN,02-12-2019 00:00,TS,5.5,56.9, , , ,5.5,56.9,TD,25,1002,-1,3,355,25,1002
2019335N05058,2019,103,NI,AS,PAWAN,02-12-2019 03:00,TS,5.7,56.9, , , ,5.7,56.9,TD,28,1001,-1,3,0,28,1001
2019335N05058,2019,103,NI,AS,PAWAN,02-12-2019 06:00,TS,5.8,56.9, , , ,5.8,56.9,TD,30,999,-1,3,0,30,999
2019335N05058,2019,103,NI,AS,PAWAN,02-12-2019 09:00,TS,5.9,56.9, , , ,5.9,56.9,TD,30,999,-1,2,335,30,999
2019335N05058,2019,103,NI,AS,PAWAN,02-12-2019 12:00,TS,5.9,56.8,25,1003,newdelhi,6,56.9,TD,30,999,-1,2,325,30,999
2019335N05058,2019,103,NI,AS,PAWAN,02-12-2019 15:00,TS,6,56.8, , , ,6.1,56.9,TD,30,1002,-1,2,345,30,1002
2019335N05058,2019,103,NI,AS,PAWAN,02-12-2019 18:00,TS,6.2,56.8,25,1002,newdelhi,6.2,57,TD,30,1005,-1,3,0,30,1005
2019335N05058,2019,103,NI,AS,PAWAN,02-12-2019 21:00,TS,6.3,56.8, , , ,6.3,57.1,TD,33,1004,-1,4,10,33,1004
2019335N05058,2019,103,NI,AS,PAWAN,03-12-2019 00:00,TS,6.5,56.9,30,1001,newdelhi,6.5,57.2,TS,35,1002,0,4,5,35,1002
2019335N05058,2019,103,NI,AS,PAWAN,03-12-2019 03:00,TS,6.7,56.9,30,1000,newdelhi,6.7,57.3,TS,35,1002,0,4,0,35,1002
2019335N05058,2019,103,NI,AS,PAWAN,03-12-2019 06:00,TS,6.9,56.9,30,1000,newdelhi,6.8,57.4,TS,35,1002,0,3,10,35,1002
2019335N05058,2019,103,NI,AS,PAWAN,03-12-2019 09:00,TS,7,56.9, , , ,6.9,57.5,TS,33,1001,-1,2,55,33,1001
2019335N05058,2019,103,NI,AS,PAWAN,03-12-2019 12:00,TS,7,57,30,1000,newdelhi,7,57.5,TD,30,1000,-1,1,60,30,1000
2019335N05058,2019,103,NI,AS,PAWAN,03-12-2019 15:00,TS,7,57, , , ,7.1,57.5,TD,30,1000,-1,1,25,30,1000
2019335N05058,2019,103,NI,AS,PAWAN,03-12-2019 18:00,TS,7.1,57.1,30,1000,newdelhi,7.2,57.5,TD,30,1000,-1,1,15,30,1000
2019335N05058,2019,103,NI,AS,PAWAN,03-12-2019 21:00,TS,7.2,57.1, , , ,7.2,57.5,TD,30,1002,-1,2,20,30,1002
2019335N05058,2019,103,NI,AS,PAWAN,04-12-2019 00:00,TS,7.3,57.1,30,1000,newdelhi,7.3,57.6,TD,30,1003,-1,3,10,30,1003
2019335N05058,2019,103,NI,AS,PAWAN,04-12-2019 03:00,TS,7.4,57.1,30,1000,newdelhi,7.4,57.6,TD,33,1002,-1,3,0,33,1002
2019335N05058,2019,103,NI,AS,PAWAN,04-12-2019 06:00,TS,7.5,57.1,30,1000,newdelhi,7.6,57.6,TS,35,1000,0,2,325,35,1000
2019335N05058,2019,103,NI,AS,PAWAN,04-12-2019 09:00,TS,7.6,57, , , ,7.8,57.4,TS,38,999,0,3,320,38,999
2019335N05058,2019,103,NI,AS,PAWAN,04-12-2019 12:00,TS,7.8,56.9,30,1000,newdelhi,8.1,57.2,TS,40,997,0,6,350,40,997
2019335N05058,2019,103,NI,AS,PAWAN,04-12-2019 15:00,TS,8.1,56.9, , , ,8.3,57.1,TS,40,999,0,8,355,40,999
2019335N05058,2019,103,NI,AS,PAWAN,04-12-2019 18:00,TS,8.6,56.9,30,1000,newdelhi,8.6,57,TS,40,1001,0,9,350,40,1001
2019335N05058,2019,103,NI,AS,PAWAN,04-12-2019 21:00,TS,9,56.7, , , ,9,56.9,TS,40,1001,0,8,340,40,1001
2019335N05058,2019,103,NI,AS,PAWAN,05-12-2019 00:00,TS,9.3,56.6,35,999,newdelhi,9.4,56.7,TS,40,1000,0,5,310,40,1000
2019335N05058,2019,103,NI,AS,PAWAN,05-12-2019 03:00,TS,9.3,56.4,35,999,newdelhi,9.4,56.3,TS,40,1000,0,5,280,40,1000
2019335N05058,2019,103,NI,AS,PAWAN,05-12-2019 06:00,TS,9.4,56.1,35,999,newdelhi,9.3,55.8,TS,40,999,0,9,270,40,999
2019335N05058,2019,103,NI,AS,PAWAN,05-12-2019 09:00,TS,9.3,55.4,35,999,newdelhi,9.2,55.3,TS,40,999,0,11,265,40,999
2019335N05058,2019,103,NI,AS,PAWAN,05-12-2019 12:00,TS,9.3,55,40,998,newdelhi,9,54.8,TS,40,999,0,8,255,40,999
2019335N05058,2019,103,NI,AS,PAWAN,05-12-2019 15:00,TS,9.1,54.7,35,999,newdelhi,8.7,54.4,TS,38,1002,0,8,235,38,1002
2019335N05058,2019,103,NI,AS,PAWAN,05-12-2019 18:00,TS,8.9,54.3,35,999,newdelhi,8.4,54.1,TS,35,1005,0,9,235,35,1005
2019335N05058,2019,103,NI,AS,PAWAN,05-12-2019 21:00,TS,8.6,53.9,35,999,newdelhi,8.2,53.8,TS,35,1005,0,10,240,35,1005
2019335N05058,2019,103,NI,AS,PAWAN,06-12-2019 00:00,TS,8.3,53.4,35,999,newdelhi,8.1,53.5,TS,35,1004,0,9,240,35,1004
2019335N05058,2019,103,NI,AS,PAWAN,06-12-2019 03:00,TS,8.1,53.1,35,999,newdelhi,8,53.2,TS,35,1004,0,7,240,35,1004
2019335N05058,2019,103,NI,AS,PAWAN,06-12-2019 06:00,TS,8,52.8,35,999,newdelhi,7.9,52.9,TS,35,1004,0,6,245,35,1004
2019335N05058,2019,103,NI,AS,PAWAN,06-12-2019 09:00,TS,7.9,52.5,35,999,newdelhi,7.8,52.5,TS,40,1002,0,6,260,40,1002
2019335N05058,2019,103,NI,AS,PAWAN,06-12-2019 12:00,TS,7.9,52.2,35,999,newdelhi,7.8,52,TS,45,999,0,9,265,45,999
2019335N05058,2019,103,NI,AS,PAWAN,06-12-2019 15:00,TS,7.8,51.6,35,999,newdelhi,7.9,51.4,TS,45,1000,0,11,265,45,1000
2019335N05058,2019,103,NI,AS,PAWAN,06-12-2019 18:00,TS,7.8,51.1,35,999,newdelhi,8,50.8,TS,45,1000,0,10,265,45,1000
2019335N05058,2019,103,NI,AS,PAWAN,06-12-2019 21:00,TS,7.7,50.6,35,999,newdelhi,8,50.2,TS,43,1001,0,13,265,43,1001
2019335N05058,2019,103,NI,AS,PAWAN,07-12-2019 00:00,TS,7.7,49.8,35,999,newdelhi,7.9,49.7,TS,40,1002,0,12,265,40,1002
2019335N05058,2019,103,NI,AS,PAWAN,07-12-2019 03:00,TS,7.6,49.4,30,1000,newdelhi,7.8,49.3,TS,35,1001,0,9,260,35,1001
2019335N05058,2019,103,NI,AS,PAWAN,07-12-2019 06:00,TS,7.5,48.9,30,1001,newdelhi,7.6,48.9,TD,30,1000,-1,9,255,30,1000
2019335N05058,2019,103,NI,AS,PAWAN,07-12-2019 09:00,TS,7.4,48.5,25,1003,newdelhi,7.4,48.5,TD,28,1003,-1,8,245,28,1003
2019335N05058,2019,103,NI,AS,PAWAN,07-12-2019 12:00,TS,7.2,48.2, , , ,7.2,48.2,TD,25,1005,-1,7,250,25,1005
2019335N05058,2019,103,NI,AS,PAWAN,07-12-2019 15:00,TS,7.1,47.8, , , ,7.1,47.8,TD,23,1006,-1,8,265,23,1006
2019335N05058,2019,103,NI,AS,PAWAN,07-12-2019 18:00,DS,7.1,47.4, , , ,7.1,47.4,DB,20,1007,-3,8,270,20,1007
2019337N11072,2019,105,NI,AS,UNNAMED,02-12-2019 12:00,DS,10.7,72.3, , , ,10.7,72.3,DB,15,1006,-3,11,330,15,1006
2019337N11072,2019,105,NI,AS,UNNAMED,02-12-2019 15:00,DS,11.2,72, , , ,11.2,72,DB,18,1007,-3,11,325,18,1007
2019337N11072,2019,105,NI,AS,UNNAMED,02-12-2019 18:00,DS,11.6,71.7, , , ,11.6,71.7,DB,20,1007,-3,11,325,20,1007
2019337N11072,2019,105,NI,AS,UNNAMED,02-12-2019 21:00,DS,12,71.3, , , ,12,71.3,DB,25,1004,-3,11,320,25,1004
2019337N11072,2019,105,NI,AS,UNNAMED,03-12-2019 00:00,TS,12.4,71, , , ,12.4,71,TD,30,1002,-1,8,315,30,1002
2019337N11072,2019,105,NI,AS,UNNAMED,03-12-2019 03:00,TS,12.6,70.8, , , ,12.6,70.8,TD,33,999,-1,6,315,33,999
2019337N11072,2019,105,NI,AS,UNNAMED,03-12-2019 06:00,TS,12.8,70.6, , , ,12.8,70.6,TS,35,996,0,6,320,35,996
2019337N11072,2019,105,NI,AS,UNNAMED,03-12-2019 09:00,TS,13.1,70.4, , , ,13.1,70.4,TS,38,998,0,6,320,38,998
2019337N11072,2019,105,NI,AS,UNNAMED,03-12-2019 12:00,TS,13.3,70.2, , , ,13.3,70.2,TS,40,999,0,7,300,40,999
2019337N11072,2019,105,NI,AS,UNNAMED,03-12-2019 15:00,TS,13.4,69.8, , , ,13.4,69.8,TS,45,998,0,3,290,45,998
2019337N11072,2019,105,NI,AS,UNNAMED,03-12-2019 18:00,TS,13.4,69.9,25,1002,newdelhi,13.6,69.6,TS,50,997,0,4,20,50,997
2019337N11072,2019,105,NI,AS,UNNAMED,03-12-2019 21:00,TS,13.8,70, , , ,14,69.7,TS,55,995,0,8,0,55,995
2019337N11072,2019,105,NI,AS,UNNAMED,04-12-2019 00:00,TS,14.2,69.9,30,1000,newdelhi,14.4,69.8,TS,55,993,0,10,335,55,993
2019337N11072,2019,105,NI,AS,UNNAMED,04-12-2019 03:00,TS,14.7,69.5,30,1000,newdelhi,14.6,69.5,TS,50,996,0,10,305,50,996
2019337N11072,2019,105,NI,AS,UNNAMED,04-12-2019 06:00,TS,14.8,69.1,30,1000,newdelhi,14.7,69,TS,45,998,0,8,285,45,998
2019337N11072,2019,105,NI,AS,UNNAMED,04-12-2019 09:00,TS,14.8,68.7, , , ,14.8,68.6,TS,40,1001,0,6,275,40,1001
2019337N11072,2019,105,NI,AS,UNNAMED,04-12-2019 12:00,TS,14.9,68.4,30,1000,newdelhi,14.8,68.4,TS,35,1003,0,4,280,35,1003
2019337N11072,2019,105,NI,AS,UNNAMED,04-12-2019 15:00,TS,14.9,68.3, , , ,14.9,68.4,TS,33,1007,-1,2,315,33,1007
2019337N11072,2019,105,NI,AS,UNNAMED,04-12-2019 18:00,TS,15,68.3,30,1000,newdelhi,15,68.5,TD,30,1010,-1,2,325,30,1010
2019337N11072,2019,105,NI,AS,UNNAMED,04-12-2019 21:00,TS,15.1,68.2, , , ,15.1,68.4,TD,28,1010,-1,3,305,28,1010
2019337N11072,2019,105,NI,AS,UNNAMED,05-12-2019 00:00,TS,15.2,68,25,1002,newdelhi,15.2,68.1,TD,25,1009,-1,6,300,25,1009
2019337N11072,2019,105,NI,AS,UNNAMED,05-12-2019 03:00,TS,15.4,67.6,25,1002,newdelhi,15.4,67.7,TD,25,1009,-1,9,300,25,1009
2019337N11072,2019,105,NI,AS,UNNAMED,05-12-2019 06:00,TS,15.6,67.2,20,1004,newdelhi,15.7,67.2,TD,25,1009,-1,11,305,25,1009
2019337N11072,2019,105,NI,AS,UNNAMED,05-12-2019 09:00,TS,15.9,66.7, , , ,15.9,66.7,TD,23,1010,-1,11,295,23,1010
2019337N11072,2019,105,NI,AS,UNNAMED,05-12-2019 12:00,DS,16.1,66.2, , , ,16.1,66.2,DB,20,1010,-3,10,280,20,1010
2019337N11072,2019,105,NI,AS,UNNAMED,05-12-2019 15:00,DS,16.1,65.7, , , ,16.1,65.7,DB,20,1011,-3,9,270,20,1011
2019337N11072,2019,105,NI,AS,UNNAMED,05-12-2019 18:00,DS,16.1,65.3, , , ,16.1,65.3,DB,20,1011,-3,7,265,20,1011
2019337N11072,2019,105,NI,AS,UNNAMED,05-12-2019 21:00,DS,16.1,65, , , ,16.1,65,DB,20,1010,-3,6,260,20,1010
2019337N11072,2019,105,NI,AS,UNNAMED,06-12-2019 00:00,DS,16,64.7, , , ,16,64.7,DB,20,1009,-3,7,260,20,1009
2019337N11072,2019,105,NI,AS,UNNAMED,06-12-2019 03:00,DS,15.9,64.3, , , ,15.9,64.3,DB,18,1010,-3,9,265,18,1010
2019337N11072,2019,105,NI,AS,UNNAMED,06-12-2019 06:00,DS,15.9,63.8, , , ,15.9,63.8,WV,15,1011,-3,9,265,15,1011
2019342N09062,2019,107,NI,AS,UNNAMED,08-12-2019 09:00,TS,9.4,62.2,25,1002,newdelhi, , , , , ,-5,13,290, , 
2019342N09062,2019,107,NI,AS,UNNAMED,08-12-2019 12:00,TS,9.6,61.6,25,1002,newdelhi, , , , , ,-5,10,295, , 
2019342N09062,2019,107,NI,AS,UNNAMED,08-12-2019 15:00,TS,9.8,61.2, , , , , , , , ,-5,7,305, , 
2019342N09062,2019,107,NI,AS,UNNAMED,08-12-2019 18:00,TS,10,61,25,1002,newdelhi, , , , , ,-5,7,310, , 
2019342N09062,2019,107,NI,AS,UNNAMED,08-12-2019 21:00,TS,10.2,60.7, , , , , , , , ,-5,7,305, , 
2019342N09062,2019,107,NI,AS,UNNAMED,09-12-2019 00:00,TS,10.4,60.4,30,1000,newdelhi, , , , , ,-5,8,290, , 
2019342N09062,2019,107,NI,AS,UNNAMED,09-12-2019 03:00,TS,10.5,60,30,1000,newdelhi, , , , , ,-5,10,280, , 
2019342N09062,2019,107,NI,AS,UNNAMED,09-12-2019 06:00,TS,10.6,59.4,30,1000,newdelhi, , , , , ,-5,10,275, , 
2019342N09062,2019,107,NI,AS,UNNAMED,09-12-2019 09:00,TS,10.6,59, , , , , , , , ,-5,9,270, , 
2019342N09062,2019,107,NI,AS,UNNAMED,09-12-2019 12:00,TS,10.6,58.5,25,1002,newdelhi, , , , , ,-5,12,270, , 
2019342N09062,2019,107,NI,AS,UNNAMED,09-12-2019 15:00,TS,10.6,57.8, , , , , , , , ,-5,15,270, , 
2019342N09062,2019,107,NI,AS,UNNAMED,09-12-2019 18:00,TS,10.6,57,25,1002,newdelhi, , , , , ,-5,15,270, , 
2019342N09062,2019,107,NI,AS,UNNAMED,09-12-2019 21:00,TS,10.6,56.3, , , , , , , , ,-5,13,270, , 
2019342N09062,2019,107,NI,AS,UNNAMED,10-12-2019 00:00,TS,10.6,55.7,25,1002,newdelhi, , , , , ,-5,11,270, , 
2019342N09062,2019,107,NI,AS,UNNAMED,10-12-2019 03:00,TS,10.6,55.2,25,1002,newdelhi, , , , , ,-5,10,270, , 
2020136N10088,2020,25,NI,BB,AMPHAN,15-05-2020 06:00,DS,9.5,87.5, , , ,9.5,87.5,DB,20,1007,-3,5,270,20,1007
2020136N10088,2020,25,NI,BB,AMPHAN,15-05-2020 09:00,DS,9.5,87.2, , , ,9.5,87.2,DB,25,1005,-3,5,270,25,1005
2020136N10088,2020,25,NI,BB,AMPHAN,15-05-2020 12:00,TS,9.5,87, , , ,9.5,87,TD,30,1002,-1,5,265,30,1002
2020136N10088,2020,25,NI,BB,AMPHAN,15-05-2020 15:00,TS,9.5,86.8, , , ,9.5,86.8,TD,30,1002,-1,4,270,30,1002
2020136N10088,2020,25,NI,BB,AMPHAN,15-05-2020 18:00,TS,9.5,86.6, , , ,9.5,86.6,TD,30,1001,-1,3,285,30,1001
2020136N10088,2020,25,NI,BB,AMPHAN,15-05-2020 21:00,TS,9.6,86.5, , , ,9.6,86.5,TD,33,1000,-1,4,335,33,1000
2020136N10088,2020,25,NI,BB,AMPHAN,16-05-2020 00:00,TS,9.8,86.4,25,1000,newdelhi,9.7,86.3,TS,35,999,0,6,335,35,999
2020136N10088,2020,25,NI,BB,AMPHAN,16-05-2020 03:00,TS,10.1,86.2,25,1000,newdelhi,9.8,86.1,TS,38,998,0,6,325,38,998
2020136N10088,2020,25,NI,BB,AMPHAN,16-05-2020 06:00,TS,10.3,86.1,25,1000,newdelhi,9.9,85.9,TS,40,997,0,4,345,40,997
2020136N10088,2020,25,NI,BB,AMPHAN,16-05-2020 09:00,TS,10.5,86.1,30,998,newdelhi,10.1,85.9,TS,45,995,0,3,15,45,995
2020136N10088,2020,25,NI,BB,AMPHAN,16-05-2020 12:00,TS,10.6,86.2,35,996,newdelhi,10.3,86,TS,50,992,0,3,5,50,992
2020136N10088,2020,25,NI,BB,AMPHAN,16-05-2020 15:00,TS,10.8,86.1,40,995,newdelhi,10.5,86.1,TS,53,990,0,3,350,53,990
2020136N10088,2020,25,NI,BB,AMPHAN,16-05-2020 18:00,TS,10.9,86.1,40,995,newdelhi,10.7,86.1,TS,55,987,0,3,0,55,987
2020136N10088,2020,25,NI,BB,AMPHAN,16-05-2020 21:00,TS,11.1,86.1,45,994,newdelhi,10.8,86.2,TS,58,985,0,3,0,58,985
2020136N10088,2020,25,NI,BB,AMPHAN,17-05-2020 00:00,TS,11.2,86.1,45,993,newdelhi,11,86.2,TS,60,982,0,2,0,60,982
2020136N10088,2020,25,NI,BB,AMPHAN,17-05-2020 03:00,TS,11.3,86.1,50,990,newdelhi,11.2,86.3,TS,65,980,1,3,15,65,980
2020136N10088,2020,25,NI,BB,AMPHAN,17-05-2020 06:00,TS,11.5,86.2,55,988,newdelhi,11.4,86.3,TY,70,978,1,3,5,70,978
2020136N10088,2020,25,NI,BB,AMPHAN,17-05-2020 09:00,TS,11.6,86.2,65,980,newdelhi,11.6,86.3,TY,75,974,1,5,5,75,974
2020136N10088,2020,25,NI,BB,AMPHAN,17-05-2020 12:00,TS,11.9,86.2,70,978,newdelhi,11.8,86.4,TY,80,970,1,9,15,80,970
2020136N10088,2020,25,NI,BB,AMPHAN,17-05-2020 15:00,TS,12.5,86.4,75,972,newdelhi,12.1,86.5,TY,100,951,3,6,15,100,951
2020136N10088,2020,25,NI,BB,AMPHAN,17-05-2020 18:00,TS,12.5,86.4,80,970,newdelhi,12.5,86.6,TY,120,932,4,4,15,120,932
2020136N10088,2020,25,NI,BB,AMPHAN,17-05-2020 21:00,TS,12.9,86.5,90,962,newdelhi,12.8,86.5,TY,125,926,4,7,0,125,926
2020136N10088,2020,25,NI,BB,AMPHAN,18-05-2020 00:00,TS,13.2,86.4,100,952,newdelhi,13.1,86.4,ST,130,919,4,5,330,130,919
2020136N10088,2020,25,NI,BB,AMPHAN,18-05-2020 03:00,TS,13.3,86.2,115,936,newdelhi,13.2,86.3,ST,135,915,4,3,330,135,915
2020136N10088,2020,25,NI,BB,AMPHAN,18-05-2020 06:00,TS,13.4,86.2,120,930,newdelhi,13.4,86.2,ST,140,911,5,4,360,140,911
2020136N10088,2020,25,NI,BB,AMPHAN,18-05-2020 09:00,TS,13.7,86.2,120,930,newdelhi,13.7,86.3,ST,143,906,5,7,15,143,906
2020136N10088,2020,25,NI,BB,AMPHAN,18-05-2020 12:00,TS,14.1,86.4,125,926,newdelhi,14.1,86.4,ST,145,901,5,8,15,145,901
2020136N10088,2020,25,NI,BB,AMPHAN,18-05-2020 15:00,TS,14.5,86.5,125,926,newdelhi,14.4,86.5,ST,143,906,5,8,15,143,906
2020136N10088,2020,25,NI,BB,AMPHAN,18-05-2020 18:00,TS,14.9,86.6,130,920,newdelhi,14.8,86.6,ST,140,910,5,7,15,140,910
2020136N10088,2020,25,NI,BB,AMPHAN,18-05-2020 21:00,TS,15.2,86.7,130,920,newdelhi,15.1,86.7,ST,133,918,4,7,15,133,918
2020136N10088,2020,25,NI,BB,AMPHAN,19-05-2020 00:00,TS,15.6,86.8,125,926,newdelhi,15.5,86.8,TY,125,925,4,9,15,125,925
2020136N10088,2020,25,NI,BB,AMPHAN,19-05-2020 03:00,TS,16,86.9,120,930,newdelhi,16,86.9,TY,118,933,4,10,10,118,933
2020136N10088,2020,25,NI,BB,AMPHAN,19-05-2020 06:00,TS,16.5,87,115,936,newdelhi,16.5,87,TY,110,941,3,10,5,110,941
2020136N10088,2020,25,NI,BB,AMPHAN,19-05-2020 09:00,TS,16.9,87,110,942,newdelhi,16.9,87.1,TY,108,944,3,9,5,108,944
2020136N10088,2020,25,NI,BB,AMPHAN,19-05-2020 12:00,TS,17.3,87.1,105,946,newdelhi,17.3,87.1,TY,105,946,3,10,5,105,946
2020136N10088,2020,25,NI,BB,AMPHAN,19-05-2020 15:00,TS,17.9,87.1,100,948,newdelhi,17.8,87.1,TY,105,946,3,10,10,105,946
2020136N10088,2020,25,NI,BB,AMPHAN,19-05-2020 18:00,TS,18.3,87.2,100,948,newdelhi,18.3,87.2,TY,105,945,3,8,10,105,945
2020136N10088,2020,25,NI,BB,AMPHAN,19-05-2020 21:00,TS,18.7,87.3,100,948,newdelhi,18.7,87.3,TY,103,946,3,9,20,103,946
2020136N10088,2020,25,NI,BB,AMPHAN,20-05-2020 00:00,TS,19.2,87.5,95,952,newdelhi,19.2,87.5,TY,100,947,3,12,20,100,947
2020136N10088,2020,25,NI,BB,AMPHAN,20-05-2020 03:00,TS,19.8,87.7,95,954,newdelhi,19.8,87.7,TY,98,950,3,15,15,98,950
2020136N10088,2020,25,NI,BB,AMPHAN,20-05-2020 06:00,TS,20.6,88,90,956,newdelhi,20.5,87.9,TY,95,953,2,16,15,95,953
2020136N10088,2020,25,NI,BB,AMPHAN,20-05-2020 09:00,TS,21.4,88.1,90,960,newdelhi,21.3,88.1,TY,95,954,2,16,15,95,954
2020136N10088,2020,25,NI,BB,AMPHAN,20-05-2020 12:00,TS,22.1,88.4,85,957,newdelhi,22.2,88.3,TY,95,954,2,16,20,95,954
2020136N10088,2020,25,NI,BB,AMPHAN,20-05-2020 15:00,TS,22.8,88.6,65,968,newdelhi,23,88.7,TY,83,964,2,16,25,83,964
2020136N10088,2020,25,NI,BB,AMPHAN,20-05-2020 18:00,TS,23.5,89.1,50,978,newdelhi,23.7,89.1,TY,70,974,1,16,20,70,974
2020136N10088,2020,25,NI,BB,AMPHAN,20-05-2020 21:00,TS,24.3,89.3,45,986,newdelhi,24.5,89.6,TY,60,979,0,13,25,60,979
2020136N10088,2020,25,NI,BB,AMPHAN,21-05-2020 00:00,TS,24.6,89.6,40,988,newdelhi,25.2,90.1,TS,50,984,0,10,35,50,984
2020136N10088,2020,25,NI,BB,AMPHAN,21-05-2020 03:00,TS,25.1,89.9,35,990,newdelhi,25.9,90.7,TS,40,992,0,8,25,40,992
2020136N10088,2020,25,NI,BB,AMPHAN,21-05-2020 06:00,TS,25.4,90.1,30,992,newdelhi,26.5,91.4,TD,30,1000,-1,3,295,30,1000
2020136N10088,2020,25,NI,BB,AMPHAN,21-05-2020 09:00,TS,25.2,89.6, , , , , ,TD, , ,-5,4,275, , 
2020136N10088,2020,25,NI,BB,AMPHAN,21-05-2020 12:00,TS,25.4,89.6,20,995,newdelhi, , , , , ,-5,4,0, , 
2020150N17054,2020,29,NI,AS,UNNAMED,29-05-2020 09:00,TS,17.3,54.3,25,1000,newdelhi, , , , , ,-5,0,0, , 
2020150N17054,2020,29,NI,AS,UNNAMED,29-05-2020 12:00,TS,17.3,54.3,25,1000,newdelhi, , , , , ,-5,0,0, , 
2020150N17054,2020,29,NI,AS,UNNAMED,29-05-2020 15:00,TS,17.3,54.3, , , , , , , , ,-5,0,0, , 
2020150N17054,2020,29,NI,AS,UNNAMED,29-05-2020 18:00,TS,17.3,54.3,25,1000,newdelhi, , , , , ,-5,1,270, , 
2020150N17054,2020,29,NI,AS,UNNAMED,29-05-2020 21:00,TS,17.3,54.2, , , , , , , , ,-5,1,270, , 
2020150N17054,2020,29,NI,AS,UNNAMED,30-05-2020 00:00,TS,17.3,54.2,25,1000,newdelhi, , , , , ,-5,0,270, , 
2020150N17054,2020,29,NI,AS,UNNAMED,30-05-2020 03:00,TS,17.3,54.2,25,1000,newdelhi, , , , , ,-5,2,240, , 
2020150N17054,2020,29,NI,AS,UNNAMED,30-05-2020 06:00,TS,17.2,54,25,1000,newdelhi, , , , , ,-5,3,240, , 
2020150N17054,2020,29,NI,AS,UNNAMED,30-05-2020 09:00,TS,17.2,54, , , , , , , , ,-5,0,0, , 
2020150N17054,2020,29,NI,AS,UNNAMED,30-05-2020 12:00,TS,17.2,54,25,1000,newdelhi, , , , , ,-5,1,60, , 
2020150N17054,2020,29,NI,AS,UNNAMED,30-05-2020 15:00,TS,17.2,54, , , , , , , , ,-5,0,0, , 
2020150N17054,2020,29,NI,AS,UNNAMED,30-05-2020 18:00,TS,17.2,54,25,1000,newdelhi, , , , , ,-5,1,240, , 
2020150N17054,2020,29,NI,AS,UNNAMED,30-05-2020 21:00,TS,17.1,53.9, , , , , , , , ,-5,2,240, , 
2020150N17054,2020,29,NI,AS,UNNAMED,31-05-2020 00:00,TS,17.1,53.8,25,1000,newdelhi, , , , , ,-5,1,240, , 
2020150N17054,2020,29,NI,AS,UNNAMED,31-05-2020 03:00,TS,17.1,53.8,25,1000,newdelhi, , , , , ,-5,3,250, , 
2020150N17054,2020,29,NI,AS,UNNAMED,31-05-2020 06:00,TS,17,53.5,25,1000,newdelhi, , , , , ,-5,5,255, , 
2020150N17054,2020,29,NI,AS,UNNAMED,31-05-2020 09:00,TS,16.9,53.3, , , , , , , , ,-5,4,255, , 
2020150N17054,2020,29,NI,AS,UNNAMED,31-05-2020 12:00,TS,16.9,53.1,25,1000,newdelhi, , , , , ,-5,3,250, , 
2020150N17054,2020,29,NI,AS,UNNAMED,31-05-2020 15:00,TS,16.9,53, , , , , , , , ,-5,2,240, , 
2020150N17054,2020,29,NI,AS,UNNAMED,31-05-2020 18:00,TS,16.8,52.9,25,1000,newdelhi, , , , , ,-5,2,235, , 
2020153N13072,2020,31,NI,AS,NISARGA,31-05-2020 18:00,DS,12.9,72.2, , , ,12.9,72.2,DB,20,1008,-3,5,285,20,1008
2020153N13072,2020,31,NI,AS,NISARGA,31-05-2020 21:00,DS,12.9,72, , , ,12.9,72,DB,20,1008,-3,6,280,20,1008
2020153N13072,2020,31,NI,AS,NISARGA,01-06-2020 00:00,MX,13,71.6,25,1004,newdelhi,13,71.7,DB,20,1007,-3,6,285,20,1007
2020153N13072,2020,31,NI,AS,NISARGA,01-06-2020 03:00,MX,13.1,71.4,25,1004,newdelhi,13.1,71.4,DB,23,1007,-3,6,315,23,1007
2020153N13072,2020,31,NI,AS,NISARGA,01-06-2020 06:00,TS,13.4,71.2,25,1004,newdelhi,13.2,71.1,TD,25,1006,-1,7,340,25,1006
2020153N13072,2020,31,NI,AS,NISARGA,01-06-2020 09:00,TS,13.7,71.1, , , ,13.5,71,TD,25,1005,-1,6,355,25,1005
2020153N13072,2020,31,NI,AS,NISARGA,01-06-2020 12:00,TS,14,71.1,25,1003,newdelhi,13.8,71.1,TD,25,1003,-1,5,5,25,1003
2020153N13072,2020,31,NI,AS,NISARGA,01-06-2020 15:00,TS,14.2,71.2, , , ,14.1,71.1,TD,28,1003,-1,4,10,28,1003
2020153N13072,2020,31,NI,AS,NISARGA,01-06-2020 18:00,TS,14.4,71.2,25,1003,newdelhi,14.4,71.2,TD,30,1003,-1,5,5,30,1003
2020153N13072,2020,31,NI,AS,NISARGA,01-06-2020 21:00,TS,14.7,71.2, , , ,14.7,71.3,TD,33,1001,-1,6,5,33,1001
2020153N13072,2020,31,NI,AS,NISARGA,02-06-2020 00:00,TS,15,71.3,30,1000,newdelhi,15,71.3,TS,35,998,0,6,0,35,998
2020153N13072,2020,31,NI,AS,NISARGA,02-06-2020 03:00,TS,15.3,71.3,30,1000,newdelhi,15.3,71.3,TS,38,998,0,7,0,38,998
2020153N13072,2020,31,NI,AS,NISARGA,02-06-2020 06:00,TS,15.7,71.3,35,999,newdelhi,15.7,71.3,TS,40,997,0,7,0,40,997
2020153N13072,2020,31,NI,AS,NISARGA,02-06-2020 09:00,TS,16,71.3,35,999,newdelhi,16,71.3,TS,45,995,0,7,10,45,995
2020153N13072,2020,31,NI,AS,NISARGA,02-06-2020 12:00,TS,16.3,71.4,40,996,newdelhi,16.3,71.4,TS,50,993,0,3,40,50,993
2020153N13072,2020,31,NI,AS,NISARGA,02-06-2020 15:00,TS,16.2,71.5,40,996,newdelhi,16.5,71.5,TS,55,990,0,5,35,55,990
2020153N13072,2020,31,NI,AS,NISARGA,02-06-2020 18:00,TS,16.8,71.6,40,996,newdelhi,16.7,71.7,TS,60,987,0,9,25,60,987
2020153N13072,2020,31,NI,AS,NISARGA,02-06-2020 21:00,TS,17,71.9,45,994,newdelhi,17,71.9,TS,68,981,1,7,40,68,981
2020153N13072,2020,31,NI,AS,NISARGA,03-06-2020 00:00,TS,17.3,72.1,50,992,newdelhi,17.3,72.2,TY,75,974,1,8,45,75,974
2020153N13072,2020,31,NI,AS,NISARGA,03-06-2020 03:00,TS,17.6,72.4,55,988,newdelhi,17.6,72.5,TY,80,971,1,10,40,80,971
2020153N13072,2020,31,NI,AS,NISARGA,03-06-2020 06:00,TS,18.1,72.9,60,984,newdelhi,18,72.9,TY,85,968,2,12,40,85,968
2020153N13072,2020,31,NI,AS,NISARGA,03-06-2020 09:00,TS,18.5,73.2,55,992,newdelhi,18.5,73.3,TY,78,974,1,13,40,78,974
2020153N13072,2020,31,NI,AS,NISARGA,03-06-2020 12:00,TS,19.1,73.7,40,998,newdelhi,19.1,73.7,TY,70,979,1,13,35,70,979
2020153N13072,2020,31,NI,AS,NISARGA,03-06-2020 15:00,TS,19.6,74,30,1000,newdelhi,19.6,74,TY,60,984,0,13,45,60,984
2020153N13072,2020,31,NI,AS,NISARGA,03-06-2020 18:00,TS,20,74.7,30,1001,newdelhi,20.1,74.5,TS,50,988,0,14,60,50,988
2020153N13072,2020,31,NI,AS,NISARGA,03-06-2020 21:00,TS,20.3,75.3, , , ,20.6,75.2,TS,43,992,0,16,55,43,992
2020153N13072,2020,31,NI,AS,NISARGA,04-06-2020 00:00,TS,20.9,76,25,1004,newdelhi,21.2,76,TS,35,996,0,19,50,35,996
2020153N13072,2020,31,NI,AS,NISARGA,04-06-2020 03:00,TS,21.5,76.8,20,1005,newdelhi,21.8,76.8,TS,28,999,-1,19,50,28,999
2020153N13072,2020,31,NI,AS,NISARGA,04-06-2020 06:00,MX,22.2,77.6,20,1005,newdelhi,22.5,77.5,DB,20,1002,-3,18,45,20,1002
2020285N15087,2020,90,NI,BB,UNNAMED,11-10-2020 00:00,TS,15.3,86.5,20,999,newdelhi, , , , , ,-5,6,290, , 
2020285N15087,2020,90,NI,BB,UNNAMED,11-10-2020 03:00,TS,15.4,86.2,25,998,newdelhi, , , , , ,-5,7,280, , 
2020285N15087,2020,90,NI,BB,UNNAMED,11-10-2020 06:00,TS,15.4,85.8,25,998,newdelhi, , , , , ,-5,6,275, , 
2020285N15087,2020,90,NI,BB,UNNAMED,11-10-2020 09:00,TS,15.4,85.5, , , , , , , , ,-5,4,285, , 
2020285N15087,2020,90,NI,BB,UNNAMED,11-10-2020 12:00,TS,15.5,85.4,25,998,newdelhi, , , , , ,-5,3,295, , 
2020285N15087,2020,90,NI,BB,UNNAMED,11-10-2020 15:00,TS,15.5,85.3, , , , , , , , ,-5,2,295, , 
2020285N15087,2020,90,NI,BB,UNNAMED,11-10-2020 18:00,TS,15.6,85.2,25,998,newdelhi, , , , , ,-5,2,300, , 
2020285N15087,2020,90,NI,BB,UNNAMED,11-10-2020 21:00,TS,15.7,85.1, , , , , , , , ,-5,2,295, , 
2020285N15087,2020,90,NI,BB,UNNAMED,12-10-2020 00:00,TS,15.7,85,25,998,newdelhi, , , , , ,-5,1,295, , 
2020285N15087,2020,90,NI,BB,UNNAMED,12-10-2020 03:00,TS,15.7,85,30,997,newdelhi, , , , , ,-5,3,315, , 
2020285N15087,2020,90,NI,BB,UNNAMED,12-10-2020 06:00,TS,15.9,84.8,30,997,newdelhi, , , , , ,-5,4,320, , 
2020285N15087,2020,90,NI,BB,UNNAMED,12-10-2020 09:00,TS,16,84.7, , , , , , , , ,-5,3,315, , 
2020285N15087,2020,90,NI,BB,UNNAMED,12-10-2020 12:00,TS,16.1,84.6,30,997,newdelhi, , , , , ,-5,7,295, , 
2020285N15087,2020,90,NI,BB,UNNAMED,12-10-2020 15:00,TS,16.3,84.1, , , , , , , , ,-5,12,290, , 
2020285N15087,2020,90,NI,BB,UNNAMED,12-10-2020 18:00,TS,16.5,83.4,30,997,newdelhi, , , , , ,-5,12,290, , 
2020285N15087,2020,90,NI,BB,UNNAMED,12-10-2020 21:00,TS,16.7,82.9, , , , , , , , ,-5,10,295, , 
2020285N15087,2020,90,NI,BB,UNNAMED,13-10-2020 00:00,TS,16.9,82.5,30,997,newdelhi, , , , , ,-5,8,290, , 
2020285N15087,2020,90,NI,BB,UNNAMED,13-10-2020 03:00,TS,17,82.1,30,996,newdelhi, , , , , ,-5,10,295, , 
2020285N15087,2020,90,NI,BB,UNNAMED,13-10-2020 06:00,TS,17.3,81.5,25,998,newdelhi, , , , , ,-5,12,295, , 
2020285N15087,2020,90,NI,BB,UNNAMED,13-10-2020 09:00,TS,17.4,81, , , , , , , , ,-5,10,280, , 
2020285N15087,2020,90,NI,BB,UNNAMED,13-10-2020 12:00,TS,17.5,80.5,25,998,newdelhi, , , , , ,-5,9,275, , 
2020285N15087,2020,90,NI,BB,UNNAMED,13-10-2020 15:00,TS,17.6,80, , , , , , , , ,-5,10,275, , 
2020285N15087,2020,90,NI,BB,UNNAMED,13-10-2020 18:00,TS,17.6,79.5,25,998,newdelhi, , , , , ,-5,12,275, , 
2020285N15087,2020,90,NI,BB,UNNAMED,13-10-2020 21:00,TS,17.7,78.8, , , , , , , , ,-5,13,275, , 
2020285N15087,2020,90,NI,BB,UNNAMED,14-10-2020 00:00,TS,17.7,78.1,20,1000,newdelhi, , , , , ,-5,12,270, , 
2020285N15087,2020,90,NI,AS,UNNAMED,14-10-2020 03:00,TS,17.7,77.5,20,1000,newdelhi, , , , , ,-5,10,270, , 
2020285N15087,2020,90,NI,AS,UNNAMED,14-10-2020 06:00,TS,17.7,77,20,1000,newdelhi, , , , , ,-5,10,270, , 
2020291N18069,2020,94,NI,AS,UNNAMED,17-10-2020 03:00,TS,17.8,69,20,1004,newdelhi, , , , , ,-5,15,270, , 
2020291N18069,2020,94,NI,AS,UNNAMED,17-10-2020 06:00,TS,17.8,68.2,20,1004,newdelhi, , , , , ,-5,12,270, , 
2020291N18069,2020,94,NI,AS,UNNAMED,17-10-2020 09:00,TS,17.8,67.8, , , , , , , , ,-5,7,270, , 
2020291N18069,2020,94,NI,AS,UNNAMED,17-10-2020 12:00,TS,17.8,67.5,25,1003,newdelhi, , , , , ,-5,6,270, , 
2020291N18069,2020,94,NI,AS,UNNAMED,17-10-2020 15:00,TS,17.8,67.1, , , , , , , , ,-5,7,270, , 
2020291N18069,2020,94,NI,AS,UNNAMED,17-10-2020 18:00,TS,17.8,66.8,25,1003,newdelhi, , , , , ,-5,4,270, , 
2020291N18069,2020,94,NI,AS,UNNAMED,17-10-2020 21:00,TS,17.8,66.7, , , , , , , , ,-5,4,270, , 
2020291N18069,2020,94,NI,AS,UNNAMED,18-10-2020 00:00,TS,17.8,66.4,25,1003,newdelhi, , , , , ,-5,8,270, , 
2020291N18069,2020,94,NI,AS,UNNAMED,18-10-2020 03:00,TS,17.8,65.8,20,1004,newdelhi, , , , , ,-5,10,270, , 
2020291N18069,2020,94,NI,AS,UNNAMED,18-10-2020 06:00,TS,17.8,65.3,20,1004,newdelhi, , , , , ,-5,8,270, , 
2020291N18069,2020,94,NI,AS,UNNAMED,18-10-2020 09:00,TS,17.8,65, , , , , , , , ,-5,5,270, , 
2020291N18069,2020,94,NI,AS,UNNAMED,18-10-2020 12:00,TS,17.8,64.8,20,1004,newdelhi, , , , , ,-5,4,270, , 
2020291N18069,2020,94,NI,AS,UNNAMED,18-10-2020 15:00,TS,17.8,64.6, , , , , , , , ,-5,5,270, , 
2020291N18069,2020,94,NI,AS,UNNAMED,18-10-2020 18:00,TS,17.8,64.3,20,1004,newdelhi, , , , , ,-5,5,270, , 
2020296N19087,2020,98,NI,BB,UNNAMED,22-10-2020 03:00,TS,18.7,87,20,999,newdelhi, , , , , ,-5,6,0, , 
2020296N19087,2020,98,NI,BB,UNNAMED,22-10-2020 06:00,TS,19,87,25,998,newdelhi, , , , , ,-5,7,10, , 
2020296N19087,2020,98,NI,BB,UNNAMED,22-10-2020 09:00,TS,19.4,87.1, , , , , , , , ,-5,8,20, , 
2020296N19087,2020,98,NI,BB,UNNAMED,22-10-2020 12:00,TS,19.7,87.3,25,998,newdelhi, , , , , ,-5,6,25, , 
2020296N19087,2020,98,NI,BB,UNNAMED,22-10-2020 15:00,TS,19.9,87.4, , , , , , , , ,-5,6,30, , 
2020296N19087,2020,98,NI,BB,UNNAMED,22-10-2020 18:00,TS,20.2,87.6,25,998,newdelhi, , , , , ,-5,9,30, , 
2020296N19087,2020,98,NI,BB,UNNAMED,22-10-2020 21:00,TS,20.7,87.9, , , , , , , , ,-5,12,30, , 
2020296N19087,2020,98,NI,BB,UNNAMED,23-10-2020 00:00,TS,21.2,88.2,25,998,newdelhi, , , , , ,-5,8,35, , 
2020296N19087,2020,98,NI,BB,UNNAMED,23-10-2020 03:00,TS,21.4,88.4,25,998,newdelhi, , , , , ,-5,6,30, , 
2020296N19087,2020,98,NI,BB,UNNAMED,23-10-2020 06:00,TS,21.7,88.5,25,998,newdelhi, , , , , ,-5,13,30, , 
2020296N19087,2020,98,NI,BB,UNNAMED,23-10-2020 09:00,TS,22.5,89.1,25,998,newdelhi, , , , , ,-5,19,30, , 
2020296N19087,2020,98,NI,BB,UNNAMED,23-10-2020 12:00,TS,23.3,89.5,20,1000,newdelhi, , , , , ,-5,14,25, , 
2020296N19087,2020,98,NI,BB,UNNAMED,23-10-2020 15:00,TS,23.8,89.7, , , , , , , , ,-5,8,30, , 
2020296N19087,2020,98,NI,BB,UNNAMED,23-10-2020 18:00,TS,24,89.9,20,1000,newdelhi, , , , , ,-5,6,35, , 
2020326N11063,2020,110,NI,AS,GATI,20-11-2020 12:00,DS,11.2,62.6, , , ,11.2,62.6,DB,20,1008,-3,10,240,20,1008
2020326N11063,2020,110,NI,AS,GATI,20-11-2020 15:00,DS,11,62.2, , , ,11,62.2,DB,23,1007,-3,9,250,23,1007
2020326N11063,2020,110,NI,AS,GATI,20-11-2020 18:00,TS,10.9,61.7, , , ,10.9,61.7,TD,25,1006,-1,9,275,25,1006
2020326N11063,2020,110,NI,AS,GATI,20-11-2020 21:00,TS,11.1,61.2, , , ,11.1,61.2,TD,25,1005,-1,12,290,25,1005
2020326N11063,2020,110,NI,AS,GATI,21-11-2020 00:00,TS,11.3,60.6, , , ,11.3,60.6,TD,25,1004,-1,15,280,25,1004
2020326N11063,2020,110,NI,AS,GATI,21-11-2020 03:00,TS,11.3,59.7, , , ,11.3,59.7,TD,30,1003,-1,18,270,30,1003
2020326N11063,2020,110,NI,AS,GATI,21-11-2020 06:00,TS,11.3,58.8, , , ,11.3,58.8,TS,35,1002,0,18,270,35,1002
2020326N11063,2020,110,NI,AS,GATI,21-11-2020 09:00,TS,11.3,57.9, , , ,11.3,57.9,TS,33,1003,-1,17,270,33,1003
2020326N11063,2020,110,NI,AS,GATI,21-11-2020 12:00,TS,11.3,57.1, , , ,11.3,57.1,TD,30,1003,-1,17,260,30,1003
2020326N11063,2020,110,NI,AS,GATI,21-11-2020 15:00,TS,11.1,56.2, , , ,11.1,56.2,TD,33,1004,-1,13,250,33,1004
2020326N11063,2020,110,NI,AS,GATI,21-11-2020 18:00,TS,10.9,55.8,25,1000,newdelhi,10.8,55.4,TS,35,1005,0,10,260,35,1005
2020326N11063,2020,110,NI,AS,GATI,21-11-2020 21:00,TS,10.9,55.2, , , ,10.7,54.6,TS,48,999,0,13,265,48,999
2020326N11063,2020,110,NI,AS,GATI,22-11-2020 00:00,TS,10.8,54.5,30,998,newdelhi,10.6,53.8,TS,60,992,0,18,260,60,992
2020326N11063,2020,110,NI,AS,GATI,22-11-2020 03:00,TS,10.6,53.5,40,996,newdelhi,10.5,53.1,TS,80,980,1,19,255,80,980
2020326N11063,2020,110,NI,AS,GATI,22-11-2020 06:00,TS,10.4,52.6,50,992,newdelhi,10.4,52.5,TY,100,967,3,15,260,100,967
2020326N11063,2020,110,NI,AS,GATI,22-11-2020 09:00,TS,10.4,52,65,982,newdelhi,10.4,52,TY,95,971,2,11,270,95,971
2020326N11063,2020,110,NI,AS,GATI,22-11-2020 12:00,TS,10.4,51.5,75,976,newdelhi,10.4,51.5,TY,90,974,2,10,270,90,974
2020326N11063,2020,110,NI,AS,GATI,22-11-2020 15:00,TS,10.4,51,75,976,newdelhi,10.4,51,TY,78,983,1,9,270,78,983
2020326N11063,2020,110,NI,AS,GATI,22-11-2020 18:00,TS,10.4,50.6,65,982,newdelhi,10.4,50.6,TY,65,992,1,8,275,65,992
2020326N11063,2020,110,NI,AS,GATI,22-11-2020 21:00,TS,10.5,50.2,60,986,newdelhi,10.6,50.2,TY,58,996,0,6,295,58,996
2020326N11063,2020,110,NI,AS,GATI,23-11-2020 00:00,TS,10.7,50,45,994,newdelhi,10.8,49.9,TS,50,1000,0,6,310,50,1000
2020326N11063,2020,110,NI,AS,GATI,23-11-2020 03:00,TS,10.9,49.6,35,997,newdelhi,11.1,49.6,TS,45,1003,0,8,305,45,1003
2020326N11063,2020,110,NI,AS,GATI,23-11-2020 06:00,TS,11.1,49.3,30,998,newdelhi,11.3,49.3,TS,40,1005,0,8,300,40,1005
2020326N11063,2020,110,NI,AS,GATI,23-11-2020 09:00,TS,11.3,48.9, , , ,11.5,49,TS,38,1005,0,8,295,38,1005
2020326N11063,2020,110,NI,AS,GATI,23-11-2020 12:00,TS,11.5,48.6,30,999,newdelhi,11.6,48.6,TS,35,1005,0,10,295,35,1005
2020326N11063,2020,110,NI,AS,GATI,23-11-2020 15:00,TS,11.7,48, , , ,11.8,48.1,TS,33,1006,-1,11,290,33,1006
2020326N11063,2020,110,NI,AS,GATI,23-11-2020 18:00,TS,11.8,47.5,30,1000,newdelhi,11.9,47.5,TD,30,1007,-1,9,270,30,1007
2020326N11063,2020,110,NI,AS,GATI,23-11-2020 21:00,TS,11.7,47.1, , , ,11.7,47,TD,28,1008,-1,8,245,28,1008
2020326N11063,2020,110,NI,AS,GATI,24-11-2020 00:00,TS,11.5,46.8,25,1001,newdelhi,11.4,46.7,TD,25,1009,-1,7,225,25,1009
2020326N11063,2020,110,NI,AS,GATI,24-11-2020 03:00,TS,11.2,46.6,20,1002,newdelhi,11.1,46.6,TD,25,1010,-1,6,205,25,1010
2020326N11063,2020,110,NI,AS,GATI,24-11-2020 06:00,TS,10.9,46.5, , , ,10.9,46.5,TD,25,1011,-1,6,195,25,1011
2020326N11063,2020,110,NI,AS,GATI,24-11-2020 09:00,TS,10.7,46.4, , , ,10.7,46.4,TD,20,1012,-1,5,200,20,1012
2020326N11063,2020,110,NI,AS,GATI,24-11-2020 12:00,DS,10.4,46.3, , , ,10.4,46.3,DB,15,1013,-3,6,205,15,1013
2020327N08086,2020,111,NI,BB,NIVAR,22-11-2020 06:00,DS,7.8,86.1, , , ,7.8,86.1,DB,20,1007,-3,9,325,20,1007
2020327N08086,2020,111,NI,BB,NIVAR,22-11-2020 09:00,DS,8.2,85.9, , , ,8.2,85.9,DB,20,1007,-3,9,325,20,1007
2020327N08086,2020,111,NI,BB,NIVAR,22-11-2020 12:00,DS,8.5,85.6, , , ,8.5,85.6,DB,20,1007,-3,8,320,20,1007
2020327N08086,2020,111,NI,BB,NIVAR,22-11-2020 15:00,DS,8.8,85.3, , , ,8.8,85.3,DB,23,1008,-3,7,315,23,1008
2020327N08086,2020,111,NI,BB,NIVAR,22-11-2020 18:00,TS,9,85.1, , , ,9,85.1,TD,25,1008,-1,5,305,25,1008
2020327N08086,2020,111,NI,BB,NIVAR,22-11-2020 21:00,TS,9,85,25,1002,newdelhi,9.2,84.9,TD,28,1007,-1,6,300,28,1007
2020327N08086,2020,111,NI,BB,NIVAR,23-11-2020 00:00,TS,9.3,84.6,25,1002,newdelhi,9.3,84.6,TD,30,1005,-1,9,300,30,1005
2020327N08086,2020,111,NI,BB,NIVAR,23-11-2020 03:00,TS,9.5,84.2,25,1002,newdelhi,9.5,84.2,TD,30,1005,-1,7,295,30,1005
2020327N08086,2020,111,NI,BB,NIVAR,23-11-2020 06:00,TS,9.6,84,25,1001,newdelhi,9.6,83.9,TD,30,1005,-1,5,300,30,1005
2020327N08086,2020,111,NI,BB,NIVAR,23-11-2020 09:00,TS,9.7,83.8, , , ,9.8,83.8,TD,30,1005,-1,4,310,30,1005
2020327N08086,2020,111,NI,BB,NIVAR,23-11-2020 12:00,TS,9.9,83.6,30,999,newdelhi,9.9,83.7,TD,30,1005,-1,3,310,30,1005
2020327N08086,2020,111,NI,BB,NIVAR,23-11-2020 15:00,TS,9.9,83.5, , , ,9.9,83.6,TD,33,1005,-1,2,295,33,1005
2020327N08086,2020,111,NI,BB,NIVAR,23-11-2020 18:00,TS,10,83.5,30,998,newdelhi,9.9,83.6,TS,35,1004,0,2,265,35,1004
2020327N08086,2020,111,NI,BB,NIVAR,23-11-2020 21:00,TS,9.9,83.3, , , ,9.8,83.5,TS,35,1004,0,3,250,35,1004
2020327N08086,2020,111,NI,BB,NIVAR,24-11-2020 00:00,TS,9.8,83.2,35,997,newdelhi,9.7,83.4,TS,35,1003,0,2,235,35,1003
2020327N08086,2020,111,NI,BB,NIVAR,24-11-2020 03:00,TS,9.8,83.1,35,997,newdelhi,9.6,83.3,TS,38,1002,0,3,260,38,1002
2020327N08086,2020,111,NI,BB,NIVAR,24-11-2020 06:00,TS,9.8,83,40,994,newdelhi,9.6,83.2,TS,40,1000,0,3,280,40,1000
2020327N08086,2020,111,NI,BB,NIVAR,24-11-2020 09:00,TS,9.9,82.9,45,992,newdelhi,9.7,83.1,TS,43,998,0,3,315,43,998
2020327N08086,2020,111,NI,BB,NIVAR,24-11-2020 12:00,TS,10,82.8,45,992,newdelhi,9.9,83,TS,45,995,0,3,315,45,995
2020327N08086,2020,111,NI,BB,NIVAR,24-11-2020 15:00,TS,10.1,82.7,45,992,newdelhi,10,82.9,TS,48,995,0,3,315,48,995
2020327N08086,2020,111,NI,BB,NIVAR,24-11-2020 18:00,TS,10.2,82.6,50,990,newdelhi,10.2,82.8,TS,50,994,0,4,325,50,994
2020327N08086,2020,111,NI,BB,NIVAR,24-11-2020 21:00,TS,10.4,82.4,55,988,newdelhi,10.4,82.7,TS,55,991,0,5,320,55,991
2020327N08086,2020,111,NI,BB,NIVAR,25-11-2020 00:00,TS,10.6,82.2,60,986,newdelhi,10.7,82.4,TS,60,988,0,8,310,60,988
2020327N08086,2020,111,NI,BB,NIVAR,25-11-2020 03:00,TS,10.8,81.8,60,986,newdelhi,11,82,TS,60,989,0,9,300,60,989
2020327N08086,2020,111,NI,BB,NIVAR,25-11-2020 06:00,TS,11.1,81.4,60,986,newdelhi,11.2,81.5,TS,60,990,0,8,305,60,990
2020327N08086,2020,111,NI,BB,NIVAR,25-11-2020 09:00,TS,11.3,81.1,65,982,newdelhi,11.4,81.3,TS,65,986,1,6,310,65,986
2020327N08086,2020,111,NI,BB,NIVAR,25-11-2020 12:00,TS,11.5,80.9,65,982,newdelhi,11.6,81.1,TY,70,982,1,7,315,70,982
2020327N08086,2020,111,NI,BB,NIVAR,25-11-2020 15:00,TS,11.8,80.6,65,982,newdelhi,11.8,80.9,TY,65,986,1,8,315,65,986
2020327N08086,2020,111,NI,BB,NIVAR,25-11-2020 18:00,TS,12,80.4,65,982,newdelhi,12.1,80.6,TS,60,989,0,7,315,60,989
2020327N08086,2020,111,NI,BB,NIVAR,25-11-2020 21:00,TS,12.2,80.1,60,986,newdelhi,12.3,80.4,TS,55,991,0,6,315,55,991
2020327N08086,2020,111,NI,BB,NIVAR,26-11-2020 00:00,TS,12.5,80,50,992,newdelhi,12.6,80.2,TS,50,993,0,7,320,50,993
2020327N08086,2020,111,NI,BB,NIVAR,26-11-2020 03:00,TS,12.7,79.7,40,996,newdelhi,12.9,80,TS,48,995,0,7,330,48,995
2020327N08086,2020,111,NI,BB,NIVAR,26-11-2020 06:00,TS,13,79.6,35,998,newdelhi,13.1,79.9,TS,45,996,0,6,350,45,996
2020327N08086,2020,111,NI,BB,NIVAR,26-11-2020 09:00,TS,13.3,79.6,30,999,newdelhi,13.3,79.9,TS,43,999,0,5,20,43,999
2020327N08086,2020,111,NI,BB,NIVAR,26-11-2020 12:00,TS,13.5,79.8,30,1000,newdelhi,13.4,80.1,TS,40,1001,0,5,50,40,1001
2020327N08086,2020,111,NI,BB,NIVAR,26-11-2020 15:00,TS,13.6,80, , , ,13.6,80.3,TS,38,1001,0,6,60,38,1001
2020327N08086,2020,111,NI,BB,NIVAR,26-11-2020 18:00,TS,13.8,80.3,20,1002,newdelhi,13.7,80.5,TS,35,1000,0,6,70,35,1000
2020327N08086,2020,111,NI,BB,NIVAR,26-11-2020 21:00,TS,13.8,80.6, , , ,13.8,80.6,TS,33,1003,-1,4,55,33,1003
2020327N08086,2020,111,NI,BB,NIVAR,27-11-2020 00:00,TS,14,80.7, , , ,14,80.7,TD,30,1005,-1,3,5,30,1005
2020327N08086,2020,111,NI,BB,NIVAR,27-11-2020 03:00,TS,14.2,80.6, , , ,14.2,80.6,TD,28,1005,-1,4,335,28,1005
2020327N08086,2020,111,NI,BB,NIVAR,27-11-2020 06:00,TS,14.4,80.5, , , ,14.4,80.5,TD,25,1004,-1,6,325,25,1004
2020327N08086,2020,111,NI,BB,NIVAR,27-11-2020 09:00,TS,14.7,80.3, , , ,14.7,80.3,TD,23,1007,-1,7,325,23,1007
2020327N08086,2020,111,NI,BB,NIVAR,27-11-2020 12:00,DS,15,80.1, , , ,15,80.1,DB,20,1009,-3,8,330,20,1009
2020335N06090,2020,113,NI,BB,BUREVI,29-11-2020 12:00,DS,6.4,90.4, , , ,6.4,90.4,DB,10,1014,-3,13,290,10,1014
2020335N06090,2020,113,NI,BB,BUREVI,29-11-2020 15:00,DS,6.6,89.8, , , ,6.6,89.8,DB,15,1011,-3,14,290,15,1011
2020335N06090,2020,113,NI,BB,BUREVI,29-11-2020 18:00,DS,6.9,89.1, , , ,6.9,89.1,DB,20,1008,-3,15,295,20,1008
2020335N06090,2020,113,NI,BB,BUREVI,29-11-2020 21:00,DS,7.2,88.4, , , ,7.2,88.4,DB,18,1008,-3,14,295,18,1008
2020335N06090,2020,113,NI,BB,BUREVI,30-11-2020 00:00,MX,7.5,87.8,20,1003,newdelhi,7.5,87.8,DB,15,1008,-3,9,295,15,1008
2020335N06090,2020,113,NI,BB,BUREVI,30-11-2020 03:00,MX,7.6,87.6,25,1002,newdelhi,7.6,87.5,DB,20,1007,-3,5,285,20,1007
2020335N06090,2020,113,NI,BB,BUREVI,30-11-2020 06:00,TS,7.6,87.4,25,1002,newdelhi,7.5,87.4,TD,25,1006,-1,3,265,25,1006
2020335N06090,2020,113,NI,BB,BUREVI,30-11-2020 09:00,TS,7.6,87.2, , , ,7.4,87.3,TD,25,1006,-1,3,245,25,1006
2020335N06090,2020,113,NI,BB,BUREVI,30-11-2020 12:00,TS,7.5,87.1,25,1002,newdelhi,7.3,87.2,TD,25,1005,-1,3,250,25,1005
2020335N06090,2020,113,NI,BB,BUREVI,30-11-2020 15:00,TS,7.5,87, , , ,7.2,87.1,TD,28,1006,-1,3,270,28,1006
2020335N06090,2020,113,NI,BB,BUREVI,30-11-2020 18:00,TS,7.5,86.8,25,1002,newdelhi,7.2,86.9,TD,30,1006,-1,5,265,30,1006
2020335N06090,2020,113,NI,BB,BUREVI,30-11-2020 21:00,TS,7.4,86.4, , , ,7.1,86.6,TD,30,1006,-1,7,260,30,1006
2020335N06090,2020,113,NI,BB,BUREVI,01-12-2020 00:00,TS,7.4,86.1,30,1000,newdelhi,7,86.2,TD,30,1005,-1,7,265,30,1005
2020335N06090,2020,113,NI,BB,BUREVI,01-12-2020 03:00,TS,7.4,85.8,30,1000,newdelhi,7,85.8,TD,30,1004,-1,7,275,30,1004
2020335N06090,2020,113,NI,BB,BUREVI,01-12-2020 06:00,TS,7.5,85.4,30,1000,newdelhi,7.1,85.5,TD,30,1003,-1,7,285,30,1003
2020335N06090,2020,113,NI,BB,BUREVI,01-12-2020 09:00,TS,7.6,85.1, , , ,7.3,85.2,TD,33,1003,-1,6,295,33,1003
2020335N06090,2020,113,NI,BB,BUREVI,01-12-2020 12:00,TS,7.7,84.9,35,999,newdelhi,7.5,84.9,TS,35,1002,0,6,295,35,1002
2020335N06090,2020,113,NI,BB,BUREVI,01-12-2020 15:00,TS,7.8,84.6,35,999,newdelhi,7.7,84.6,TS,38,1002,0,7,295,38,1002
2020335N06090,2020,113,NI,BB,BUREVI,01-12-2020 18:00,TS,8,84.3,35,999,newdelhi,7.9,84.3,TS,40,1001,0,10,300,40,1001
2020335N06090,2020,113,NI,BB,BUREVI,01-12-2020 21:00,TS,8.3,83.7,35,999,newdelhi,8.1,84,TS,43,1000,0,10,295,43,1000
2020335N06090,2020,113,NI,BB,BUREVI,02-12-2020 00:00,TS,8.5,83.3,40,998,newdelhi,8.3,83.6,TS,45,999,0,8,295,45,999
2020335N06090,2020,113,NI,BB,BUREVI,02-12-2020 03:00,TS,8.6,82.9,40,998,newdelhi,8.5,83.3,TS,43,1001,0,7,290,43,1001
2020335N06090,2020,113,NI,BB,BUREVI,02-12-2020 06:00,TS,8.7,82.6,45,996,newdelhi,8.6,83,TS,40,1002,0,7,285,40,1002
2020335N06090,2020,113,NI,BB,BUREVI,02-12-2020 09:00,TS,8.8,82.2,45,996,newdelhi,8.7,82.7,TS,40,1002,0,7,280,40,1002
2020335N06090,2020,113,NI,BB,BUREVI,02-12-2020 12:00,TS,8.8,81.9,45,996,newdelhi,8.8,82.3,TS,40,1002,0,6,280,40,1002
2020335N06090,2020,113,NI,BB,BUREVI,02-12-2020 15:00,TS,8.9,81.6,45,996,newdelhi,8.9,81.9,TS,40,1002,0,7,280,40,1002
2020335N06090,2020,113,NI,BB,BUREVI,02-12-2020 18:00,TS,9,81.2,45,996,newdelhi,9,81.4,TS,40,1001,0,8,280,40,1001
2020335N06090,2020,113,NI,BB,BUREVI,02-12-2020 21:00,TS,9,80.9,40,998,newdelhi,9,80.9,TS,40,1001,0,7,275,40,1001
2020335N06090,2020,113,NI,BB,BUREVI,03-12-2020 00:00,TS,9,80.5,40,998,newdelhi,9,80.6,TS,40,1000,0,5,285,40,1000
2020335N06090,2020,113,NI,BB,BUREVI,03-12-2020 03:00,TS,9.1,80.4,40,998,newdelhi,9.2,80.5,TS,35,1002,0,5,310,35,1002
2020335N06090,2020,113,NI,BB,BUREVI,03-12-2020 06:00,TS,9.3,80.1,40,998,newdelhi,9.4,80.5,TD,30,1004,-1,6,290,30,1004
2020335N06090,2020,113,NI,BB,BUREVI,03-12-2020 09:00,TS,9.4,79.8,35,999,newdelhi,9.5,80.3,TD,33,1003,-1,5,280,33,1003
2020335N06090,2020,113,NI,BB,BUREVI,03-12-2020 12:00,TS,9.4,79.6,30,1000,newdelhi,9.6,80.1,TS,35,1001,0,4,275,35,1001
2020335N06090,2020,113,NI,BB,BUREVI,03-12-2020 15:00,TS,9.4,79.4,30,1000,newdelhi,9.6,80,TS,35,1001,0,3,250,35,1001
2020335N06090,2020,113,NI,BB,BUREVI,03-12-2020 18:00,TS,9.3,79.3,30,1000,newdelhi,9.5,80,TS,35,1000,0,2,225,35,1000
2020335N06090,2020,113,NI,BB,BUREVI,03-12-2020 21:00,TS,9.3,79.3,30,1000,newdelhi,9.4,79.9,TS,35,1000,0,1,205,35,1000
2020335N06090,2020,113,NI,BB,BUREVI,04-12-2020 00:00,TS,9.2,79.3,30,1000,newdelhi,9.3,79.9,TS,35,1000,0,1,205,35,1000
2020335N06090,2020,113,NI,BB,BUREVI,04-12-2020 03:00,TS,9.1,79.2,30,1001,newdelhi,9.2,79.8,TS,35,1002,0,1,155,35,1002
2020335N06090,2020,113,NI,BB,BUREVI,04-12-2020 06:00,TS,9.2,79.3,30,1001,newdelhi,9.2,79.9,TS,35,1003,0,2,50,35,1003
2020335N06090,2020,113,NI,BB,BUREVI,04-12-2020 09:00,TS,9.3,79.4, , , ,9.5,80.2,TD,30,1004,-1,3,35,30,1004
2020335N06090,2020,113,NI,BB,BUREVI,04-12-2020 12:00,TS,9.4,79.4,25,1002,newdelhi,9.6,80.2,TD,25,1002,-1,1,255,25,1002
2020335N06090,2020,113,NI,BB,BUREVI,04-12-2020 15:00,TS,9.3,79.3, , , ,9.4,80,TD,25,1002,-1,3,225,25,1002
2020335N06090,2020,113,NI,BB,BUREVI,04-12-2020 18:00,TS,9.2,79.2,25,1003,newdelhi,9.2,79.8,TD,25,1002,-1,2,185,25,1002
2020335N06090,2020,113,NI,BB,BUREVI,04-12-2020 21:00,TS,9.1,79.3, , , ,9.1,79.8,TD,25,1003,-1,2,105,25,1003
2020335N06090,2020,113,NI,BB,BUREVI,05-12-2020 00:00,TS,9.1,79.4,20,1004,newdelhi,9.1,79.9,TD,25,1003,-1,3,65,25,1003
2020335N06090,2020,113,NI,BB,BUREVI,05-12-2020 03:00,TS,9.2,79.5,20,1006,newdelhi,9.3,80,TD,23,1004,-1,8,60,23,1004
2020335N06090,2020,113,NI,BB,BUREVI,05-12-2020 06:00,DS,9.5,80.1, , , ,9.5,80.1,DB,20,1005,-3,13,60,20,1005
2020353N06129,2020,119,WP,MM,KROVANH,17-12-2020 12:00,DS,5.8,129, , , ,5.8,129,DB,15,1009,-3,15,300,15,1009
2020353N06129,2020,119,WP,MM,KROVANH,17-12-2020 15:00,DS,6.2,128.4, , , ,6.2,128.4,DB,15,1009,-3,14,300,15,1009
2020353N06129,2020,119,WP,MM,KROVANH,17-12-2020 18:00,DS,6.5,127.8, , , ,6.5,127.8,DB,15,1009,-3,11,295,15,1009
2020353N06129,2020,119,WP,MM,KROVANH,17-12-2020 21:00,DS,6.7,127.4, , , ,6.7,127.4,DB,18,1007,-3,9,310,18,1007
2020353N06129,2020,119,WP,MM,KROVANH,18-12-2020 00:00,MX,7.1,127.2, ,1004,tokyo,6.9,127,DB,20,1004,-3,11,325,20,1004
2020353N06129,2020,119,WP,MM,KROVANH,18-12-2020 03:00,MX,7.6,126.7, , , ,7.3,126.6,DB,15,1004,-3,15,310,15,1004
2020353N06129,2020,119,WP,MM,KROVANH,18-12-2020 06:00,MX,8.1,126.1, ,1002,tokyo,7.8,126,DB,10,1004,-3,18,305,10,1004
2020353N06129,2020,119,WP,MM,KROVANH,18-12-2020 09:00,MX,8.6,125.2, , , ,8.1,125.1,DB,10,1005,-3,20,295,10,1005
2020353N06129,2020,119,WP,MM,KROVANH,18-12-2020 12:00,MX,8.9,124.3, ,1004,tokyo,8.3,124,DB,10,1006,-3,19,280,10,1006
2020353N06129,2020,119,WP,MM,KROVANH,18-12-2020 15:00,MX,8.9,123.3, , , ,8.6,123.1,DB,15,1005,-3,19,265,15,1005
2020353N06129,2020,119,WP,MM,KROVANH,18-12-2020 18:00,MX,8.8,122.4, ,1004,tokyo,8.9,122.3,DB,20,1004,-3,17,265,20,1004
2020353N06129,2020,119,WP,MM,KROVANH,18-12-2020 21:00,MX,8.8,121.6, , , ,9,121.5,DB,20,1004,-3,14,275,20,1004
2020353N06129,2020,119,WP,MM,KROVANH,19-12-2020 00:00,MX,8.9,121, ,1004,tokyo,9,120.8,DB,20,1004,-3,12,280,20,1004
2020353N06129,2020,119,WP,MM,KROVANH,19-12-2020 03:00,MX,9,120.4, , , ,9,120.4,DB,20,1003,-3,12,285,20,1003
2020353N06129,2020,119,WP,MM,KROVANH,19-12-2020 06:00,MX,9.2,119.8, ,1004,tokyo,9.1,120.1,DB,20,1001,-3,14,290,20,1001
2020353N06129,2020,119,WP,MM,KROVANH,19-12-2020 09:00,MX,9.5,119.1, , , ,9.3,119.7,DB,23,1003,-3,15,290,23,1003
2020353N06129,2020,119,WP,MM,KROVANH,19-12-2020 12:00,TS,9.7,118.4, ,1004,tokyo,9.6,119.2,TD,25,1004,-1,15,280,25,1004
2020353N06129,2020,119,WP,MM,KROVANH,19-12-2020 15:00,TS,9.7,117.6, , , ,9.8,118.4,TD,23,1006,-1,14,270,23,1006
2020353N06129,2020,119,WP,MM,KROVANH,19-12-2020 18:00,MX,9.8,116.9, ,1004,tokyo,10,117.4,DB,20,1007,-3,13,275,20,1007
2020353N06129,2020,119,WP,MM,KROVANH,19-12-2020 21:00,MX,9.9,116.2, , , ,10.2,116.4,DB,23,1006,-3,13,280,23,1006
2020353N06129,2020,119,WP,MM,KROVANH,20-12-2020 00:00,TS,10,115.6,35,1002,tokyo,10.3,115.5,TD,25,1005,-1,10,280,25,1005
2020353N06129,2020,119,WP,MM,KROVANH,20-12-2020 03:00,TS,10.1,115.3, , , ,10.2,115.2,TD,25,1005,-1,6,280,25,1005
2020353N06129,2020,119,WP,MM,KROVANH,20-12-2020 06:00,TS,10.1,115,35,1000,tokyo,10.1,115,TD,25,1004,-1,6,265,25,1004
2020353N06129,2020,119,WP,MM,KROVANH,20-12-2020 09:00,TS,10,114.7, , , ,10,114.6,TD,25,1004,-1,7,255,25,1004
2020353N06129,2020,119,WP,MM,KROVANH,20-12-2020 12:00,TS,9.9,114.4,35,1002,tokyo,9.9,114.3,TD,25,1004,-1,6,245,25,1004
2020353N06129,2020,119,WP,MM,KROVANH,20-12-2020 15:00,TS,9.7,114.1, , , ,9.7,114.1,TD,25,1004,-1,6,230,25,1004
2020353N06129,2020,119,WP,MM,KROVANH,20-12-2020 18:00,TS,9.5,113.9,35,1002,tokyo,9.6,114,TD,25,1003,-1,6,225,25,1003
2020353N06129,2020,119,WP,MM,KROVANH,20-12-2020 21:00,TS,9.3,113.7, , , ,9.5,113.8,TD,23,1004,-1,6,240,23,1004
2020353N06129,2020,119,WP,MM,KROVANH,21-12-2020 00:00,MX,9.2,113.4,35,1002,tokyo,9.4,113.6,DB,20,1005,-3,6,250,20,1005
2020353N06129,2020,119,WP,MM,KROVANH,21-12-2020 03:00,MX,9.1,113.2, , , ,9.3,113.3,DB,23,1004,-3,6,250,23,1004
2020353N06129,2020,119,WP,MM,KROVANH,21-12-2020 06:00,TS,9,112.9,35,1002,tokyo,9.2,113,TD,25,1003,-1,6,245,25,1003
2020353N06129,2020,119,WP,MM,KROVANH,21-12-2020 09:00,TS,8.9,112.6, , , ,9,112.6,TD,25,1003,-1,7,250,25,1003
2020353N06129,2020,119,WP,MM,KROVANH,21-12-2020 12:00,TS,8.8,112.3,35,1002,tokyo,8.8,112.2,TD,25,1003,-1,7,250,25,1003
2020353N06129,2020,119,WP,MM,KROVANH,21-12-2020 15:00,TS,8.6,111.9, , , ,8.7,111.9,TD,25,1004,-1,8,245,25,1004
2020353N06129,2020,119,WP,MM,KROVANH,21-12-2020 18:00,TS,8.5,111.6,35,1002,tokyo,8.5,111.6,TD,25,1004,-1,7,235,25,1004
2020353N06129,2020,119,WP,MM,KROVANH,21-12-2020 21:00,TS,8.2,111.3, , , ,8.2,111.3,TD,25,1004,-1,8,225,25,1004
2020353N06129,2020,119,WP,MM,KROVANH,22-12-2020 00:00,MX,7.9,111,35,1002,tokyo,7.9,111,TD,25,1004,-1,7,225,25,1004
2020353N06129,2020,119,WP,MM,KROVANH,22-12-2020 03:00,MX,7.7,110.7, , , ,7.8,110.8,TD,25,1004,-1,5,260,25,1004
2020353N06129,2020,119,WP,MM,KROVANH,22-12-2020 06:00,MX,7.8,110.5, ,1004,tokyo,7.7,110.6,TD,25,1004,-1,5,280,25,1004
2020353N06129,2020,119,WP,MM,KROVANH,22-12-2020 09:00,MX,7.8,110.3, , , ,7.6,110.3,TD,25,1004,-1,5,280,25,1004
2020353N06129,2020,119,WP,MM,KROVANH,22-12-2020 12:00,TS,7.9,110, ,1004,tokyo,7.6,109.9,TD,25,1004,-1,6,285,25,1004
2020353N06129,2020,119,WP,MM,KROVANH,22-12-2020 15:00,TS,7.9,109.6, , , ,7.8,109.6,TD,25,1004,-1,7,280,25,1004
2020353N06129,2020,119,WP,MM,KROVANH,22-12-2020 18:00,TS,8,109.3, ,1004,tokyo,8,109.2,TD,25,1004,-1,7,280,25,1004
2020353N06129,2020,119,WP,MM,KROVANH,22-12-2020 21:00,TS,8.1,108.9, , , ,8.2,108.8,TD,25,1005,-1,7,280,25,1005
2020353N06129,2020,119,WP,MM,KROVANH,23-12-2020 00:00,TS,8.1,108.5, ,1006,tokyo,8.3,108.3,TD,25,1005,-1,9,280,25,1005
2020353N06129,2020,119,WP,MM,KROVANH,23-12-2020 03:00,TS,8.2,108, , , ,8.3,107.7,TD,25,1005,-1,11,280,25,1005
2020353N06129,2020,119,WP,MM,KROVANH,23-12-2020 06:00,TS,8.3,107.4, ,1006,tokyo,8.3,107.2,TD,25,1005,-1,11,265,25,1005
2020353N06129,2020,119,WP,MM,KROVANH,23-12-2020 09:00,TS,8.2,106.9, , , ,8.2,106.8,TD,23,1006,-1,12,255,23,1006
2020353N06129,2020,119,WP,MM,KROVANH,23-12-2020 12:00,MX,8,106.3, ,1006,tokyo,8.1,106.4,DB,20,1006,-3,11,260,20,1006
2020353N06129,2020,119,WP,MM,KROVANH,23-12-2020 15:00,MX,8,105.8, , , ,8,105.9,DB,20,1007,-3,11,265,20,1007
2020353N06129,2020,119,WP,MM,KROVANH,23-12-2020 18:00,MX,7.9,105.2, ,1006,tokyo,7.9,105.4,DB,20,1007,-3,12,265,20,1007
2020353N06129,2020,119,WP,MM,KROVANH,23-12-2020 21:00,MX,7.8,104.6, , , ,7.7,104.7,DB,20,1007,-3,13,265,20,1007
2020353N06129,2020,119,WP,MM,KROVANH,24-12-2020 00:00,MX,7.8,103.9, ,1006,tokyo,7.6,104,DB,20,1006,-3,12,270,20,1006
2020353N06129,2020,119,WP,MM,KROVANH,24-12-2020 03:00,MX,7.8,103.3, , , ,7.6,103.4,DB,23,1006,-3,12,275,23,1006
2020353N06129,2020,119,WP,MM,KROVANH,24-12-2020 06:00,TS,7.8,102.7, ,1004,tokyo,7.7,102.8,TD,25,1005,-1,11,280,25,1005
2020353N06129,2020,119,WP,MM,KROVANH,24-12-2020 09:00,TS,8,102.2, , , ,7.9,102.3,TD,28,1004,-1,11,285,28,1004
2020353N06129,2020,119,WP,MM,KROVANH,24-12-2020 12:00,TS,8.2,101.6, ,1006,tokyo,8.1,101.8,TD,30,1002,-1,11,290,30,1002
2020353N06129,2020,119,WP,MM,KROVANH,24-12-2020 15:00,TS,8.3,101.1, , , ,8.2,101.4,TD,28,1004,-1,10,295,28,1004
2020353N06129,2020,119,WP,MM,KROVANH,24-12-2020 18:00,TS,8.6,100.7, ,1008,tokyo,8.4,100.9,TD,25,1006,-1,12,300,25,1006
2020353N06129,2020,119,WP,MM,KROVANH,24-12-2020 21:00,TS,8.9,100.2, , , ,9,100.3,TD,23,1006,-1,14,310,23,1006
2020353N06129,2020,119,NI,BB,KROVANH,25-12-2020 00:00,MX,9.4,99.6, , , ,9.7,99.6,DB,20,1006,-3,15,300,20,1006
2020353N06129,2020,119,NI,BB,KROVANH,25-12-2020 03:00,MX,9.7,98.9, , , ,9.9,98.7,DB,20,1007,-3,16,295,20,1007
2020353N06129,2020,119,NI,BB,KROVANH,25-12-2020 06:00,MX,10,98.1, , , ,10.1,97.8,DB,20,1007,-3,18,300,20,1007
2020353N06129,2020,119,NI,BB,KROVANH,25-12-2020 09:00,DS,10.6,97.3, , , ,10.6,97.3,DB,18,1009,-3,17,320,18,1009
2020353N06129,2020,119,NI,BB,KROVANH,25-12-2020 12:00,DS,11.3,97, , , ,11.3,97,DB,15,1010,-3,15,340,15,1010
2021092N11096,2021,21,NI,BB,UNNAMED,02-04-2021 00:00,TS,11,96.3,25,1000,newdelhi, , , , , ,-5,0,0, , 
2021092N11096,2021,21,NI,BB,UNNAMED,02-04-2021 03:00,TS,11,96.3,25,1000,newdelhi, , , , , ,-5,2,25, , 
2021092N11096,2021,21,NI,BB,UNNAMED,02-04-2021 06:00,TS,11.2,96.4,25,1000,newdelhi, , , , , ,-5,6,30, , 
2021092N11096,2021,21,NI,BB,UNNAMED,02-04-2021 09:00,TS,11.5,96.6, , , , , , , , ,-5,7,35, , 
2021092N11096,2021,21,NI,BB,UNNAMED,02-04-2021 12:00,TS,11.8,96.8,25,1000,newdelhi, , , , , ,-5,7,35, , 
2021092N11096,2021,21,NI,BB,UNNAMED,02-04-2021 15:00,TS,12,97, , , , , , , , ,-5,6,40, , 
2021092N11096,2021,21,NI,BB,UNNAMED,02-04-2021 18:00,TS,12.3,97.2,25,1000,newdelhi, , , , , ,-5,7,30, , 
2021092N11096,2021,21,NI,BB,UNNAMED,02-04-2021 21:00,TS,12.7,97.4, , , , , , , , ,-5,8,25, , 
2021092N11096,2021,21,NI,BB,UNNAMED,03-04-2021 00:00,TS,13,97.5,25,1002,newdelhi, , , , , ,-5,6,25, , 
2021092N11096,2021,21,NI,BB,UNNAMED,03-04-2021 03:00,TS,13.2,97.6,20,1004,newdelhi, , , , , ,-5,4,25, , 
2021133N10071,2021,30,NI,AS,TAUKTAE,13-05-2021 06:00,DS,10,70.9, , , ,10,70.9,DB,20,1007,-3,5,65,20,1007
2021133N10071,2021,30,NI,AS,TAUKTAE,13-05-2021 09:00,DS,10.1,71.1, , , ,10.1,71.1,DB,23,1006,-3,4,65,23,1006
2021133N10071,2021,30,NI,AS,TAUKTAE,13-05-2021 12:00,TS,10.2,71.3, , , ,10.2,71.3,TD,25,1004,-1,4,50,25,1004
2021133N10071,2021,30,NI,AS,TAUKTAE,13-05-2021 15:00,TS,10.3,71.4, , , ,10.3,71.4,TD,25,1002,-1,4,35,25,1002
2021133N10071,2021,30,NI,AS,TAUKTAE,13-05-2021 18:00,TS,10.5,71.5, , , ,10.5,71.5,TD,25,999,-1,4,35,25,999
2021133N10071,2021,30,NI,AS,TAUKTAE,13-05-2021 21:00,TS,10.7,71.6, , , ,10.7,71.6,TD,28,998,-1,5,35,28,998
2021133N10071,2021,30,NI,AS,TAUKTAE,14-05-2021 00:00,TS,10.9,71.8, , , ,10.9,71.8,TD,30,997,-1,5,50,30,997
2021133N10071,2021,30,NI,AS,TAUKTAE,14-05-2021 03:00,TS,11,72,25,997,newdelhi,11.1,71.9,TD,33,998,-1,5,55,33,998
2021133N10071,2021,30,NI,AS,TAUKTAE,14-05-2021 06:00,TS,11.2,72.2,25,996,newdelhi,11.3,72.1,TS,35,998,0,7,35,35,998
2021133N10071,2021,30,NI,AS,TAUKTAE,14-05-2021 09:00,TS,11.5,72.4,30,995,newdelhi,11.5,72.3,TS,38,997,0,6,30,38,997
2021133N10071,2021,30,NI,AS,TAUKTAE,14-05-2021 12:00,TS,11.7,72.6,30,995,newdelhi,11.8,72.5,TS,40,996,0,5,30,40,996
2021133N10071,2021,30,NI,AS,TAUKTAE,14-05-2021 15:00,TS,12,72.7, , , ,12,72.7,TS,43,993,0,6,20,43,993
2021133N10071,2021,30,NI,AS,TAUKTAE,14-05-2021 18:00,TS,12.3,72.8,35,993,newdelhi,12.3,72.9,TS,45,989,0,5,20,45,989
2021133N10071,2021,30,NI,AS,TAUKTAE,14-05-2021 21:00,TS,12.4,72.8,40,992,newdelhi,12.6,73.1,TS,48,989,0,6,10,48,989
2021133N10071,2021,30,NI,AS,TAUKTAE,15-05-2021 00:00,TS,12.8,72.9,40,992,newdelhi,12.9,73.2,TS,50,989,0,6,10,50,989
2021133N10071,2021,30,NI,AS,TAUKTAE,15-05-2021 03:00,TS,13,72.9,40,992,newdelhi,13.2,73.3,TS,53,996,0,5,15,53,996
2021133N10071,2021,30,NI,AS,TAUKTAE,15-05-2021 06:00,TS,13.3,73,45,990,newdelhi,13.4,73.4,TS,55,1002,0,6,10,55,1002
2021133N10071,2021,30,NI,AS,TAUKTAE,15-05-2021 09:00,TS,13.6,73,45,990,newdelhi,13.7,73.3,TS,60,989,0,6,355,60,989
2021133N10071,2021,30,NI,AS,TAUKTAE,15-05-2021 12:00,TS,13.9,73,55,985,newdelhi,13.9,73.2,TY,65,975,1,6,350,65,975
2021133N10071,2021,30,NI,AS,TAUKTAE,15-05-2021 15:00,TS,14.2,72.9,55,984,newdelhi,14.1,73.1,TY,68,975,1,6,345,68,975
2021133N10071,2021,30,NI,AS,TAUKTAE,15-05-2021 18:00,TS,14.5,72.8,60,982,newdelhi,14.4,73,TY,70,975,1,5,350,70,975
2021133N10071,2021,30,NI,AS,TAUKTAE,15-05-2021 21:00,TS,14.7,72.8,60,982,newdelhi,14.7,72.9,TY,75,970,1,6,355,75,970
2021133N10071,2021,30,NI,AS,TAUKTAE,16-05-2021 00:00,TS,15,72.8,65,979,newdelhi,15,72.8,TY,80,965,1,7,0,80,965
2021133N10071,2021,30,NI,AS,TAUKTAE,16-05-2021 03:00,TS,15.4,72.8,70,976,newdelhi,15.4,72.9,TY,85,964,2,8,5,85,964
2021133N10071,2021,30,NI,AS,TAUKTAE,16-05-2021 06:00,TS,15.8,72.8,70,976,newdelhi,15.9,72.9,TY,90,962,2,9,355,90,962
2021133N10071,2021,30,NI,AS,TAUKTAE,16-05-2021 09:00,TS,16.3,72.7,70,976,newdelhi,16.3,72.7,TY,95,957,2,10,345,95,957
2021133N10071,2021,30,NI,AS,TAUKTAE,16-05-2021 12:00,TS,16.8,72.5,75,972,newdelhi,16.8,72.5,TY,100,952,3,11,340,100,952
2021133N10071,2021,30,NI,AS,TAUKTAE,16-05-2021 15:00,TS,17.3,72.3,80,968,newdelhi,17.3,72.2,TY,108,947,3,10,330,108,947
2021133N10071,2021,30,NI,AS,TAUKTAE,16-05-2021 18:00,TS,17.7,72,85,964,newdelhi,17.8,72,TY,115,942,4,9,330,115,942
2021133N10071,2021,30,NI,AS,TAUKTAE,16-05-2021 21:00,TS,18,71.8,90,960,newdelhi,18,71.9,TY,118,937,4,8,335,118,937
2021133N10071,2021,30,NI,AS,TAUKTAE,17-05-2021 00:00,TS,18.4,71.7,100,950,newdelhi,18.3,71.8,TY,120,931,4,8,345,120,931
2021133N10071,2021,30,NI,AS,TAUKTAE,17-05-2021 03:00,TS,18.8,71.6,100,950,newdelhi,18.8,71.7,TY,120,933,4,9,350,120,933
2021133N10071,2021,30,NI,AS,TAUKTAE,17-05-2021 06:00,TS,19.3,71.5,100,950,newdelhi,19.3,71.6,TY,120,934,4,8,350,120,934
2021133N10071,2021,30,NI,AS,TAUKTAE,17-05-2021 09:00,TS,19.6,71.4,100,950,newdelhi,19.6,71.5,TY,110,942,3,8,350,110,942
2021133N10071,2021,30,NI,AS,TAUKTAE,17-05-2021 12:00,TS,20.1,71.4,95,955,newdelhi,20,71.4,TY,100,949,3,9,350,100,949
2021133N10071,2021,30,NI,AS,TAUKTAE,17-05-2021 15:00,TS,20.5,71.3,90,960,newdelhi,20.5,71.3,TY,115,936,4,9,350,115,936
2021133N10071,2021,30,NI,AS,TAUKTAE,17-05-2021 18:00,TS,20.9,71.2,85,964,newdelhi,20.9,71.3,TY,110,942,3,7,355,110,942
2021133N10071,2021,30,NI,AS,TAUKTAE,17-05-2021 21:00,TS,21.2,71.2,75,972,newdelhi,21.2,71.2,TY,100,951,3,6,0,100,951
2021133N10071,2021,30,NI,AS,TAUKTAE,18-05-2021 00:00,TS,21.5,71.2,65,978,newdelhi,21.4,71.2,TY,90,959,2,4,15,90,959
2021133N10071,2021,30,NI,AS,TAUKTAE,18-05-2021 03:00,TS,21.7,71.3,55,984,newdelhi,21.7,71.4,TY,80,966,1,7,30,80,966
2021133N10071,2021,30,NI,AS,TAUKTAE,18-05-2021 06:00,TS,22.1,71.6,45,990,newdelhi,22.1,71.6,TY,70,972,1,10,20,70,972
2021133N10071,2021,30,NI,AS,TAUKTAE,18-05-2021 09:00,TS,22.6,71.7,40,992,newdelhi,22.6,71.7,TY,63,978,0,12,25,63,978
2021133N10071,2021,30,NI,AS,TAUKTAE,18-05-2021 12:00,TS,23.2,72.1,35,993,newdelhi,23.2,71.9,TS,55,984,0,13,35,55,984
2021133N10071,2021,30,NI,AS,TAUKTAE,18-05-2021 15:00,TS,23.7,72.5,30,994,newdelhi,23.7,72.5,TS,50,987,0,13,40,50,987
2021133N10071,2021,30,NI,AS,TAUKTAE,18-05-2021 18:00,TS,24.1,73.1,30,995,newdelhi,24.2,73.2,TS,45,989,0,11,45,45,989
2021133N10071,2021,30,NI,AS,TAUKTAE,18-05-2021 21:00,TS,24.4,73.4, , , ,24.6,73.8,TS,38,994,0,6,40,38,994
2021133N10071,2021,30,NI,AS,TAUKTAE,19-05-2021 00:00,TS,24.6,73.6,25,996,newdelhi,25,74.3,TD,30,998,-1,6,30,30,998
2021133N10071,2021,30,NI,AS,TAUKTAE,19-05-2021 03:00,TS,24.9,73.7,20,997,newdelhi, , ,TD, , ,-5,16,45, , 
2021133N10071,2021,30,NI,AS,TAUKTAE,19-05-2021 06:00,TS,25.8,74.8,20,997,newdelhi, , , , , ,-5,27,50, , 
2021143N15090,2021,32,NI,BB,YAAS,23-05-2021 00:00,DS,15.5,90, , , ,15.5,90,DB,20,1000,-3,3,245,20,1000
2021143N15090,2021,32,NI,BB,YAAS,23-05-2021 03:00,DS,15.4,89.9, , , ,15.4,89.9,DB,23,999,-3,2,295,23,999
2021143N15090,2021,32,NI,BB,YAAS,23-05-2021 06:00,TS,15.6,89.8,25,996,newdelhi,15.4,89.7,TD,25,998,-1,2,325,25,998
2021143N15090,2021,32,NI,BB,YAAS,23-05-2021 09:00,TS,15.6,89.7, , , ,15.4,89.5,TD,28,997,-1,3,310,28,997
2021143N15090,2021,32,NI,BB,YAAS,23-05-2021 12:00,TS,15.7,89.6,25,994,newdelhi,15.4,89.4,TD,30,995,-1,3,310,30,995
2021143N15090,2021,32,NI,BB,YAAS,23-05-2021 15:00,TS,15.8,89.5, , , ,15.4,89.2,TD,33,995,-1,2,305,33,995
2021143N15090,2021,32,NI,BB,YAAS,23-05-2021 18:00,MX,15.8,89.5,30,992,newdelhi,15.4,89.2,MD,35,994,-3,2,30,35,994
2021143N15090,2021,32,NI,BB,YAAS,23-05-2021 21:00,MX,16,89.6, , , ,15.6,89.5,MD,35,993,-3,4,45,35,993
2021143N15090,2021,32,NI,BB,YAAS,24-05-2021 00:00,TS,16.1,89.8,35,990,newdelhi,16,89.8,TS,35,991,0,5,10,35,991
2021143N15090,2021,32,NI,BB,YAAS,24-05-2021 03:00,TS,16.5,89.7,40,988,newdelhi,16.4,89.8,TS,35,991,0,5,350,35,991
2021143N15090,2021,32,NI,BB,YAAS,24-05-2021 06:00,TS,16.6,89.6,40,988,newdelhi,16.8,89.7,TS,35,991,0,5,345,35,991
2021143N15090,2021,32,NI,BB,YAAS,24-05-2021 09:00,TS,16.9,89.6,40,988,newdelhi,17,89.6,TS,38,990,0,6,335,38,990
2021143N15090,2021,32,NI,BB,YAAS,24-05-2021 12:00,TS,17.2,89.4,45,986,newdelhi,17.2,89.5,TS,40,988,0,6,325,40,988
2021143N15090,2021,32,NI,BB,YAAS,24-05-2021 15:00,TS,17.4,89.2,45,986,newdelhi,17.4,89.3,TS,45,986,0,6,320,45,986
2021143N15090,2021,32,NI,BB,YAAS,24-05-2021 18:00,TS,17.6,89,50,984,newdelhi,17.6,89,TS,50,983,0,6,320,50,983
2021143N15090,2021,32,NI,BB,YAAS,24-05-2021 21:00,TS,17.8,88.9,55,982,newdelhi,17.9,88.8,TS,53,982,0,6,325,53,982
2021143N15090,2021,32,NI,BB,YAAS,25-05-2021 00:00,TS,18.1,88.6,55,980,newdelhi,18.2,88.7,TS,55,981,0,7,325,55,981
2021143N15090,2021,32,NI,BB,YAAS,25-05-2021 03:00,TS,18.4,88.4,55,980,newdelhi,18.6,88.5,TS,55,981,0,8,330,55,981
2021143N15090,2021,32,NI,BB,YAAS,25-05-2021 06:00,TS,18.8,88.2,60,978,newdelhi,18.9,88.4,TS,55,981,0,7,345,55,981
2021143N15090,2021,32,NI,BB,YAAS,25-05-2021 09:00,TS,19.1,88.2,60,978,newdelhi,19.2,88.4,TS,60,978,0,7,355,60,978
2021143N15090,2021,32,NI,BB,YAAS,25-05-2021 12:00,TS,19.5,88.2,65,976,newdelhi,19.5,88.3,TY,65,975,1,8,340,65,975
2021143N15090,2021,32,NI,BB,YAAS,25-05-2021 15:00,TS,19.9,88,65,976,newdelhi,20,88,TY,65,975,1,8,335,65,975
2021143N15090,2021,32,NI,BB,YAAS,25-05-2021 18:00,TS,20.3,87.8,70,974,newdelhi,20.4,87.8,TY,65,974,1,5,335,65,974
2021143N15090,2021,32,NI,BB,YAAS,25-05-2021 21:00,TS,20.4,87.7,75,970,newdelhi,20.4,87.8,TY,63,976,0,4,325,63,976
2021143N15090,2021,32,NI,BB,YAAS,26-05-2021 00:00,TS,20.6,87.6,75,970,newdelhi,20.4,87.8,TS,60,977,0,8,330,60,977
2021143N15090,2021,32,NI,BB,YAAS,26-05-2021 03:00,TS,21.1,87.2,75,970,newdelhi,21,87.4,TS,58,978,0,11,325,58,978
2021143N15090,2021,32,NI,BB,YAAS,26-05-2021 06:00,TS,21.5,86.9,75,970,newdelhi,21.6,86.9,TS,55,979,0,9,320,55,979
2021143N15090,2021,32,NI,BB,YAAS,26-05-2021 09:00,TS,21.7,86.6,55,978,newdelhi,21.9,86.6,TS,50,982,0,6,315,50,982
2021143N15090,2021,32,NI,BB,YAAS,26-05-2021 12:00,TS,21.9,86.5,45,984,newdelhi,22,86.3,TS,45,985,0,7,310,45,985
2021143N15090,2021,32,NI,BB,YAAS,26-05-2021 15:00,TS,22.2,86.1,40,986,newdelhi,22.2,85.9,TS,40,988,0,9,315,40,988
2021143N15090,2021,32,NI,BB,YAAS,26-05-2021 18:00,TS,22.5,85.8,30,988,newdelhi,22.5,85.6,TS,35,990,0,7,335,35,990
2021143N15090,2021,32,NI,BB,YAAS,26-05-2021 21:00,TS,22.8,85.7, , , ,23,85.6,TS,30,992,-1,6,350,30,992
2021143N15090,2021,32,NI,BB,YAAS,27-05-2021 00:00,TS,23.1,85.7,30,988,newdelhi,23.4,85.6,TD,25,993,-1,5,355,25,993
2021143N15090,2021,32,NI,BB,YAAS,27-05-2021 03:00,TS,23.3,85.7,30,990,newdelhi,23.7,85.6,TD,23,995,-1,5,345,23,995
2021143N15090,2021,32,NI,BB,YAAS,27-05-2021 06:00,MX,23.6,85.6,25,991,newdelhi,23.8,85.5,DB,20,997,-3,7,345,20,997
2021143N15090,2021,32,NI,BB,YAAS,27-05-2021 09:00,TS,23.9,85.5, , , , , ,DB, , ,-3,8,340, , 
2021143N15090,2021,32,NI,BB,YAAS,27-05-2021 12:00,TS,24.3,85.3,25,992,newdelhi, , , , , ,-5,7,330, , 
2021143N15090,2021,32,NI,BB,YAAS,27-05-2021 15:00,TS,24.5,85.1, , , , , , , , ,-5,6,310, , 
2021143N15090,2021,32,NI,BB,YAAS,27-05-2021 18:00,TS,24.7,84.8,25,992,newdelhi, , , , , ,-5,6,305, , 
2021256N20087,2021,75,NI,BB,UNNAMED,12-09-2021 12:00,TS,20.3,87.4,25,992,newdelhi, , , , , ,-5,4,285, , 
2021256N20087,2021,75,NI,BB,UNNAMED,12-09-2021 15:00,TS,20.4,87.2, , , , , , , , ,-5,3,290, , 
2021256N20087,2021,75,NI,BB,UNNAMED,12-09-2021 18:00,TS,20.4,87.1,25,992,newdelhi, , , , , ,-5,1,325, , 
2021256N20087,2021,75,NI,BB,UNNAMED,12-09-2021 21:00,TS,20.5,87.1, , , , , , , , ,-5,2,335, , 
2021256N20087,2021,75,NI,BB,UNNAMED,13-09-2021 00:00,TS,20.6,87,30,990,newdelhi, , , , , ,-5,7,305, , 
2021256N20087,2021,75,NI,BB,UNNAMED,13-09-2021 03:00,TS,20.9,86.5,30,990,newdelhi, , , , , ,-5,9,305, , 
2021256N20087,2021,75,NI,BB,UNNAMED,13-09-2021 06:00,TS,21.1,86.2,30,990,newdelhi, , , , , ,-5,7,300, , 
2021256N20087,2021,75,NI,BB,UNNAMED,13-09-2021 09:00,TS,21.3,85.9, , , , , , , , ,-5,7,295, , 
2021256N20087,2021,75,NI,BB,UNNAMED,13-09-2021 12:00,TS,21.4,85.5,30,990,newdelhi, , , , , ,-5,7,290, , 
2021256N20087,2021,75,NI,BB,UNNAMED,13-09-2021 15:00,TS,21.5,85.2, , , , , , , , ,-5,7,285, , 
2021256N20087,2021,75,NI,BB,UNNAMED,13-09-2021 18:00,TS,21.6,84.8,30,990,newdelhi, , , , , ,-5,10,290, , 
2021256N20087,2021,75,NI,BB,UNNAMED,13-09-2021 21:00,TS,21.8,84.2, , , , , , , , ,-5,12,290, , 
2021256N20087,2021,75,NI,BB,UNNAMED,14-09-2021 00:00,TS,22,83.6,30,990,newdelhi, , , , , ,-5,8,295, , 
2021256N20087,2021,75,NI,BB,UNNAMED,14-09-2021 03:00,TS,22.1,83.4,25,990,newdelhi, , , , , ,-5,7,305, , 
2021256N20087,2021,75,NI,BB,UNNAMED,14-09-2021 06:00,TS,22.4,83,25,990,newdelhi, , , , , ,-5,8,305, , 
2021256N20087,2021,75,NI,BB,UNNAMED,14-09-2021 09:00,TS,22.6,82.7, , , , , , , , ,-5,6,305, , 
2021256N20087,2021,75,NI,BB,UNNAMED,14-09-2021 12:00,TS,22.7,82.5,25,996,newdelhi, , , , , ,-5,5,300, , 
2021256N20087,2021,75,NI,BB,UNNAMED,14-09-2021 15:00,TS,22.8,82.3, , , , , , , , ,-5,6,305, , 
2021256N20087,2021,75,NI,BB,UNNAMED,14-09-2021 18:00,TS,23,82,25,996,newdelhi, , , , , ,-5,6,305, , 
2021264N13119,2021,80,WP,MM,DIANMU,21-09-2021 00:00,DS,12.9,119, , , ,12.9,119,DB,15,1008,-3,12,210,15,1008
2021264N13119,2021,80,WP,MM,DIANMU,21-09-2021 03:00,DS,12.4,118.7, , , ,12.4,118.7,DB,15,1008,-3,11,215,15,1008
2021264N13119,2021,80,WP,MM,DIANMU,21-09-2021 06:00,DS,12,118.4, , , ,12,118.4,DB,15,1008,-3,9,225,15,1008
2021264N13119,2021,80,WP,MM,DIANMU,21-09-2021 09:00,DS,11.8,118, , , ,11.8,118,DB,15,1008,-3,8,250,15,1008
2021264N13119,2021,80,WP,MM,DIANMU,21-09-2021 12:00,DS,11.7,117.6, , , ,11.7,117.6,DB,15,1007,-3,10,265,15,1007
2021264N13119,2021,80,WP,MM,DIANMU,21-09-2021 15:00,DS,11.7,117, , , ,11.7,117,DB,15,1008,-3,12,270,15,1008
2021264N13119,2021,80,WP,MM,DIANMU,21-09-2021 18:00,DS,11.7,116.4, , , ,11.7,116.4,DB,15,1008,-3,11,275,15,1008
2021264N13119,2021,80,WP,MM,DIANMU,21-09-2021 21:00,DS,11.8,115.9, , , ,11.8,115.9,DB,15,1008,-3,11,280,15,1008
2021264N13119,2021,80,WP,MM,DIANMU,22-09-2021 00:00,MX,11.9,115.3, ,1006,tokyo,11.9,115.4,DB,15,1008,-3,12,290,15,1008
2021264N13119,2021,80,WP,MM,DIANMU,22-09-2021 03:00,MX,12.2,114.7, , , ,12.1,114.9,DB,18,1008,-3,13,295,18,1008
2021264N13119,2021,80,WP,MM,DIANMU,22-09-2021 06:00,MX,12.5,114.1, ,1006,tokyo,12.3,114.4,DB,20,1007,-3,10,295,20,1007
2021264N13119,2021,80,WP,MM,DIANMU,22-09-2021 09:00,MX,12.6,113.7, , , ,12.4,113.9,DB,20,1008,-3,7,290,20,1008
2021264N13119,2021,80,WP,MM,DIANMU,22-09-2021 12:00,MX,12.7,113.5, ,1004,tokyo,12.6,113.5,DB,20,1008,-3,7,295,20,1008
2021264N13119,2021,80,WP,MM,DIANMU,22-09-2021 15:00,MX,12.9,113.1, , , ,12.9,113,DB,23,1006,-3,9,300,23,1006
2021264N13119,2021,80,WP,MM,DIANMU,22-09-2021 18:00,TS,13.2,112.7, ,1002,tokyo,13.2,112.6,TD,25,1004,-1,11,300,25,1004
2021264N13119,2021,80,WP,MM,DIANMU,22-09-2021 21:00,TS,13.5,112.1, , , ,13.5,112.2,TD,28,1004,-1,13,305,28,1004
2021264N13119,2021,80,WP,MM,DIANMU,23-09-2021 00:00,TS,13.9,111.6, ,1002,tokyo,13.9,111.7,TD,30,1003,-1,14,305,30,1003
2021264N13119,2021,80,WP,MM,DIANMU,23-09-2021 03:00,TS,14.3,111, , , ,14.3,111.2,TD,30,1003,-1,14,305,30,1003
2021264N13119,2021,80,WP,MM,DIANMU,23-09-2021 06:00,TS,14.7,110.5,35,1000,tokyo,14.6,110.6,TD,30,1002,-1,13,305,30,1002
2021264N13119,2021,80,WP,MM,DIANMU,23-09-2021 09:00,TS,15.1,109.9, , , ,14.8,109.9,TD,33,1002,-1,13,295,33,1002
2021264N13119,2021,80,WP,MM,DIANMU,23-09-2021 12:00,TS,15.3,109.3,35,1000,tokyo,15,109.2,TS,35,1001,0,12,290,35,1001
2021264N13119,2021,80,WP,MM,DIANMU,23-09-2021 15:00,TS,15.4,108.7, , , ,15.2,108.5,TS,33,1004,-1,12,285,33,1004
2021264N13119,2021,80,WP,MM,DIANMU,23-09-2021 18:00,TS,15.6,108.1, ,1004,tokyo,15.4,107.8,TD,30,1006,-1,14,280,30,1006
2021264N13119,2021,80,WP,MM,DIANMU,23-09-2021 21:00,TS,15.7,107.2, , , ,15.5,107,TD,28,1007,-1,16,280,28,1007
2021264N13119,2021,80,WP,MM,DIANMU,24-09-2021 00:00,TS,15.8,106.5, ,1004,tokyo,15.6,106.4,TD,25,1007,-1,14,280,25,1007
2021264N13119,2021,80,WP,MM,DIANMU,24-09-2021 03:00,TS,16,105.9, , , ,15.9,106,TD,23,1007,-1,11,285,23,1007
2021264N13119,2021,80,WP,MM,DIANMU,24-09-2021 06:00,MX,16.1,105.4, ,1004,tokyo,16.2,105.8,DB,20,1007,-3,8,290,20,1007
2021264N13119,2021,80,WP,MM,DIANMU,24-09-2021 09:00,MX,16.2,105, , , ,16.5,105.6,DB,18,1008,-3,7,285,18,1008
2021264N13119,2021,80,WP,MM,DIANMU,24-09-2021 12:00,MX,16.3,104.7, ,1004,tokyo,16.8,105.3,DB,15,1009,-3,9,260,15,1009
2021264N13119,2021,80,WP,MM,DIANMU,24-09-2021 15:00,TS,16.1,104.1, , , , , ,DB, , ,-3,12,255, , 
2021264N13119,2021,80,WP,MM,DIANMU,24-09-2021 18:00,TS,16,103.5, ,1004,tokyo, , , , , ,-5,10,260, , 
2021264N13119,2021,80,WP,MM,DIANMU,24-09-2021 21:00,TS,16,103, , , , , , , , ,-5,9,265, , 
2021264N13119,2021,80,WP,MM,DIANMU,25-09-2021 00:00,TS,16,102.6, ,1004,tokyo, , , , , ,-5,9,270, , 
2021264N13119,2021,80,WP,MM,DIANMU,25-09-2021 03:00,TS,16,102.1, , , , , , , , ,-5,9,275, , 
2021264N13119,2021,80,WP,MM,DIANMU,25-09-2021 06:00,TS,16,101.6, ,1004,tokyo, , , , , ,-5,8,275, , 
2021264N13119,2021,80,WP,MM,DIANMU,25-09-2021 09:00,TS,16,101.2, , , , , , , , ,-5,6,275, , 
2021264N13119,2021,80,WP,MM,DIANMU,25-09-2021 12:00,TS,16.1,101, ,1002,tokyo, , , , , ,-5,6,275, , 
2021264N13119,2021,80,WP,MM,DIANMU,25-09-2021 15:00,TS,16.1,100.7, , , , , , , , ,-5,6,275, , 
2021264N13119,2021,80,WP,MM,DIANMU,25-09-2021 18:00,TS,16.1,100.4, ,1004,tokyo, , , , , ,-5,7,270, , 
2021264N13119,2021,80,NI,BB,DIANMU,25-09-2021 21:00,TS,16.1,99.9, , , , , , , , ,-5,9,270, , 
2021264N13119,2021,80,NI,BB,DIANMU,26-09-2021 00:00,TS,16.1,99.5, , , , , , , , ,-5,9,270, , 
2021267N18094,2021,83,NI,BB,GULAB:SHAHEEN-GU,23-09-2021 18:00,TS,18.4,94.1, , , ,18.4,94.1,TD,25,1002,-1,9,240,25,1002
2021267N18094,2021,83,NI,BB,GULAB:SHAHEEN-GU,23-09-2021 21:00,TS,18.2,93.7, , , ,18.2,93.7,TD,28,1001,-1,8,250,28,1001
2021267N18094,2021,83,NI,BB,GULAB:SHAHEEN-GU,24-09-2021 00:00,TS,18.1,93.3, , , ,18.1,93.3,TD,30,1000,-1,8,270,30,1000
2021267N18094,2021,83,NI,BB,GULAB:SHAHEEN-GU,24-09-2021 03:00,TS,18.2,92.9, , , ,18.2,92.9,TD,30,1004,-1,9,285,30,1004
2021267N18094,2021,83,NI,BB,GULAB:SHAHEEN-GU,24-09-2021 06:00,TS,18.3,92.4, , , ,18.3,92.4,TD,30,1007,-1,9,280,30,1007
2021267N18094,2021,83,NI,BB,GULAB:SHAHEEN-GU,24-09-2021 09:00,TS,18.3,91.9, , , ,18.3,91.9,TD,30,1006,-1,10,270,30,1006
2021267N18094,2021,83,NI,BB,GULAB:SHAHEEN-GU,24-09-2021 12:00,TS,18.3,91.4,25,1000,newdelhi,18.3,91.4,TD,30,1005,-1,10,270,30,1005
2021267N18094,2021,83,NI,BB,GULAB:SHAHEEN-GU,24-09-2021 15:00,TS,18.3,90.9, , , ,18.3,90.9,TD,30,1005,-1,9,275,30,1005
2021267N18094,2021,83,NI,BB,GULAB:SHAHEEN-GU,24-09-2021 18:00,TS,18.3,90.5,25,1000,newdelhi,18.3,90.5,TD,30,1004,-1,7,270,30,1004
2021267N18094,2021,83,NI,BB,GULAB:SHAHEEN-GU,24-09-2021 21:00,TS,18.3,90.1, , , ,18.2,90.1,TD,33,1003,-1,7,265,33,1003
2021267N18094,2021,83,NI,BB,GULAB:SHAHEEN-GU,25-09-2021 00:00,TS,18.3,89.8,30,999,newdelhi,18.2,89.8,TS,35,1002,0,7,265,35,1002
2021267N18094,2021,83,NI,BB,GULAB:SHAHEEN-GU,25-09-2021 03:00,TS,18.3,89.4,30,998,newdelhi,18.2,89.4,TS,35,1002,0,8,270,35,1002
2021267N18094,2021,83,NI,BB,GULAB:SHAHEEN-GU,25-09-2021 06:00,TS,18.3,88.9,30,998,newdelhi,18.2,89.1,TS,35,1001,0,7,270,35,1001
2021267N18094,2021,83,NI,BB,GULAB:SHAHEEN-GU,25-09-2021 09:00,TS,18.3,88.6, , , ,18.2,88.9,TS,38,999,0,4,265,38,999
2021267N18094,2021,83,NI,BB,GULAB:SHAHEEN-GU,25-09-2021 12:00,TS,18.3,88.5,35,997,newdelhi,18.2,88.7,TS,40,996,0,3,265,40,996
2021267N18094,2021,83,NI,BB,GULAB:SHAHEEN-GU,25-09-2021 15:00,TS,18.2,88.4,35,997,newdelhi,18.2,88.6,TS,40,996,0,3,270,40,996
2021267N18094,2021,83,NI,BB,GULAB:SHAHEEN-GU,25-09-2021 18:00,TS,18.3,88.2,35,996,newdelhi,18.2,88.4,TS,40,996,0,6,270,40,996
2021267N18094,2021,83,NI,BB,GULAB:SHAHEEN-GU,25-09-2021 21:00,TS,18.3,87.7,35,996,newdelhi,18.2,87.9,TS,38,997,0,9,275,38,997
2021267N18094,2021,83,NI,BB,GULAB:SHAHEEN-GU,26-09-2021 00:00,TS,18.3,87.3,40,994,newdelhi,18.3,87.2,TS,35,998,0,11,275,35,998
2021267N18094,2021,83,NI,BB,GULAB:SHAHEEN-GU,26-09-2021 03:00,TS,18.4,86.5,40,994,newdelhi,18.4,86.7,TS,35,999,0,12,275,35,999
2021267N18094,2021,83,NI,BB,GULAB:SHAHEEN-GU,26-09-2021 06:00,TS,18.5,86,45,992,newdelhi,18.5,86.1,TS,35,999,0,12,270,35,999
2021267N18094,2021,83,NI,BB,GULAB:SHAHEEN-GU,26-09-2021 09:00,TS,18.4,85.3,45,992,newdelhi,18.5,85.3,TS,38,995,0,14,270,38,995
2021267N18094,2021,83,NI,BB,GULAB:SHAHEEN-GU,26-09-2021 12:00,TS,18.4,84.6,45,992,newdelhi,18.4,84.5,TS,40,991,0,14,265,40,991
2021267N18094,2021,83,NI,BB,GULAB:SHAHEEN-GU,26-09-2021 15:00,TS,18.3,83.9,45,992,newdelhi,18.4,83.9,TS,38,995,0,11,265,38,995
2021267N18094,2021,83,NI,BB,GULAB:SHAHEEN-GU,26-09-2021 18:00,TS,18.3,83.4,35,994,newdelhi,18.3,83.4,TS,35,998,0,9,265,35,998
2021267N18094,2021,83,NI,BB,GULAB:SHAHEEN-GU,26-09-2021 21:00,TS,18.2,82.9,30,996,newdelhi,18.1,82.9,TS,33,998,-1,8,255,33,998
2021267N18094,2021,83,NI,BB,GULAB:SHAHEEN-GU,27-09-2021 00:00,TS,18.2,82.6,30,996,newdelhi,17.9,82.4,TD,30,997,-1,7,270,30,997
2021267N18094,2021,83,NI,BB,GULAB:SHAHEEN-GU,27-09-2021 03:00,TS,18.2,82.2,30,996,newdelhi,18.1,81.9,TD,28,999,-1,10,290,28,999
2021267N18094,2021,83,NI,BB,GULAB:SHAHEEN-GU,27-09-2021 06:00,TS,18.5,81.7,30,996,newdelhi,18.4,81.3,TD,25,1000,-1,14,285,25,1000
2021267N18094,2021,83,NI,BB,GULAB:SHAHEEN-GU,27-09-2021 09:00,TS,18.6,80.8, , , ,18.7,80.5,TD,23,1000,-1,17,280,23,1000
2021267N18094,2021,83,NI,BB,GULAB:SHAHEEN-GU,27-09-2021 12:00,MX,18.8,80,25,998,newdelhi,19,79.8,DB,20,1000,-3,12,285,20,1000
2021267N18094,2021,83,NI,BB,GULAB:SHAHEEN-GU,27-09-2021 15:00,MX,18.9,79.5, , , ,19.2,79.3,DB,20,1000,-3,8,290,20,1000
2021267N18094,2021,83,NI,BB,GULAB:SHAHEEN-GU,27-09-2021 18:00,MX,19.1,79.2,25,998,newdelhi,19.4,79,DB,20,1000,-3,8,290,20,1000
2021267N18094,2021,83,NI,BB,GULAB:SHAHEEN-GU,27-09-2021 21:00,MX,19.2,78.8, , , ,19.5,78.6,DB,18,1000,-3,10,295,18,1000
2021267N18094,2021,83,NI,BB,GULAB:SHAHEEN-GU,28-09-2021 00:00,MX,19.5,78.3,25,998,newdelhi,19.7,78.3,DB,15,1000,-3,11,300,15,1000
2021267N18094,2021,83,NI,AS,GULAB:SHAHEEN-GU,28-09-2021 03:00,MX,19.8,77.8,20,999,newdelhi,19.9,77.9,DB,15,1002,-3,10,310,15,1002
2021267N18094,2021,83,NI,AS,GULAB:SHAHEEN-GU,28-09-2021 06:00,DS,20.1,77.5, , , ,20.1,77.5,DB,15,1003,-3,9,305,15,1003
2021267N18094,2021,83,NI,AS,GULAB:SHAHEEN-GU,28-09-2021 09:00,DS,20.3,77, , , ,20.3,77,DB,15,1003,-3,10,295,15,1003
2021267N18094,2021,83,NI,AS,GULAB:SHAHEEN-GU,28-09-2021 12:00,DS,20.5,76.5, , , ,20.5,76.5,DB,15,1002,-3,11,290,15,1002
2021267N18094,2021,83,NI,AS,GULAB:SHAHEEN-GU,28-09-2021 15:00,DS,20.7,75.9, , , ,20.7,75.9,DB,15,1003,-3,12,290,15,1003
2021267N18094,2021,83,NI,AS,GULAB:SHAHEEN-GU,28-09-2021 18:00,DS,20.9,75.3, , , ,20.9,75.3,DB,15,1004,-3,12,295,15,1004
2021267N18094,2021,83,NI,AS,GULAB:SHAHEEN-GU,28-09-2021 21:00,DS,21.2,74.7, , , ,21.2,74.7,DB,18,1003,-3,13,300,18,1003
2021267N18094,2021,83,NI,AS,GULAB:SHAHEEN-GU,29-09-2021 00:00,DS,21.5,74.1, , , ,21.5,74.1,DB,20,1002,-3,15,300,20,1002
2021267N18094,2021,83,NI,AS,GULAB:SHAHEEN-GU,29-09-2021 03:00,DS,21.9,73.3, , , ,21.9,73.3,DB,23,1002,-3,16,295,23,1002
2021267N18094,2021,83,NI,AS,GULAB:SHAHEEN-GU,29-09-2021 06:00,TS,22.2,72.6, , , ,22.2,72.6,TD,25,1001,-1,13,295,25,1001
2021267N18094,2021,83,NI,AS,GULAB:SHAHEEN-GU,29-09-2021 09:00,TS,22.4,72, , , ,22.4,72,TD,25,1001,-1,11,290,25,1001
2021267N18094,2021,83,NI,AS,GULAB:SHAHEEN-GU,29-09-2021 12:00,TS,22.6,71.5, , , ,22.6,71.5,TD,25,1001,-1,12,280,25,1001
2021267N18094,2021,83,NI,AS,GULAB:SHAHEEN-GU,29-09-2021 15:00,TS,22.7,70.8, , , ,22.7,70.8,TD,25,1002,-1,13,275,25,1002
2021267N18094,2021,83,NI,AS,GULAB:SHAHEEN-GU,29-09-2021 18:00,TS,22.7,70.1, , , ,22.7,70.1,TD,25,1002,-1,11,270,25,1002
2021267N18094,2021,83,NI,AS,GULAB:SHAHEEN-GU,29-09-2021 21:00,TS,22.7,69.6, , , ,22.7,69.6,TD,28,1000,-1,8,265,28,1000
2021267N18094,2021,83,NI,AS,GULAB:SHAHEEN-GU,30-09-2021 00:00,TS,22.6,69.3,25,998,newdelhi,22.6,69.2,TD,30,998,-1,8,265,30,998
2021267N18094,2021,83,NI,AS,GULAB:SHAHEEN-GU,30-09-2021 03:00,TS,22.6,68.7,25,998,newdelhi,22.5,68.8,TD,30,999,-1,9,270,30,999
2021267N18094,2021,83,NI,AS,GULAB:SHAHEEN-GU,30-09-2021 06:00,TS,22.6,68.3,25,998,newdelhi,22.5,68.3,TD,30,999,-1,9,280,30,999
2021267N18094,2021,83,NI,AS,GULAB:SHAHEEN-GU,30-09-2021 09:00,TS,22.8,67.7, , , ,22.6,67.7,TD,30,999,-1,10,285,30,999
2021267N18094,2021,83,NI,AS,GULAB:SHAHEEN-GU,30-09-2021 12:00,TS,22.9,67.2,25,998,newdelhi,22.7,67,TD,30,999,-1,9,280,30,999
2021267N18094,2021,83,NI,AS,GULAB:SHAHEEN-GU,30-09-2021 15:00,TS,22.9,66.8, , , ,22.8,66.5,TD,33,998,-1,7,275,33,998
2021267N18094,2021,83,NI,AS,GULAB:SHAHEEN-GU,30-09-2021 18:00,TS,23,66.4,30,996,newdelhi,22.8,66,TS,35,997,0,8,275,35,997
2021267N18094,2021,83,NI,AS,GULAB:SHAHEEN-GU,30-09-2021 21:00,TS,23,65.9, , , ,22.8,65.6,TS,38,996,0,9,275,38,996
2021267N18094,2021,83,NI,AS,GULAB:SHAHEEN-GU,01-10-2021 00:00,TS,23.1,65.4,35,995,newdelhi,22.9,65.3,TS,40,994,0,9,280,40,994
2021267N18094,2021,83,NI,AS,GULAB:SHAHEEN-GU,01-10-2021 03:00,TS,23.1,64.9,40,994,newdelhi,23,64.9,TS,45,991,0,8,280,45,991
2021267N18094,2021,83,NI,AS,GULAB:SHAHEEN-GU,01-10-2021 06:00,TS,23.2,64.6,45,992,newdelhi,23.2,64.6,TS,50,987,0,7,290,50,987
2021267N18094,2021,83,NI,AS,GULAB:SHAHEEN-GU,01-10-2021 09:00,TS,23.3,64.2,45,991,newdelhi,23.4,64.3,TS,53,986,0,7,290,53,986
2021267N18094,2021,83,NI,AS,GULAB:SHAHEEN-GU,01-10-2021 12:00,TS,23.5,63.9,55,987,newdelhi,23.5,64,TS,55,984,0,7,295,55,984
2021267N18094,2021,83,NI,AS,GULAB:SHAHEEN-GU,01-10-2021 15:00,TS,23.6,63.5,55,986,newdelhi,23.6,63.6,TS,55,984,0,6,290,55,984
2021267N18094,2021,83,NI,AS,GULAB:SHAHEEN-GU,01-10-2021 18:00,TS,23.7,63.2,60,984,newdelhi,23.7,63.2,TS,55,983,0,6,290,55,983
2021267N18094,2021,83,NI,AS,GULAB:SHAHEEN-GU,01-10-2021 21:00,TS,23.8,62.8,60,984,newdelhi,23.8,62.9,TS,58,983,0,7,285,58,983
2021267N18094,2021,83,NI,AS,GULAB:SHAHEEN-GU,02-10-2021 00:00,TS,23.8,62.5,60,984,newdelhi,23.9,62.5,TS,60,982,0,7,285,60,982
2021267N18094,2021,83,NI,AS,GULAB:SHAHEEN-GU,02-10-2021 03:00,TS,24,62.1,60,984,newdelhi,24,62,TS,63,980,0,7,290,63,980
2021267N18094,2021,83,NI,AS,GULAB:SHAHEEN-GU,02-10-2021 06:00,TS,24.1,61.7,60,984,newdelhi,24.1,61.6,TY,65,978,1,8,290,65,978
2021267N18094,2021,83,NI,AS,GULAB:SHAHEEN-GU,02-10-2021 09:00,TS,24.2,61.3,60,984,newdelhi,24.2,61.3,TY,65,978,1,8,290,65,978
2021267N18094,2021,83,NI,AS,GULAB:SHAHEEN-GU,02-10-2021 12:00,TS,24.4,60.9,60,984,newdelhi,24.2,61,TY,65,978,1,8,280,65,978
2021267N18094,2021,83,NI,AS,GULAB:SHAHEEN-GU,02-10-2021 15:00,TS,24.4,60.5,60,984,newdelhi,24.3,60.6,TY,68,977,1,7,270,68,977
2021267N18094,2021,83,NI,AS,GULAB:SHAHEEN-GU,02-10-2021 18:00,TS,24.3,60.1,60,984,newdelhi,24.3,60.1,TY,70,976,1,7,265,70,976
2021267N18094,2021,83,NI,AS,GULAB:SHAHEEN-GU,02-10-2021 21:00,TS,24.3,59.7,60,984,newdelhi,24.2,59.7,TY,68,978,1,6,255,68,978
2021267N18094,2021,83,NI,AS,GULAB:SHAHEEN-GU,03-10-2021 00:00,TS,24.2,59.5,60,984,newdelhi,24.1,59.4,TY,65,979,1,6,255,65,979
2021267N18094,2021,83,NI,AS,GULAB:SHAHEEN-GU,03-10-2021 03:00,TS,24.1,59.1,60,984,newdelhi,24.1,59.2,TY,68,978,1,6,260,68,978
2021267N18094,2021,83,NI,AS,GULAB:SHAHEEN-GU,03-10-2021 06:00,TS,24.1,58.8,60,984,newdelhi,24.1,58.9,TY,70,977,1,6,265,70,977
2021267N18094,2021,83,NI,AS,GULAB:SHAHEEN-GU,03-10-2021 09:00,TS,24.1,58.4,60,984,newdelhi,24.1,58.5,TY,65,981,1,6,260,65,981
2021267N18094,2021,83,NI,AS,GULAB:SHAHEEN-GU,03-10-2021 12:00,TS,24,58.1,60,984,newdelhi,24,58.1,TS,60,984,0,5,260,60,984
2021267N18094,2021,83,NI,AS,GULAB:SHAHEEN-GU,03-10-2021 15:00,TS,24,57.8,60,984,newdelhi,24,58,TS,58,986,0,5,260,58,986
2021267N18094,2021,83,NI,AS,GULAB:SHAHEEN-GU,03-10-2021 18:00,TS,23.9,57.6,55,986,newdelhi,23.9,57.8,TS,55,987,0,5,250,55,987
2021267N18094,2021,83,NI,AS,GULAB:SHAHEEN-GU,03-10-2021 21:00,TS,23.8,57.3,55,988,newdelhi,23.8,57.4,TS,45,992,0,6,250,45,992
2021267N18094,2021,83,NI,AS,GULAB:SHAHEEN-GU,04-10-2021 00:00,TS,23.7,56.9,40,994,newdelhi,23.7,57,TS,35,996,0,8,250,35,996
2021267N18094,2021,83,NI,AS,GULAB:SHAHEEN-GU,04-10-2021 03:00,TS,23.5,56.5,30,998,newdelhi,23.6,56.6,TS,30,999,-1,8,250,30,999
2021267N18094,2021,83,NI,AS,GULAB:SHAHEEN-GU,04-10-2021 06:00,TS,23.4,56.1,20,1000,newdelhi,23.5,56.2,TD,25,1001,-1,8,250,25,1001
2021280N14068,2021,87,NI,AS,UNNAMED,07-10-2021 03:00,TS,14,67.5,25,1002,newdelhi, , , , , ,-5,7,305, , 
2021280N14068,2021,87,NI,AS,UNNAMED,07-10-2021 06:00,TS,14.2,67.2,25,1002,newdelhi, , , , , ,-5,5,305, , 
2021280N14068,2021,87,NI,AS,UNNAMED,07-10-2021 09:00,TS,14.3,67.1, , , , , , , , ,-5,2,295, , 
2021280N14068,2021,87,NI,AS,UNNAMED,07-10-2021 12:00,TS,14.3,67,25,1002,newdelhi, , , , , ,-5,2,310, , 
2021280N14068,2021,87,NI,AS,UNNAMED,07-10-2021 15:00,TS,14.4,66.9, , , , , , , , ,-5,3,315, , 
2021280N14068,2021,87,NI,AS,UNNAMED,07-10-2021 18:00,TS,14.5,66.8,25,1002,newdelhi, , , , , ,-5,2,310, , 
2021280N14068,2021,87,NI,AS,UNNAMED,07-10-2021 21:00,TS,14.5,66.7, , , , , , , , ,-5,2,295, , 
2021280N14068,2021,87,NI,AS,UNNAMED,08-10-2021 00:00,TS,14.6,66.6,25,1002,newdelhi, , , , , ,-5,3,295, , 
2021280N14068,2021,87,NI,AS,UNNAMED,08-10-2021 03:00,TS,14.7,66.4,25,1002,newdelhi, , , , , ,-5,4,285, , 
2021280N14068,2021,87,NI,AS,UNNAMED,08-10-2021 06:00,TS,14.7,66.2,25,1002,newdelhi, , , , , ,-5,4,265, , 
2021280N14068,2021,87,NI,AS,UNNAMED,08-10-2021 09:00,TS,14.7,66, , , , , , , , ,-5,3,250, , 
2021280N14068,2021,87,NI,AS,UNNAMED,08-10-2021 12:00,TS,14.6,65.9,25,1003,newdelhi, , , , , ,-5,2,240, , 
2021280N14068,2021,87,NI,AS,UNNAMED,08-10-2021 15:00,TS,14.5,65.8, , , , , , , , ,-5,1,225, , 
2021280N14068,2021,87,NI,AS,UNNAMED,08-10-2021 18:00,TS,14.5,65.8,25,1003,newdelhi, , , , , ,-5,1,215, , 
2021312N07090,2021,97,NI,BB,UNNAMED,08-11-2021 06:00,DS,7.4,90.1, , , ,7.4,90.1,DB,15,1010,-3,10,315,15,1010
2021312N07090,2021,97,NI,BB,UNNAMED,08-11-2021 09:00,DS,7.7,89.8, , , ,7.7,89.8,DB,15,1010,-3,9,310,15,1010
2021312N07090,2021,97,NI,BB,UNNAMED,08-11-2021 12:00,DS,8,89.4, , , ,8,89.4,DB,15,1010,-3,8,295,15,1010
2021312N07090,2021,97,NI,BB,UNNAMED,08-11-2021 15:00,DS,8.1,89, , , ,8.1,89,DB,15,1010,-3,8,285,15,1010
2021312N07090,2021,97,NI,BB,UNNAMED,08-11-2021 18:00,DS,8.2,88.6, , , ,8.2,88.6,DB,15,1010,-3,8,285,15,1010
2021312N07090,2021,97,NI,BB,UNNAMED,08-11-2021 21:00,DS,8.4,88.2, , , ,8.4,88.2,DB,15,1007,-3,8,295,15,1007
2021312N07090,2021,97,NI,BB,UNNAMED,09-11-2021 00:00,DS,8.5,87.9, , , ,8.5,87.9,DB,15,1004,-3,5,305,15,1004
2021312N07090,2021,97,NI,BB,UNNAMED,09-11-2021 03:00,DS,8.6,87.8, , , ,8.6,87.8,DB,15,1004,-3,2,335,15,1004
2021312N07090,2021,97,NI,BB,UNNAMED,09-11-2021 06:00,DS,8.7,87.8, , , ,8.7,87.8,DB,15,1004,-3,3,330,15,1004
2021312N07090,2021,97,NI,BB,UNNAMED,09-11-2021 09:00,DS,8.8,87.7, , , ,8.8,87.7,DB,18,1006,-3,4,315,18,1006
2021312N07090,2021,97,NI,BB,UNNAMED,09-11-2021 12:00,DS,9,87.5, , , ,9,87.5,DB,20,1007,-3,6,320,20,1007
2021312N07090,2021,97,NI,BB,UNNAMED,09-11-2021 15:00,DS,9.3,87.3, , , ,9.3,87.3,DB,20,1007,-3,8,315,20,1007
2021312N07090,2021,97,NI,BB,UNNAMED,09-11-2021 18:00,DS,9.6,86.9, , , ,9.6,86.9,DB,20,1006,-3,9,300,20,1006
2021312N07090,2021,97,NI,BB,UNNAMED,09-11-2021 21:00,DS,9.8,86.5, , , ,9.8,86.5,DB,20,1006,-3,10,285,20,1006
2021312N07090,2021,97,NI,BB,UNNAMED,10-11-2021 00:00,DS,9.9,85.9, , , ,9.9,85.9,DB,20,1006,-3,14,285,20,1006
2021312N07090,2021,97,NI,BB,UNNAMED,10-11-2021 03:00,DS,10.1,85.1, , , ,10.1,85.1,DB,20,1007,-3,17,285,20,1007
2021312N07090,2021,97,NI,BB,UNNAMED,10-11-2021 06:00,DS,10.3,84.2, , , ,10.3,84.2,DB,20,1007,-3,16,285,20,1007
2021312N07090,2021,97,NI,BB,UNNAMED,10-11-2021 09:00,DS,10.5,83.5, , , ,10.5,83.5,DB,23,1006,-3,12,295,23,1006
2021312N07090,2021,97,NI,BB,UNNAMED,10-11-2021 12:00,TS,10.8,83.1,25,1000,newdelhi,10.9,83,TD,25,1004,-1,13,310,25,1004
2021312N07090,2021,97,NI,BB,UNNAMED,10-11-2021 15:00,TS,11.4,82.6, , , ,11.6,82.4,TD,28,1003,-1,14,320,28,1003
2021312N07090,2021,97,NI,BB,UNNAMED,10-11-2021 18:00,TS,11.9,82.1,25,1000,newdelhi,12.3,82,TD,30,1002,-1,10,315,30,1002
2021312N07090,2021,97,NI,BB,UNNAMED,10-11-2021 21:00,TS,12.1,81.8, , , ,12.5,81.8,TD,30,1002,-1,7,305,30,1002
2021312N07090,2021,97,NI,BB,UNNAMED,11-11-2021 00:00,TS,12.3,81.6,25,1000,newdelhi,12.6,81.6,TD,30,1001,-1,8,305,30,1001
2021312N07090,2021,97,NI,BB,UNNAMED,11-11-2021 03:00,TS,12.5,81.2,25,1000,newdelhi,12.8,81.2,TD,35,1001,0,9,300,35,1001
2021312N07090,2021,97,NI,BB,UNNAMED,11-11-2021 06:00,TS,12.8,80.8,25,1000,newdelhi,12.9,80.7,TS,40,1001,0,8,295,40,1001
2021312N07090,2021,97,NI,BB,UNNAMED,11-11-2021 09:00,TS,12.9,80.4, , , ,13,80.4,TS,35,998,0,7,285,35,998
2021312N07090,2021,97,NI,BB,UNNAMED,11-11-2021 12:00,TS,13,80.1,25,1000,newdelhi,13,79.8,TD,30,994,-1,11,275,30,994
2021312N07090,2021,97,NI,BB,UNNAMED,11-11-2021 15:00,TS,12.9,79.4, , , ,12.9,78.7,TD,28,999,-1,15,270,28,999
2021312N07090,2021,97,NI,BB,UNNAMED,11-11-2021 18:00,TS,12.9,78.5,20,1000,newdelhi,12.7,77.2,TD,25,1004,-1,17,265,25,1004
2021322N11082,2021,98,NI,BB,UNNAMED,18-11-2021 03:00,TS,11,82.3,25,1000,newdelhi, , , , , ,-5,12,290, , 
2021322N11082,2021,98,NI,BB,UNNAMED,18-11-2021 06:00,TS,11.2,81.7,25,1000,newdelhi, , , , , ,-5,12,295, , 
2021322N11082,2021,98,NI,BB,UNNAMED,18-11-2021 09:00,TS,11.5,81.2, , , , , , , , ,-5,10,305, , 
2021322N11082,2021,98,NI,BB,UNNAMED,18-11-2021 12:00,TS,11.8,80.9,25,1000,newdelhi, , , , , ,-5,8,315, , 
2021322N11082,2021,98,NI,BB,UNNAMED,18-11-2021 15:00,TS,12,80.7, , , , , , , , ,-5,6,315, , 
2021322N11082,2021,98,NI,BB,UNNAMED,18-11-2021 18:00,TS,12.2,80.5,25,1000,newdelhi, , , , , ,-5,5,310, , 
2021322N11082,2021,98,NI,BB,UNNAMED,18-11-2021 21:00,TS,12.3,80.3, , , , , , , , ,-5,6,300, , 
2021322N11082,2021,98,NI,BB,UNNAMED,19-11-2021 00:00,TS,12.5,80,25,1000,newdelhi, , , , , ,-5,7,305, , 
2021322N11082,2021,98,NI,BB,UNNAMED,19-11-2021 03:00,TS,12.7,79.7,20,1002,newdelhi, , , , , ,-5,7,305, , 
2021335N08096,2021,102,NI,BB,JAWAD,30-11-2021 18:00,DS,8.4,96.3, , , ,8.4,96.3,DB,20,1006,-3,8,205,20,1006
2021335N08096,2021,102,NI,BB,JAWAD,30-11-2021 21:00,DS,8,96.1, , , ,8,96.1,DB,20,1007,-3,8,225,20,1007
2021335N08096,2021,102,NI,BB,JAWAD,01-12-2021 00:00,DS,7.8,95.7, , , ,7.8,95.7,DB,20,1008,-3,12,260,20,1008
2021335N08096,2021,102,NI,BB,JAWAD,01-12-2021 03:00,DS,7.8,94.9, , , ,7.8,94.9,DB,20,1007,-3,17,275,20,1007
2021335N08096,2021,102,NI,BB,JAWAD,01-12-2021 06:00,DS,8,94, , , ,8,94,DB,20,1006,-3,15,280,20,1006
2021335N08096,2021,102,NI,BB,JAWAD,01-12-2021 09:00,DS,8.1,93.4, , , ,8.1,93.4,DB,20,1007,-3,11,280,20,1007
2021335N08096,2021,102,NI,BB,JAWAD,01-12-2021 12:00,DS,8.2,92.9, , , ,8.2,92.9,DB,20,1008,-3,11,295,20,1008
2021335N08096,2021,102,NI,BB,JAWAD,01-12-2021 15:00,DS,8.5,92.3, , , ,8.5,92.3,DB,23,1008,-3,13,305,23,1008
2021335N08096,2021,102,NI,BB,JAWAD,01-12-2021 18:00,TS,8.9,91.8, , , ,8.9,91.8,TD,25,1007,-1,12,305,25,1007
2021335N08096,2021,102,NI,BB,JAWAD,01-12-2021 21:00,TS,9.2,91.3, , , ,9.2,91.3,TD,25,1006,-1,12,305,25,1006
2021335N08096,2021,102,NI,BB,JAWAD,02-12-2021 00:00,TS,9.6,90.8, , , ,9.6,90.8,TD,25,1005,-1,15,300,25,1005
2021335N08096,2021,102,NI,BB,JAWAD,02-12-2021 03:00,TS,10,90.1, , , ,10,90.1,TD,25,1005,-1,17,300,25,1005
2021335N08096,2021,102,NI,BB,JAWAD,02-12-2021 06:00,TS,10.5,89.3, , , ,10.5,89.3,TD,25,1005,-1,16,305,25,1005
2021335N08096,2021,102,NI,BB,JAWAD,02-12-2021 09:00,TS,11,88.7, , , ,11,88.7,TD,25,1007,-1,13,315,25,1007
2021335N08096,2021,102,NI,BB,JAWAD,02-12-2021 12:00,TS,11.4,88.4,25,1004,newdelhi,11.5,88.2,TD,25,1009,-1,11,315,25,1009
2021335N08096,2021,102,NI,BB,JAWAD,02-12-2021 15:00,TS,11.8,87.9, , , ,11.9,87.7,TD,28,1008,-1,13,310,28,1008
2021335N08096,2021,102,NI,BB,JAWAD,02-12-2021 18:00,TS,12.2,87.3,25,1004,newdelhi,12.4,87.2,TD,30,1007,-1,16,315,30,1007
2021335N08096,2021,102,NI,BB,JAWAD,02-12-2021 21:00,TS,12.9,86.7, , , ,13.1,86.6,TD,33,1005,-1,18,320,33,1005
2021335N08096,2021,102,NI,BB,JAWAD,03-12-2021 00:00,TS,13.6,86.2,30,1002,newdelhi,13.8,86,TS,35,1003,0,14,325,35,1003
2021335N08096,2021,102,NI,BB,JAWAD,03-12-2021 03:00,TS,14,85.9,30,1002,newdelhi,14.1,85.7,TS,35,1004,0,10,320,35,1004
2021335N08096,2021,102,NI,BB,JAWAD,03-12-2021 06:00,TS,14.4,85.6,35,1001,newdelhi,14.2,85.6,TS,35,1005,0,8,320,35,1005
2021335N08096,2021,102,NI,BB,JAWAD,03-12-2021 09:00,TS,14.7,85.3,35,1001,newdelhi,14.3,85.4,TS,35,1004,0,8,325,35,1004
2021335N08096,2021,102,NI,BB,JAWAD,03-12-2021 12:00,TS,15,85.1,40,1000,newdelhi,14.5,85.2,TS,35,1003,0,6,330,35,1003
2021335N08096,2021,102,NI,BB,JAWAD,03-12-2021 15:00,TS,15.2,85,40,1000,newdelhi,14.7,85.1,TS,35,1003,0,5,335,35,1003
2021335N08096,2021,102,NI,BB,JAWAD,03-12-2021 18:00,TS,15.5,84.9,40,1000,newdelhi,15,85,TS,35,1003,0,5,340,35,1003
2021335N08096,2021,102,NI,BB,JAWAD,03-12-2021 21:00,TS,15.7,84.9,40,1000,newdelhi,15.3,84.9,TS,35,1003,0,5,345,35,1003
2021335N08096,2021,102,NI,BB,JAWAD,04-12-2021 00:00,TS,16,84.8,40,1000,newdelhi,15.7,84.8,TS,35,1003,0,5,350,35,1003
2021335N08096,2021,102,NI,BB,JAWAD,04-12-2021 03:00,TS,16.2,84.8,40,1000,newdelhi,16,84.9,TS,35,1003,0,4,15,35,1003
2021335N08096,2021,102,NI,BB,JAWAD,04-12-2021 06:00,TS,16.3,84.9,35,1001,newdelhi,16.3,85,TS,35,1003,0,4,20,35,1003
2021335N08096,2021,102,NI,BB,JAWAD,04-12-2021 09:00,TS,16.5,84.9,35,1001,newdelhi,16.6,85.1,TS,35,1003,0,5,20,35,1003
2021335N08096,2021,102,NI,BB,JAWAD,04-12-2021 12:00,TS,16.8,85.1,30,1002,newdelhi,16.8,85.3,TS,35,1002,0,6,20,35,1002
2021335N08096,2021,102,NI,BB,JAWAD,04-12-2021 15:00,TS,17.1,85.1, , , ,17,85.4,TS,33,1001,-1,5,25,33,1001
2021335N08096,2021,102,NI,BB,JAWAD,04-12-2021 18:00,TS,17.3,85.3,30,1002,newdelhi,17.1,85.5,TD,30,1000,-1,4,40,30,1000
2021335N08096,2021,102,NI,BB,JAWAD,04-12-2021 21:00,TS,17.4,85.4, , , ,17.3,85.6,TD,30,1002,-1,6,45,30,1002
2021335N08096,2021,102,NI,BB,JAWAD,05-12-2021 00:00,TS,17.7,85.7,30,1002,newdelhi,17.5,85.8,TD,30,1004,-1,10,25,30,1004
2021335N08096,2021,102,NI,BB,JAWAD,05-12-2021 03:00,TS,18.3,85.8,30,1003,newdelhi,17.9,86,TD,28,1006,-1,11,20,28,1006
2021335N08096,2021,102,NI,BB,JAWAD,05-12-2021 06:00,TS,18.7,86.1,30,1003,newdelhi,18.3,86.2,TD,25,1007,-1,9,30,25,1007
2021335N08096,2021,102,NI,BB,JAWAD,05-12-2021 09:00,TS,19,86.3,25,1004,newdelhi,18.6,86.3,TD,23,1008,-1,10,35,23,1008
2021335N08096,2021,102,NI,BB,JAWAD,05-12-2021 12:00,MX,19.5,86.7,25,1004,newdelhi,19,86.5,DB,20,1009,-3,12,35,20,1009
2021335N08096,2021,102,NI,BB,JAWAD,05-12-2021 15:00,MX,20,87, , , ,19.8,86.8,DB,20,1009,-3,13,25,20,1009
2021335N08096,2021,102,NI,BB,JAWAD,05-12-2021 18:00,MX,20.7,87.2,25,1004,newdelhi,20.7,87.2,DB,20,1009,-3,12,20,20,1009
2021335N08096,2021,102,NI,BB,JAWAD,05-12-2021 21:00,DS,21.2,87.4, , , ,21.2,87.4,DB,18,1010,-3,9,30,18,1010
2021335N08096,2021,102,NI,BB,JAWAD,06-12-2021 00:00,DS,21.5,87.7, , , ,21.5,87.7,DB,15,1010,-3,9,40,15,1010
2021335N08096,2021,102,NI,BB,JAWAD,06-12-2021 03:00,DS,21.9,88.1, , , ,21.9,88.1,DB,13,1010,-3,11,45,13,1010
2021335N08096,2021,102,NI,BB,JAWAD,06-12-2021 06:00,DS,22.3,88.5, , , ,22.3,88.5,DB,10,1009,-3,12,45,10,1009
