sequence_path,target_path,name,year,start_time,split
sequences\seq_AMPHAN_2020_0.npy,sequences\tgt_AMPHAN_2020_0.npy,AMPHAN,2020,2020-05-16 05:30:00,train
sequences\seq_AMPHAN_2020_1.npy,sequences\tgt_AMPHAN_2020_1.npy,AMPHAN,2020,2020-05-16 06:00:00,train
sequences\seq_AMPHAN_2020_2.npy,sequences\tgt_AMPHAN_2020_2.npy,AMPHAN,2020,2020-05-16 06:30:00,train
sequences\seq_AMPHAN_2020_3.npy,sequences\tgt_AMPHAN_2020_3.npy,AMPHAN,2020,2020-05-16 07:00:00,train
sequences\seq_AMPHAN_2020_4.npy,sequences\tgt_AMPHAN_2020_4.npy,AMPHAN,2020,2020-05-16 07:30:00,train
sequences\seq_AMPHAN_2020_5.npy,sequences\tgt_AMPHAN_2020_5.npy,AMPHAN,2020,2020-05-16 08:00:00,train
sequences\seq_AMPHAN_2020_6.npy,sequences\tgt_AMPHAN_2020_6.npy,AMPHAN,2020,2020-05-16 08:30:00,train
sequences\seq_AMPHAN_2020_7.npy,sequences\tgt_AMPHAN_2020_7.npy,AMPHAN,2020,2020-05-16 09:00:00,train
sequences\seq_AMPHAN_2020_8.npy,sequences\tgt_AMPHAN_2020_8.npy,AMPHAN,2020,2020-05-16 09:30:00,train
sequences\seq_AMPHAN_2020_9.npy,sequences\tgt_AMPHAN_2020_9.npy,AMPHAN,2020,2020-05-16 10:00:00,train
sequences\seq_AMPHAN_2020_10.npy,sequences\tgt_AMPHAN_2020_10.npy,AMPHAN,2020,2020-05-16 10:30:00,train
sequences\seq_AMPHAN_2020_11.npy,sequences\tgt_AMPHAN_2020_11.npy,AMPHAN,2020,2020-05-16 11:00:00,train
sequences\seq_AMPHAN_2020_12.npy,sequences\tgt_AMPHAN_2020_12.npy,AMPHAN,2020,2020-05-16 11:30:00,train
sequences\seq_AMPHAN_2020_13.npy,sequences\tgt_AMPHAN_2020_13.npy,AMPHAN,2020,2020-05-16 12:00:00,train
sequences\seq_AMPHAN_2020_14.npy,sequences\tgt_AMPHAN_2020_14.npy,AMPHAN,2020,2020-05-16 12:30:00,train
sequences\seq_AMPHAN_2020_15.npy,sequences\tgt_AMPHAN_2020_15.npy,AMPHAN,2020,2020-05-16 13:00:00,train
sequences\seq_AMPHAN_2020_16.npy,sequences\tgt_AMPHAN_2020_16.npy,AMPHAN,2020,2020-05-16 13:30:00,train
sequences\seq_AMPHAN_2020_17.npy,sequences\tgt_AMPHAN_2020_17.npy,AMPHAN,2020,2020-05-16 14:00:00,train
sequences\seq_AMPHAN_2020_18.npy,sequences\tgt_AMPHAN_2020_18.npy,AMPHAN,2020,2020-05-16 14:30:00,train
sequences\seq_AMPHAN_2020_19.npy,sequences\tgt_AMPHAN_2020_19.npy,AMPHAN,2020,2020-05-16 15:00:00,train
sequences\seq_AMPHAN_2020_20.npy,sequences\tgt_AMPHAN_2020_20.npy,AMPHAN,2020,2020-05-16 15:30:00,train
sequences\seq_AMPHAN_2020_21.npy,sequences\tgt_AMPHAN_2020_21.npy,AMPHAN,2020,2020-05-16 16:00:00,train
sequences\seq_AMPHAN_2020_22.npy,sequences\tgt_AMPHAN_2020_22.npy,AMPHAN,2020,2020-05-16 16:30:00,train
sequences\seq_AMPHAN_2020_23.npy,sequences\tgt_AMPHAN_2020_23.npy,AMPHAN,2020,2020-05-16 17:00:00,train
sequences\seq_AMPHAN_2020_24.npy,sequences\tgt_AMPHAN_2020_24.npy,AMPHAN,2020,2020-05-16 19:00:00,train
sequences\seq_AMPHAN_2020_25.npy,sequences\tgt_AMPHAN_2020_25.npy,AMPHAN,2020,2020-05-16 19:30:00,train
sequences\seq_AMPHAN_2020_26.npy,sequences\tgt_AMPHAN_2020_26.npy,AMPHAN,2020,2020-05-16 20:00:00,train
sequences\seq_AMPHAN_2020_27.npy,sequences\tgt_AMPHAN_2020_27.npy,AMPHAN,2020,2020-05-16 20:30:00,train
sequences\seq_AMPHAN_2020_28.npy,sequences\tgt_AMPHAN_2020_28.npy,AMPHAN,2020,2020-05-16 21:00:00,train
sequences\seq_AMPHAN_2020_29.npy,sequences\tgt_AMPHAN_2020_29.npy,AMPHAN,2020,2020-05-16 21:30:00,train
sequences\seq_AMPHAN_2020_30.npy,sequences\tgt_AMPHAN_2020_30.npy,AMPHAN,2020,2020-05-16 22:00:00,train
sequences\seq_AMPHAN_2020_31.npy,sequences\tgt_AMPHAN_2020_31.npy,AMPHAN,2020,2020-05-16 22:30:00,train
sequences\seq_AMPHAN_2020_32.npy,sequences\tgt_AMPHAN_2020_32.npy,AMPHAN,2020,2020-05-16 23:00:00,train
sequences\seq_AMPHAN_2020_33.npy,sequences\tgt_AMPHAN_2020_33.npy,AMPHAN,2020,2020-05-16 23:30:00,train
sequences\seq_AMPHAN_2020_34.npy,sequences\tgt_AMPHAN_2020_34.npy,AMPHAN,2020,2020-05-17 00:00:00,train
sequences\seq_AMPHAN_2020_35.npy,sequences\tgt_AMPHAN_2020_35.npy,AMPHAN,2020,2020-05-17 00:30:00,train
sequences\seq_AMPHAN_2020_36.npy,sequences\tgt_AMPHAN_2020_36.npy,AMPHAN,2020,2020-05-17 01:00:00,train
sequences\seq_AMPHAN_2020_37.npy,sequences\tgt_AMPHAN_2020_37.npy,AMPHAN,2020,2020-05-17 01:30:00,train
sequences\seq_AMPHAN_2020_38.npy,sequences\tgt_AMPHAN_2020_38.npy,AMPHAN,2020,2020-05-17 02:00:00,train
sequences\seq_AMPHAN_2020_39.npy,sequences\tgt_AMPHAN_2020_39.npy,AMPHAN,2020,2020-05-17 02:30:00,train
sequences\seq_AMPHAN_2020_40.npy,sequences\tgt_AMPHAN_2020_40.npy,AMPHAN,2020,2020-05-17 03:00:00,train
sequences\seq_AMPHAN_2020_41.npy,sequences\tgt_AMPHAN_2020_41.npy,AMPHAN,2020,2020-05-17 03:30:00,train
sequences\seq_AMPHAN_2020_42.npy,sequences\tgt_AMPHAN_2020_42.npy,AMPHAN,2020,2020-05-17 04:00:00,train
sequences\seq_AMPHAN_2020_43.npy,sequences\tgt_AMPHAN_2020_43.npy,AMPHAN,2020,2020-05-17 04:30:00,train
sequences\seq_AMPHAN_2020_44.npy,sequences\tgt_AMPHAN_2020_44.npy,AMPHAN,2020,2020-05-17 05:00:00,train
sequences\seq_AMPHAN_2020_45.npy,sequences\tgt_AMPHAN_2020_45.npy,AMPHAN,2020,2020-05-17 05:30:00,train
sequences\seq_AMPHAN_2020_46.npy,sequences\tgt_AMPHAN_2020_46.npy,AMPHAN,2020,2020-05-17 06:00:00,train
sequences\seq_AMPHAN_2020_47.npy,sequences\tgt_AMPHAN_2020_47.npy,AMPHAN,2020,2020-05-17 06:30:00,train
sequences\seq_AMPHAN_2020_48.npy,sequences\tgt_AMPHAN_2020_48.npy,AMPHAN,2020,2020-05-17 07:00:00,train
sequences\seq_AMPHAN_2020_49.npy,sequences\tgt_AMPHAN_2020_49.npy,AMPHAN,2020,2020-05-17 07:30:00,train
sequences\seq_AMPHAN_2020_50.npy,sequences\tgt_AMPHAN_2020_50.npy,AMPHAN,2020,2020-05-17 08:00:00,train
sequences\seq_AMPHAN_2020_51.npy,sequences\tgt_AMPHAN_2020_51.npy,AMPHAN,2020,2020-05-17 08:30:00,train
sequences\seq_AMPHAN_2020_52.npy,sequences\tgt_AMPHAN_2020_52.npy,AMPHAN,2020,2020-05-17 09:00:00,train
sequences\seq_AMPHAN_2020_53.npy,sequences\tgt_AMPHAN_2020_53.npy,AMPHAN,2020,2020-05-17 09:30:00,train
sequences\seq_AMPHAN_2020_54.npy,sequences\tgt_AMPHAN_2020_54.npy,AMPHAN,2020,2020-05-17 10:00:00,train
sequences\seq_AMPHAN_2020_55.npy,sequences\tgt_AMPHAN_2020_55.npy,AMPHAN,2020,2020-05-17 10:30:00,train
sequences\seq_AMPHAN_2020_56.npy,sequences\tgt_AMPHAN_2020_56.npy,AMPHAN,2020,2020-05-17 11:00:00,train
sequences\seq_AMPHAN_2020_57.npy,sequences\tgt_AMPHAN_2020_57.npy,AMPHAN,2020,2020-05-17 11:30:00,train
sequences\seq_AMPHAN_2020_58.npy,sequences\tgt_AMPHAN_2020_58.npy,AMPHAN,2020,2020-05-17 12:00:00,train
sequences\seq_AMPHAN_2020_59.npy,sequences\tgt_AMPHAN_2020_59.npy,AMPHAN,2020,2020-05-17 12:30:00,train
sequences\seq_AMPHAN_2020_60.npy,sequences\tgt_AMPHAN_2020_60.npy,AMPHAN,2020,2020-05-17 13:00:00,train
sequences\seq_AMPHAN_2020_61.npy,sequences\tgt_AMPHAN_2020_61.npy,AMPHAN,2020,2020-05-17 13:30:00,train
sequences\seq_AMPHAN_2020_62.npy,sequences\tgt_AMPHAN_2020_62.npy,AMPHAN,2020,2020-05-17 14:00:00,train
sequences\seq_AMPHAN_2020_63.npy,sequences\tgt_AMPHAN_2020_63.npy,AMPHAN,2020,2020-05-17 14:30:00,train
sequences\seq_AMPHAN_2020_64.npy,sequences\tgt_AMPHAN_2020_64.npy,AMPHAN,2020,2020-05-17 15:00:00,train
sequences\seq_AMPHAN_2020_65.npy,sequences\tgt_AMPHAN_2020_65.npy,AMPHAN,2020,2020-05-17 15:30:00,train
sequences\seq_AMPHAN_2020_66.npy,sequences\tgt_AMPHAN_2020_66.npy,AMPHAN,2020,2020-05-17 16:00:00,train
sequences\seq_AMPHAN_2020_67.npy,sequences\tgt_AMPHAN_2020_67.npy,AMPHAN,2020,2020-05-17 16:30:00,train
sequences\seq_AMPHAN_2020_68.npy,sequences\tgt_AMPHAN_2020_68.npy,AMPHAN,2020,2020-05-17 17:00:00,train
sequences\seq_AMPHAN_2020_69.npy,sequences\tgt_AMPHAN_2020_69.npy,AMPHAN,2020,2020-05-17 17:30:00,train
sequences\seq_AMPHAN_2020_70.npy,sequences\tgt_AMPHAN_2020_70.npy,AMPHAN,2020,2020-05-17 18:00:00,train
sequences\seq_AMPHAN_2020_71.npy,sequences\tgt_AMPHAN_2020_71.npy,AMPHAN,2020,2020-05-17 18:30:00,train
sequences\seq_AMPHAN_2020_72.npy,sequences\tgt_AMPHAN_2020_72.npy,AMPHAN,2020,2020-05-17 19:00:00,train
sequences\seq_AMPHAN_2020_73.npy,sequences\tgt_AMPHAN_2020_73.npy,AMPHAN,2020,2020-05-17 19:30:00,train
sequences\seq_AMPHAN_2020_74.npy,sequences\tgt_AMPHAN_2020_74.npy,AMPHAN,2020,2020-05-17 20:00:00,train
sequences\seq_AMPHAN_2020_75.npy,sequences\tgt_AMPHAN_2020_75.npy,AMPHAN,2020,2020-05-17 20:30:00,train
sequences\seq_AMPHAN_2020_76.npy,sequences\tgt_AMPHAN_2020_76.npy,AMPHAN,2020,2020-05-17 21:00:00,train
sequences\seq_AMPHAN_2020_77.npy,sequences\tgt_AMPHAN_2020_77.npy,AMPHAN,2020,2020-05-17 21:30:00,train
sequences\seq_AMPHAN_2020_78.npy,sequences\tgt_AMPHAN_2020_78.npy,AMPHAN,2020,2020-05-17 22:00:00,train
sequences\seq_AMPHAN_2020_79.npy,sequences\tgt_AMPHAN_2020_79.npy,AMPHAN,2020,2020-05-17 22:30:00,train
sequences\seq_AMPHAN_2020_80.npy,sequences\tgt_AMPHAN_2020_80.npy,AMPHAN,2020,2020-05-17 23:00:00,train
sequences\seq_AMPHAN_2020_81.npy,sequences\tgt_AMPHAN_2020_81.npy,AMPHAN,2020,2020-05-17 23:30:00,train
sequences\seq_AMPHAN_2020_82.npy,sequences\tgt_AMPHAN_2020_82.npy,AMPHAN,2020,2020-05-18 00:00:00,train
sequences\seq_AMPHAN_2020_83.npy,sequences\tgt_AMPHAN_2020_83.npy,AMPHAN,2020,2020-05-18 00:30:00,train
sequences\seq_AMPHAN_2020_84.npy,sequences\tgt_AMPHAN_2020_84.npy,AMPHAN,2020,2020-05-18 01:00:00,train
sequences\seq_AMPHAN_2020_85.npy,sequences\tgt_AMPHAN_2020_85.npy,AMPHAN,2020,2020-05-18 01:30:00,train
sequences\seq_AMPHAN_2020_86.npy,sequences\tgt_AMPHAN_2020_86.npy,AMPHAN,2020,2020-05-18 02:00:00,train
sequences\seq_AMPHAN_2020_87.npy,sequences\tgt_AMPHAN_2020_87.npy,AMPHAN,2020,2020-05-18 02:30:00,train
sequences\seq_AMPHAN_2020_88.npy,sequences\tgt_AMPHAN_2020_88.npy,AMPHAN,2020,2020-05-18 03:00:00,train
sequences\seq_AMPHAN_2020_89.npy,sequences\tgt_AMPHAN_2020_89.npy,AMPHAN,2020,2020-05-18 03:30:00,train
sequences\seq_AMPHAN_2020_90.npy,sequences\tgt_AMPHAN_2020_90.npy,AMPHAN,2020,2020-05-18 04:00:00,train
sequences\seq_AMPHAN_2020_91.npy,sequences\tgt_AMPHAN_2020_91.npy,AMPHAN,2020,2020-05-18 04:30:00,train
sequences\seq_AMPHAN_2020_92.npy,sequences\tgt_AMPHAN_2020_92.npy,AMPHAN,2020,2020-05-18 05:00:00,train
sequences\seq_AMPHAN_2020_93.npy,sequences\tgt_AMPHAN_2020_93.npy,AMPHAN,2020,2020-05-18 05:30:00,train
sequences\seq_AMPHAN_2020_94.npy,sequences\tgt_AMPHAN_2020_94.npy,AMPHAN,2020,2020-05-18 06:00:00,train
sequences\seq_AMPHAN_2020_95.npy,sequences\tgt_AMPHAN_2020_95.npy,AMPHAN,2020,2020-05-18 06:30:00,train
sequences\seq_AMPHAN_2020_96.npy,sequences\tgt_AMPHAN_2020_96.npy,AMPHAN,2020,2020-05-18 07:00:00,train
sequences\seq_AMPHAN_2020_97.npy,sequences\tgt_AMPHAN_2020_97.npy,AMPHAN,2020,2020-05-18 07:30:00,train
sequences\seq_AMPHAN_2020_98.npy,sequences\tgt_AMPHAN_2020_98.npy,AMPHAN,2020,2020-05-18 08:00:00,train
sequences\seq_AMPHAN_2020_99.npy,sequences\tgt_AMPHAN_2020_99.npy,AMPHAN,2020,2020-05-18 08:15:00,train
sequences\seq_AMPHAN_2020_100.npy,sequences\tgt_AMPHAN_2020_100.npy,AMPHAN,2020,2020-05-18 08:30:00,train
sequences\seq_AMPHAN_2020_101.npy,sequences\tgt_AMPHAN_2020_101.npy,AMPHAN,2020,2020-05-18 08:45:00,train
sequences\seq_AMPHAN_2020_102.npy,sequences\tgt_AMPHAN_2020_102.npy,AMPHAN,2020,2020-05-18 09:00:00,train
sequences\seq_AMPHAN_2020_103.npy,sequences\tgt_AMPHAN_2020_103.npy,AMPHAN,2020,2020-05-18 09:15:00,train
sequences\seq_AMPHAN_2020_104.npy,sequences\tgt_AMPHAN_2020_104.npy,AMPHAN,2020,2020-05-18 09:30:00,train
sequences\seq_AMPHAN_2020_105.npy,sequences\tgt_AMPHAN_2020_105.npy,AMPHAN,2020,2020-05-18 09:45:00,train
sequences\seq_AMPHAN_2020_106.npy,sequences\tgt_AMPHAN_2020_106.npy,AMPHAN,2020,2020-05-18 10:00:00,train
sequences\seq_AMPHAN_2020_107.npy,sequences\tgt_AMPHAN_2020_107.npy,AMPHAN,2020,2020-05-18 10:15:00,train
sequences\seq_AMPHAN_2020_108.npy,sequences\tgt_AMPHAN_2020_108.npy,AMPHAN,2020,2020-05-18 10:30:00,train
sequences\seq_AMPHAN_2020_109.npy,sequences\tgt_AMPHAN_2020_109.npy,AMPHAN,2020,2020-05-18 10:45:00,train
sequences\seq_AMPHAN_2020_110.npy,sequences\tgt_AMPHAN_2020_110.npy,AMPHAN,2020,2020-05-18 11:00:00,train
sequences\seq_AMPHAN_2020_111.npy,sequences\tgt_AMPHAN_2020_111.npy,AMPHAN,2020,2020-05-18 11:15:00,train
sequences\seq_AMPHAN_2020_112.npy,sequences\tgt_AMPHAN_2020_112.npy,AMPHAN,2020,2020-05-18 11:30:00,train
sequences\seq_AMPHAN_2020_113.npy,sequences\tgt_AMPHAN_2020_113.npy,AMPHAN,2020,2020-05-18 11:45:00,train
sequences\seq_AMPHAN_2020_114.npy,sequences\tgt_AMPHAN_2020_114.npy,AMPHAN,2020,2020-05-18 12:00:00,train
sequences\seq_AMPHAN_2020_115.npy,sequences\tgt_AMPHAN_2020_115.npy,AMPHAN,2020,2020-05-18 12:15:00,train
sequences\seq_AMPHAN_2020_116.npy,sequences\tgt_AMPHAN_2020_116.npy,AMPHAN,2020,2020-05-18 12:30:00,train
sequences\seq_AMPHAN_2020_117.npy,sequences\tgt_AMPHAN_2020_117.npy,AMPHAN,2020,2020-05-18 12:45:00,train
sequences\seq_AMPHAN_2020_118.npy,sequences\tgt_AMPHAN_2020_118.npy,AMPHAN,2020,2020-05-18 13:00:00,train
sequences\seq_AMPHAN_2020_119.npy,sequences\tgt_AMPHAN_2020_119.npy,AMPHAN,2020,2020-05-18 13:15:00,train
sequences\seq_AMPHAN_2020_120.npy,sequences\tgt_AMPHAN_2020_120.npy,AMPHAN,2020,2020-05-18 13:30:00,train
sequences\seq_AMPHAN_2020_121.npy,sequences\tgt_AMPHAN_2020_121.npy,AMPHAN,2020,2020-05-18 13:45:00,train
sequences\seq_AMPHAN_2020_122.npy,sequences\tgt_AMPHAN_2020_122.npy,AMPHAN,2020,2020-05-18 14:00:00,train
sequences\seq_AMPHAN_2020_123.npy,sequences\tgt_AMPHAN_2020_123.npy,AMPHAN,2020,2020-05-18 14:15:00,train
sequences\seq_AMPHAN_2020_124.npy,sequences\tgt_AMPHAN_2020_124.npy,AMPHAN,2020,2020-05-18 14:30:00,train
sequences\seq_AMPHAN_2020_125.npy,sequences\tgt_AMPHAN_2020_125.npy,AMPHAN,2020,2020-05-18 14:45:00,train
sequences\seq_AMPHAN_2020_126.npy,sequences\tgt_AMPHAN_2020_126.npy,AMPHAN,2020,2020-05-18 15:00:00,train
sequences\seq_AMPHAN_2020_127.npy,sequences\tgt_AMPHAN_2020_127.npy,AMPHAN,2020,2020-05-18 15:15:00,train
sequences\seq_AMPHAN_2020_128.npy,sequences\tgt_AMPHAN_2020_128.npy,AMPHAN,2020,2020-05-18 15:30:00,train
sequences\seq_AMPHAN_2020_129.npy,sequences\tgt_AMPHAN_2020_129.npy,AMPHAN,2020,2020-05-18 15:45:00,train
sequences\seq_AMPHAN_2020_130.npy,sequences\tgt_AMPHAN_2020_130.npy,AMPHAN,2020,2020-05-18 16:00:00,train
sequences\seq_AMPHAN_2020_131.npy,sequences\tgt_AMPHAN_2020_131.npy,AMPHAN,2020,2020-05-18 16:15:00,train
sequences\seq_AMPHAN_2020_132.npy,sequences\tgt_AMPHAN_2020_132.npy,AMPHAN,2020,2020-05-18 16:30:00,train
sequences\seq_AMPHAN_2020_133.npy,sequences\tgt_AMPHAN_2020_133.npy,AMPHAN,2020,2020-05-18 16:45:00,train
sequences\seq_AMPHAN_2020_134.npy,sequences\tgt_AMPHAN_2020_134.npy,AMPHAN,2020,2020-05-18 17:00:00,train
sequences\seq_AMPHAN_2020_135.npy,sequences\tgt_AMPHAN_2020_135.npy,AMPHAN,2020,2020-05-18 17:15:00,train
sequences\seq_AMPHAN_2020_136.npy,sequences\tgt_AMPHAN_2020_136.npy,AMPHAN,2020,2020-05-18 17:30:00,train
sequences\seq_AMPHAN_2020_137.npy,sequences\tgt_AMPHAN_2020_137.npy,AMPHAN,2020,2020-05-18 17:45:00,train
sequences\seq_AMPHAN_2020_138.npy,sequences\tgt_AMPHAN_2020_138.npy,AMPHAN,2020,2020-05-18 18:00:00,train
sequences\seq_AMPHAN_2020_139.npy,sequences\tgt_AMPHAN_2020_139.npy,AMPHAN,2020,2020-05-18 18:15:00,train
sequences\seq_AMPHAN_2020_140.npy,sequences\tgt_AMPHAN_2020_140.npy,AMPHAN,2020,2020-05-18 18:30:00,train
sequences\seq_AMPHAN_2020_141.npy,sequences\tgt_AMPHAN_2020_141.npy,AMPHAN,2020,2020-05-18 19:00:00,train
sequences\seq_AMPHAN_2020_142.npy,sequences\tgt_AMPHAN_2020_142.npy,AMPHAN,2020,2020-05-18 19:30:00,train
sequences\seq_AMPHAN_2020_143.npy,sequences\tgt_AMPHAN_2020_143.npy,AMPHAN,2020,2020-05-18 19:45:00,train
sequences\seq_AMPHAN_2020_144.npy,sequences\tgt_AMPHAN_2020_144.npy,AMPHAN,2020,2020-05-18 20:00:00,train
sequences\seq_AMPHAN_2020_145.npy,sequences\tgt_AMPHAN_2020_145.npy,AMPHAN,2020,2020-05-18 20:15:00,train
sequences\seq_AMPHAN_2020_146.npy,sequences\tgt_AMPHAN_2020_146.npy,AMPHAN,2020,2020-05-18 20:30:00,train
sequences\seq_AMPHAN_2020_147.npy,sequences\tgt_AMPHAN_2020_147.npy,AMPHAN,2020,2020-05-18 20:45:00,train
sequences\seq_AMPHAN_2020_148.npy,sequences\tgt_AMPHAN_2020_148.npy,AMPHAN,2020,2020-05-18 21:00:00,train
sequences\seq_AMPHAN_2020_149.npy,sequences\tgt_AMPHAN_2020_149.npy,AMPHAN,2020,2020-05-18 21:15:00,train
sequences\seq_AMPHAN_2020_150.npy,sequences\tgt_AMPHAN_2020_150.npy,AMPHAN,2020,2020-05-18 21:30:00,train
sequences\seq_AMPHAN_2020_151.npy,sequences\tgt_AMPHAN_2020_151.npy,AMPHAN,2020,2020-05-18 21:45:00,train
sequences\seq_AMPHAN_2020_152.npy,sequences\tgt_AMPHAN_2020_152.npy,AMPHAN,2020,2020-05-18 22:00:00,train
sequences\seq_AMPHAN_2020_153.npy,sequences\tgt_AMPHAN_2020_153.npy,AMPHAN,2020,2020-05-18 22:15:00,train
sequences\seq_AMPHAN_2020_154.npy,sequences\tgt_AMPHAN_2020_154.npy,AMPHAN,2020,2020-05-18 22:30:00,train
sequences\seq_AMPHAN_2020_155.npy,sequences\tgt_AMPHAN_2020_155.npy,AMPHAN,2020,2020-05-18 22:45:00,train
sequences\seq_AMPHAN_2020_156.npy,sequences\tgt_AMPHAN_2020_156.npy,AMPHAN,2020,2020-05-18 23:00:00,train
sequences\seq_AMPHAN_2020_157.npy,sequences\tgt_AMPHAN_2020_157.npy,AMPHAN,2020,2020-05-18 23:15:00,train
sequences\seq_AMPHAN_2020_158.npy,sequences\tgt_AMPHAN_2020_158.npy,AMPHAN,2020,2020-05-18 23:30:00,train
sequences\seq_AMPHAN_2020_159.npy,sequences\tgt_AMPHAN_2020_159.npy,AMPHAN,2020,2020-05-18 23:45:00,train
sequences\seq_AMPHAN_2020_160.npy,sequences\tgt_AMPHAN_2020_160.npy,AMPHAN,2020,2020-05-19 00:00:00,train
sequences\seq_AMPHAN_2020_161.npy,sequences\tgt_AMPHAN_2020_161.npy,AMPHAN,2020,2020-05-19 00:15:00,train
sequences\seq_AMPHAN_2020_162.npy,sequences\tgt_AMPHAN_2020_162.npy,AMPHAN,2020,2020-05-19 00:30:00,train
sequences\seq_AMPHAN_2020_163.npy,sequences\tgt_AMPHAN_2020_163.npy,AMPHAN,2020,2020-05-19 00:45:00,train
sequences\seq_AMPHAN_2020_164.npy,sequences\tgt_AMPHAN_2020_164.npy,AMPHAN,2020,2020-05-19 01:00:00,train
sequences\seq_AMPHAN_2020_165.npy,sequences\tgt_AMPHAN_2020_165.npy,AMPHAN,2020,2020-05-19 01:15:00,train
sequences\seq_AMPHAN_2020_166.npy,sequences\tgt_AMPHAN_2020_166.npy,AMPHAN,2020,2020-05-19 01:30:00,train
sequences\seq_AMPHAN_2020_167.npy,sequences\tgt_AMPHAN_2020_167.npy,AMPHAN,2020,2020-05-19 01:45:00,train
sequences\seq_AMPHAN_2020_168.npy,sequences\tgt_AMPHAN_2020_168.npy,AMPHAN,2020,2020-05-19 02:00:00,train
sequences\seq_AMPHAN_2020_169.npy,sequences\tgt_AMPHAN_2020_169.npy,AMPHAN,2020,2020-05-19 02:15:00,train
sequences\seq_AMPHAN_2020_170.npy,sequences\tgt_AMPHAN_2020_170.npy,AMPHAN,2020,2020-05-19 02:30:00,train
sequences\seq_AMPHAN_2020_171.npy,sequences\tgt_AMPHAN_2020_171.npy,AMPHAN,2020,2020-05-19 02:45:00,train
sequences\seq_AMPHAN_2020_172.npy,sequences\tgt_AMPHAN_2020_172.npy,AMPHAN,2020,2020-05-19 03:00:00,train
sequences\seq_AMPHAN_2020_173.npy,sequences\tgt_AMPHAN_2020_173.npy,AMPHAN,2020,2020-05-19 03:15:00,train
sequences\seq_AMPHAN_2020_174.npy,sequences\tgt_AMPHAN_2020_174.npy,AMPHAN,2020,2020-05-19 03:30:00,train
sequences\seq_AMPHAN_2020_175.npy,sequences\tgt_AMPHAN_2020_175.npy,AMPHAN,2020,2020-05-19 03:45:00,train
sequences\seq_AMPHAN_2020_176.npy,sequences\tgt_AMPHAN_2020_176.npy,AMPHAN,2020,2020-05-19 04:00:00,train
sequences\seq_AMPHAN_2020_177.npy,sequences\tgt_AMPHAN_2020_177.npy,AMPHAN,2020,2020-05-19 04:15:00,train
sequences\seq_AMPHAN_2020_178.npy,sequences\tgt_AMPHAN_2020_178.npy,AMPHAN,2020,2020-05-19 04:30:00,train
sequences\seq_AMPHAN_2020_179.npy,sequences\tgt_AMPHAN_2020_179.npy,AMPHAN,2020,2020-05-19 04:45:00,train
sequences\seq_AMPHAN_2020_180.npy,sequences\tgt_AMPHAN_2020_180.npy,AMPHAN,2020,2020-05-19 05:00:00,train
sequences\seq_AMPHAN_2020_181.npy,sequences\tgt_AMPHAN_2020_181.npy,AMPHAN,2020,2020-05-19 05:15:00,train
sequences\seq_AMPHAN_2020_182.npy,sequences\tgt_AMPHAN_2020_182.npy,AMPHAN,2020,2020-05-19 05:30:00,train
sequences\seq_AMPHAN_2020_183.npy,sequences\tgt_AMPHAN_2020_183.npy,AMPHAN,2020,2020-05-19 05:45:00,train
sequences\seq_AMPHAN_2020_184.npy,sequences\tgt_AMPHAN_2020_184.npy,AMPHAN,2020,2020-05-19 06:00:00,train
sequences\seq_AMPHAN_2020_185.npy,sequences\tgt_AMPHAN_2020_185.npy,AMPHAN,2020,2020-05-19 06:15:00,train
sequences\seq_AMPHAN_2020_186.npy,sequences\tgt_AMPHAN_2020_186.npy,AMPHAN,2020,2020-05-19 06:30:00,train
sequences\seq_AMPHAN_2020_187.npy,sequences\tgt_AMPHAN_2020_187.npy,AMPHAN,2020,2020-05-19 06:45:00,train
sequences\seq_AMPHAN_2020_188.npy,sequences\tgt_AMPHAN_2020_188.npy,AMPHAN,2020,2020-05-19 07:00:00,train
sequences\seq_AMPHAN_2020_189.npy,sequences\tgt_AMPHAN_2020_189.npy,AMPHAN,2020,2020-05-19 07:15:00,train
sequences\seq_AMPHAN_2020_190.npy,sequences\tgt_AMPHAN_2020_190.npy,AMPHAN,2020,2020-05-19 07:30:00,train
sequences\seq_AMPHAN_2020_191.npy,sequences\tgt_AMPHAN_2020_191.npy,AMPHAN,2020,2020-05-19 07:45:00,train
sequences\seq_AMPHAN_2020_192.npy,sequences\tgt_AMPHAN_2020_192.npy,AMPHAN,2020,2020-05-19 08:00:00,train
sequences\seq_AMPHAN_2020_193.npy,sequences\tgt_AMPHAN_2020_193.npy,AMPHAN,2020,2020-05-19 08:15:00,train
sequences\seq_AMPHAN_2020_194.npy,sequences\tgt_AMPHAN_2020_194.npy,AMPHAN,2020,2020-05-19 08:30:00,train
sequences\seq_AMPHAN_2020_195.npy,sequences\tgt_AMPHAN_2020_195.npy,AMPHAN,2020,2020-05-19 08:45:00,train
sequences\seq_AMPHAN_2020_196.npy,sequences\tgt_AMPHAN_2020_196.npy,AMPHAN,2020,2020-05-19 09:00:00,train
sequences\seq_AMPHAN_2020_197.npy,sequences\tgt_AMPHAN_2020_197.npy,AMPHAN,2020,2020-05-19 09:15:00,train
sequences\seq_AMPHAN_2020_198.npy,sequences\tgt_AMPHAN_2020_198.npy,AMPHAN,2020,2020-05-19 09:30:00,train
sequences\seq_AMPHAN_2020_199.npy,sequences\tgt_AMPHAN_2020_199.npy,AMPHAN,2020,2020-05-19 09:45:00,train
sequences\seq_AMPHAN_2020_200.npy,sequences\tgt_AMPHAN_2020_200.npy,AMPHAN,2020,2020-05-19 10:00:00,train
sequences\seq_AMPHAN_2020_201.npy,sequences\tgt_AMPHAN_2020_201.npy,AMPHAN,2020,2020-05-19 10:15:00,train
sequences\seq_AMPHAN_2020_202.npy,sequences\tgt_AMPHAN_2020_202.npy,AMPHAN,2020,2020-05-19 10:30:00,train
sequences\seq_AMPHAN_2020_203.npy,sequences\tgt_AMPHAN_2020_203.npy,AMPHAN,2020,2020-05-19 10:45:00,train
sequences\seq_AMPHAN_2020_204.npy,sequences\tgt_AMPHAN_2020_204.npy,AMPHAN,2020,2020-05-19 11:00:00,train
sequences\seq_AMPHAN_2020_205.npy,sequences\tgt_AMPHAN_2020_205.npy,AMPHAN,2020,2020-05-19 11:15:00,train
sequences\seq_AMPHAN_2020_206.npy,sequences\tgt_AMPHAN_2020_206.npy,AMPHAN,2020,2020-05-19 11:30:00,train
sequences\seq_AMPHAN_2020_207.npy,sequences\tgt_AMPHAN_2020_207.npy,AMPHAN,2020,2020-05-19 11:45:00,train
sequences\seq_AMPHAN_2020_208.npy,sequences\tgt_AMPHAN_2020_208.npy,AMPHAN,2020,2020-05-19 12:00:00,train
sequences\seq_AMPHAN_2020_209.npy,sequences\tgt_AMPHAN_2020_209.npy,AMPHAN,2020,2020-05-19 12:15:00,train
sequences\seq_AMPHAN_2020_210.npy,sequences\tgt_AMPHAN_2020_210.npy,AMPHAN,2020,2020-05-19 12:30:00,train
sequences\seq_AMPHAN_2020_211.npy,sequences\tgt_AMPHAN_2020_211.npy,AMPHAN,2020,2020-05-19 12:45:00,train
sequences\seq_AMPHAN_2020_212.npy,sequences\tgt_AMPHAN_2020_212.npy,AMPHAN,2020,2020-05-19 13:00:00,train
sequences\seq_AMPHAN_2020_213.npy,sequences\tgt_AMPHAN_2020_213.npy,AMPHAN,2020,2020-05-19 13:15:00,train
sequences\seq_AMPHAN_2020_214.npy,sequences\tgt_AMPHAN_2020_214.npy,AMPHAN,2020,2020-05-19 13:30:00,train
sequences\seq_AMPHAN_2020_215.npy,sequences\tgt_AMPHAN_2020_215.npy,AMPHAN,2020,2020-05-19 13:45:00,train
sequences\seq_AMPHAN_2020_216.npy,sequences\tgt_AMPHAN_2020_216.npy,AMPHAN,2020,2020-05-19 14:00:00,train
sequences\seq_AMPHAN_2020_217.npy,sequences\tgt_AMPHAN_2020_217.npy,AMPHAN,2020,2020-05-19 14:15:00,train
sequences\seq_AMPHAN_2020_218.npy,sequences\tgt_AMPHAN_2020_218.npy,AMPHAN,2020,2020-05-19 14:30:00,train
sequences\seq_AMPHAN_2020_219.npy,sequences\tgt_AMPHAN_2020_219.npy,AMPHAN,2020,2020-05-19 14:45:00,train
sequences\seq_AMPHAN_2020_220.npy,sequences\tgt_AMPHAN_2020_220.npy,AMPHAN,2020,2020-05-19 15:00:00,train
sequences\seq_AMPHAN_2020_221.npy,sequences\tgt_AMPHAN_2020_221.npy,AMPHAN,2020,2020-05-19 15:15:00,train
sequences\seq_AMPHAN_2020_222.npy,sequences\tgt_AMPHAN_2020_222.npy,AMPHAN,2020,2020-05-19 15:30:00,train
sequences\seq_AMPHAN_2020_223.npy,sequences\tgt_AMPHAN_2020_223.npy,AMPHAN,2020,2020-05-19 15:45:00,train
sequences\seq_AMPHAN_2020_224.npy,sequences\tgt_AMPHAN_2020_224.npy,AMPHAN,2020,2020-05-19 16:00:00,train
sequences\seq_AMPHAN_2020_225.npy,sequences\tgt_AMPHAN_2020_225.npy,AMPHAN,2020,2020-05-19 16:15:00,train
sequences\seq_AMPHAN_2020_226.npy,sequences\tgt_AMPHAN_2020_226.npy,AMPHAN,2020,2020-05-19 16:30:00,train
sequences\seq_AMPHAN_2020_227.npy,sequences\tgt_AMPHAN_2020_227.npy,AMPHAN,2020,2020-05-19 16:45:00,train
sequences\seq_AMPHAN_2020_228.npy,sequences\tgt_AMPHAN_2020_228.npy,AMPHAN,2020,2020-05-19 17:00:00,train
sequences\seq_AMPHAN_2020_229.npy,sequences\tgt_AMPHAN_2020_229.npy,AMPHAN,2020,2020-05-19 17:15:00,train
sequences\seq_AMPHAN_2020_230.npy,sequences\tgt_AMPHAN_2020_230.npy,AMPHAN,2020,2020-05-19 17:30:00,train
sequences\seq_AMPHAN_2020_231.npy,sequences\tgt_AMPHAN_2020_231.npy,AMPHAN,2020,2020-05-19 17:45:00,train
sequences\seq_AMPHAN_2020_232.npy,sequences\tgt_AMPHAN_2020_232.npy,AMPHAN,2020,2020-05-19 18:00:00,train
sequences\seq_AMPHAN_2020_233.npy,sequences\tgt_AMPHAN_2020_233.npy,AMPHAN,2020,2020-05-19 18:15:00,train
sequences\seq_AMPHAN_2020_234.npy,sequences\tgt_AMPHAN_2020_234.npy,AMPHAN,2020,2020-05-19 19:00:00,train
sequences\seq_AMPHAN_2020_235.npy,sequences\tgt_AMPHAN_2020_235.npy,AMPHAN,2020,2020-05-19 19:30:00,train
sequences\seq_AMPHAN_2020_236.npy,sequences\tgt_AMPHAN_2020_236.npy,AMPHAN,2020,2020-05-19 19:45:00,train
sequences\seq_AMPHAN_2020_237.npy,sequences\tgt_AMPHAN_2020_237.npy,AMPHAN,2020,2020-05-19 20:00:00,train
sequences\seq_AMPHAN_2020_238.npy,sequences\tgt_AMPHAN_2020_238.npy,AMPHAN,2020,2020-05-19 20:15:00,train
sequences\seq_AMPHAN_2020_239.npy,sequences\tgt_AMPHAN_2020_239.npy,AMPHAN,2020,2020-05-19 20:30:00,train
sequences\seq_AMPHAN_2020_240.npy,sequences\tgt_AMPHAN_2020_240.npy,AMPHAN,2020,2020-05-19 20:45:00,train
sequences\seq_AMPHAN_2020_241.npy,sequences\tgt_AMPHAN_2020_241.npy,AMPHAN,2020,2020-05-19 21:00:00,train
sequences\seq_AMPHAN_2020_242.npy,sequences\tgt_AMPHAN_2020_242.npy,AMPHAN,2020,2020-05-19 21:15:00,train
sequences\seq_AMPHAN_2020_243.npy,sequences\tgt_AMPHAN_2020_243.npy,AMPHAN,2020,2020-05-19 21:30:00,train
sequences\seq_AMPHAN_2020_244.npy,sequences\tgt_AMPHAN_2020_244.npy,AMPHAN,2020,2020-05-19 21:45:00,train
sequences\seq_AMPHAN_2020_245.npy,sequences\tgt_AMPHAN_2020_245.npy,AMPHAN,2020,2020-05-19 22:00:00,train
sequences\seq_AMPHAN_2020_246.npy,sequences\tgt_AMPHAN_2020_246.npy,AMPHAN,2020,2020-05-19 22:15:00,train
sequences\seq_AMPHAN_2020_247.npy,sequences\tgt_AMPHAN_2020_247.npy,AMPHAN,2020,2020-05-19 22:30:00,train
sequences\seq_AMPHAN_2020_248.npy,sequences\tgt_AMPHAN_2020_248.npy,AMPHAN,2020,2020-05-19 22:45:00,train
sequences\seq_AMPHAN_2020_249.npy,sequences\tgt_AMPHAN_2020_249.npy,AMPHAN,2020,2020-05-19 23:00:00,train
sequences\seq_AMPHAN_2020_250.npy,sequences\tgt_AMPHAN_2020_250.npy,AMPHAN,2020,2020-05-19 23:15:00,train
sequences\seq_AMPHAN_2020_251.npy,sequences\tgt_AMPHAN_2020_251.npy,AMPHAN,2020,2020-05-19 23:30:00,train
sequences\seq_AMPHAN_2020_252.npy,sequences\tgt_AMPHAN_2020_252.npy,AMPHAN,2020,2020-05-19 23:45:00,train
sequences\seq_AMPHAN_2020_253.npy,sequences\tgt_AMPHAN_2020_253.npy,AMPHAN,2020,2020-05-20 00:00:00,train
sequences\seq_AMPHAN_2020_254.npy,sequences\tgt_AMPHAN_2020_254.npy,AMPHAN,2020,2020-05-20 00:15:00,train
sequences\seq_AMPHAN_2020_255.npy,sequences\tgt_AMPHAN_2020_255.npy,AMPHAN,2020,2020-05-20 00:30:00,train
sequences\seq_AMPHAN_2020_256.npy,sequences\tgt_AMPHAN_2020_256.npy,AMPHAN,2020,2020-05-20 00:45:00,train
sequences\seq_AMPHAN_2020_257.npy,sequences\tgt_AMPHAN_2020_257.npy,AMPHAN,2020,2020-05-20 01:00:00,train
sequences\seq_AMPHAN_2020_258.npy,sequences\tgt_AMPHAN_2020_258.npy,AMPHAN,2020,2020-05-20 01:15:00,train
sequences\seq_AMPHAN_2020_259.npy,sequences\tgt_AMPHAN_2020_259.npy,AMPHAN,2020,2020-05-20 01:30:00,train
sequences\seq_AMPHAN_2020_260.npy,sequences\tgt_AMPHAN_2020_260.npy,AMPHAN,2020,2020-05-20 01:45:00,train
sequences\seq_AMPHAN_2020_261.npy,sequences\tgt_AMPHAN_2020_261.npy,AMPHAN,2020,2020-05-20 02:00:00,train
sequences\seq_AMPHAN_2020_262.npy,sequences\tgt_AMPHAN_2020_262.npy,AMPHAN,2020,2020-05-20 02:15:00,train
sequences\seq_AMPHAN_2020_263.npy,sequences\tgt_AMPHAN_2020_263.npy,AMPHAN,2020,2020-05-20 02:30:00,train
sequences\seq_AMPHAN_2020_264.npy,sequences\tgt_AMPHAN_2020_264.npy,AMPHAN,2020,2020-05-20 02:45:00,train
sequences\seq_AMPHAN_2020_265.npy,sequences\tgt_AMPHAN_2020_265.npy,AMPHAN,2020,2020-05-20 03:00:00,train
sequences\seq_AMPHAN_2020_266.npy,sequences\tgt_AMPHAN_2020_266.npy,AMPHAN,2020,2020-05-20 03:15:00,train
sequences\seq_AMPHAN_2020_267.npy,sequences\tgt_AMPHAN_2020_267.npy,AMPHAN,2020,2020-05-20 03:30:00,train
sequences\seq_AMPHAN_2020_268.npy,sequences\tgt_AMPHAN_2020_268.npy,AMPHAN,2020,2020-05-20 03:45:00,train
sequences\seq_AMPHAN_2020_269.npy,sequences\tgt_AMPHAN_2020_269.npy,AMPHAN,2020,2020-05-20 04:00:00,train
sequences\seq_AMPHAN_2020_270.npy,sequences\tgt_AMPHAN_2020_270.npy,AMPHAN,2020,2020-05-20 04:15:00,train
sequences\seq_AMPHAN_2020_271.npy,sequences\tgt_AMPHAN_2020_271.npy,AMPHAN,2020,2020-05-20 04:30:00,train
sequences\seq_AMPHAN_2020_272.npy,sequences\tgt_AMPHAN_2020_272.npy,AMPHAN,2020,2020-05-20 04:45:00,train
sequences\seq_AMPHAN_2020_273.npy,sequences\tgt_AMPHAN_2020_273.npy,AMPHAN,2020,2020-05-20 05:00:00,train
sequences\seq_AMPHAN_2020_274.npy,sequences\tgt_AMPHAN_2020_274.npy,AMPHAN,2020,2020-05-20 05:15:00,train
sequences\seq_AMPHAN_2020_275.npy,sequences\tgt_AMPHAN_2020_275.npy,AMPHAN,2020,2020-05-20 05:30:00,train
sequences\seq_AMPHAN_2020_276.npy,sequences\tgt_AMPHAN_2020_276.npy,AMPHAN,2020,2020-05-20 05:45:00,train
sequences\seq_AMPHAN_2020_277.npy,sequences\tgt_AMPHAN_2020_277.npy,AMPHAN,2020,2020-05-20 06:00:00,train
sequences\seq_AMPHAN_2020_278.npy,sequences\tgt_AMPHAN_2020_278.npy,AMPHAN,2020,2020-05-20 06:15:00,train
sequences\seq_AMPHAN_2020_279.npy,sequences\tgt_AMPHAN_2020_279.npy,AMPHAN,2020,2020-05-20 06:30:00,train
sequences\seq_AMPHAN_2020_280.npy,sequences\tgt_AMPHAN_2020_280.npy,AMPHAN,2020,2020-05-20 06:45:00,train
sequences\seq_AMPHAN_2020_281.npy,sequences\tgt_AMPHAN_2020_281.npy,AMPHAN,2020,2020-05-20 07:00:00,train
sequences\seq_AMPHAN_2020_282.npy,sequences\tgt_AMPHAN_2020_282.npy,AMPHAN,2020,2020-05-20 07:15:00,train
sequences\seq_AMPHAN_2020_283.npy,sequences\tgt_AMPHAN_2020_283.npy,AMPHAN,2020,2020-05-20 07:30:00,train
sequences\seq_AMPHAN_2020_284.npy,sequences\tgt_AMPHAN_2020_284.npy,AMPHAN,2020,2020-05-20 07:45:00,train
sequences\seq_AMPHAN_2020_285.npy,sequences\tgt_AMPHAN_2020_285.npy,AMPHAN,2020,2020-05-20 08:00:00,train
sequences\seq_AMPHAN_2020_286.npy,sequences\tgt_AMPHAN_2020_286.npy,AMPHAN,2020,2020-05-20 08:15:00,train
sequences\seq_AMPHAN_2020_287.npy,sequences\tgt_AMPHAN_2020_287.npy,AMPHAN,2020,2020-05-20 08:30:00,train
sequences\seq_AMPHAN_2020_288.npy,sequences\tgt_AMPHAN_2020_288.npy,AMPHAN,2020,2020-05-20 08:45:00,train
sequences\seq_AMPHAN_2020_289.npy,sequences\tgt_AMPHAN_2020_289.npy,AMPHAN,2020,2020-05-20 09:00:00,train
sequences\seq_AMPHAN_2020_290.npy,sequences\tgt_AMPHAN_2020_290.npy,AMPHAN,2020,2020-05-20 09:15:00,train
sequences\seq_AMPHAN_2020_291.npy,sequences\tgt_AMPHAN_2020_291.npy,AMPHAN,2020,2020-05-20 09:30:00,train
sequences\seq_AMPHAN_2020_292.npy,sequences\tgt_AMPHAN_2020_292.npy,AMPHAN,2020,2020-05-20 09:45:00,train
sequences\seq_AMPHAN_2020_293.npy,sequences\tgt_AMPHAN_2020_293.npy,AMPHAN,2020,2020-05-20 10:00:00,train
sequences\seq_AMPHAN_2020_294.npy,sequences\tgt_AMPHAN_2020_294.npy,AMPHAN,2020,2020-05-20 10:15:00,train
sequences\seq_AMPHAN_2020_295.npy,sequences\tgt_AMPHAN_2020_295.npy,AMPHAN,2020,2020-05-20 10:30:00,train
sequences\seq_AMPHAN_2020_296.npy,sequences\tgt_AMPHAN_2020_296.npy,AMPHAN,2020,2020-05-20 10:45:00,train
sequences\seq_AMPHAN_2020_297.npy,sequences\tgt_AMPHAN_2020_297.npy,AMPHAN,2020,2020-05-20 11:00:00,train
sequences\seq_AMPHAN_2020_298.npy,sequences\tgt_AMPHAN_2020_298.npy,AMPHAN,2020,2020-05-20 11:15:00,train
sequences\seq_AMPHAN_2020_299.npy,sequences\tgt_AMPHAN_2020_299.npy,AMPHAN,2020,2020-05-20 11:30:00,train
sequences\seq_AMPHAN_2020_300.npy,sequences\tgt_AMPHAN_2020_300.npy,AMPHAN,2020,2020-05-20 11:45:00,train
sequences\seq_AMPHAN_2020_301.npy,sequences\tgt_AMPHAN_2020_301.npy,AMPHAN,2020,2020-05-20 12:15:00,train
sequences\seq_AMPHAN_2020_302.npy,sequences\tgt_AMPHAN_2020_302.npy,AMPHAN,2020,2020-05-20 12:30:00,train
sequences\seq_AMPHAN_2020_303.npy,sequences\tgt_AMPHAN_2020_303.npy,AMPHAN,2020,2020-05-20 12:45:00,train
sequences\seq_AMPHAN_2020_304.npy,sequences\tgt_AMPHAN_2020_304.npy,AMPHAN,2020,2020-05-20 13:00:00,train
sequences\seq_AMPHAN_2020_305.npy,sequences\tgt_AMPHAN_2020_305.npy,AMPHAN,2020,2020-05-20 13:15:00,train
sequences\seq_AMPHAN_2020_306.npy,sequences\tgt_AMPHAN_2020_306.npy,AMPHAN,2020,2020-05-20 13:30:00,train
sequences\seq_AMPHAN_2020_307.npy,sequences\tgt_AMPHAN_2020_307.npy,AMPHAN,2020,2020-05-20 13:45:00,train
sequences\seq_AMPHAN_2020_308.npy,sequences\tgt_AMPHAN_2020_308.npy,AMPHAN,2020,2020-05-20 14:00:00,train
sequences\seq_AMPHAN_2020_309.npy,sequences\tgt_AMPHAN_2020_309.npy,AMPHAN,2020,2020-05-20 14:15:00,train
sequences\seq_AMPHAN_2020_310.npy,sequences\tgt_AMPHAN_2020_310.npy,AMPHAN,2020,2020-05-20 14:30:00,train
sequences\seq_AMPHAN_2020_311.npy,sequences\tgt_AMPHAN_2020_311.npy,AMPHAN,2020,2020-05-20 14:45:00,train
sequences\seq_AMPHAN_2020_312.npy,sequences\tgt_AMPHAN_2020_312.npy,AMPHAN,2020,2020-05-20 15:00:00,train
sequences\seq_AMPHAN_2020_313.npy,sequences\tgt_AMPHAN_2020_313.npy,AMPHAN,2020,2020-05-20 15:15:00,train
sequences\seq_AMPHAN_2020_314.npy,sequences\tgt_AMPHAN_2020_314.npy,AMPHAN,2020,2020-05-20 15:30:00,train
sequences\seq_AMPHAN_2020_315.npy,sequences\tgt_AMPHAN_2020_315.npy,AMPHAN,2020,2020-05-20 15:45:00,train
sequences\seq_AMPHAN_2020_316.npy,sequences\tgt_AMPHAN_2020_316.npy,AMPHAN,2020,2020-05-20 16:15:00,train
sequences\seq_AMPHAN_2020_317.npy,sequences\tgt_AMPHAN_2020_317.npy,AMPHAN,2020,2020-05-20 16:30:00,train
sequences\seq_AMPHAN_2020_318.npy,sequences\tgt_AMPHAN_2020_318.npy,AMPHAN,2020,2020-05-20 16:45:00,train
sequences\seq_AMPHAN_2020_319.npy,sequences\tgt_AMPHAN_2020_319.npy,AMPHAN,2020,2020-05-20 17:00:00,train
sequences\seq_AMPHAN_2020_320.npy,sequences\tgt_AMPHAN_2020_320.npy,AMPHAN,2020,2020-05-20 17:15:00,train
sequences\seq_AMPHAN_2020_321.npy,sequences\tgt_AMPHAN_2020_321.npy,AMPHAN,2020,2020-05-20 17:30:00,train
sequences\seq_AMPHAN_2020_322.npy,sequences\tgt_AMPHAN_2020_322.npy,AMPHAN,2020,2020-05-20 17:45:00,train
sequences\seq_AMPHAN_2020_323.npy,sequences\tgt_AMPHAN_2020_323.npy,AMPHAN,2020,2020-05-20 18:00:00,train
sequences\seq_AMPHAN_2020_324.npy,sequences\tgt_AMPHAN_2020_324.npy,AMPHAN,2020,2020-05-20 18:15:00,train
sequences\seq_AMPHAN_2020_325.npy,sequences\tgt_AMPHAN_2020_325.npy,AMPHAN,2020,2020-05-20 18:30:00,train
sequences\seq_AMPHAN_2020_326.npy,sequences\tgt_AMPHAN_2020_326.npy,AMPHAN,2020,2020-05-20 19:30:00,train
sequences\seq_AMPHAN_2020_327.npy,sequences\tgt_AMPHAN_2020_327.npy,AMPHAN,2020,2020-05-20 19:45:00,train
sequences\seq_AMPHAN_2020_328.npy,sequences\tgt_AMPHAN_2020_328.npy,AMPHAN,2020,2020-05-20 20:00:00,train
sequences\seq_AMPHAN_2020_329.npy,sequences\tgt_AMPHAN_2020_329.npy,AMPHAN,2020,2020-05-20 20:15:00,train
sequences\seq_AMPHAN_2020_330.npy,sequences\tgt_AMPHAN_2020_330.npy,AMPHAN,2020,2020-05-20 20:30:00,train
sequences\seq_AMPHAN_2020_331.npy,sequences\tgt_AMPHAN_2020_331.npy,AMPHAN,2020,2020-05-20 20:45:00,train
sequences\seq_AMPHAN_2020_332.npy,sequences\tgt_AMPHAN_2020_332.npy,AMPHAN,2020,2020-05-20 21:00:00,train
sequences\seq_AMPHAN_2020_333.npy,sequences\tgt_AMPHAN_2020_333.npy,AMPHAN,2020,2020-05-20 21:15:00,train
sequences\seq_AMPHAN_2020_334.npy,sequences\tgt_AMPHAN_2020_334.npy,AMPHAN,2020,2020-05-20 21:30:00,train
sequences\seq_AMPHAN_2020_335.npy,sequences\tgt_AMPHAN_2020_335.npy,AMPHAN,2020,2020-05-20 21:45:00,train
sequences\seq_AMPHAN_2020_336.npy,sequences\tgt_AMPHAN_2020_336.npy,AMPHAN,2020,2020-05-20 22:00:00,train
sequences\seq_AMPHAN_2020_337.npy,sequences\tgt_AMPHAN_2020_337.npy,AMPHAN,2020,2020-05-20 22:15:00,train
sequences\seq_AMPHAN_2020_338.npy,sequences\tgt_AMPHAN_2020_338.npy,AMPHAN,2020,2020-05-20 22:30:00,train
sequences\seq_AMPHAN_2020_339.npy,sequences\tgt_AMPHAN_2020_339.npy,AMPHAN,2020,2020-05-20 22:45:00,train
sequences\seq_AMPHAN_2020_340.npy,sequences\tgt_AMPHAN_2020_340.npy,AMPHAN,2020,2020-05-20 23:00:00,train
sequences\seq_AMPHAN_2020_341.npy,sequences\tgt_AMPHAN_2020_341.npy,AMPHAN,2020,2020-05-20 23:15:00,train
sequences\seq_AMPHAN_2020_342.npy,sequences\tgt_AMPHAN_2020_342.npy,AMPHAN,2020,2020-05-20 23:30:00,train
sequences\seq_AMPHAN_2020_343.npy,sequences\tgt_AMPHAN_2020_343.npy,AMPHAN,2020,2020-05-20 23:45:00,train
sequences\seq_AMPHAN_2020_344.npy,sequences\tgt_AMPHAN_2020_344.npy,AMPHAN,2020,2020-05-21 00:00:00,train
sequences\seq_AMPHAN_2020_345.npy,sequences\tgt_AMPHAN_2020_345.npy,AMPHAN,2020,2020-05-21 00:15:00,train
sequences\seq_AMPHAN_2020_346.npy,sequences\tgt_AMPHAN_2020_346.npy,AMPHAN,2020,2020-05-21 00:30:00,train
sequences\seq_AMPHAN_2020_347.npy,sequences\tgt_AMPHAN_2020_347.npy,AMPHAN,2020,2020-05-21 00:45:00,train
sequences\seq_AMPHAN_2020_348.npy,sequences\tgt_AMPHAN_2020_348.npy,AMPHAN,2020,2020-05-21 01:00:00,train
sequences\seq_AMPHAN_2020_349.npy,sequences\tgt_AMPHAN_2020_349.npy,AMPHAN,2020,2020-05-21 01:15:00,train
sequences\seq_AMPHAN_2020_350.npy,sequences\tgt_AMPHAN_2020_350.npy,AMPHAN,2020,2020-05-21 01:30:00,train
sequences\seq_AMPHAN_2020_351.npy,sequences\tgt_AMPHAN_2020_351.npy,AMPHAN,2020,2020-05-21 01:45:00,train
sequences\seq_AMPHAN_2020_352.npy,sequences\tgt_AMPHAN_2020_352.npy,AMPHAN,2020,2020-05-21 02:00:00,train
sequences\seq_AMPHAN_2020_353.npy,sequences\tgt_AMPHAN_2020_353.npy,AMPHAN,2020,2020-05-21 02:15:00,train
sequences\seq_AMPHAN_2020_354.npy,sequences\tgt_AMPHAN_2020_354.npy,AMPHAN,2020,2020-05-21 02:30:00,train
sequences\seq_AMPHAN_2020_355.npy,sequences\tgt_AMPHAN_2020_355.npy,AMPHAN,2020,2020-05-21 02:45:00,train
sequences\seq_AMPHAN_2020_356.npy,sequences\tgt_AMPHAN_2020_356.npy,AMPHAN,2020,2020-05-21 03:00:00,train
sequences\seq_AMPHAN_2020_357.npy,sequences\tgt_AMPHAN_2020_357.npy,AMPHAN,2020,2020-05-21 03:15:00,train
sequences\seq_AMPHAN_2020_358.npy,sequences\tgt_AMPHAN_2020_358.npy,AMPHAN,2020,2020-05-21 03:30:00,train
sequences\seq_AMPHAN_2020_359.npy,sequences\tgt_AMPHAN_2020_359.npy,AMPHAN,2020,2020-05-21 03:45:00,train
sequences\seq_AMPHAN_2020_360.npy,sequences\tgt_AMPHAN_2020_360.npy,AMPHAN,2020,2020-05-21 04:00:00,train
sequences\seq_AMPHAN_2020_361.npy,sequences\tgt_AMPHAN_2020_361.npy,AMPHAN,2020,2020-05-21 04:15:00,train
sequences\seq_AMPHAN_2020_362.npy,sequences\tgt_AMPHAN_2020_362.npy,AMPHAN,2020,2020-05-21 04:30:00,train
sequences\seq_AMPHAN_2020_363.npy,sequences\tgt_AMPHAN_2020_363.npy,AMPHAN,2020,2020-05-21 04:45:00,train
sequences\seq_AMPHAN_2020_364.npy,sequences\tgt_AMPHAN_2020_364.npy,AMPHAN,2020,2020-05-21 05:00:00,train
sequences\seq_AMPHAN_2020_365.npy,sequences\tgt_AMPHAN_2020_365.npy,AMPHAN,2020,2020-05-21 05:15:00,train
sequences\seq_AMPHAN_2020_366.npy,sequences\tgt_AMPHAN_2020_366.npy,AMPHAN,2020,2020-05-21 05:30:00,train
sequences\seq_BULBUL_2019_367.npy,sequences\tgt_BULBUL_2019_367.npy,BULBUL,2019,2019-11-10 20:00:00,train
sequences\seq_BULBUL_2019_368.npy,sequences\tgt_BULBUL_2019_368.npy,BULBUL,2019,2019-11-10 20:30:00,train
sequences\seq_BULBUL_2019_369.npy,sequences\tgt_BULBUL_2019_369.npy,BULBUL,2019,2019-11-10 21:00:00,train
sequences\seq_BULBUL_2019_370.npy,sequences\tgt_BULBUL_2019_370.npy,BULBUL,2019,2019-11-10 21:30:00,train
sequences\seq_BULBUL_2019_371.npy,sequences\tgt_BULBUL_2019_371.npy,BULBUL,2019,2019-11-10 22:00:00,train
sequences\seq_BULBUL_2019_372.npy,sequences\tgt_BULBUL_2019_372.npy,BULBUL,2019,2019-11-10 22:30:00,train
sequences\seq_BULBUL_2019_373.npy,sequences\tgt_BULBUL_2019_373.npy,BULBUL,2019,2019-11-10 23:00:00,train
sequences\seq_BULBUL_2019_374.npy,sequences\tgt_BULBUL_2019_374.npy,BULBUL,2019,2019-11-10 23:30:00,train
sequences\seq_BULBUL_2019_375.npy,sequences\tgt_BULBUL_2019_375.npy,BULBUL,2019,2019-11-11 00:00:00,train
sequences\seq_BULBUL_2019_376.npy,sequences\tgt_BULBUL_2019_376.npy,BULBUL,2019,2019-11-11 00:30:00,train
sequences\seq_BULBUL_2019_377.npy,sequences\tgt_BULBUL_2019_377.npy,BULBUL,2019,2019-11-11 01:00:00,train
sequences\seq_BULBUL_2019_378.npy,sequences\tgt_BULBUL_2019_378.npy,BULBUL,2019,2019-11-11 01:30:00,train
sequences\seq_BULBUL_2019_379.npy,sequences\tgt_BULBUL_2019_379.npy,BULBUL,2019,2019-11-11 02:00:00,train
sequences\seq_BUREVI’_2020_380.npy,sequences\tgt_BUREVI’_2020_380.npy,BUREVI’,2020,2020-11-30 05:30:00,train
sequences\seq_BUREVI’_2020_381.npy,sequences\tgt_BUREVI’_2020_381.npy,BUREVI’,2020,2020-11-30 05:45:00,train
sequences\seq_BUREVI’_2020_382.npy,sequences\tgt_BUREVI’_2020_382.npy,BUREVI’,2020,2020-11-30 06:00:00,train
sequences\seq_BUREVI’_2020_383.npy,sequences\tgt_BUREVI’_2020_383.npy,BUREVI’,2020,2020-11-30 06:15:00,train
sequences\seq_BUREVI’_2020_384.npy,sequences\tgt_BUREVI’_2020_384.npy,BUREVI’,2020,2020-11-30 06:30:00,train
sequences\seq_BUREVI’_2020_385.npy,sequences\tgt_BUREVI’_2020_385.npy,BUREVI’,2020,2020-11-30 06:45:00,train
sequences\seq_BUREVI’_2020_386.npy,sequences\tgt_BUREVI’_2020_386.npy,BUREVI’,2020,2020-11-30 07:00:00,train
sequences\seq_BUREVI’_2020_387.npy,sequences\tgt_BUREVI’_2020_387.npy,BUREVI’,2020,2020-11-30 07:15:00,train
sequences\seq_BUREVI’_2020_388.npy,sequences\tgt_BUREVI’_2020_388.npy,BUREVI’,2020,2020-11-30 07:30:00,train
sequences\seq_BUREVI’_2020_389.npy,sequences\tgt_BUREVI’_2020_389.npy,BUREVI’,2020,2020-11-30 07:45:00,train
sequences\seq_BUREVI’_2020_390.npy,sequences\tgt_BUREVI’_2020_390.npy,BUREVI’,2020,2020-11-30 08:00:00,train
sequences\seq_BUREVI’_2020_391.npy,sequences\tgt_BUREVI’_2020_391.npy,BUREVI’,2020,2020-11-30 08:30:00,train
sequences\seq_BUREVI’_2020_392.npy,sequences\tgt_BUREVI’_2020_392.npy,BUREVI’,2020,2020-11-30 08:45:00,train
sequences\seq_BUREVI’_2020_393.npy,sequences\tgt_BUREVI’_2020_393.npy,BUREVI’,2020,2020-11-30 09:00:00,train
sequences\seq_BUREVI’_2020_394.npy,sequences\tgt_BUREVI’_2020_394.npy,BUREVI’,2020,2020-11-30 09:15:00,train
sequences\seq_BUREVI’_2020_395.npy,sequences\tgt_BUREVI’_2020_395.npy,BUREVI’,2020,2020-11-30 09:30:00,train
sequences\seq_BUREVI’_2020_396.npy,sequences\tgt_BUREVI’_2020_396.npy,BUREVI’,2020,2020-11-30 09:45:00,train
sequences\seq_BUREVI’_2020_397.npy,sequences\tgt_BUREVI’_2020_397.npy,BUREVI’,2020,2020-11-30 10:00:00,train
sequences\seq_BUREVI’_2020_398.npy,sequences\tgt_BUREVI’_2020_398.npy,BUREVI’,2020,2020-11-30 10:15:00,train
sequences\seq_BUREVI’_2020_399.npy,sequences\tgt_BUREVI’_2020_399.npy,BUREVI’,2020,2020-11-30 10:30:00,train
sequences\seq_BUREVI’_2020_400.npy,sequences\tgt_BUREVI’_2020_400.npy,BUREVI’,2020,2020-11-30 10:45:00,train
sequences\seq_BUREVI’_2020_401.npy,sequences\tgt_BUREVI’_2020_401.npy,BUREVI’,2020,2020-11-30 11:00:00,train
sequences\seq_BUREVI’_2020_402.npy,sequences\tgt_BUREVI’_2020_402.npy,BUREVI’,2020,2020-11-30 11:15:00,train
sequences\seq_BUREVI’_2020_403.npy,sequences\tgt_BUREVI’_2020_403.npy,BUREVI’,2020,2020-11-30 11:30:00,train
sequences\seq_BUREVI’_2020_404.npy,sequences\tgt_BUREVI’_2020_404.npy,BUREVI’,2020,2020-11-30 11:45:00,train
sequences\seq_BUREVI’_2020_405.npy,sequences\tgt_BUREVI’_2020_405.npy,BUREVI’,2020,2020-11-30 12:00:00,train
sequences\seq_BUREVI’_2020_406.npy,sequences\tgt_BUREVI’_2020_406.npy,BUREVI’,2020,2020-11-30 12:15:00,train
sequences\seq_BUREVI’_2020_407.npy,sequences\tgt_BUREVI’_2020_407.npy,BUREVI’,2020,2020-11-30 12:30:00,train
sequences\seq_BUREVI’_2020_408.npy,sequences\tgt_BUREVI’_2020_408.npy,BUREVI’,2020,2020-11-30 12:45:00,train
sequences\seq_BUREVI’_2020_409.npy,sequences\tgt_BUREVI’_2020_409.npy,BUREVI’,2020,2020-11-30 13:00:00,train
sequences\seq_BUREVI’_2020_410.npy,sequences\tgt_BUREVI’_2020_410.npy,BUREVI’,2020,2020-11-30 13:15:00,train
sequences\seq_BUREVI’_2020_411.npy,sequences\tgt_BUREVI’_2020_411.npy,BUREVI’,2020,2020-11-30 13:30:00,train
sequences\seq_BUREVI’_2020_412.npy,sequences\tgt_BUREVI’_2020_412.npy,BUREVI’,2020,2020-11-30 13:45:00,train
sequences\seq_BUREVI’_2020_413.npy,sequences\tgt_BUREVI’_2020_413.npy,BUREVI’,2020,2020-11-30 14:00:00,train
sequences\seq_BUREVI’_2020_414.npy,sequences\tgt_BUREVI’_2020_414.npy,BUREVI’,2020,2020-11-30 14:15:00,train
sequences\seq_BUREVI’_2020_415.npy,sequences\tgt_BUREVI’_2020_415.npy,BUREVI’,2020,2020-11-30 14:30:00,train
sequences\seq_BUREVI’_2020_416.npy,sequences\tgt_BUREVI’_2020_416.npy,BUREVI’,2020,2020-11-30 14:45:00,train
sequences\seq_BUREVI’_2020_417.npy,sequences\tgt_BUREVI’_2020_417.npy,BUREVI’,2020,2020-11-30 15:00:00,train
sequences\seq_BUREVI’_2020_418.npy,sequences\tgt_BUREVI’_2020_418.npy,BUREVI’,2020,2020-11-30 15:15:00,train
sequences\seq_BUREVI’_2020_419.npy,sequences\tgt_BUREVI’_2020_419.npy,BUREVI’,2020,2020-11-30 15:30:00,train
sequences\seq_BUREVI’_2020_420.npy,sequences\tgt_BUREVI’_2020_420.npy,BUREVI’,2020,2020-11-30 15:45:00,train
sequences\seq_BUREVI’_2020_421.npy,sequences\tgt_BUREVI’_2020_421.npy,BUREVI’,2020,2020-11-30 16:00:00,train
sequences\seq_BUREVI’_2020_422.npy,sequences\tgt_BUREVI’_2020_422.npy,BUREVI’,2020,2020-11-30 16:15:00,train
sequences\seq_BUREVI’_2020_423.npy,sequences\tgt_BUREVI’_2020_423.npy,BUREVI’,2020,2020-11-30 16:30:00,train
sequences\seq_BUREVI’_2020_424.npy,sequences\tgt_BUREVI’_2020_424.npy,BUREVI’,2020,2020-11-30 16:45:00,train
sequences\seq_BUREVI’_2020_425.npy,sequences\tgt_BUREVI’_2020_425.npy,BUREVI’,2020,2020-11-30 17:00:00,train
sequences\seq_BUREVI’_2020_426.npy,sequences\tgt_BUREVI’_2020_426.npy,BUREVI’,2020,2020-11-30 17:15:00,train
sequences\seq_BUREVI’_2020_427.npy,sequences\tgt_BUREVI’_2020_427.npy,BUREVI’,2020,2020-11-30 17:30:00,train
sequences\seq_BUREVI’_2020_428.npy,sequences\tgt_BUREVI’_2020_428.npy,BUREVI’,2020,2020-11-30 17:45:00,train
sequences\seq_BUREVI’_2020_429.npy,sequences\tgt_BUREVI’_2020_429.npy,BUREVI’,2020,2020-11-30 18:00:00,train
sequences\seq_BUREVI’_2020_430.npy,sequences\tgt_BUREVI’_2020_430.npy,BUREVI’,2020,2020-11-30 18:15:00,train
sequences\seq_BUREVI’_2020_431.npy,sequences\tgt_BUREVI’_2020_431.npy,BUREVI’,2020,2020-11-30 18:30:00,train
sequences\seq_BUREVI’_2020_432.npy,sequences\tgt_BUREVI’_2020_432.npy,BUREVI’,2020,2020-11-30 18:45:00,train
sequences\seq_BUREVI’_2020_433.npy,sequences\tgt_BUREVI’_2020_433.npy,BUREVI’,2020,2020-11-30 19:00:00,train
sequences\seq_BUREVI’_2020_434.npy,sequences\tgt_BUREVI’_2020_434.npy,BUREVI’,2020,2020-11-30 19:15:00,train
sequences\seq_BUREVI’_2020_435.npy,sequences\tgt_BUREVI’_2020_435.npy,BUREVI’,2020,2020-11-30 19:30:00,train
sequences\seq_BUREVI’_2020_436.npy,sequences\tgt_BUREVI’_2020_436.npy,BUREVI’,2020,2020-11-30 19:45:00,train
sequences\seq_BUREVI’_2020_437.npy,sequences\tgt_BUREVI’_2020_437.npy,BUREVI’,2020,2020-11-30 20:00:00,train
sequences\seq_BUREVI’_2020_438.npy,sequences\tgt_BUREVI’_2020_438.npy,BUREVI’,2020,2020-11-30 20:15:00,train
sequences\seq_BUREVI’_2020_439.npy,sequences\tgt_BUREVI’_2020_439.npy,BUREVI’,2020,2020-11-30 20:30:00,train
sequences\seq_BUREVI’_2020_440.npy,sequences\tgt_BUREVI’_2020_440.npy,BUREVI’,2020,2020-11-30 20:45:00,train
sequences\seq_BUREVI’_2020_441.npy,sequences\tgt_BUREVI’_2020_441.npy,BUREVI’,2020,2020-11-30 21:00:00,train
sequences\seq_BUREVI’_2020_442.npy,sequences\tgt_BUREVI’_2020_442.npy,BUREVI’,2020,2020-11-30 21:15:00,train
sequences\seq_BUREVI’_2020_443.npy,sequences\tgt_BUREVI’_2020_443.npy,BUREVI’,2020,2020-11-30 21:30:00,train
sequences\seq_BUREVI’_2020_444.npy,sequences\tgt_BUREVI’_2020_444.npy,BUREVI’,2020,2020-11-30 21:45:00,train
sequences\seq_BUREVI’_2020_445.npy,sequences\tgt_BUREVI’_2020_445.npy,BUREVI’,2020,2020-11-30 22:00:00,train
sequences\seq_BUREVI’_2020_446.npy,sequences\tgt_BUREVI’_2020_446.npy,BUREVI’,2020,2020-11-30 22:15:00,train
sequences\seq_BUREVI’_2020_447.npy,sequences\tgt_BUREVI’_2020_447.npy,BUREVI’,2020,2020-11-30 22:30:00,train
sequences\seq_BUREVI’_2020_448.npy,sequences\tgt_BUREVI’_2020_448.npy,BUREVI’,2020,2020-11-30 22:45:00,train
sequences\seq_BUREVI’_2020_449.npy,sequences\tgt_BUREVI’_2020_449.npy,BUREVI’,2020,2020-11-30 23:00:00,train
sequences\seq_BUREVI’_2020_450.npy,sequences\tgt_BUREVI’_2020_450.npy,BUREVI’,2020,2020-11-30 23:15:00,train
sequences\seq_BUREVI’_2020_451.npy,sequences\tgt_BUREVI’_2020_451.npy,BUREVI’,2020,2020-11-30 23:30:00,train
sequences\seq_BUREVI’_2020_452.npy,sequences\tgt_BUREVI’_2020_452.npy,BUREVI’,2020,2020-11-30 23:45:00,train
sequences\seq_BUREVI’_2020_453.npy,sequences\tgt_BUREVI’_2020_453.npy,BUREVI’,2020,2020-12-01 00:00:00,train
sequences\seq_BUREVI’_2020_454.npy,sequences\tgt_BUREVI’_2020_454.npy,BUREVI’,2020,2020-12-01 00:15:00,train
sequences\seq_BUREVI’_2020_455.npy,sequences\tgt_BUREVI’_2020_455.npy,BUREVI’,2020,2020-12-01 00:30:00,train
sequences\seq_BUREVI’_2020_456.npy,sequences\tgt_BUREVI’_2020_456.npy,BUREVI’,2020,2020-12-01 01:00:00,train
sequences\seq_CHAPALA_2015_457.npy,sequences\tgt_CHAPALA_2015_457.npy,CHAPALA,2015,2015-10-28 09:00:00,train
sequences\seq_CHAPALA_2015_458.npy,sequences\tgt_CHAPALA_2015_458.npy,CHAPALA,2015,2015-10-28 09:30:00,train
sequences\seq_CHAPALA_2015_459.npy,sequences\tgt_CHAPALA_2015_459.npy,CHAPALA,2015,2015-10-28 10:00:00,train
sequences\seq_CHAPALA_2015_460.npy,sequences\tgt_CHAPALA_2015_460.npy,CHAPALA,2015,2015-10-28 10:30:00,train
sequences\seq_CHAPALA_2015_461.npy,sequences\tgt_CHAPALA_2015_461.npy,CHAPALA,2015,2015-10-28 11:00:00,train
sequences\seq_CHAPALA_2015_462.npy,sequences\tgt_CHAPALA_2015_462.npy,CHAPALA,2015,2015-10-28 11:30:00,train
sequences\seq_CHAPALA_2015_463.npy,sequences\tgt_CHAPALA_2015_463.npy,CHAPALA,2015,2015-10-28 12:00:00,train
sequences\seq_CHAPALA_2015_464.npy,sequences\tgt_CHAPALA_2015_464.npy,CHAPALA,2015,2015-10-28 12:30:00,train
sequences\seq_CHAPALA_2015_465.npy,sequences\tgt_CHAPALA_2015_465.npy,CHAPALA,2015,2015-10-28 13:00:00,train
sequences\seq_CHAPALA_2015_466.npy,sequences\tgt_CHAPALA_2015_466.npy,CHAPALA,2015,2015-10-28 13:30:00,train
sequences\seq_CHAPALA_2015_467.npy,sequences\tgt_CHAPALA_2015_467.npy,CHAPALA,2015,2015-10-28 14:00:00,train
sequences\seq_CHAPALA_2015_468.npy,sequences\tgt_CHAPALA_2015_468.npy,CHAPALA,2015,2015-10-28 14:30:00,train
sequences\seq_CHAPALA_2015_469.npy,sequences\tgt_CHAPALA_2015_469.npy,CHAPALA,2015,2015-10-28 15:00:00,train
sequences\seq_CHAPALA_2015_470.npy,sequences\tgt_CHAPALA_2015_470.npy,CHAPALA,2015,2015-10-28 15:30:00,train
sequences\seq_CHAPALA_2015_471.npy,sequences\tgt_CHAPALA_2015_471.npy,CHAPALA,2015,2015-10-28 16:00:00,train
sequences\seq_CHAPALA_2015_472.npy,sequences\tgt_CHAPALA_2015_472.npy,CHAPALA,2015,2015-10-28 16:30:00,train
sequences\seq_CHAPALA_2015_473.npy,sequences\tgt_CHAPALA_2015_473.npy,CHAPALA,2015,2015-10-28 20:00:00,train
sequences\seq_CHAPALA_2015_474.npy,sequences\tgt_CHAPALA_2015_474.npy,CHAPALA,2015,2015-10-28 20:30:00,train
sequences\seq_CHAPALA_2015_475.npy,sequences\tgt_CHAPALA_2015_475.npy,CHAPALA,2015,2015-10-28 21:00:00,train
sequences\seq_CHAPALA_2015_476.npy,sequences\tgt_CHAPALA_2015_476.npy,CHAPALA,2015,2015-10-28 21:30:00,train
sequences\seq_CHAPALA_2015_477.npy,sequences\tgt_CHAPALA_2015_477.npy,CHAPALA,2015,2015-10-28 22:00:00,train
sequences\seq_CHAPALA_2015_478.npy,sequences\tgt_CHAPALA_2015_478.npy,CHAPALA,2015,2015-10-28 22:30:00,train
sequences\seq_CHAPALA_2015_479.npy,sequences\tgt_CHAPALA_2015_479.npy,CHAPALA,2015,2015-10-28 23:00:00,train
sequences\seq_CHAPALA_2015_480.npy,sequences\tgt_CHAPALA_2015_480.npy,CHAPALA,2015,2015-10-28 23:30:00,train
sequences\seq_CHAPALA_2015_481.npy,sequences\tgt_CHAPALA_2015_481.npy,CHAPALA,2015,2015-10-29 00:00:00,train
sequences\seq_CHAPALA_2015_482.npy,sequences\tgt_CHAPALA_2015_482.npy,CHAPALA,2015,2015-10-29 00:30:00,train
sequences\seq_CHAPALA_2015_483.npy,sequences\tgt_CHAPALA_2015_483.npy,CHAPALA,2015,2015-10-29 01:00:00,train
sequences\seq_CHAPALA_2015_484.npy,sequences\tgt_CHAPALA_2015_484.npy,CHAPALA,2015,2015-10-29 01:30:00,train
sequences\seq_CHAPALA_2015_485.npy,sequences\tgt_CHAPALA_2015_485.npy,CHAPALA,2015,2015-10-29 02:00:00,train
sequences\seq_CHAPALA_2015_486.npy,sequences\tgt_CHAPALA_2015_486.npy,CHAPALA,2015,2015-10-29 02:30:00,train
sequences\seq_CHAPALA_2015_487.npy,sequences\tgt_CHAPALA_2015_487.npy,CHAPALA,2015,2015-10-29 03:00:00,train
sequences\seq_CHAPALA_2015_488.npy,sequences\tgt_CHAPALA_2015_488.npy,CHAPALA,2015,2015-10-29 03:30:00,train
sequences\seq_CHAPALA_2015_489.npy,sequences\tgt_CHAPALA_2015_489.npy,CHAPALA,2015,2015-10-29 04:00:00,train
sequences\seq_CHAPALA_2015_490.npy,sequences\tgt_CHAPALA_2015_490.npy,CHAPALA,2015,2015-10-29 04:30:00,train
sequences\seq_CHAPALA_2015_491.npy,sequences\tgt_CHAPALA_2015_491.npy,CHAPALA,2015,2015-10-29 05:30:00,train
sequences\seq_CHAPALA_2015_492.npy,sequences\tgt_CHAPALA_2015_492.npy,CHAPALA,2015,2015-10-29 09:00:00,train
sequences\seq_CHAPALA_2015_493.npy,sequences\tgt_CHAPALA_2015_493.npy,CHAPALA,2015,2015-10-29 09:30:00,train
sequences\seq_CHAPALA_2015_494.npy,sequences\tgt_CHAPALA_2015_494.npy,CHAPALA,2015,2015-10-29 10:00:00,train
sequences\seq_CHAPALA_2015_495.npy,sequences\tgt_CHAPALA_2015_495.npy,CHAPALA,2015,2015-10-29 11:00:00,train
sequences\seq_CHAPALA_2015_496.npy,sequences\tgt_CHAPALA_2015_496.npy,CHAPALA,2015,2015-10-29 11:30:00,train
sequences\seq_CHAPALA_2015_497.npy,sequences\tgt_CHAPALA_2015_497.npy,CHAPALA,2015,2015-10-29 12:00:00,train
sequences\seq_CHAPALA_2015_498.npy,sequences\tgt_CHAPALA_2015_498.npy,CHAPALA,2015,2015-10-29 12:30:00,train
sequences\seq_CHAPALA_2015_499.npy,sequences\tgt_CHAPALA_2015_499.npy,CHAPALA,2015,2015-10-29 13:00:00,train
sequences\seq_CHAPALA_2015_500.npy,sequences\tgt_CHAPALA_2015_500.npy,CHAPALA,2015,2015-10-29 13:30:00,train
sequences\seq_CHAPALA_2015_501.npy,sequences\tgt_CHAPALA_2015_501.npy,CHAPALA,2015,2015-10-29 14:00:00,train
sequences\seq_CHAPALA_2015_502.npy,sequences\tgt_CHAPALA_2015_502.npy,CHAPALA,2015,2015-10-29 14:30:00,train
sequences\seq_CHAPALA_2015_503.npy,sequences\tgt_CHAPALA_2015_503.npy,CHAPALA,2015,2015-10-29 15:00:00,train
sequences\seq_CHAPALA_2015_504.npy,sequences\tgt_CHAPALA_2015_504.npy,CHAPALA,2015,2015-10-29 15:30:00,train
sequences\seq_CHAPALA_2015_505.npy,sequences\tgt_CHAPALA_2015_505.npy,CHAPALA,2015,2015-10-29 16:00:00,train
sequences\seq_CHAPALA_2015_506.npy,sequences\tgt_CHAPALA_2015_506.npy,CHAPALA,2015,2015-10-29 16:30:00,train
sequences\seq_CHAPALA_2015_507.npy,sequences\tgt_CHAPALA_2015_507.npy,CHAPALA,2015,2015-10-29 20:00:00,train
sequences\seq_CHAPALA_2015_508.npy,sequences\tgt_CHAPALA_2015_508.npy,CHAPALA,2015,2015-10-29 20:30:00,train
sequences\seq_CHAPALA_2015_509.npy,sequences\tgt_CHAPALA_2015_509.npy,CHAPALA,2015,2015-10-29 21:00:00,train
sequences\seq_CHAPALA_2015_510.npy,sequences\tgt_CHAPALA_2015_510.npy,CHAPALA,2015,2015-10-29 21:30:00,train
sequences\seq_CHAPALA_2015_511.npy,sequences\tgt_CHAPALA_2015_511.npy,CHAPALA,2015,2015-10-29 22:00:00,train
sequences\seq_CHAPALA_2015_512.npy,sequences\tgt_CHAPALA_2015_512.npy,CHAPALA,2015,2015-10-29 22:30:00,train
sequences\seq_CHAPALA_2015_513.npy,sequences\tgt_CHAPALA_2015_513.npy,CHAPALA,2015,2015-10-29 23:00:00,train
sequences\seq_CHAPALA_2015_514.npy,sequences\tgt_CHAPALA_2015_514.npy,CHAPALA,2015,2015-10-29 23:30:00,train
sequences\seq_CHAPALA_2015_515.npy,sequences\tgt_CHAPALA_2015_515.npy,CHAPALA,2015,2015-10-30 00:00:00,train
sequences\seq_CHAPALA_2015_516.npy,sequences\tgt_CHAPALA_2015_516.npy,CHAPALA,2015,2015-10-30 00:30:00,train
sequences\seq_CHAPALA_2015_517.npy,sequences\tgt_CHAPALA_2015_517.npy,CHAPALA,2015,2015-10-30 01:00:00,train
sequences\seq_CHAPALA_2015_518.npy,sequences\tgt_CHAPALA_2015_518.npy,CHAPALA,2015,2015-10-30 01:30:00,train
sequences\seq_CHAPALA_2015_519.npy,sequences\tgt_CHAPALA_2015_519.npy,CHAPALA,2015,2015-10-30 02:00:00,train
sequences\seq_CHAPALA_2015_520.npy,sequences\tgt_CHAPALA_2015_520.npy,CHAPALA,2015,2015-10-30 02:30:00,train
sequences\seq_CHAPALA_2015_521.npy,sequences\tgt_CHAPALA_2015_521.npy,CHAPALA,2015,2015-10-30 03:00:00,train
sequences\seq_CHAPALA_2015_522.npy,sequences\tgt_CHAPALA_2015_522.npy,CHAPALA,2015,2015-10-30 03:30:00,train
sequences\seq_CHAPALA_2015_523.npy,sequences\tgt_CHAPALA_2015_523.npy,CHAPALA,2015,2015-10-30 04:00:00,train
sequences\seq_CHAPALA_2015_524.npy,sequences\tgt_CHAPALA_2015_524.npy,CHAPALA,2015,2015-10-30 04:30:00,train
sequences\seq_CHAPALA_2015_525.npy,sequences\tgt_CHAPALA_2015_525.npy,CHAPALA,2015,2015-10-30 05:00:00,train
sequences\seq_CHAPALA_2015_526.npy,sequences\tgt_CHAPALA_2015_526.npy,CHAPALA,2015,2015-10-30 05:30:00,train
sequences\seq_CHAPALA_2015_527.npy,sequences\tgt_CHAPALA_2015_527.npy,CHAPALA,2015,2015-10-30 06:00:00,train
sequences\seq_CHAPALA_2015_528.npy,sequences\tgt_CHAPALA_2015_528.npy,CHAPALA,2015,2015-10-30 06:30:00,train
sequences\seq_CHAPALA_2015_529.npy,sequences\tgt_CHAPALA_2015_529.npy,CHAPALA,2015,2015-10-30 07:00:00,train
sequences\seq_CHAPALA_2015_530.npy,sequences\tgt_CHAPALA_2015_530.npy,CHAPALA,2015,2015-10-30 07:30:00,train
sequences\seq_CHAPALA_2015_531.npy,sequences\tgt_CHAPALA_2015_531.npy,CHAPALA,2015,2015-10-30 08:30:00,train
sequences\seq_CHAPALA_2015_532.npy,sequences\tgt_CHAPALA_2015_532.npy,CHAPALA,2015,2015-10-30 09:00:00,train
sequences\seq_CHAPALA_2015_533.npy,sequences\tgt_CHAPALA_2015_533.npy,CHAPALA,2015,2015-10-30 09:30:00,train
sequences\seq_CHAPALA_2015_534.npy,sequences\tgt_CHAPALA_2015_534.npy,CHAPALA,2015,2015-10-30 10:00:00,train
sequences\seq_CHAPALA_2015_535.npy,sequences\tgt_CHAPALA_2015_535.npy,CHAPALA,2015,2015-10-30 10:30:00,train
sequences\seq_CHAPALA_2015_536.npy,sequences\tgt_CHAPALA_2015_536.npy,CHAPALA,2015,2015-10-30 11:00:00,train
sequences\seq_CHAPALA_2015_537.npy,sequences\tgt_CHAPALA_2015_537.npy,CHAPALA,2015,2015-10-30 11:30:00,train
sequences\seq_CHAPALA_2015_538.npy,sequences\tgt_CHAPALA_2015_538.npy,CHAPALA,2015,2015-10-30 12:00:00,train
sequences\seq_CHAPALA_2015_539.npy,sequences\tgt_CHAPALA_2015_539.npy,CHAPALA,2015,2015-10-30 12:30:00,train
sequences\seq_CHAPALA_2015_540.npy,sequences\tgt_CHAPALA_2015_540.npy,CHAPALA,2015,2015-10-30 13:00:00,train
sequences\seq_CHAPALA_2015_541.npy,sequences\tgt_CHAPALA_2015_541.npy,CHAPALA,2015,2015-10-30 13:30:00,train
sequences\seq_CHAPALA_2015_542.npy,sequences\tgt_CHAPALA_2015_542.npy,CHAPALA,2015,2015-10-30 14:00:00,train
sequences\seq_CHAPALA_2015_543.npy,sequences\tgt_CHAPALA_2015_543.npy,CHAPALA,2015,2015-10-30 14:30:00,train
sequences\seq_CHAPALA_2015_544.npy,sequences\tgt_CHAPALA_2015_544.npy,CHAPALA,2015,2015-10-30 15:00:00,train
sequences\seq_CHAPALA_2015_545.npy,sequences\tgt_CHAPALA_2015_545.npy,CHAPALA,2015,2015-10-30 15:30:00,train
sequences\seq_CHAPALA_2015_546.npy,sequences\tgt_CHAPALA_2015_546.npy,CHAPALA,2015,2015-10-30 16:00:00,train
sequences\seq_CHAPALA_2015_547.npy,sequences\tgt_CHAPALA_2015_547.npy,CHAPALA,2015,2015-10-30 16:30:00,train
sequences\seq_CHAPALA_2015_548.npy,sequences\tgt_CHAPALA_2015_548.npy,CHAPALA,2015,2015-10-30 20:00:00,train
sequences\seq_CHAPALA_2015_549.npy,sequences\tgt_CHAPALA_2015_549.npy,CHAPALA,2015,2015-10-30 20:30:00,train
sequences\seq_CHAPALA_2015_550.npy,sequences\tgt_CHAPALA_2015_550.npy,CHAPALA,2015,2015-10-30 21:00:00,train
sequences\seq_CHAPALA_2015_551.npy,sequences\tgt_CHAPALA_2015_551.npy,CHAPALA,2015,2015-10-30 21:30:00,train
sequences\seq_CHAPALA_2015_552.npy,sequences\tgt_CHAPALA_2015_552.npy,CHAPALA,2015,2015-10-30 22:00:00,train
sequences\seq_CHAPALA_2015_553.npy,sequences\tgt_CHAPALA_2015_553.npy,CHAPALA,2015,2015-10-30 22:30:00,train
sequences\seq_CHAPALA_2015_554.npy,sequences\tgt_CHAPALA_2015_554.npy,CHAPALA,2015,2015-10-30 23:00:00,train
sequences\seq_CHAPALA_2015_555.npy,sequences\tgt_CHAPALA_2015_555.npy,CHAPALA,2015,2015-10-30 23:30:00,train
sequences\seq_CHAPALA_2015_556.npy,sequences\tgt_CHAPALA_2015_556.npy,CHAPALA,2015,2015-10-31 00:00:00,train
sequences\seq_CHAPALA_2015_557.npy,sequences\tgt_CHAPALA_2015_557.npy,CHAPALA,2015,2015-10-31 00:30:00,train
sequences\seq_CHAPALA_2015_558.npy,sequences\tgt_CHAPALA_2015_558.npy,CHAPALA,2015,2015-10-31 01:00:00,train
sequences\seq_CHAPALA_2015_559.npy,sequences\tgt_CHAPALA_2015_559.npy,CHAPALA,2015,2015-10-31 01:30:00,train
sequences\seq_CHAPALA_2015_560.npy,sequences\tgt_CHAPALA_2015_560.npy,CHAPALA,2015,2015-10-31 02:00:00,train
sequences\seq_CHAPALA_2015_561.npy,sequences\tgt_CHAPALA_2015_561.npy,CHAPALA,2015,2015-10-31 02:30:00,train
sequences\seq_CHAPALA_2015_562.npy,sequences\tgt_CHAPALA_2015_562.npy,CHAPALA,2015,2015-10-31 03:00:00,train
sequences\seq_CHAPALA_2015_563.npy,sequences\tgt_CHAPALA_2015_563.npy,CHAPALA,2015,2015-10-31 03:30:00,train
sequences\seq_CHAPALA_2015_564.npy,sequences\tgt_CHAPALA_2015_564.npy,CHAPALA,2015,2015-10-31 04:00:00,train
sequences\seq_CHAPALA_2015_565.npy,sequences\tgt_CHAPALA_2015_565.npy,CHAPALA,2015,2015-10-31 04:30:00,train
sequences\seq_CHAPALA_2015_566.npy,sequences\tgt_CHAPALA_2015_566.npy,CHAPALA,2015,2015-10-31 05:00:00,train
sequences\seq_CHAPALA_2015_567.npy,sequences\tgt_CHAPALA_2015_567.npy,CHAPALA,2015,2015-10-31 05:30:00,train
sequences\seq_CHAPALA_2015_568.npy,sequences\tgt_CHAPALA_2015_568.npy,CHAPALA,2015,2015-10-31 06:00:00,train
sequences\seq_CHAPALA_2015_569.npy,sequences\tgt_CHAPALA_2015_569.npy,CHAPALA,2015,2015-10-31 06:30:00,train
sequences\seq_CHAPALA_2015_570.npy,sequences\tgt_CHAPALA_2015_570.npy,CHAPALA,2015,2015-10-31 07:00:00,train
sequences\seq_CHAPALA_2015_571.npy,sequences\tgt_CHAPALA_2015_571.npy,CHAPALA,2015,2015-10-31 07:30:00,train
sequences\seq_CHAPALA_2015_572.npy,sequences\tgt_CHAPALA_2015_572.npy,CHAPALA,2015,2015-10-31 08:30:00,train
sequences\seq_CHAPALA_2015_573.npy,sequences\tgt_CHAPALA_2015_573.npy,CHAPALA,2015,2015-10-31 09:00:00,train
sequences\seq_CHAPALA_2015_574.npy,sequences\tgt_CHAPALA_2015_574.npy,CHAPALA,2015,2015-10-31 09:30:00,train
sequences\seq_CHAPALA_2015_575.npy,sequences\tgt_CHAPALA_2015_575.npy,CHAPALA,2015,2015-10-31 10:00:00,train
sequences\seq_CHAPALA_2015_576.npy,sequences\tgt_CHAPALA_2015_576.npy,CHAPALA,2015,2015-10-31 10:30:00,train
sequences\seq_CHAPALA_2015_577.npy,sequences\tgt_CHAPALA_2015_577.npy,CHAPALA,2015,2015-10-31 11:00:00,train
sequences\seq_CHAPALA_2015_578.npy,sequences\tgt_CHAPALA_2015_578.npy,CHAPALA,2015,2015-10-31 11:30:00,train
sequences\seq_CHAPALA_2015_579.npy,sequences\tgt_CHAPALA_2015_579.npy,CHAPALA,2015,2015-10-31 12:00:00,train
sequences\seq_CHAPALA_2015_580.npy,sequences\tgt_CHAPALA_2015_580.npy,CHAPALA,2015,2015-10-31 12:30:00,train
sequences\seq_CHAPALA_2015_581.npy,sequences\tgt_CHAPALA_2015_581.npy,CHAPALA,2015,2015-10-31 13:00:00,train
sequences\seq_CHAPALA_2015_582.npy,sequences\tgt_CHAPALA_2015_582.npy,CHAPALA,2015,2015-10-31 13:30:00,train
sequences\seq_CHAPALA_2015_583.npy,sequences\tgt_CHAPALA_2015_583.npy,CHAPALA,2015,2015-10-31 14:00:00,train
sequences\seq_CHAPALA_2015_584.npy,sequences\tgt_CHAPALA_2015_584.npy,CHAPALA,2015,2015-10-31 14:30:00,train
sequences\seq_CHAPALA_2015_585.npy,sequences\tgt_CHAPALA_2015_585.npy,CHAPALA,2015,2015-10-31 15:00:00,train
sequences\seq_CHAPALA_2015_586.npy,sequences\tgt_CHAPALA_2015_586.npy,CHAPALA,2015,2015-10-31 15:30:00,train
sequences\seq_CHAPALA_2015_587.npy,sequences\tgt_CHAPALA_2015_587.npy,CHAPALA,2015,2015-10-31 16:00:00,train
sequences\seq_CHAPALA_2015_588.npy,sequences\tgt_CHAPALA_2015_588.npy,CHAPALA,2015,2015-10-31 16:30:00,train
sequences\seq_CHAPALA_2015_589.npy,sequences\tgt_CHAPALA_2015_589.npy,CHAPALA,2015,2015-10-31 20:00:00,train
sequences\seq_CHAPALA_2015_590.npy,sequences\tgt_CHAPALA_2015_590.npy,CHAPALA,2015,2015-10-31 20:30:00,train
sequences\seq_CHAPALA_2015_591.npy,sequences\tgt_CHAPALA_2015_591.npy,CHAPALA,2015,2015-10-31 21:00:00,train
sequences\seq_CHAPALA_2015_592.npy,sequences\tgt_CHAPALA_2015_592.npy,CHAPALA,2015,2015-10-31 21:30:00,train
sequences\seq_CHAPALA_2015_593.npy,sequences\tgt_CHAPALA_2015_593.npy,CHAPALA,2015,2015-10-31 22:00:00,train
sequences\seq_CHAPALA_2015_594.npy,sequences\tgt_CHAPALA_2015_594.npy,CHAPALA,2015,2015-10-31 22:30:00,train
sequences\seq_CHAPALA_2015_595.npy,sequences\tgt_CHAPALA_2015_595.npy,CHAPALA,2015,2015-10-31 23:00:00,train
sequences\seq_CHAPALA_2015_596.npy,sequences\tgt_CHAPALA_2015_596.npy,CHAPALA,2015,2015-10-31 23:30:00,train
sequences\seq_DAYE_2018_597.npy,sequences\tgt_DAYE_2018_597.npy,DAYE,2018,2018-09-19 21:30:00,train
sequences\seq_DAYE_2018_598.npy,sequences\tgt_DAYE_2018_598.npy,DAYE,2018,2018-09-19 21:45:00,train
sequences\seq_DAYE_2018_599.npy,sequences\tgt_DAYE_2018_599.npy,DAYE,2018,2018-09-19 22:00:00,train
sequences\seq_DAYE_2018_600.npy,sequences\tgt_DAYE_2018_600.npy,DAYE,2018,2018-09-19 22:15:00,train
sequences\seq_DAYE_2018_601.npy,sequences\tgt_DAYE_2018_601.npy,DAYE,2018,2018-09-19 22:30:00,train
sequences\seq_DAYE_2018_602.npy,sequences\tgt_DAYE_2018_602.npy,DAYE,2018,2018-09-19 22:45:00,train
sequences\seq_DAYE_2018_603.npy,sequences\tgt_DAYE_2018_603.npy,DAYE,2018,2018-09-19 23:00:00,train
sequences\seq_DAYE_2018_604.npy,sequences\tgt_DAYE_2018_604.npy,DAYE,2018,2018-09-19 23:15:00,train
sequences\seq_DAYE_2018_605.npy,sequences\tgt_DAYE_2018_605.npy,DAYE,2018,2018-09-19 23:30:00,train
sequences\seq_DAYE_2018_606.npy,sequences\tgt_DAYE_2018_606.npy,DAYE,2018,2018-09-19 23:45:00,train
sequences\seq_DAYE_2018_607.npy,sequences\tgt_DAYE_2018_607.npy,DAYE,2018,2018-09-20 00:00:00,train
sequences\seq_DAYE_2018_608.npy,sequences\tgt_DAYE_2018_608.npy,DAYE,2018,2018-09-20 00:15:00,train
sequences\seq_DAYE_2018_609.npy,sequences\tgt_DAYE_2018_609.npy,DAYE,2018,2018-09-20 00:30:00,train
sequences\seq_DAYE_2018_610.npy,sequences\tgt_DAYE_2018_610.npy,DAYE,2018,2018-09-20 00:45:00,train
sequences\seq_DAYE_2018_611.npy,sequences\tgt_DAYE_2018_611.npy,DAYE,2018,2018-09-20 01:00:00,train
sequences\seq_DAYE_2018_612.npy,sequences\tgt_DAYE_2018_612.npy,DAYE,2018,2018-09-20 01:15:00,train
sequences\seq_DAYE_2018_613.npy,sequences\tgt_DAYE_2018_613.npy,DAYE,2018,2018-09-20 01:30:00,train
sequences\seq_DAYE_2018_614.npy,sequences\tgt_DAYE_2018_614.npy,DAYE,2018,2018-09-20 01:45:00,train
sequences\seq_DAYE_2018_615.npy,sequences\tgt_DAYE_2018_615.npy,DAYE,2018,2018-09-20 02:00:00,train
sequences\seq_DAYE_2018_616.npy,sequences\tgt_DAYE_2018_616.npy,DAYE,2018,2018-09-20 02:15:00,train
sequences\seq_DAYE_2018_617.npy,sequences\tgt_DAYE_2018_617.npy,DAYE,2018,2018-09-20 02:30:00,train
sequences\seq_DAYE_2018_618.npy,sequences\tgt_DAYE_2018_618.npy,DAYE,2018,2018-09-20 02:45:00,train
sequences\seq_DAYE_2018_619.npy,sequences\tgt_DAYE_2018_619.npy,DAYE,2018,2018-09-20 03:00:00,train
sequences\seq_DAYE_2018_620.npy,sequences\tgt_DAYE_2018_620.npy,DAYE,2018,2018-09-20 03:15:00,train
sequences\seq_DAYE_2018_621.npy,sequences\tgt_DAYE_2018_621.npy,DAYE,2018,2018-09-20 03:30:00,train
sequences\seq_DAYE_2018_622.npy,sequences\tgt_DAYE_2018_622.npy,DAYE,2018,2018-09-20 03:45:00,train
sequences\seq_DAYE_2018_623.npy,sequences\tgt_DAYE_2018_623.npy,DAYE,2018,2018-09-20 04:00:00,train
sequences\seq_DAYE_2018_624.npy,sequences\tgt_DAYE_2018_624.npy,DAYE,2018,2018-09-20 04:15:00,train
sequences\seq_DAYE_2018_625.npy,sequences\tgt_DAYE_2018_625.npy,DAYE,2018,2018-09-20 04:30:00,train
sequences\seq_DAYE_2018_626.npy,sequences\tgt_DAYE_2018_626.npy,DAYE,2018,2018-09-20 04:45:00,train
sequences\seq_DAYE_2018_627.npy,sequences\tgt_DAYE_2018_627.npy,DAYE,2018,2018-09-20 05:00:00,train
sequences\seq_DAYE_2018_628.npy,sequences\tgt_DAYE_2018_628.npy,DAYE,2018,2018-09-20 05:15:00,train
sequences\seq_DAYE_2018_629.npy,sequences\tgt_DAYE_2018_629.npy,DAYE,2018,2018-09-20 05:30:00,train
sequences\seq_DAYE_2018_630.npy,sequences\tgt_DAYE_2018_630.npy,DAYE,2018,2018-09-20 05:45:00,train
sequences\seq_DAYE_2018_631.npy,sequences\tgt_DAYE_2018_631.npy,DAYE,2018,2018-09-20 06:00:00,train
sequences\seq_DAYE_2018_632.npy,sequences\tgt_DAYE_2018_632.npy,DAYE,2018,2018-09-20 06:15:00,train
sequences\seq_DAYE_2018_633.npy,sequences\tgt_DAYE_2018_633.npy,DAYE,2018,2018-09-20 06:30:00,train
sequences\seq_DAYE_2018_634.npy,sequences\tgt_DAYE_2018_634.npy,DAYE,2018,2018-09-20 06:45:00,train
sequences\seq_DAYE_2018_635.npy,sequences\tgt_DAYE_2018_635.npy,DAYE,2018,2018-09-20 07:00:00,train
sequences\seq_DAYE_2018_636.npy,sequences\tgt_DAYE_2018_636.npy,DAYE,2018,2018-09-20 07:15:00,train
sequences\seq_DAYE_2018_637.npy,sequences\tgt_DAYE_2018_637.npy,DAYE,2018,2018-09-20 07:30:00,train
sequences\seq_DAYE_2018_638.npy,sequences\tgt_DAYE_2018_638.npy,DAYE,2018,2018-09-20 07:45:00,train
sequences\seq_DAYE_2018_639.npy,sequences\tgt_DAYE_2018_639.npy,DAYE,2018,2018-09-20 08:00:00,train
sequences\seq_DAYE_2018_640.npy,sequences\tgt_DAYE_2018_640.npy,DAYE,2018,2018-09-20 08:15:00,train
sequences\seq_DAYE_2018_641.npy,sequences\tgt_DAYE_2018_641.npy,DAYE,2018,2018-09-20 08:30:00,train
sequences\seq_DAYE_2018_642.npy,sequences\tgt_DAYE_2018_642.npy,DAYE,2018,2018-09-20 08:45:00,train
sequences\seq_DAYE_2018_643.npy,sequences\tgt_DAYE_2018_643.npy,DAYE,2018,2018-09-20 09:00:00,train
sequences\seq_DAYE_2018_644.npy,sequences\tgt_DAYE_2018_644.npy,DAYE,2018,2018-09-20 09:15:00,train
sequences\seq_DAYE_2018_645.npy,sequences\tgt_DAYE_2018_645.npy,DAYE,2018,2018-09-20 09:30:00,train
sequences\seq_DAYE_2018_646.npy,sequences\tgt_DAYE_2018_646.npy,DAYE,2018,2018-09-20 09:45:00,train
sequences\seq_DAYE_2018_647.npy,sequences\tgt_DAYE_2018_647.npy,DAYE,2018,2018-09-20 10:00:00,train
sequences\seq_DAYE_2018_648.npy,sequences\tgt_DAYE_2018_648.npy,DAYE,2018,2018-09-20 10:15:00,train
sequences\seq_DAYE_2018_649.npy,sequences\tgt_DAYE_2018_649.npy,DAYE,2018,2018-09-20 10:30:00,train
sequences\seq_DAYE_2018_650.npy,sequences\tgt_DAYE_2018_650.npy,DAYE,2018,2018-09-20 10:45:00,train
sequences\seq_DAYE_2018_651.npy,sequences\tgt_DAYE_2018_651.npy,DAYE,2018,2018-09-20 11:00:00,train
sequences\seq_DAYE_2018_652.npy,sequences\tgt_DAYE_2018_652.npy,DAYE,2018,2018-09-20 11:15:00,train
sequences\seq_DAYE_2018_653.npy,sequences\tgt_DAYE_2018_653.npy,DAYE,2018,2018-09-20 11:30:00,train
sequences\seq_DAYE_2018_654.npy,sequences\tgt_DAYE_2018_654.npy,DAYE,2018,2018-09-20 11:45:00,train
sequences\seq_DAYE_2018_655.npy,sequences\tgt_DAYE_2018_655.npy,DAYE,2018,2018-09-20 12:00:00,train
sequences\seq_DAYE_2018_656.npy,sequences\tgt_DAYE_2018_656.npy,DAYE,2018,2018-09-20 12:15:00,train
sequences\seq_DAYE_2018_657.npy,sequences\tgt_DAYE_2018_657.npy,DAYE,2018,2018-09-20 12:30:00,train
sequences\seq_DAYE_2018_658.npy,sequences\tgt_DAYE_2018_658.npy,DAYE,2018,2018-09-20 12:45:00,train
sequences\seq_DAYE_2018_659.npy,sequences\tgt_DAYE_2018_659.npy,DAYE,2018,2018-09-20 13:00:00,train
sequences\seq_DAYE_2018_660.npy,sequences\tgt_DAYE_2018_660.npy,DAYE,2018,2018-09-20 13:15:00,train
sequences\seq_DAYE_2018_661.npy,sequences\tgt_DAYE_2018_661.npy,DAYE,2018,2018-09-20 13:30:00,train
sequences\seq_DAYE_2018_662.npy,sequences\tgt_DAYE_2018_662.npy,DAYE,2018,2018-09-20 13:45:00,train
sequences\seq_DAYE_2018_663.npy,sequences\tgt_DAYE_2018_663.npy,DAYE,2018,2018-09-20 14:00:00,train
sequences\seq_DAYE_2018_664.npy,sequences\tgt_DAYE_2018_664.npy,DAYE,2018,2018-09-20 14:15:00,train
sequences\seq_DAYE_2018_665.npy,sequences\tgt_DAYE_2018_665.npy,DAYE,2018,2018-09-20 14:30:00,train
sequences\seq_DAYE_2018_666.npy,sequences\tgt_DAYE_2018_666.npy,DAYE,2018,2018-09-20 14:45:00,train
sequences\seq_DAYE_2018_667.npy,sequences\tgt_DAYE_2018_667.npy,DAYE,2018,2018-09-20 15:00:00,train
sequences\seq_DAYE_2018_668.npy,sequences\tgt_DAYE_2018_668.npy,DAYE,2018,2018-09-20 15:15:00,train
sequences\seq_DAYE_2018_669.npy,sequences\tgt_DAYE_2018_669.npy,DAYE,2018,2018-09-20 15:30:00,train
sequences\seq_DAYE_2018_670.npy,sequences\tgt_DAYE_2018_670.npy,DAYE,2018,2018-09-20 15:45:00,train
sequences\seq_DAYE_2018_671.npy,sequences\tgt_DAYE_2018_671.npy,DAYE,2018,2018-09-20 16:00:00,train
sequences\seq_DAYE_2018_672.npy,sequences\tgt_DAYE_2018_672.npy,DAYE,2018,2018-09-20 16:15:00,train
sequences\seq_DAYE_2018_673.npy,sequences\tgt_DAYE_2018_673.npy,DAYE,2018,2018-09-20 16:30:00,train
sequences\seq_DAYE_2018_674.npy,sequences\tgt_DAYE_2018_674.npy,DAYE,2018,2018-09-20 16:45:00,train
sequences\seq_DAYE_2018_675.npy,sequences\tgt_DAYE_2018_675.npy,DAYE,2018,2018-09-20 17:15:00,train
sequences\seq_DAYE_2018_676.npy,sequences\tgt_DAYE_2018_676.npy,DAYE,2018,2018-09-20 21:30:00,train
sequences\seq_DAYE_2018_677.npy,sequences\tgt_DAYE_2018_677.npy,DAYE,2018,2018-09-20 21:45:00,train
sequences\seq_DAYE_2018_678.npy,sequences\tgt_DAYE_2018_678.npy,DAYE,2018,2018-09-20 22:00:00,train
sequences\seq_DAYE_2018_679.npy,sequences\tgt_DAYE_2018_679.npy,DAYE,2018,2018-09-20 22:15:00,train
sequences\seq_DAYE_2018_680.npy,sequences\tgt_DAYE_2018_680.npy,DAYE,2018,2018-09-20 22:30:00,train
sequences\seq_DAYE_2018_681.npy,sequences\tgt_DAYE_2018_681.npy,DAYE,2018,2018-09-20 22:45:00,train
sequences\seq_DAYE_2018_682.npy,sequences\tgt_DAYE_2018_682.npy,DAYE,2018,2018-09-20 23:00:00,train
sequences\seq_DAYE_2018_683.npy,sequences\tgt_DAYE_2018_683.npy,DAYE,2018,2018-09-20 23:15:00,train
sequences\seq_DAYE_2018_684.npy,sequences\tgt_DAYE_2018_684.npy,DAYE,2018,2018-09-20 23:30:00,train
sequences\seq_DAYE_2018_685.npy,sequences\tgt_DAYE_2018_685.npy,DAYE,2018,2018-09-20 23:45:00,train
sequences\seq_DAYE_2018_686.npy,sequences\tgt_DAYE_2018_686.npy,DAYE,2018,2018-09-21 00:00:00,train
sequences\seq_DAYE_2018_687.npy,sequences\tgt_DAYE_2018_687.npy,DAYE,2018,2018-09-21 00:15:00,train
sequences\seq_DAYE_2018_688.npy,sequences\tgt_DAYE_2018_688.npy,DAYE,2018,2018-09-21 00:30:00,train
sequences\seq_DAYE_2018_689.npy,sequences\tgt_DAYE_2018_689.npy,DAYE,2018,2018-09-21 00:45:00,train
sequences\seq_DAYE_2018_690.npy,sequences\tgt_DAYE_2018_690.npy,DAYE,2018,2018-09-21 01:00:00,train
sequences\seq_DAYE_2018_691.npy,sequences\tgt_DAYE_2018_691.npy,DAYE,2018,2018-09-21 01:15:00,train
sequences\seq_DAYE_2018_692.npy,sequences\tgt_DAYE_2018_692.npy,DAYE,2018,2018-09-21 01:30:00,train
sequences\seq_DAYE_2018_693.npy,sequences\tgt_DAYE_2018_693.npy,DAYE,2018,2018-09-21 01:45:00,train
sequences\seq_DAYE_2018_694.npy,sequences\tgt_DAYE_2018_694.npy,DAYE,2018,2018-09-21 02:00:00,train
sequences\seq_DAYE_2018_695.npy,sequences\tgt_DAYE_2018_695.npy,DAYE,2018,2018-09-21 02:15:00,train
sequences\seq_DAYE_2018_696.npy,sequences\tgt_DAYE_2018_696.npy,DAYE,2018,2018-09-21 05:30:00,train
sequences\seq_DAYE_2018_697.npy,sequences\tgt_DAYE_2018_697.npy,DAYE,2018,2018-09-21 05:45:00,train
sequences\seq_DAYE_2018_698.npy,sequences\tgt_DAYE_2018_698.npy,DAYE,2018,2018-09-21 06:00:00,train
sequences\seq_DAYE_2018_699.npy,sequences\tgt_DAYE_2018_699.npy,DAYE,2018,2018-09-21 06:15:00,train
sequences\seq_DAYE_2018_700.npy,sequences\tgt_DAYE_2018_700.npy,DAYE,2018,2018-09-21 06:30:00,train
sequences\seq_DAYE_2018_701.npy,sequences\tgt_DAYE_2018_701.npy,DAYE,2018,2018-09-21 06:45:00,train
sequences\seq_DAYE_2018_702.npy,sequences\tgt_DAYE_2018_702.npy,DAYE,2018,2018-09-21 07:00:00,train
sequences\seq_DAYE_2018_703.npy,sequences\tgt_DAYE_2018_703.npy,DAYE,2018,2018-09-21 07:15:00,train
sequences\seq_DAYE_2018_704.npy,sequences\tgt_DAYE_2018_704.npy,DAYE,2018,2018-09-21 07:30:00,train
sequences\seq_DAYE_2018_705.npy,sequences\tgt_DAYE_2018_705.npy,DAYE,2018,2018-09-21 07:45:00,train
sequences\seq_DAYE_2018_706.npy,sequences\tgt_DAYE_2018_706.npy,DAYE,2018,2018-09-21 08:00:00,train
sequences\seq_DAYE_2018_707.npy,sequences\tgt_DAYE_2018_707.npy,DAYE,2018,2018-09-21 08:15:00,train
sequences\seq_DAYE_2018_708.npy,sequences\tgt_DAYE_2018_708.npy,DAYE,2018,2018-09-21 08:30:00,train
sequences\seq_DAYE_2018_709.npy,sequences\tgt_DAYE_2018_709.npy,DAYE,2018,2018-09-21 08:45:00,train
sequences\seq_DAYE_2018_710.npy,sequences\tgt_DAYE_2018_710.npy,DAYE,2018,2018-09-21 09:00:00,train
sequences\seq_DAYE_2018_711.npy,sequences\tgt_DAYE_2018_711.npy,DAYE,2018,2018-09-21 09:15:00,train
sequences\seq_DAYE_2018_712.npy,sequences\tgt_DAYE_2018_712.npy,DAYE,2018,2018-09-21 09:30:00,train
sequences\seq_DAYE_2018_713.npy,sequences\tgt_DAYE_2018_713.npy,DAYE,2018,2018-09-21 09:45:00,train
sequences\seq_DAYE_2018_714.npy,sequences\tgt_DAYE_2018_714.npy,DAYE,2018,2018-09-21 10:00:00,train
sequences\seq_DAYE_2018_715.npy,sequences\tgt_DAYE_2018_715.npy,DAYE,2018,2018-09-21 10:15:00,train
sequences\seq_DAYE_2018_716.npy,sequences\tgt_DAYE_2018_716.npy,DAYE,2018,2018-09-21 10:30:00,train
sequences\seq_DAYE_2018_717.npy,sequences\tgt_DAYE_2018_717.npy,DAYE,2018,2018-09-21 10:45:00,train
sequences\seq_DAYE_2018_718.npy,sequences\tgt_DAYE_2018_718.npy,DAYE,2018,2018-09-21 11:00:00,train
sequences\seq_DAYE_2018_719.npy,sequences\tgt_DAYE_2018_719.npy,DAYE,2018,2018-09-21 11:15:00,train
sequences\seq_DAYE_2018_720.npy,sequences\tgt_DAYE_2018_720.npy,DAYE,2018,2018-09-21 11:30:00,train
sequences\seq_DAYE_2018_721.npy,sequences\tgt_DAYE_2018_721.npy,DAYE,2018,2018-09-21 11:45:00,train
sequences\seq_FANI_2019_722.npy,sequences\tgt_FANI_2019_722.npy,FANI,2019,2019-04-26 08:30:00,test
sequences\seq_FANI_2019_723.npy,sequences\tgt_FANI_2019_723.npy,FANI,2019,2019-04-26 08:45:00,test
sequences\seq_FANI_2019_724.npy,sequences\tgt_FANI_2019_724.npy,FANI,2019,2019-04-26 09:00:00,test
sequences\seq_FANI_2019_725.npy,sequences\tgt_FANI_2019_725.npy,FANI,2019,2019-04-26 09:15:00,test
sequences\seq_FANI_2019_726.npy,sequences\tgt_FANI_2019_726.npy,FANI,2019,2019-04-26 09:30:00,test
sequences\seq_FANI_2019_727.npy,sequences\tgt_FANI_2019_727.npy,FANI,2019,2019-04-26 09:45:00,test
sequences\seq_FANI_2019_728.npy,sequences\tgt_FANI_2019_728.npy,FANI,2019,2019-04-26 10:00:00,test
sequences\seq_FANI_2019_729.npy,sequences\tgt_FANI_2019_729.npy,FANI,2019,2019-04-26 10:15:00,test
sequences\seq_FANI_2019_730.npy,sequences\tgt_FANI_2019_730.npy,FANI,2019,2019-04-26 10:30:00,test
sequences\seq_FANI_2019_731.npy,sequences\tgt_FANI_2019_731.npy,FANI,2019,2019-04-26 10:45:00,test
sequences\seq_FANI_2019_732.npy,sequences\tgt_FANI_2019_732.npy,FANI,2019,2019-04-26 11:00:00,test
sequences\seq_FANI_2019_733.npy,sequences\tgt_FANI_2019_733.npy,FANI,2019,2019-04-26 11:15:00,test
sequences\seq_FANI_2019_734.npy,sequences\tgt_FANI_2019_734.npy,FANI,2019,2019-04-26 11:30:00,test
sequences\seq_FANI_2019_735.npy,sequences\tgt_FANI_2019_735.npy,FANI,2019,2019-04-26 11:45:00,test
sequences\seq_FANI_2019_736.npy,sequences\tgt_FANI_2019_736.npy,FANI,2019,2019-04-26 12:00:00,test
sequences\seq_FANI_2019_737.npy,sequences\tgt_FANI_2019_737.npy,FANI,2019,2019-04-26 12:15:00,test
sequences\seq_FANI_2019_738.npy,sequences\tgt_FANI_2019_738.npy,FANI,2019,2019-04-26 12:30:00,test
sequences\seq_FANI_2019_739.npy,sequences\tgt_FANI_2019_739.npy,FANI,2019,2019-04-26 12:45:00,test
sequences\seq_FANI_2019_740.npy,sequences\tgt_FANI_2019_740.npy,FANI,2019,2019-04-26 13:00:00,test
sequences\seq_FANI_2019_741.npy,sequences\tgt_FANI_2019_741.npy,FANI,2019,2019-04-26 13:15:00,test
sequences\seq_FANI_2019_742.npy,sequences\tgt_FANI_2019_742.npy,FANI,2019,2019-04-26 13:30:00,test
sequences\seq_FANI_2019_743.npy,sequences\tgt_FANI_2019_743.npy,FANI,2019,2019-04-26 13:45:00,test
sequences\seq_FANI_2019_744.npy,sequences\tgt_FANI_2019_744.npy,FANI,2019,2019-04-26 14:00:00,test
sequences\seq_FANI_2019_745.npy,sequences\tgt_FANI_2019_745.npy,FANI,2019,2019-04-26 14:15:00,test
sequences\seq_FANI_2019_746.npy,sequences\tgt_FANI_2019_746.npy,FANI,2019,2019-04-26 14:30:00,test
sequences\seq_FANI_2019_747.npy,sequences\tgt_FANI_2019_747.npy,FANI,2019,2019-04-26 14:45:00,test
sequences\seq_FANI_2019_748.npy,sequences\tgt_FANI_2019_748.npy,FANI,2019,2019-04-26 15:00:00,test
sequences\seq_FANI_2019_749.npy,sequences\tgt_FANI_2019_749.npy,FANI,2019,2019-04-26 15:15:00,test
sequences\seq_FANI_2019_750.npy,sequences\tgt_FANI_2019_750.npy,FANI,2019,2019-04-26 15:30:00,test
sequences\seq_FANI_2019_751.npy,sequences\tgt_FANI_2019_751.npy,FANI,2019,2019-04-26 15:45:00,test
sequences\seq_FANI_2019_752.npy,sequences\tgt_FANI_2019_752.npy,FANI,2019,2019-04-26 16:00:00,test
sequences\seq_FANI_2019_753.npy,sequences\tgt_FANI_2019_753.npy,FANI,2019,2019-04-26 16:15:00,test
sequences\seq_FANI_2019_754.npy,sequences\tgt_FANI_2019_754.npy,FANI,2019,2019-04-26 16:30:00,test
sequences\seq_FANI_2019_755.npy,sequences\tgt_FANI_2019_755.npy,FANI,2019,2019-04-26 16:45:00,test
sequences\seq_FANI_2019_756.npy,sequences\tgt_FANI_2019_756.npy,FANI,2019,2019-04-26 17:00:00,test
sequences\seq_FANI_2019_757.npy,sequences\tgt_FANI_2019_757.npy,FANI,2019,2019-04-26 17:15:00,test
sequences\seq_FANI_2019_758.npy,sequences\tgt_FANI_2019_758.npy,FANI,2019,2019-04-26 21:30:00,test
sequences\seq_FANI_2019_759.npy,sequences\tgt_FANI_2019_759.npy,FANI,2019,2019-04-26 22:00:00,test
sequences\seq_FANI_2019_760.npy,sequences\tgt_FANI_2019_760.npy,FANI,2019,2019-04-26 22:15:00,test
sequences\seq_FANI_2019_761.npy,sequences\tgt_FANI_2019_761.npy,FANI,2019,2019-04-26 22:30:00,test
sequences\seq_FANI_2019_762.npy,sequences\tgt_FANI_2019_762.npy,FANI,2019,2019-04-26 22:45:00,test
sequences\seq_FANI_2019_763.npy,sequences\tgt_FANI_2019_763.npy,FANI,2019,2019-04-26 23:00:00,test
sequences\seq_FANI_2019_764.npy,sequences\tgt_FANI_2019_764.npy,FANI,2019,2019-04-26 23:15:00,test
sequences\seq_FANI_2019_765.npy,sequences\tgt_FANI_2019_765.npy,FANI,2019,2019-04-26 23:30:00,test
sequences\seq_FANI_2019_766.npy,sequences\tgt_FANI_2019_766.npy,FANI,2019,2019-04-26 23:45:00,test
sequences\seq_FANI_2019_767.npy,sequences\tgt_FANI_2019_767.npy,FANI,2019,2019-04-27 00:00:00,test
sequences\seq_FANI_2019_768.npy,sequences\tgt_FANI_2019_768.npy,FANI,2019,2019-04-27 00:15:00,test
sequences\seq_FANI_2019_769.npy,sequences\tgt_FANI_2019_769.npy,FANI,2019,2019-04-27 00:30:00,test
sequences\seq_FANI_2019_770.npy,sequences\tgt_FANI_2019_770.npy,FANI,2019,2019-04-27 00:45:00,test
sequences\seq_FANI_2019_771.npy,sequences\tgt_FANI_2019_771.npy,FANI,2019,2019-04-27 01:00:00,test
sequences\seq_FANI_2019_772.npy,sequences\tgt_FANI_2019_772.npy,FANI,2019,2019-04-27 01:15:00,test
sequences\seq_FANI_2019_773.npy,sequences\tgt_FANI_2019_773.npy,FANI,2019,2019-04-27 01:30:00,test
sequences\seq_FANI_2019_774.npy,sequences\tgt_FANI_2019_774.npy,FANI,2019,2019-04-27 01:45:00,test
sequences\seq_FANI_2019_775.npy,sequences\tgt_FANI_2019_775.npy,FANI,2019,2019-04-27 02:00:00,test
sequences\seq_FANI_2019_776.npy,sequences\tgt_FANI_2019_776.npy,FANI,2019,2019-04-27 02:15:00,test
sequences\seq_FANI_2019_777.npy,sequences\tgt_FANI_2019_777.npy,FANI,2019,2019-04-27 02:30:00,test
sequences\seq_FANI_2019_778.npy,sequences\tgt_FANI_2019_778.npy,FANI,2019,2019-04-27 02:45:00,test
sequences\seq_FANI_2019_779.npy,sequences\tgt_FANI_2019_779.npy,FANI,2019,2019-04-27 03:00:00,test
sequences\seq_FANI_2019_780.npy,sequences\tgt_FANI_2019_780.npy,FANI,2019,2019-04-27 03:15:00,test
sequences\seq_FANI_2019_781.npy,sequences\tgt_FANI_2019_781.npy,FANI,2019,2019-04-27 03:30:00,test
sequences\seq_FANI_2019_782.npy,sequences\tgt_FANI_2019_782.npy,FANI,2019,2019-04-27 03:45:00,test
sequences\seq_FANI_2019_783.npy,sequences\tgt_FANI_2019_783.npy,FANI,2019,2019-04-27 04:00:00,test
sequences\seq_FANI_2019_784.npy,sequences\tgt_FANI_2019_784.npy,FANI,2019,2019-04-27 04:15:00,test
sequences\seq_FANI_2019_785.npy,sequences\tgt_FANI_2019_785.npy,FANI,2019,2019-04-27 04:30:00,test
sequences\seq_FANI_2019_786.npy,sequences\tgt_FANI_2019_786.npy,FANI,2019,2019-04-27 04:45:00,test
sequences\seq_FANI_2019_787.npy,sequences\tgt_FANI_2019_787.npy,FANI,2019,2019-04-27 05:00:00,test
sequences\seq_FANI_2019_788.npy,sequences\tgt_FANI_2019_788.npy,FANI,2019,2019-04-27 05:15:00,test
sequences\seq_FANI_2019_789.npy,sequences\tgt_FANI_2019_789.npy,FANI,2019,2019-04-27 05:30:00,test
sequences\seq_FANI_2019_790.npy,sequences\tgt_FANI_2019_790.npy,FANI,2019,2019-04-27 05:45:00,test
sequences\seq_FANI_2019_791.npy,sequences\tgt_FANI_2019_791.npy,FANI,2019,2019-04-27 06:00:00,test
sequences\seq_FANI_2019_792.npy,sequences\tgt_FANI_2019_792.npy,FANI,2019,2019-04-27 06:15:00,test
sequences\seq_FANI_2019_793.npy,sequences\tgt_FANI_2019_793.npy,FANI,2019,2019-04-27 06:30:00,test
sequences\seq_FANI_2019_794.npy,sequences\tgt_FANI_2019_794.npy,FANI,2019,2019-04-27 06:45:00,test
sequences\seq_FANI_2019_795.npy,sequences\tgt_FANI_2019_795.npy,FANI,2019,2019-04-27 07:00:00,test
sequences\seq_FANI_2019_796.npy,sequences\tgt_FANI_2019_796.npy,FANI,2019,2019-04-27 07:15:00,test
sequences\seq_FANI_2019_797.npy,sequences\tgt_FANI_2019_797.npy,FANI,2019,2019-04-27 07:30:00,test
sequences\seq_FANI_2019_798.npy,sequences\tgt_FANI_2019_798.npy,FANI,2019,2019-04-27 07:45:00,test
sequences\seq_FANI_2019_799.npy,sequences\tgt_FANI_2019_799.npy,FANI,2019,2019-04-27 08:00:00,test
sequences\seq_FANI_2019_800.npy,sequences\tgt_FANI_2019_800.npy,FANI,2019,2019-04-27 08:15:00,test
sequences\seq_FANI_2019_801.npy,sequences\tgt_FANI_2019_801.npy,FANI,2019,2019-04-27 08:30:00,test
sequences\seq_FANI_2019_802.npy,sequences\tgt_FANI_2019_802.npy,FANI,2019,2019-04-27 08:45:00,test
sequences\seq_FANI_2019_803.npy,sequences\tgt_FANI_2019_803.npy,FANI,2019,2019-04-27 09:00:00,test
sequences\seq_FANI_2019_804.npy,sequences\tgt_FANI_2019_804.npy,FANI,2019,2019-04-27 09:15:00,test
sequences\seq_FANI_2019_805.npy,sequences\tgt_FANI_2019_805.npy,FANI,2019,2019-04-27 09:30:00,test
sequences\seq_FANI_2019_806.npy,sequences\tgt_FANI_2019_806.npy,FANI,2019,2019-04-27 09:45:00,test
sequences\seq_FANI_2019_807.npy,sequences\tgt_FANI_2019_807.npy,FANI,2019,2019-04-27 10:00:00,test
sequences\seq_FANI_2019_808.npy,sequences\tgt_FANI_2019_808.npy,FANI,2019,2019-04-27 10:15:00,test
sequences\seq_FANI_2019_809.npy,sequences\tgt_FANI_2019_809.npy,FANI,2019,2019-04-27 10:30:00,test
sequences\seq_FANI_2019_810.npy,sequences\tgt_FANI_2019_810.npy,FANI,2019,2019-04-27 10:45:00,test
sequences\seq_FANI_2019_811.npy,sequences\tgt_FANI_2019_811.npy,FANI,2019,2019-04-27 11:15:00,test
sequences\seq_FANI_2019_812.npy,sequences\tgt_FANI_2019_812.npy,FANI,2019,2019-04-27 11:45:00,test
sequences\seq_FANI_2019_813.npy,sequences\tgt_FANI_2019_813.npy,FANI,2019,2019-04-27 12:00:00,test
sequences\seq_FANI_2019_814.npy,sequences\tgt_FANI_2019_814.npy,FANI,2019,2019-04-27 12:15:00,test
sequences\seq_FANI_2019_815.npy,sequences\tgt_FANI_2019_815.npy,FANI,2019,2019-04-27 12:30:00,test
sequences\seq_FANI_2019_816.npy,sequences\tgt_FANI_2019_816.npy,FANI,2019,2019-04-27 12:45:00,test
sequences\seq_FANI_2019_817.npy,sequences\tgt_FANI_2019_817.npy,FANI,2019,2019-04-27 13:00:00,test
sequences\seq_FANI_2019_818.npy,sequences\tgt_FANI_2019_818.npy,FANI,2019,2019-04-27 13:15:00,test
sequences\seq_FANI_2019_819.npy,sequences\tgt_FANI_2019_819.npy,FANI,2019,2019-04-27 13:30:00,test
sequences\seq_FANI_2019_820.npy,sequences\tgt_FANI_2019_820.npy,FANI,2019,2019-04-27 13:45:00,test
sequences\seq_FANI_2019_821.npy,sequences\tgt_FANI_2019_821.npy,FANI,2019,2019-04-27 14:00:00,test
sequences\seq_FANI_2019_822.npy,sequences\tgt_FANI_2019_822.npy,FANI,2019,2019-04-27 14:15:00,test
sequences\seq_FANI_2019_823.npy,sequences\tgt_FANI_2019_823.npy,FANI,2019,2019-04-27 14:30:00,test
sequences\seq_FANI_2019_824.npy,sequences\tgt_FANI_2019_824.npy,FANI,2019,2019-04-27 14:45:00,test
sequences\seq_FANI_2019_825.npy,sequences\tgt_FANI_2019_825.npy,FANI,2019,2019-04-27 15:00:00,test
sequences\seq_FANI_2019_826.npy,sequences\tgt_FANI_2019_826.npy,FANI,2019,2019-04-27 15:15:00,test
sequences\seq_FANI_2019_827.npy,sequences\tgt_FANI_2019_827.npy,FANI,2019,2019-04-27 15:30:00,test
sequences\seq_FANI_2019_828.npy,sequences\tgt_FANI_2019_828.npy,FANI,2019,2019-04-27 15:45:00,test
sequences\seq_FANI_2019_829.npy,sequences\tgt_FANI_2019_829.npy,FANI,2019,2019-04-27 16:00:00,test
sequences\seq_FANI_2019_830.npy,sequences\tgt_FANI_2019_830.npy,FANI,2019,2019-04-27 16:15:00,test
sequences\seq_FANI_2019_831.npy,sequences\tgt_FANI_2019_831.npy,FANI,2019,2019-04-27 16:30:00,test
sequences\seq_FANI_2019_832.npy,sequences\tgt_FANI_2019_832.npy,FANI,2019,2019-04-27 16:45:00,test
sequences\seq_FANI_2019_833.npy,sequences\tgt_FANI_2019_833.npy,FANI,2019,2019-04-27 17:00:00,test
sequences\seq_FANI_2019_834.npy,sequences\tgt_FANI_2019_834.npy,FANI,2019,2019-04-27 17:15:00,test
sequences\seq_FANI_2019_835.npy,sequences\tgt_FANI_2019_835.npy,FANI,2019,2019-04-27 21:30:00,test
sequences\seq_FANI_2019_836.npy,sequences\tgt_FANI_2019_836.npy,FANI,2019,2019-04-27 22:00:00,test
sequences\seq_FANI_2019_837.npy,sequences\tgt_FANI_2019_837.npy,FANI,2019,2019-04-27 22:15:00,test
sequences\seq_FANI_2019_838.npy,sequences\tgt_FANI_2019_838.npy,FANI,2019,2019-04-27 22:30:00,test
sequences\seq_FANI_2019_839.npy,sequences\tgt_FANI_2019_839.npy,FANI,2019,2019-04-27 22:45:00,test
sequences\seq_FANI_2019_840.npy,sequences\tgt_FANI_2019_840.npy,FANI,2019,2019-04-27 23:00:00,test
sequences\seq_FANI_2019_841.npy,sequences\tgt_FANI_2019_841.npy,FANI,2019,2019-04-27 23:15:00,test
sequences\seq_FANI_2019_842.npy,sequences\tgt_FANI_2019_842.npy,FANI,2019,2019-04-27 23:30:00,test
sequences\seq_FANI_2019_843.npy,sequences\tgt_FANI_2019_843.npy,FANI,2019,2019-04-27 23:45:00,test
sequences\seq_FANI_2019_844.npy,sequences\tgt_FANI_2019_844.npy,FANI,2019,2019-04-28 00:00:00,test
sequences\seq_FANI_2019_845.npy,sequences\tgt_FANI_2019_845.npy,FANI,2019,2019-04-28 00:15:00,test
sequences\seq_FANI_2019_846.npy,sequences\tgt_FANI_2019_846.npy,FANI,2019,2019-04-28 00:30:00,test
sequences\seq_FANI_2019_847.npy,sequences\tgt_FANI_2019_847.npy,FANI,2019,2019-04-28 00:45:00,test
sequences\seq_FANI_2019_848.npy,sequences\tgt_FANI_2019_848.npy,FANI,2019,2019-04-28 01:00:00,test
sequences\seq_FANI_2019_849.npy,sequences\tgt_FANI_2019_849.npy,FANI,2019,2019-04-28 01:15:00,test
sequences\seq_FANI_2019_850.npy,sequences\tgt_FANI_2019_850.npy,FANI,2019,2019-04-28 01:30:00,test
sequences\seq_FANI_2019_851.npy,sequences\tgt_FANI_2019_851.npy,FANI,2019,2019-04-28 01:45:00,test
sequences\seq_FANI_2019_852.npy,sequences\tgt_FANI_2019_852.npy,FANI,2019,2019-04-28 02:00:00,test
sequences\seq_FANI_2019_853.npy,sequences\tgt_FANI_2019_853.npy,FANI,2019,2019-04-28 02:15:00,test
sequences\seq_FANI_2019_854.npy,sequences\tgt_FANI_2019_854.npy,FANI,2019,2019-04-28 02:30:00,test
sequences\seq_FANI_2019_855.npy,sequences\tgt_FANI_2019_855.npy,FANI,2019,2019-04-28 02:45:00,test
sequences\seq_FANI_2019_856.npy,sequences\tgt_FANI_2019_856.npy,FANI,2019,2019-04-28 03:00:00,test
sequences\seq_FANI_2019_857.npy,sequences\tgt_FANI_2019_857.npy,FANI,2019,2019-04-28 03:15:00,test
sequences\seq_FANI_2019_858.npy,sequences\tgt_FANI_2019_858.npy,FANI,2019,2019-04-28 03:30:00,test
sequences\seq_FANI_2019_859.npy,sequences\tgt_FANI_2019_859.npy,FANI,2019,2019-04-28 03:45:00,test
sequences\seq_FANI_2019_860.npy,sequences\tgt_FANI_2019_860.npy,FANI,2019,2019-04-28 04:00:00,test
sequences\seq_FANI_2019_861.npy,sequences\tgt_FANI_2019_861.npy,FANI,2019,2019-04-28 04:15:00,test
sequences\seq_FANI_2019_862.npy,sequences\tgt_FANI_2019_862.npy,FANI,2019,2019-04-28 04:30:00,test
sequences\seq_FANI_2019_863.npy,sequences\tgt_FANI_2019_863.npy,FANI,2019,2019-04-28 04:45:00,test
sequences\seq_FANI_2019_864.npy,sequences\tgt_FANI_2019_864.npy,FANI,2019,2019-04-28 05:00:00,test
sequences\seq_FANI_2019_865.npy,sequences\tgt_FANI_2019_865.npy,FANI,2019,2019-04-28 05:15:00,test
sequences\seq_FANI_2019_866.npy,sequences\tgt_FANI_2019_866.npy,FANI,2019,2019-04-28 05:45:00,test
sequences\seq_FANI_2019_867.npy,sequences\tgt_FANI_2019_867.npy,FANI,2019,2019-04-28 06:00:00,test
sequences\seq_FANI_2019_868.npy,sequences\tgt_FANI_2019_868.npy,FANI,2019,2019-04-28 06:15:00,test
sequences\seq_FANI_2019_869.npy,sequences\tgt_FANI_2019_869.npy,FANI,2019,2019-04-28 06:30:00,test
sequences\seq_FANI_2019_870.npy,sequences\tgt_FANI_2019_870.npy,FANI,2019,2019-04-28 06:45:00,test
sequences\seq_FANI_2019_871.npy,sequences\tgt_FANI_2019_871.npy,FANI,2019,2019-04-28 07:00:00,test
sequences\seq_FANI_2019_872.npy,sequences\tgt_FANI_2019_872.npy,FANI,2019,2019-04-28 07:15:00,test
sequences\seq_FANI_2019_873.npy,sequences\tgt_FANI_2019_873.npy,FANI,2019,2019-04-28 07:30:00,test
sequences\seq_FANI_2019_874.npy,sequences\tgt_FANI_2019_874.npy,FANI,2019,2019-04-28 07:45:00,test
sequences\seq_FANI_2019_875.npy,sequences\tgt_FANI_2019_875.npy,FANI,2019,2019-04-28 08:00:00,test
sequences\seq_FANI_2019_876.npy,sequences\tgt_FANI_2019_876.npy,FANI,2019,2019-04-28 08:15:00,test
sequences\seq_FANI_2019_877.npy,sequences\tgt_FANI_2019_877.npy,FANI,2019,2019-04-28 08:30:00,test
sequences\seq_FANI_2019_878.npy,sequences\tgt_FANI_2019_878.npy,FANI,2019,2019-04-28 08:45:00,test
sequences\seq_FANI_2019_879.npy,sequences\tgt_FANI_2019_879.npy,FANI,2019,2019-04-28 09:00:00,test
sequences\seq_FANI_2019_880.npy,sequences\tgt_FANI_2019_880.npy,FANI,2019,2019-04-28 09:15:00,test
sequences\seq_FANI_2019_881.npy,sequences\tgt_FANI_2019_881.npy,FANI,2019,2019-04-28 09:30:00,test
sequences\seq_FANI_2019_882.npy,sequences\tgt_FANI_2019_882.npy,FANI,2019,2019-04-28 09:45:00,test
sequences\seq_FANI_2019_883.npy,sequences\tgt_FANI_2019_883.npy,FANI,2019,2019-04-28 10:00:00,test
sequences\seq_FANI_2019_884.npy,sequences\tgt_FANI_2019_884.npy,FANI,2019,2019-04-28 10:15:00,test
sequences\seq_FANI_2019_885.npy,sequences\tgt_FANI_2019_885.npy,FANI,2019,2019-04-28 10:30:00,test
sequences\seq_FANI_2019_886.npy,sequences\tgt_FANI_2019_886.npy,FANI,2019,2019-04-28 10:45:00,test
sequences\seq_FANI_2019_887.npy,sequences\tgt_FANI_2019_887.npy,FANI,2019,2019-04-28 11:00:00,test
sequences\seq_FANI_2019_888.npy,sequences\tgt_FANI_2019_888.npy,FANI,2019,2019-04-28 11:15:00,test
sequences\seq_FANI_2019_889.npy,sequences\tgt_FANI_2019_889.npy,FANI,2019,2019-04-28 11:30:00,test
sequences\seq_FANI_2019_890.npy,sequences\tgt_FANI_2019_890.npy,FANI,2019,2019-04-28 11:45:00,test
sequences\seq_FANI_2019_891.npy,sequences\tgt_FANI_2019_891.npy,FANI,2019,2019-04-28 12:00:00,test
sequences\seq_FANI_2019_892.npy,sequences\tgt_FANI_2019_892.npy,FANI,2019,2019-04-28 12:15:00,test
sequences\seq_FANI_2019_893.npy,sequences\tgt_FANI_2019_893.npy,FANI,2019,2019-04-28 12:30:00,test
sequences\seq_FANI_2019_894.npy,sequences\tgt_FANI_2019_894.npy,FANI,2019,2019-04-28 12:45:00,test
sequences\seq_FANI_2019_895.npy,sequences\tgt_FANI_2019_895.npy,FANI,2019,2019-04-28 13:00:00,test
sequences\seq_FANI_2019_896.npy,sequences\tgt_FANI_2019_896.npy,FANI,2019,2019-04-28 13:15:00,test
sequences\seq_FANI_2019_897.npy,sequences\tgt_FANI_2019_897.npy,FANI,2019,2019-04-28 13:30:00,test
sequences\seq_FANI_2019_898.npy,sequences\tgt_FANI_2019_898.npy,FANI,2019,2019-04-28 13:45:00,test
sequences\seq_FANI_2019_899.npy,sequences\tgt_FANI_2019_899.npy,FANI,2019,2019-04-28 14:00:00,test
sequences\seq_FANI_2019_900.npy,sequences\tgt_FANI_2019_900.npy,FANI,2019,2019-04-28 14:15:00,test
sequences\seq_FANI_2019_901.npy,sequences\tgt_FANI_2019_901.npy,FANI,2019,2019-04-28 14:30:00,test
sequences\seq_FANI_2019_902.npy,sequences\tgt_FANI_2019_902.npy,FANI,2019,2019-04-28 14:45:00,test
sequences\seq_FANI_2019_903.npy,sequences\tgt_FANI_2019_903.npy,FANI,2019,2019-04-28 15:00:00,test
sequences\seq_FANI_2019_904.npy,sequences\tgt_FANI_2019_904.npy,FANI,2019,2019-04-28 15:15:00,test
sequences\seq_FANI_2019_905.npy,sequences\tgt_FANI_2019_905.npy,FANI,2019,2019-04-28 15:30:00,test
sequences\seq_FANI_2019_906.npy,sequences\tgt_FANI_2019_906.npy,FANI,2019,2019-04-28 15:45:00,test
sequences\seq_FANI_2019_907.npy,sequences\tgt_FANI_2019_907.npy,FANI,2019,2019-04-28 16:00:00,test
sequences\seq_FANI_2019_908.npy,sequences\tgt_FANI_2019_908.npy,FANI,2019,2019-04-28 16:15:00,test
sequences\seq_FANI_2019_909.npy,sequences\tgt_FANI_2019_909.npy,FANI,2019,2019-04-28 16:30:00,test
sequences\seq_FANI_2019_910.npy,sequences\tgt_FANI_2019_910.npy,FANI,2019,2019-04-28 16:45:00,test
sequences\seq_FANI_2019_911.npy,sequences\tgt_FANI_2019_911.npy,FANI,2019,2019-04-28 17:00:00,test
sequences\seq_FANI_2019_912.npy,sequences\tgt_FANI_2019_912.npy,FANI,2019,2019-04-28 17:15:00,test
sequences\seq_FANI_2019_913.npy,sequences\tgt_FANI_2019_913.npy,FANI,2019,2019-04-28 21:30:00,test
sequences\seq_FANI_2019_914.npy,sequences\tgt_FANI_2019_914.npy,FANI,2019,2019-04-28 22:00:00,test
sequences\seq_FANI_2019_915.npy,sequences\tgt_FANI_2019_915.npy,FANI,2019,2019-04-28 22:15:00,test
sequences\seq_FANI_2019_916.npy,sequences\tgt_FANI_2019_916.npy,FANI,2019,2019-04-28 22:30:00,test
sequences\seq_FANI_2019_917.npy,sequences\tgt_FANI_2019_917.npy,FANI,2019,2019-04-28 22:45:00,test
sequences\seq_FANI_2019_918.npy,sequences\tgt_FANI_2019_918.npy,FANI,2019,2019-04-28 23:00:00,test
sequences\seq_FANI_2019_919.npy,sequences\tgt_FANI_2019_919.npy,FANI,2019,2019-04-28 23:15:00,test
sequences\seq_FANI_2019_920.npy,sequences\tgt_FANI_2019_920.npy,FANI,2019,2019-04-28 23:30:00,test
sequences\seq_FANI_2019_921.npy,sequences\tgt_FANI_2019_921.npy,FANI,2019,2019-04-28 23:45:00,test
sequences\seq_FANI_2019_922.npy,sequences\tgt_FANI_2019_922.npy,FANI,2019,2019-04-29 00:00:00,test
sequences\seq_FANI_2019_923.npy,sequences\tgt_FANI_2019_923.npy,FANI,2019,2019-04-29 00:15:00,test
sequences\seq_FANI_2019_924.npy,sequences\tgt_FANI_2019_924.npy,FANI,2019,2019-04-29 00:30:00,test
sequences\seq_FANI_2019_925.npy,sequences\tgt_FANI_2019_925.npy,FANI,2019,2019-04-29 00:45:00,test
sequences\seq_FANI_2019_926.npy,sequences\tgt_FANI_2019_926.npy,FANI,2019,2019-04-29 01:00:00,test
sequences\seq_FANI_2019_927.npy,sequences\tgt_FANI_2019_927.npy,FANI,2019,2019-04-29 01:15:00,test
sequences\seq_FANI_2019_928.npy,sequences\tgt_FANI_2019_928.npy,FANI,2019,2019-04-29 01:30:00,test
sequences\seq_FANI_2019_929.npy,sequences\tgt_FANI_2019_929.npy,FANI,2019,2019-04-29 01:45:00,test
sequences\seq_FANI_2019_930.npy,sequences\tgt_FANI_2019_930.npy,FANI,2019,2019-04-29 02:00:00,test
sequences\seq_FANI_2019_931.npy,sequences\tgt_FANI_2019_931.npy,FANI,2019,2019-04-29 02:15:00,test
sequences\seq_FANI_2019_932.npy,sequences\tgt_FANI_2019_932.npy,FANI,2019,2019-04-29 02:30:00,test
sequences\seq_FANI_2019_933.npy,sequences\tgt_FANI_2019_933.npy,FANI,2019,2019-04-29 02:45:00,test
sequences\seq_FANI_2019_934.npy,sequences\tgt_FANI_2019_934.npy,FANI,2019,2019-04-29 03:00:00,test
sequences\seq_FANI_2019_935.npy,sequences\tgt_FANI_2019_935.npy,FANI,2019,2019-04-29 03:30:00,test
sequences\seq_FANI_2019_936.npy,sequences\tgt_FANI_2019_936.npy,FANI,2019,2019-04-29 04:00:00,test
sequences\seq_FANI_2019_937.npy,sequences\tgt_FANI_2019_937.npy,FANI,2019,2019-04-29 04:30:00,test
sequences\seq_FANI_2019_938.npy,sequences\tgt_FANI_2019_938.npy,FANI,2019,2019-04-29 05:00:00,test
sequences\seq_FANI_2019_939.npy,sequences\tgt_FANI_2019_939.npy,FANI,2019,2019-04-29 05:30:00,test
sequences\seq_FANI_2019_940.npy,sequences\tgt_FANI_2019_940.npy,FANI,2019,2019-04-29 05:45:00,test
sequences\seq_FANI_2019_941.npy,sequences\tgt_FANI_2019_941.npy,FANI,2019,2019-04-29 06:00:00,test
sequences\seq_FANI_2019_942.npy,sequences\tgt_FANI_2019_942.npy,FANI,2019,2019-04-29 06:30:00,test
sequences\seq_FANI_2019_943.npy,sequences\tgt_FANI_2019_943.npy,FANI,2019,2019-04-29 06:45:00,test
sequences\seq_FANI_2019_944.npy,sequences\tgt_FANI_2019_944.npy,FANI,2019,2019-04-29 07:00:00,test
sequences\seq_FANI_2019_945.npy,sequences\tgt_FANI_2019_945.npy,FANI,2019,2019-04-29 07:30:00,test
sequences\seq_FANI_2019_946.npy,sequences\tgt_FANI_2019_946.npy,FANI,2019,2019-04-29 07:45:00,test
sequences\seq_FANI_2019_947.npy,sequences\tgt_FANI_2019_947.npy,FANI,2019,2019-04-29 08:00:00,test
sequences\seq_FANI_2019_948.npy,sequences\tgt_FANI_2019_948.npy,FANI,2019,2019-04-29 08:30:00,test
sequences\seq_FANI_2019_949.npy,sequences\tgt_FANI_2019_949.npy,FANI,2019,2019-04-29 08:45:00,test
sequences\seq_FANI_2019_950.npy,sequences\tgt_FANI_2019_950.npy,FANI,2019,2019-04-29 09:00:00,test
sequences\seq_FANI_2019_951.npy,sequences\tgt_FANI_2019_951.npy,FANI,2019,2019-04-29 09:15:00,test
sequences\seq_FANI_2019_952.npy,sequences\tgt_FANI_2019_952.npy,FANI,2019,2019-04-29 09:30:00,test
sequences\seq_FANI_2019_953.npy,sequences\tgt_FANI_2019_953.npy,FANI,2019,2019-04-29 09:45:00,test
sequences\seq_FANI_2019_954.npy,sequences\tgt_FANI_2019_954.npy,FANI,2019,2019-04-29 10:00:00,test
sequences\seq_FANI_2019_955.npy,sequences\tgt_FANI_2019_955.npy,FANI,2019,2019-04-29 10:15:00,test
sequences\seq_FANI_2019_956.npy,sequences\tgt_FANI_2019_956.npy,FANI,2019,2019-04-29 10:30:00,test
sequences\seq_FANI_2019_957.npy,sequences\tgt_FANI_2019_957.npy,FANI,2019,2019-04-29 10:45:00,test
sequences\seq_FANI_2019_958.npy,sequences\tgt_FANI_2019_958.npy,FANI,2019,2019-04-29 11:00:00,test
sequences\seq_FANI_2019_959.npy,sequences\tgt_FANI_2019_959.npy,FANI,2019,2019-04-29 11:30:00,test
sequences\seq_FANI_2019_960.npy,sequences\tgt_FANI_2019_960.npy,FANI,2019,2019-04-29 11:45:00,test
sequences\seq_FANI_2019_961.npy,sequences\tgt_FANI_2019_961.npy,FANI,2019,2019-04-29 12:00:00,test
sequences\seq_FANI_2019_962.npy,sequences\tgt_FANI_2019_962.npy,FANI,2019,2019-04-29 12:30:00,test
sequences\seq_FANI_2019_963.npy,sequences\tgt_FANI_2019_963.npy,FANI,2019,2019-04-29 13:00:00,test
sequences\seq_FANI_2019_964.npy,sequences\tgt_FANI_2019_964.npy,FANI,2019,2019-04-29 13:15:00,test
sequences\seq_FANI_2019_965.npy,sequences\tgt_FANI_2019_965.npy,FANI,2019,2019-04-29 13:30:00,test
sequences\seq_FANI_2019_966.npy,sequences\tgt_FANI_2019_966.npy,FANI,2019,2019-04-29 13:45:00,test
sequences\seq_FANI_2019_967.npy,sequences\tgt_FANI_2019_967.npy,FANI,2019,2019-04-29 14:00:00,test
sequences\seq_FANI_2019_968.npy,sequences\tgt_FANI_2019_968.npy,FANI,2019,2019-04-29 14:15:00,test
sequences\seq_FANI_2019_969.npy,sequences\tgt_FANI_2019_969.npy,FANI,2019,2019-04-29 14:30:00,test
sequences\seq_FANI_2019_970.npy,sequences\tgt_FANI_2019_970.npy,FANI,2019,2019-04-29 14:45:00,test
sequences\seq_FANI_2019_971.npy,sequences\tgt_FANI_2019_971.npy,FANI,2019,2019-04-29 15:00:00,test
sequences\seq_FANI_2019_972.npy,sequences\tgt_FANI_2019_972.npy,FANI,2019,2019-04-29 15:15:00,test
sequences\seq_FANI_2019_973.npy,sequences\tgt_FANI_2019_973.npy,FANI,2019,2019-04-29 15:30:00,test
sequences\seq_FANI_2019_974.npy,sequences\tgt_FANI_2019_974.npy,FANI,2019,2019-04-29 15:45:00,test
sequences\seq_FANI_2019_975.npy,sequences\tgt_FANI_2019_975.npy,FANI,2019,2019-04-29 16:00:00,test
sequences\seq_FANI_2019_976.npy,sequences\tgt_FANI_2019_976.npy,FANI,2019,2019-04-29 16:15:00,test
sequences\seq_FANI_2019_977.npy,sequences\tgt_FANI_2019_977.npy,FANI,2019,2019-04-29 16:30:00,test
sequences\seq_FANI_2019_978.npy,sequences\tgt_FANI_2019_978.npy,FANI,2019,2019-04-29 16:45:00,test
sequences\seq_FANI_2019_979.npy,sequences\tgt_FANI_2019_979.npy,FANI,2019,2019-04-29 17:00:00,test
sequences\seq_FANI_2019_980.npy,sequences\tgt_FANI_2019_980.npy,FANI,2019,2019-04-29 17:15:00,test
sequences\seq_FANI_2019_981.npy,sequences\tgt_FANI_2019_981.npy,FANI,2019,2019-04-29 21:30:00,test
sequences\seq_FANI_2019_982.npy,sequences\tgt_FANI_2019_982.npy,FANI,2019,2019-04-29 22:00:00,test
sequences\seq_FANI_2019_983.npy,sequences\tgt_FANI_2019_983.npy,FANI,2019,2019-04-29 22:15:00,test
sequences\seq_FANI_2019_984.npy,sequences\tgt_FANI_2019_984.npy,FANI,2019,2019-04-29 22:30:00,test
sequences\seq_FANI_2019_985.npy,sequences\tgt_FANI_2019_985.npy,FANI,2019,2019-04-29 22:45:00,test
sequences\seq_FANI_2019_986.npy,sequences\tgt_FANI_2019_986.npy,FANI,2019,2019-04-29 23:00:00,test
sequences\seq_FANI_2019_987.npy,sequences\tgt_FANI_2019_987.npy,FANI,2019,2019-04-29 23:15:00,test
sequences\seq_FANI_2019_988.npy,sequences\tgt_FANI_2019_988.npy,FANI,2019,2019-04-29 23:30:00,test
sequences\seq_FANI_2019_989.npy,sequences\tgt_FANI_2019_989.npy,FANI,2019,2019-04-29 23:45:00,test
sequences\seq_FANI_2019_990.npy,sequences\tgt_FANI_2019_990.npy,FANI,2019,2019-04-30 00:00:00,test
sequences\seq_FANI_2019_991.npy,sequences\tgt_FANI_2019_991.npy,FANI,2019,2019-04-30 00:15:00,test
sequences\seq_FANI_2019_992.npy,sequences\tgt_FANI_2019_992.npy,FANI,2019,2019-04-30 00:30:00,test
sequences\seq_FANI_2019_993.npy,sequences\tgt_FANI_2019_993.npy,FANI,2019,2019-04-30 00:45:00,test
sequences\seq_FANI_2019_994.npy,sequences\tgt_FANI_2019_994.npy,FANI,2019,2019-04-30 01:00:00,test
sequences\seq_FANI_2019_995.npy,sequences\tgt_FANI_2019_995.npy,FANI,2019,2019-04-30 01:15:00,test
sequences\seq_FANI_2019_996.npy,sequences\tgt_FANI_2019_996.npy,FANI,2019,2019-04-30 01:30:00,test
sequences\seq_FANI_2019_997.npy,sequences\tgt_FANI_2019_997.npy,FANI,2019,2019-04-30 01:45:00,test
sequences\seq_FANI_2019_998.npy,sequences\tgt_FANI_2019_998.npy,FANI,2019,2019-04-30 02:00:00,test
sequences\seq_FANI_2019_999.npy,sequences\tgt_FANI_2019_999.npy,FANI,2019,2019-04-30 02:15:00,test
sequences\seq_FANI_2019_1000.npy,sequences\tgt_FANI_2019_1000.npy,FANI,2019,2019-04-30 02:30:00,test
sequences\seq_FANI_2019_1001.npy,sequences\tgt_FANI_2019_1001.npy,FANI,2019,2019-04-30 02:45:00,test
sequences\seq_FANI_2019_1002.npy,sequences\tgt_FANI_2019_1002.npy,FANI,2019,2019-04-30 03:00:00,test
sequences\seq_FANI_2019_1003.npy,sequences\tgt_FANI_2019_1003.npy,FANI,2019,2019-04-30 03:15:00,test
sequences\seq_FANI_2019_1004.npy,sequences\tgt_FANI_2019_1004.npy,FANI,2019,2019-04-30 03:30:00,test
sequences\seq_FANI_2019_1005.npy,sequences\tgt_FANI_2019_1005.npy,FANI,2019,2019-04-30 03:45:00,test
sequences\seq_FANI_2019_1006.npy,sequences\tgt_FANI_2019_1006.npy,FANI,2019,2019-04-30 04:00:00,test
sequences\seq_FANI_2019_1007.npy,sequences\tgt_FANI_2019_1007.npy,FANI,2019,2019-04-30 04:15:00,test
sequences\seq_FANI_2019_1008.npy,sequences\tgt_FANI_2019_1008.npy,FANI,2019,2019-04-30 04:30:00,test
sequences\seq_FANI_2019_1009.npy,sequences\tgt_FANI_2019_1009.npy,FANI,2019,2019-04-30 04:45:00,test
sequences\seq_FANI_2019_1010.npy,sequences\tgt_FANI_2019_1010.npy,FANI,2019,2019-04-30 05:00:00,test
sequences\seq_FANI_2019_1011.npy,sequences\tgt_FANI_2019_1011.npy,FANI,2019,2019-04-30 05:15:00,test
sequences\seq_FANI_2019_1012.npy,sequences\tgt_FANI_2019_1012.npy,FANI,2019,2019-04-30 05:45:00,test
sequences\seq_FANI_2019_1013.npy,sequences\tgt_FANI_2019_1013.npy,FANI,2019,2019-04-30 06:00:00,test
sequences\seq_FANI_2019_1014.npy,sequences\tgt_FANI_2019_1014.npy,FANI,2019,2019-04-30 06:15:00,test
sequences\seq_FANI_2019_1015.npy,sequences\tgt_FANI_2019_1015.npy,FANI,2019,2019-04-30 06:30:00,test
sequences\seq_FANI_2019_1016.npy,sequences\tgt_FANI_2019_1016.npy,FANI,2019,2019-04-30 06:45:00,test
sequences\seq_FANI_2019_1017.npy,sequences\tgt_FANI_2019_1017.npy,FANI,2019,2019-04-30 07:00:00,test
sequences\seq_FANI_2019_1018.npy,sequences\tgt_FANI_2019_1018.npy,FANI,2019,2019-04-30 07:15:00,test
sequences\seq_FANI_2019_1019.npy,sequences\tgt_FANI_2019_1019.npy,FANI,2019,2019-04-30 07:30:00,test
sequences\seq_FANI_2019_1020.npy,sequences\tgt_FANI_2019_1020.npy,FANI,2019,2019-04-30 07:45:00,test
sequences\seq_FANI_2019_1021.npy,sequences\tgt_FANI_2019_1021.npy,FANI,2019,2019-04-30 08:00:00,test
sequences\seq_FANI_2019_1022.npy,sequences\tgt_FANI_2019_1022.npy,FANI,2019,2019-04-30 08:15:00,test
sequences\seq_FANI_2019_1023.npy,sequences\tgt_FANI_2019_1023.npy,FANI,2019,2019-04-30 08:30:00,test
sequences\seq_FANI_2019_1024.npy,sequences\tgt_FANI_2019_1024.npy,FANI,2019,2019-04-30 08:45:00,test
sequences\seq_FANI_2019_1025.npy,sequences\tgt_FANI_2019_1025.npy,FANI,2019,2019-04-30 09:00:00,test
sequences\seq_FANI_2019_1026.npy,sequences\tgt_FANI_2019_1026.npy,FANI,2019,2019-04-30 09:15:00,test
sequences\seq_FANI_2019_1027.npy,sequences\tgt_FANI_2019_1027.npy,FANI,2019,2019-04-30 09:30:00,test
sequences\seq_FANI_2019_1028.npy,sequences\tgt_FANI_2019_1028.npy,FANI,2019,2019-04-30 09:45:00,test
sequences\seq_FANI_2019_1029.npy,sequences\tgt_FANI_2019_1029.npy,FANI,2019,2019-04-30 10:00:00,test
sequences\seq_FANI_2019_1030.npy,sequences\tgt_FANI_2019_1030.npy,FANI,2019,2019-04-30 10:15:00,test
sequences\seq_FANI_2019_1031.npy,sequences\tgt_FANI_2019_1031.npy,FANI,2019,2019-04-30 10:30:00,test
sequences\seq_FANI_2019_1032.npy,sequences\tgt_FANI_2019_1032.npy,FANI,2019,2019-04-30 10:45:00,test
sequences\seq_FANI_2019_1033.npy,sequences\tgt_FANI_2019_1033.npy,FANI,2019,2019-04-30 11:00:00,test
sequences\seq_FANI_2019_1034.npy,sequences\tgt_FANI_2019_1034.npy,FANI,2019,2019-04-30 11:15:00,test
sequences\seq_FANI_2019_1035.npy,sequences\tgt_FANI_2019_1035.npy,FANI,2019,2019-04-30 11:30:00,test
sequences\seq_FANI_2019_1036.npy,sequences\tgt_FANI_2019_1036.npy,FANI,2019,2019-04-30 11:45:00,test
sequences\seq_FANI_2019_1037.npy,sequences\tgt_FANI_2019_1037.npy,FANI,2019,2019-04-30 12:00:00,test
sequences\seq_FANI_2019_1038.npy,sequences\tgt_FANI_2019_1038.npy,FANI,2019,2019-04-30 12:15:00,test
sequences\seq_FANI_2019_1039.npy,sequences\tgt_FANI_2019_1039.npy,FANI,2019,2019-04-30 12:30:00,test
sequences\seq_FANI_2019_1040.npy,sequences\tgt_FANI_2019_1040.npy,FANI,2019,2019-04-30 12:45:00,test
sequences\seq_FANI_2019_1041.npy,sequences\tgt_FANI_2019_1041.npy,FANI,2019,2019-04-30 13:00:00,test
sequences\seq_FANI_2019_1042.npy,sequences\tgt_FANI_2019_1042.npy,FANI,2019,2019-04-30 13:15:00,test
sequences\seq_FANI_2019_1043.npy,sequences\tgt_FANI_2019_1043.npy,FANI,2019,2019-04-30 13:30:00,test
sequences\seq_FANI_2019_1044.npy,sequences\tgt_FANI_2019_1044.npy,FANI,2019,2019-04-30 13:45:00,test
sequences\seq_FANI_2019_1045.npy,sequences\tgt_FANI_2019_1045.npy,FANI,2019,2019-04-30 14:00:00,test
sequences\seq_FANI_2019_1046.npy,sequences\tgt_FANI_2019_1046.npy,FANI,2019,2019-04-30 14:15:00,test
sequences\seq_FANI_2019_1047.npy,sequences\tgt_FANI_2019_1047.npy,FANI,2019,2019-04-30 14:30:00,test
sequences\seq_FANI_2019_1048.npy,sequences\tgt_FANI_2019_1048.npy,FANI,2019,2019-04-30 14:45:00,test
sequences\seq_FANI_2019_1049.npy,sequences\tgt_FANI_2019_1049.npy,FANI,2019,2019-04-30 15:00:00,test
sequences\seq_FANI_2019_1050.npy,sequences\tgt_FANI_2019_1050.npy,FANI,2019,2019-04-30 15:15:00,test
sequences\seq_FANI_2019_1051.npy,sequences\tgt_FANI_2019_1051.npy,FANI,2019,2019-04-30 15:30:00,test
sequences\seq_FANI_2019_1052.npy,sequences\tgt_FANI_2019_1052.npy,FANI,2019,2019-04-30 15:45:00,test
sequences\seq_FANI_2019_1053.npy,sequences\tgt_FANI_2019_1053.npy,FANI,2019,2019-04-30 16:00:00,test
sequences\seq_FANI_2019_1054.npy,sequences\tgt_FANI_2019_1054.npy,FANI,2019,2019-04-30 16:15:00,test
sequences\seq_FANI_2019_1055.npy,sequences\tgt_FANI_2019_1055.npy,FANI,2019,2019-04-30 16:30:00,test
sequences\seq_FANI_2019_1056.npy,sequences\tgt_FANI_2019_1056.npy,FANI,2019,2019-04-30 16:45:00,test
sequences\seq_FANI_2019_1057.npy,sequences\tgt_FANI_2019_1057.npy,FANI,2019,2019-04-30 17:00:00,test
sequences\seq_FANI_2019_1058.npy,sequences\tgt_FANI_2019_1058.npy,FANI,2019,2019-04-30 17:15:00,test
sequences\seq_FANI_2019_1059.npy,sequences\tgt_FANI_2019_1059.npy,FANI,2019,2019-05-01 00:00:00,test
sequences\seq_FANI_2019_1060.npy,sequences\tgt_FANI_2019_1060.npy,FANI,2019,2019-05-01 00:15:00,test
sequences\seq_FANI_2019_1061.npy,sequences\tgt_FANI_2019_1061.npy,FANI,2019,2019-05-01 00:30:00,test
sequences\seq_FANI_2019_1062.npy,sequences\tgt_FANI_2019_1062.npy,FANI,2019,2019-05-01 00:45:00,test
sequences\seq_FANI_2019_1063.npy,sequences\tgt_FANI_2019_1063.npy,FANI,2019,2019-05-01 01:00:00,test
sequences\seq_FANI_2019_1064.npy,sequences\tgt_FANI_2019_1064.npy,FANI,2019,2019-05-01 01:15:00,test
sequences\seq_GAJA_2018_1065.npy,sequences\tgt_GAJA_2018_1065.npy,GAJA,2018,2018-11-10 20:00:00,train
sequences\seq_GAJA_2018_1066.npy,sequences\tgt_GAJA_2018_1066.npy,GAJA,2018,2018-11-10 20:30:00,train
sequences\seq_GAJA_2018_1067.npy,sequences\tgt_GAJA_2018_1067.npy,GAJA,2018,2018-11-10 20:45:00,train
sequences\seq_GAJA_2018_1068.npy,sequences\tgt_GAJA_2018_1068.npy,GAJA,2018,2018-11-10 21:00:00,train
sequences\seq_GAJA_2018_1069.npy,sequences\tgt_GAJA_2018_1069.npy,GAJA,2018,2018-11-10 21:15:00,train
sequences\seq_GAJA_2018_1070.npy,sequences\tgt_GAJA_2018_1070.npy,GAJA,2018,2018-11-10 21:30:00,train
sequences\seq_GAJA_2018_1071.npy,sequences\tgt_GAJA_2018_1071.npy,GAJA,2018,2018-11-10 21:45:00,train
sequences\seq_GAJA_2018_1072.npy,sequences\tgt_GAJA_2018_1072.npy,GAJA,2018,2018-11-10 22:00:00,train
sequences\seq_GAJA_2018_1073.npy,sequences\tgt_GAJA_2018_1073.npy,GAJA,2018,2018-11-10 22:15:00,train
sequences\seq_GAJA_2018_1074.npy,sequences\tgt_GAJA_2018_1074.npy,GAJA,2018,2018-11-10 22:30:00,train
sequences\seq_GAJA_2018_1075.npy,sequences\tgt_GAJA_2018_1075.npy,GAJA,2018,2018-11-10 22:45:00,train
sequences\seq_GAJA_2018_1076.npy,sequences\tgt_GAJA_2018_1076.npy,GAJA,2018,2018-11-10 23:00:00,train
sequences\seq_GAJA_2018_1077.npy,sequences\tgt_GAJA_2018_1077.npy,GAJA,2018,2018-11-10 23:15:00,train
sequences\seq_GAJA_2018_1078.npy,sequences\tgt_GAJA_2018_1078.npy,GAJA,2018,2018-11-10 23:30:00,train
sequences\seq_GAJA_2018_1079.npy,sequences\tgt_GAJA_2018_1079.npy,GAJA,2018,2018-11-10 23:45:00,train
sequences\seq_GAJA_2018_1080.npy,sequences\tgt_GAJA_2018_1080.npy,GAJA,2018,2018-11-11 00:00:00,train
sequences\seq_GAJA_2018_1081.npy,sequences\tgt_GAJA_2018_1081.npy,GAJA,2018,2018-11-11 00:15:00,train
sequences\seq_GAJA_2018_1082.npy,sequences\tgt_GAJA_2018_1082.npy,GAJA,2018,2018-11-11 00:30:00,train
sequences\seq_GAJA_2018_1083.npy,sequences\tgt_GAJA_2018_1083.npy,GAJA,2018,2018-11-11 00:45:00,train
sequences\seq_GAJA_2018_1084.npy,sequences\tgt_GAJA_2018_1084.npy,GAJA,2018,2018-11-11 01:00:00,train
sequences\seq_GAJA_2018_1085.npy,sequences\tgt_GAJA_2018_1085.npy,GAJA,2018,2018-11-11 01:15:00,train
sequences\seq_GAJA_2018_1086.npy,sequences\tgt_GAJA_2018_1086.npy,GAJA,2018,2018-11-11 01:30:00,train
sequences\seq_GAJA_2018_1087.npy,sequences\tgt_GAJA_2018_1087.npy,GAJA,2018,2018-11-11 01:45:00,train
sequences\seq_GAJA_2018_1088.npy,sequences\tgt_GAJA_2018_1088.npy,GAJA,2018,2018-11-11 02:00:00,train
sequences\seq_GAJA_2018_1089.npy,sequences\tgt_GAJA_2018_1089.npy,GAJA,2018,2018-11-11 02:15:00,train
sequences\seq_GAJA_2018_1090.npy,sequences\tgt_GAJA_2018_1090.npy,GAJA,2018,2018-11-11 02:30:00,train
sequences\seq_GAJA_2018_1091.npy,sequences\tgt_GAJA_2018_1091.npy,GAJA,2018,2018-11-11 02:45:00,train
sequences\seq_GAJA_2018_1092.npy,sequences\tgt_GAJA_2018_1092.npy,GAJA,2018,2018-11-11 03:00:00,train
sequences\seq_GAJA_2018_1093.npy,sequences\tgt_GAJA_2018_1093.npy,GAJA,2018,2018-11-11 03:15:00,train
sequences\seq_GAJA_2018_1094.npy,sequences\tgt_GAJA_2018_1094.npy,GAJA,2018,2018-11-11 03:30:00,train
sequences\seq_GAJA_2018_1095.npy,sequences\tgt_GAJA_2018_1095.npy,GAJA,2018,2018-11-11 03:45:00,train
sequences\seq_GAJA_2018_1096.npy,sequences\tgt_GAJA_2018_1096.npy,GAJA,2018,2018-11-11 04:00:00,train
sequences\seq_GAJA_2018_1097.npy,sequences\tgt_GAJA_2018_1097.npy,GAJA,2018,2018-11-11 04:15:00,train
sequences\seq_GAJA_2018_1098.npy,sequences\tgt_GAJA_2018_1098.npy,GAJA,2018,2018-11-11 04:30:00,train
sequences\seq_GAJA_2018_1099.npy,sequences\tgt_GAJA_2018_1099.npy,GAJA,2018,2018-11-11 04:45:00,train
sequences\seq_GAJA_2018_1100.npy,sequences\tgt_GAJA_2018_1100.npy,GAJA,2018,2018-11-11 05:00:00,train
sequences\seq_GAJA_2018_1101.npy,sequences\tgt_GAJA_2018_1101.npy,GAJA,2018,2018-11-11 05:15:00,train
sequences\seq_GAJA_2018_1102.npy,sequences\tgt_GAJA_2018_1102.npy,GAJA,2018,2018-11-11 08:30:00,train
sequences\seq_GAJA_2018_1103.npy,sequences\tgt_GAJA_2018_1103.npy,GAJA,2018,2018-11-11 08:45:00,train
sequences\seq_GAJA_2018_1104.npy,sequences\tgt_GAJA_2018_1104.npy,GAJA,2018,2018-11-11 09:00:00,train
sequences\seq_GAJA_2018_1105.npy,sequences\tgt_GAJA_2018_1105.npy,GAJA,2018,2018-11-11 09:15:00,train
sequences\seq_GAJA_2018_1106.npy,sequences\tgt_GAJA_2018_1106.npy,GAJA,2018,2018-11-11 09:30:00,train
sequences\seq_GAJA_2018_1107.npy,sequences\tgt_GAJA_2018_1107.npy,GAJA,2018,2018-11-11 09:45:00,train
sequences\seq_GAJA_2018_1108.npy,sequences\tgt_GAJA_2018_1108.npy,GAJA,2018,2018-11-11 10:00:00,train
sequences\seq_GAJA_2018_1109.npy,sequences\tgt_GAJA_2018_1109.npy,GAJA,2018,2018-11-11 10:15:00,train
sequences\seq_GAJA_2018_1110.npy,sequences\tgt_GAJA_2018_1110.npy,GAJA,2018,2018-11-11 10:30:00,train
sequences\seq_GAJA_2018_1111.npy,sequences\tgt_GAJA_2018_1111.npy,GAJA,2018,2018-11-11 10:45:00,train
sequences\seq_GAJA_2018_1112.npy,sequences\tgt_GAJA_2018_1112.npy,GAJA,2018,2018-11-11 11:00:00,train
sequences\seq_GAJA_2018_1113.npy,sequences\tgt_GAJA_2018_1113.npy,GAJA,2018,2018-11-11 11:15:00,train
sequences\seq_GAJA_2018_1114.npy,sequences\tgt_GAJA_2018_1114.npy,GAJA,2018,2018-11-11 11:30:00,train
sequences\seq_GAJA_2018_1115.npy,sequences\tgt_GAJA_2018_1115.npy,GAJA,2018,2018-11-11 11:45:00,train
sequences\seq_GAJA_2018_1116.npy,sequences\tgt_GAJA_2018_1116.npy,GAJA,2018,2018-11-11 12:00:00,train
sequences\seq_GAJA_2018_1117.npy,sequences\tgt_GAJA_2018_1117.npy,GAJA,2018,2018-11-11 12:15:00,train
sequences\seq_GAJA_2018_1118.npy,sequences\tgt_GAJA_2018_1118.npy,GAJA,2018,2018-11-11 12:30:00,train
sequences\seq_GAJA_2018_1119.npy,sequences\tgt_GAJA_2018_1119.npy,GAJA,2018,2018-11-11 12:45:00,train
sequences\seq_GAJA_2018_1120.npy,sequences\tgt_GAJA_2018_1120.npy,GAJA,2018,2018-11-11 13:00:00,train
sequences\seq_GAJA_2018_1121.npy,sequences\tgt_GAJA_2018_1121.npy,GAJA,2018,2018-11-11 13:15:00,train
sequences\seq_GAJA_2018_1122.npy,sequences\tgt_GAJA_2018_1122.npy,GAJA,2018,2018-11-11 13:30:00,train
sequences\seq_GAJA_2018_1123.npy,sequences\tgt_GAJA_2018_1123.npy,GAJA,2018,2018-11-11 13:45:00,train
sequences\seq_GAJA_2018_1124.npy,sequences\tgt_GAJA_2018_1124.npy,GAJA,2018,2018-11-11 14:00:00,train
sequences\seq_GAJA_2018_1125.npy,sequences\tgt_GAJA_2018_1125.npy,GAJA,2018,2018-11-11 14:15:00,train
sequences\seq_GAJA_2018_1126.npy,sequences\tgt_GAJA_2018_1126.npy,GAJA,2018,2018-11-11 14:30:00,train
sequences\seq_GAJA_2018_1127.npy,sequences\tgt_GAJA_2018_1127.npy,GAJA,2018,2018-11-11 14:45:00,train
sequences\seq_GAJA_2018_1128.npy,sequences\tgt_GAJA_2018_1128.npy,GAJA,2018,2018-11-11 15:00:00,train
sequences\seq_GAJA_2018_1129.npy,sequences\tgt_GAJA_2018_1129.npy,GAJA,2018,2018-11-11 15:15:00,train
sequences\seq_GAJA_2018_1130.npy,sequences\tgt_GAJA_2018_1130.npy,GAJA,2018,2018-11-11 15:30:00,train
sequences\seq_GAJA_2018_1131.npy,sequences\tgt_GAJA_2018_1131.npy,GAJA,2018,2018-11-11 15:45:00,train
sequences\seq_GAJA_2018_1132.npy,sequences\tgt_GAJA_2018_1132.npy,GAJA,2018,2018-11-11 16:00:00,train
sequences\seq_GAJA_2018_1133.npy,sequences\tgt_GAJA_2018_1133.npy,GAJA,2018,2018-11-11 16:15:00,train
sequences\seq_GAJA_2018_1134.npy,sequences\tgt_GAJA_2018_1134.npy,GAJA,2018,2018-11-11 16:30:00,train
sequences\seq_GAJA_2018_1135.npy,sequences\tgt_GAJA_2018_1135.npy,GAJA,2018,2018-11-11 16:45:00,train
sequences\seq_GAJA_2018_1136.npy,sequences\tgt_GAJA_2018_1136.npy,GAJA,2018,2018-11-11 20:00:00,train
sequences\seq_GAJA_2018_1137.npy,sequences\tgt_GAJA_2018_1137.npy,GAJA,2018,2018-11-11 20:30:00,train
sequences\seq_GAJA_2018_1138.npy,sequences\tgt_GAJA_2018_1138.npy,GAJA,2018,2018-11-11 20:45:00,train
sequences\seq_GAJA_2018_1139.npy,sequences\tgt_GAJA_2018_1139.npy,GAJA,2018,2018-11-11 21:00:00,train
sequences\seq_GAJA_2018_1140.npy,sequences\tgt_GAJA_2018_1140.npy,GAJA,2018,2018-11-11 21:15:00,train
sequences\seq_GAJA_2018_1141.npy,sequences\tgt_GAJA_2018_1141.npy,GAJA,2018,2018-11-11 21:30:00,train
sequences\seq_GAJA_2018_1142.npy,sequences\tgt_GAJA_2018_1142.npy,GAJA,2018,2018-11-11 21:45:00,train
sequences\seq_GAJA_2018_1143.npy,sequences\tgt_GAJA_2018_1143.npy,GAJA,2018,2018-11-11 22:00:00,train
sequences\seq_GAJA_2018_1144.npy,sequences\tgt_GAJA_2018_1144.npy,GAJA,2018,2018-11-11 22:15:00,train
sequences\seq_GAJA_2018_1145.npy,sequences\tgt_GAJA_2018_1145.npy,GAJA,2018,2018-11-11 22:30:00,train
sequences\seq_GAJA_2018_1146.npy,sequences\tgt_GAJA_2018_1146.npy,GAJA,2018,2018-11-11 22:45:00,train
sequences\seq_GAJA_2018_1147.npy,sequences\tgt_GAJA_2018_1147.npy,GAJA,2018,2018-11-11 23:00:00,train
sequences\seq_GAJA_2018_1148.npy,sequences\tgt_GAJA_2018_1148.npy,GAJA,2018,2018-11-11 23:15:00,train
sequences\seq_GAJA_2018_1149.npy,sequences\tgt_GAJA_2018_1149.npy,GAJA,2018,2018-11-11 23:30:00,train
sequences\seq_GAJA_2018_1150.npy,sequences\tgt_GAJA_2018_1150.npy,GAJA,2018,2018-11-11 23:45:00,train
sequences\seq_GAJA_2018_1151.npy,sequences\tgt_GAJA_2018_1151.npy,GAJA,2018,2018-11-12 00:00:00,train
sequences\seq_GAJA_2018_1152.npy,sequences\tgt_GAJA_2018_1152.npy,GAJA,2018,2018-11-12 00:15:00,train
sequences\seq_GAJA_2018_1153.npy,sequences\tgt_GAJA_2018_1153.npy,GAJA,2018,2018-11-12 00:30:00,train
sequences\seq_GAJA_2018_1154.npy,sequences\tgt_GAJA_2018_1154.npy,GAJA,2018,2018-11-12 00:45:00,train
sequences\seq_GAJA_2018_1155.npy,sequences\tgt_GAJA_2018_1155.npy,GAJA,2018,2018-11-12 01:00:00,train
sequences\seq_GAJA_2018_1156.npy,sequences\tgt_GAJA_2018_1156.npy,GAJA,2018,2018-11-12 01:15:00,train
sequences\seq_GAJA_2018_1157.npy,sequences\tgt_GAJA_2018_1157.npy,GAJA,2018,2018-11-12 01:30:00,train
sequences\seq_GAJA_2018_1158.npy,sequences\tgt_GAJA_2018_1158.npy,GAJA,2018,2018-11-12 01:45:00,train
sequences\seq_GAJA_2018_1159.npy,sequences\tgt_GAJA_2018_1159.npy,GAJA,2018,2018-11-12 02:00:00,train
sequences\seq_GAJA_2018_1160.npy,sequences\tgt_GAJA_2018_1160.npy,GAJA,2018,2018-11-12 02:15:00,train
sequences\seq_GAJA_2018_1161.npy,sequences\tgt_GAJA_2018_1161.npy,GAJA,2018,2018-11-12 02:30:00,train
sequences\seq_GAJA_2018_1162.npy,sequences\tgt_GAJA_2018_1162.npy,GAJA,2018,2018-11-12 02:45:00,train
sequences\seq_GAJA_2018_1163.npy,sequences\tgt_GAJA_2018_1163.npy,GAJA,2018,2018-11-12 03:00:00,train
sequences\seq_GAJA_2018_1164.npy,sequences\tgt_GAJA_2018_1164.npy,GAJA,2018,2018-11-12 18:00:00,train
sequences\seq_GAJA_2018_1165.npy,sequences\tgt_GAJA_2018_1165.npy,GAJA,2018,2018-11-12 18:15:00,train
sequences\seq_GAJA_2018_1166.npy,sequences\tgt_GAJA_2018_1166.npy,GAJA,2018,2018-11-12 18:30:00,train
sequences\seq_GAJA_2018_1167.npy,sequences\tgt_GAJA_2018_1167.npy,GAJA,2018,2018-11-12 18:45:00,train
sequences\seq_GAJA_2018_1168.npy,sequences\tgt_GAJA_2018_1168.npy,GAJA,2018,2018-11-12 19:00:00,train
sequences\seq_GAJA_2018_1169.npy,sequences\tgt_GAJA_2018_1169.npy,GAJA,2018,2018-11-12 19:15:00,train
sequences\seq_GAJA_2018_1170.npy,sequences\tgt_GAJA_2018_1170.npy,GAJA,2018,2018-11-12 19:30:00,train
sequences\seq_GAJA_2018_1171.npy,sequences\tgt_GAJA_2018_1171.npy,GAJA,2018,2018-11-12 19:45:00,train
sequences\seq_GAJA_2018_1172.npy,sequences\tgt_GAJA_2018_1172.npy,GAJA,2018,2018-11-12 20:00:00,train
sequences\seq_GAJA_2018_1173.npy,sequences\tgt_GAJA_2018_1173.npy,GAJA,2018,2018-11-12 20:15:00,train
sequences\seq_GAJA_2018_1174.npy,sequences\tgt_GAJA_2018_1174.npy,GAJA,2018,2018-11-12 20:30:00,train
sequences\seq_GAJA_2018_1175.npy,sequences\tgt_GAJA_2018_1175.npy,GAJA,2018,2018-11-12 20:45:00,train
sequences\seq_GAJA_2018_1176.npy,sequences\tgt_GAJA_2018_1176.npy,GAJA,2018,2018-11-12 21:00:00,train
sequences\seq_GAJA_2018_1177.npy,sequences\tgt_GAJA_2018_1177.npy,GAJA,2018,2018-11-12 21:15:00,train
sequences\seq_GAJA_2018_1178.npy,sequences\tgt_GAJA_2018_1178.npy,GAJA,2018,2018-11-12 21:30:00,train
sequences\seq_GAJA_2018_1179.npy,sequences\tgt_GAJA_2018_1179.npy,GAJA,2018,2018-11-12 21:45:00,train
sequences\seq_GAJA_2018_1180.npy,sequences\tgt_GAJA_2018_1180.npy,GAJA,2018,2018-11-12 22:00:00,train
sequences\seq_GAJA_2018_1181.npy,sequences\tgt_GAJA_2018_1181.npy,GAJA,2018,2018-11-12 22:15:00,train
sequences\seq_GAJA_2018_1182.npy,sequences\tgt_GAJA_2018_1182.npy,GAJA,2018,2018-11-12 22:30:00,train
sequences\seq_GAJA_2018_1183.npy,sequences\tgt_GAJA_2018_1183.npy,GAJA,2018,2018-11-12 22:45:00,train
sequences\seq_GAJA_2018_1184.npy,sequences\tgt_GAJA_2018_1184.npy,GAJA,2018,2018-11-12 23:00:00,train
sequences\seq_GAJA_2018_1185.npy,sequences\tgt_GAJA_2018_1185.npy,GAJA,2018,2018-11-12 23:15:00,train
sequences\seq_GAJA_2018_1186.npy,sequences\tgt_GAJA_2018_1186.npy,GAJA,2018,2018-11-12 23:30:00,train
sequences\seq_GAJA_2018_1187.npy,sequences\tgt_GAJA_2018_1187.npy,GAJA,2018,2018-11-12 23:45:00,train
sequences\seq_GAJA_2018_1188.npy,sequences\tgt_GAJA_2018_1188.npy,GAJA,2018,2018-11-13 00:00:00,train
sequences\seq_GAJA_2018_1189.npy,sequences\tgt_GAJA_2018_1189.npy,GAJA,2018,2018-11-13 00:15:00,train
sequences\seq_GAJA_2018_1190.npy,sequences\tgt_GAJA_2018_1190.npy,GAJA,2018,2018-11-13 00:30:00,train
sequences\seq_GAJA_2018_1191.npy,sequences\tgt_GAJA_2018_1191.npy,GAJA,2018,2018-11-13 00:45:00,train
sequences\seq_GAJA_2018_1192.npy,sequences\tgt_GAJA_2018_1192.npy,GAJA,2018,2018-11-13 01:00:00,train
sequences\seq_GAJA_2018_1193.npy,sequences\tgt_GAJA_2018_1193.npy,GAJA,2018,2018-11-13 01:15:00,train
sequences\seq_GAJA_2018_1194.npy,sequences\tgt_GAJA_2018_1194.npy,GAJA,2018,2018-11-13 01:30:00,train
sequences\seq_GAJA_2018_1195.npy,sequences\tgt_GAJA_2018_1195.npy,GAJA,2018,2018-11-13 01:45:00,train
sequences\seq_GAJA_2018_1196.npy,sequences\tgt_GAJA_2018_1196.npy,GAJA,2018,2018-11-13 02:00:00,train
sequences\seq_GAJA_2018_1197.npy,sequences\tgt_GAJA_2018_1197.npy,GAJA,2018,2018-11-13 02:15:00,train
sequences\seq_GAJA_2018_1198.npy,sequences\tgt_GAJA_2018_1198.npy,GAJA,2018,2018-11-13 02:30:00,train
sequences\seq_GAJA_2018_1199.npy,sequences\tgt_GAJA_2018_1199.npy,GAJA,2018,2018-11-13 02:45:00,train
sequences\seq_GAJA_2018_1200.npy,sequences\tgt_GAJA_2018_1200.npy,GAJA,2018,2018-11-13 03:00:00,train
sequences\seq_GAJA_2018_1201.npy,sequences\tgt_GAJA_2018_1201.npy,GAJA,2018,2018-11-13 03:15:00,train
sequences\seq_GAJA_2018_1202.npy,sequences\tgt_GAJA_2018_1202.npy,GAJA,2018,2018-11-13 03:30:00,train
sequences\seq_GAJA_2018_1203.npy,sequences\tgt_GAJA_2018_1203.npy,GAJA,2018,2018-11-13 03:45:00,train
sequences\seq_GAJA_2018_1204.npy,sequences\tgt_GAJA_2018_1204.npy,GAJA,2018,2018-11-13 04:00:00,train
sequences\seq_GAJA_2018_1205.npy,sequences\tgt_GAJA_2018_1205.npy,GAJA,2018,2018-11-13 04:15:00,train
sequences\seq_GAJA_2018_1206.npy,sequences\tgt_GAJA_2018_1206.npy,GAJA,2018,2018-11-13 04:30:00,train
sequences\seq_GAJA_2018_1207.npy,sequences\tgt_GAJA_2018_1207.npy,GAJA,2018,2018-11-13 04:45:00,train
sequences\seq_GAJA_2018_1208.npy,sequences\tgt_GAJA_2018_1208.npy,GAJA,2018,2018-11-13 05:00:00,train
sequences\seq_GAJA_2018_1209.npy,sequences\tgt_GAJA_2018_1209.npy,GAJA,2018,2018-11-13 05:15:00,train
sequences\seq_GAJA_2018_1210.npy,sequences\tgt_GAJA_2018_1210.npy,GAJA,2018,2018-11-13 05:30:00,train
sequences\seq_GAJA_2018_1211.npy,sequences\tgt_GAJA_2018_1211.npy,GAJA,2018,2018-11-13 05:45:00,train
sequences\seq_GAJA_2018_1212.npy,sequences\tgt_GAJA_2018_1212.npy,GAJA,2018,2018-11-13 06:00:00,train
sequences\seq_GAJA_2018_1213.npy,sequences\tgt_GAJA_2018_1213.npy,GAJA,2018,2018-11-13 06:15:00,train
sequences\seq_GAJA_2018_1214.npy,sequences\tgt_GAJA_2018_1214.npy,GAJA,2018,2018-11-13 06:30:00,train
sequences\seq_GAJA_2018_1215.npy,sequences\tgt_GAJA_2018_1215.npy,GAJA,2018,2018-11-13 06:45:00,train
sequences\seq_GAJA_2018_1216.npy,sequences\tgt_GAJA_2018_1216.npy,GAJA,2018,2018-11-13 07:00:00,train
sequences\seq_GAJA_2018_1217.npy,sequences\tgt_GAJA_2018_1217.npy,GAJA,2018,2018-11-13 07:15:00,train
sequences\seq_GAJA_2018_1218.npy,sequences\tgt_GAJA_2018_1218.npy,GAJA,2018,2018-11-13 07:30:00,train
sequences\seq_GAJA_2018_1219.npy,sequences\tgt_GAJA_2018_1219.npy,GAJA,2018,2018-11-13 07:45:00,train
sequences\seq_GAJA_2018_1220.npy,sequences\tgt_GAJA_2018_1220.npy,GAJA,2018,2018-11-13 08:00:00,train
sequences\seq_GAJA_2018_1221.npy,sequences\tgt_GAJA_2018_1221.npy,GAJA,2018,2018-11-13 08:15:00,train
sequences\seq_GAJA_2018_1222.npy,sequences\tgt_GAJA_2018_1222.npy,GAJA,2018,2018-11-13 08:30:00,train
sequences\seq_GAJA_2018_1223.npy,sequences\tgt_GAJA_2018_1223.npy,GAJA,2018,2018-11-13 08:45:00,train
sequences\seq_GAJA_2018_1224.npy,sequences\tgt_GAJA_2018_1224.npy,GAJA,2018,2018-11-13 09:00:00,train
sequences\seq_GAJA_2018_1225.npy,sequences\tgt_GAJA_2018_1225.npy,GAJA,2018,2018-11-13 09:15:00,train
sequences\seq_GAJA_2018_1226.npy,sequences\tgt_GAJA_2018_1226.npy,GAJA,2018,2018-11-13 09:30:00,train
sequences\seq_GAJA_2018_1227.npy,sequences\tgt_GAJA_2018_1227.npy,GAJA,2018,2018-11-13 09:45:00,train
sequences\seq_GAJA_2018_1228.npy,sequences\tgt_GAJA_2018_1228.npy,GAJA,2018,2018-11-13 10:00:00,train
sequences\seq_GAJA_2018_1229.npy,sequences\tgt_GAJA_2018_1229.npy,GAJA,2018,2018-11-13 10:15:00,train
sequences\seq_GAJA_2018_1230.npy,sequences\tgt_GAJA_2018_1230.npy,GAJA,2018,2018-11-13 10:30:00,train
sequences\seq_GAJA_2018_1231.npy,sequences\tgt_GAJA_2018_1231.npy,GAJA,2018,2018-11-13 10:45:00,train
sequences\seq_GAJA_2018_1232.npy,sequences\tgt_GAJA_2018_1232.npy,GAJA,2018,2018-11-13 11:00:00,train
sequences\seq_GAJA_2018_1233.npy,sequences\tgt_GAJA_2018_1233.npy,GAJA,2018,2018-11-13 11:15:00,train
sequences\seq_GAJA_2018_1234.npy,sequences\tgt_GAJA_2018_1234.npy,GAJA,2018,2018-11-13 11:30:00,train
sequences\seq_GAJA_2018_1235.npy,sequences\tgt_GAJA_2018_1235.npy,GAJA,2018,2018-11-13 11:45:00,train
sequences\seq_GAJA_2018_1236.npy,sequences\tgt_GAJA_2018_1236.npy,GAJA,2018,2018-11-13 12:00:00,train
sequences\seq_GAJA_2018_1237.npy,sequences\tgt_GAJA_2018_1237.npy,GAJA,2018,2018-11-13 12:15:00,train
sequences\seq_GAJA_2018_1238.npy,sequences\tgt_GAJA_2018_1238.npy,GAJA,2018,2018-11-13 12:30:00,train
sequences\seq_GAJA_2018_1239.npy,sequences\tgt_GAJA_2018_1239.npy,GAJA,2018,2018-11-13 12:45:00,train
sequences\seq_GAJA_2018_1240.npy,sequences\tgt_GAJA_2018_1240.npy,GAJA,2018,2018-11-13 13:00:00,train
sequences\seq_GAJA_2018_1241.npy,sequences\tgt_GAJA_2018_1241.npy,GAJA,2018,2018-11-13 13:15:00,train
sequences\seq_GAJA_2018_1242.npy,sequences\tgt_GAJA_2018_1242.npy,GAJA,2018,2018-11-13 13:30:00,train
sequences\seq_GAJA_2018_1243.npy,sequences\tgt_GAJA_2018_1243.npy,GAJA,2018,2018-11-13 13:45:00,train
sequences\seq_GAJA_2018_1244.npy,sequences\tgt_GAJA_2018_1244.npy,GAJA,2018,2018-11-13 14:00:00,train
sequences\seq_GAJA_2018_1245.npy,sequences\tgt_GAJA_2018_1245.npy,GAJA,2018,2018-11-13 14:15:00,train
sequences\seq_GAJA_2018_1246.npy,sequences\tgt_GAJA_2018_1246.npy,GAJA,2018,2018-11-13 14:30:00,train
sequences\seq_GAJA_2018_1247.npy,sequences\tgt_GAJA_2018_1247.npy,GAJA,2018,2018-11-13 14:45:00,train
sequences\seq_GAJA_2018_1248.npy,sequences\tgt_GAJA_2018_1248.npy,GAJA,2018,2018-11-13 15:00:00,train
sequences\seq_GAJA_2018_1249.npy,sequences\tgt_GAJA_2018_1249.npy,GAJA,2018,2018-11-13 15:15:00,train
sequences\seq_GAJA_2018_1250.npy,sequences\tgt_GAJA_2018_1250.npy,GAJA,2018,2018-11-13 15:30:00,train
sequences\seq_GAJA_2018_1251.npy,sequences\tgt_GAJA_2018_1251.npy,GAJA,2018,2018-11-13 15:45:00,train
sequences\seq_GAJA_2018_1252.npy,sequences\tgt_GAJA_2018_1252.npy,GAJA,2018,2018-11-13 16:00:00,train
sequences\seq_GAJA_2018_1253.npy,sequences\tgt_GAJA_2018_1253.npy,GAJA,2018,2018-11-13 16:15:00,train
sequences\seq_GAJA_2018_1254.npy,sequences\tgt_GAJA_2018_1254.npy,GAJA,2018,2018-11-13 16:30:00,train
sequences\seq_GAJA_2018_1255.npy,sequences\tgt_GAJA_2018_1255.npy,GAJA,2018,2018-11-13 16:45:00,train
sequences\seq_GAJA_2018_1256.npy,sequences\tgt_GAJA_2018_1256.npy,GAJA,2018,2018-11-13 17:00:00,train
sequences\seq_GAJA_2018_1257.npy,sequences\tgt_GAJA_2018_1257.npy,GAJA,2018,2018-11-13 17:15:00,train
sequences\seq_GAJA_2018_1258.npy,sequences\tgt_GAJA_2018_1258.npy,GAJA,2018,2018-11-13 17:30:00,train
sequences\seq_GAJA_2018_1259.npy,sequences\tgt_GAJA_2018_1259.npy,GAJA,2018,2018-11-13 17:45:00,train
sequences\seq_GAJA_2018_1260.npy,sequences\tgt_GAJA_2018_1260.npy,GAJA,2018,2018-11-13 18:00:00,train
sequences\seq_GAJA_2018_1261.npy,sequences\tgt_GAJA_2018_1261.npy,GAJA,2018,2018-11-13 18:15:00,train
sequences\seq_GAJA_2018_1262.npy,sequences\tgt_GAJA_2018_1262.npy,GAJA,2018,2018-11-13 18:30:00,train
sequences\seq_GAJA_2018_1263.npy,sequences\tgt_GAJA_2018_1263.npy,GAJA,2018,2018-11-13 18:45:00,train
sequences\seq_GAJA_2018_1264.npy,sequences\tgt_GAJA_2018_1264.npy,GAJA,2018,2018-11-13 19:00:00,train
sequences\seq_GAJA_2018_1265.npy,sequences\tgt_GAJA_2018_1265.npy,GAJA,2018,2018-11-13 19:15:00,train
sequences\seq_GAJA_2018_1266.npy,sequences\tgt_GAJA_2018_1266.npy,GAJA,2018,2018-11-13 19:30:00,train
sequences\seq_GAJA_2018_1267.npy,sequences\tgt_GAJA_2018_1267.npy,GAJA,2018,2018-11-13 19:45:00,train
sequences\seq_GAJA_2018_1268.npy,sequences\tgt_GAJA_2018_1268.npy,GAJA,2018,2018-11-13 20:00:00,train
sequences\seq_GAJA_2018_1269.npy,sequences\tgt_GAJA_2018_1269.npy,GAJA,2018,2018-11-13 20:15:00,train
sequences\seq_GAJA_2018_1270.npy,sequences\tgt_GAJA_2018_1270.npy,GAJA,2018,2018-11-13 20:30:00,train
sequences\seq_GAJA_2018_1271.npy,sequences\tgt_GAJA_2018_1271.npy,GAJA,2018,2018-11-13 20:45:00,train
sequences\seq_GAJA_2018_1272.npy,sequences\tgt_GAJA_2018_1272.npy,GAJA,2018,2018-11-13 21:00:00,train
sequences\seq_GAJA_2018_1273.npy,sequences\tgt_GAJA_2018_1273.npy,GAJA,2018,2018-11-13 21:15:00,train
sequences\seq_GAJA_2018_1274.npy,sequences\tgt_GAJA_2018_1274.npy,GAJA,2018,2018-11-13 21:30:00,train
sequences\seq_GAJA_2018_1275.npy,sequences\tgt_GAJA_2018_1275.npy,GAJA,2018,2018-11-13 21:45:00,train
sequences\seq_GAJA_2018_1276.npy,sequences\tgt_GAJA_2018_1276.npy,GAJA,2018,2018-11-13 22:00:00,train
sequences\seq_GAJA_2018_1277.npy,sequences\tgt_GAJA_2018_1277.npy,GAJA,2018,2018-11-13 22:15:00,train
sequences\seq_GAJA_2018_1278.npy,sequences\tgt_GAJA_2018_1278.npy,GAJA,2018,2018-11-13 22:30:00,train
sequences\seq_GAJA_2018_1279.npy,sequences\tgt_GAJA_2018_1279.npy,GAJA,2018,2018-11-13 22:45:00,train
sequences\seq_GAJA_2018_1280.npy,sequences\tgt_GAJA_2018_1280.npy,GAJA,2018,2018-11-13 23:00:00,train
sequences\seq_GAJA_2018_1281.npy,sequences\tgt_GAJA_2018_1281.npy,GAJA,2018,2018-11-13 23:15:00,train
sequences\seq_GAJA_2018_1282.npy,sequences\tgt_GAJA_2018_1282.npy,GAJA,2018,2018-11-13 23:30:00,train
sequences\seq_GAJA_2018_1283.npy,sequences\tgt_GAJA_2018_1283.npy,GAJA,2018,2018-11-13 23:45:00,train
sequences\seq_GAJA_2018_1284.npy,sequences\tgt_GAJA_2018_1284.npy,GAJA,2018,2018-11-14 00:00:00,train
sequences\seq_GAJA_2018_1285.npy,sequences\tgt_GAJA_2018_1285.npy,GAJA,2018,2018-11-14 00:15:00,train
sequences\seq_GAJA_2018_1286.npy,sequences\tgt_GAJA_2018_1286.npy,GAJA,2018,2018-11-14 00:30:00,train
sequences\seq_GAJA_2018_1287.npy,sequences\tgt_GAJA_2018_1287.npy,GAJA,2018,2018-11-14 00:45:00,train
sequences\seq_GAJA_2018_1288.npy,sequences\tgt_GAJA_2018_1288.npy,GAJA,2018,2018-11-14 01:00:00,train
sequences\seq_GAJA_2018_1289.npy,sequences\tgt_GAJA_2018_1289.npy,GAJA,2018,2018-11-14 01:15:00,train
sequences\seq_GAJA_2018_1290.npy,sequences\tgt_GAJA_2018_1290.npy,GAJA,2018,2018-11-14 01:30:00,train
sequences\seq_GAJA_2018_1291.npy,sequences\tgt_GAJA_2018_1291.npy,GAJA,2018,2018-11-14 01:45:00,train
sequences\seq_GAJA_2018_1292.npy,sequences\tgt_GAJA_2018_1292.npy,GAJA,2018,2018-11-14 02:00:00,train
sequences\seq_GAJA_2018_1293.npy,sequences\tgt_GAJA_2018_1293.npy,GAJA,2018,2018-11-14 02:15:00,train
sequences\seq_GAJA_2018_1294.npy,sequences\tgt_GAJA_2018_1294.npy,GAJA,2018,2018-11-14 02:30:00,train
sequences\seq_GAJA_2018_1295.npy,sequences\tgt_GAJA_2018_1295.npy,GAJA,2018,2018-11-14 02:45:00,train
sequences\seq_GAJA_2018_1296.npy,sequences\tgt_GAJA_2018_1296.npy,GAJA,2018,2018-11-14 03:00:00,train
sequences\seq_GAJA_2018_1297.npy,sequences\tgt_GAJA_2018_1297.npy,GAJA,2018,2018-11-14 03:15:00,train
sequences\seq_GAJA_2018_1298.npy,sequences\tgt_GAJA_2018_1298.npy,GAJA,2018,2018-11-14 03:30:00,train
sequences\seq_GAJA_2018_1299.npy,sequences\tgt_GAJA_2018_1299.npy,GAJA,2018,2018-11-14 03:45:00,train
sequences\seq_GAJA_2018_1300.npy,sequences\tgt_GAJA_2018_1300.npy,GAJA,2018,2018-11-14 04:00:00,train
sequences\seq_GAJA_2018_1301.npy,sequences\tgt_GAJA_2018_1301.npy,GAJA,2018,2018-11-14 04:15:00,train
sequences\seq_GAJA_2018_1302.npy,sequences\tgt_GAJA_2018_1302.npy,GAJA,2018,2018-11-14 04:30:00,train
sequences\seq_GAJA_2018_1303.npy,sequences\tgt_GAJA_2018_1303.npy,GAJA,2018,2018-11-14 04:45:00,train
sequences\seq_GAJA_2018_1304.npy,sequences\tgt_GAJA_2018_1304.npy,GAJA,2018,2018-11-14 05:00:00,train
sequences\seq_GAJA_2018_1305.npy,sequences\tgt_GAJA_2018_1305.npy,GAJA,2018,2018-11-14 05:15:00,train
sequences\seq_GAJA_2018_1306.npy,sequences\tgt_GAJA_2018_1306.npy,GAJA,2018,2018-11-14 05:30:00,train
sequences\seq_GAJA_2018_1307.npy,sequences\tgt_GAJA_2018_1307.npy,GAJA,2018,2018-11-14 06:00:00,train
sequences\seq_GAJA_2018_1308.npy,sequences\tgt_GAJA_2018_1308.npy,GAJA,2018,2018-11-14 06:15:00,train
sequences\seq_GAJA_2018_1309.npy,sequences\tgt_GAJA_2018_1309.npy,GAJA,2018,2018-11-14 06:30:00,train
sequences\seq_GAJA_2018_1310.npy,sequences\tgt_GAJA_2018_1310.npy,GAJA,2018,2018-11-14 06:45:00,train
sequences\seq_GAJA_2018_1311.npy,sequences\tgt_GAJA_2018_1311.npy,GAJA,2018,2018-11-14 07:00:00,train
sequences\seq_GAJA_2018_1312.npy,sequences\tgt_GAJA_2018_1312.npy,GAJA,2018,2018-11-14 07:15:00,train
sequences\seq_GAJA_2018_1313.npy,sequences\tgt_GAJA_2018_1313.npy,GAJA,2018,2018-11-14 07:30:00,train
sequences\seq_GAJA_2018_1314.npy,sequences\tgt_GAJA_2018_1314.npy,GAJA,2018,2018-11-14 08:00:00,train
sequences\seq_GAJA_2018_1315.npy,sequences\tgt_GAJA_2018_1315.npy,GAJA,2018,2018-11-14 08:15:00,train
sequences\seq_GAJA_2018_1316.npy,sequences\tgt_GAJA_2018_1316.npy,GAJA,2018,2018-11-14 08:30:00,train
sequences\seq_GAJA_2018_1317.npy,sequences\tgt_GAJA_2018_1317.npy,GAJA,2018,2018-11-14 08:45:00,train
sequences\seq_GAJA_2018_1318.npy,sequences\tgt_GAJA_2018_1318.npy,GAJA,2018,2018-11-14 09:00:00,train
sequences\seq_GAJA_2018_1319.npy,sequences\tgt_GAJA_2018_1319.npy,GAJA,2018,2018-11-14 09:15:00,train
sequences\seq_GAJA_2018_1320.npy,sequences\tgt_GAJA_2018_1320.npy,GAJA,2018,2018-11-14 09:30:00,train
sequences\seq_GAJA_2018_1321.npy,sequences\tgt_GAJA_2018_1321.npy,GAJA,2018,2018-11-14 10:00:00,train
sequences\seq_GAJA_2018_1322.npy,sequences\tgt_GAJA_2018_1322.npy,GAJA,2018,2018-11-14 10:15:00,train
sequences\seq_GAJA_2018_1323.npy,sequences\tgt_GAJA_2018_1323.npy,GAJA,2018,2018-11-14 10:30:00,train
sequences\seq_GAJA_2018_1324.npy,sequences\tgt_GAJA_2018_1324.npy,GAJA,2018,2018-11-14 10:45:00,train
sequences\seq_GAJA_2018_1325.npy,sequences\tgt_GAJA_2018_1325.npy,GAJA,2018,2018-11-14 11:00:00,train
sequences\seq_GAJA_2018_1326.npy,sequences\tgt_GAJA_2018_1326.npy,GAJA,2018,2018-11-14 11:15:00,train
sequences\seq_GAJA_2018_1327.npy,sequences\tgt_GAJA_2018_1327.npy,GAJA,2018,2018-11-14 11:30:00,train
sequences\seq_GAJA_2018_1328.npy,sequences\tgt_GAJA_2018_1328.npy,GAJA,2018,2018-11-14 11:45:00,train
sequences\seq_GAJA_2018_1329.npy,sequences\tgt_GAJA_2018_1329.npy,GAJA,2018,2018-11-14 12:00:00,train
sequences\seq_GAJA_2018_1330.npy,sequences\tgt_GAJA_2018_1330.npy,GAJA,2018,2018-11-14 12:15:00,train
sequences\seq_GAJA_2018_1331.npy,sequences\tgt_GAJA_2018_1331.npy,GAJA,2018,2018-11-14 12:30:00,train
sequences\seq_GAJA_2018_1332.npy,sequences\tgt_GAJA_2018_1332.npy,GAJA,2018,2018-11-14 12:45:00,train
sequences\seq_GAJA_2018_1333.npy,sequences\tgt_GAJA_2018_1333.npy,GAJA,2018,2018-11-14 13:00:00,train
sequences\seq_GAJA_2018_1334.npy,sequences\tgt_GAJA_2018_1334.npy,GAJA,2018,2018-11-14 13:15:00,train
sequences\seq_GAJA_2018_1335.npy,sequences\tgt_GAJA_2018_1335.npy,GAJA,2018,2018-11-14 13:30:00,train
sequences\seq_GAJA_2018_1336.npy,sequences\tgt_GAJA_2018_1336.npy,GAJA,2018,2018-11-14 13:45:00,train
sequences\seq_GAJA_2018_1337.npy,sequences\tgt_GAJA_2018_1337.npy,GAJA,2018,2018-11-14 14:00:00,train
sequences\seq_GAJA_2018_1338.npy,sequences\tgt_GAJA_2018_1338.npy,GAJA,2018,2018-11-14 14:30:00,train
sequences\seq_GAJA_2018_1339.npy,sequences\tgt_GAJA_2018_1339.npy,GAJA,2018,2018-11-14 14:45:00,train
sequences\seq_GAJA_2018_1340.npy,sequences\tgt_GAJA_2018_1340.npy,GAJA,2018,2018-11-14 15:00:00,train
sequences\seq_GAJA_2018_1341.npy,sequences\tgt_GAJA_2018_1341.npy,GAJA,2018,2018-11-14 15:15:00,train
sequences\seq_GAJA_2018_1342.npy,sequences\tgt_GAJA_2018_1342.npy,GAJA,2018,2018-11-14 15:30:00,train
sequences\seq_GAJA_2018_1343.npy,sequences\tgt_GAJA_2018_1343.npy,GAJA,2018,2018-11-14 15:45:00,train
sequences\seq_GAJA_2018_1344.npy,sequences\tgt_GAJA_2018_1344.npy,GAJA,2018,2018-11-14 16:00:00,train
sequences\seq_GAJA_2018_1345.npy,sequences\tgt_GAJA_2018_1345.npy,GAJA,2018,2018-11-14 16:15:00,train
sequences\seq_GAJA_2018_1346.npy,sequences\tgt_GAJA_2018_1346.npy,GAJA,2018,2018-11-14 16:30:00,train
sequences\seq_GAJA_2018_1347.npy,sequences\tgt_GAJA_2018_1347.npy,GAJA,2018,2018-11-14 16:45:00,train
sequences\seq_GAJA_2018_1348.npy,sequences\tgt_GAJA_2018_1348.npy,GAJA,2018,2018-11-14 17:00:00,train
sequences\seq_GAJA_2018_1349.npy,sequences\tgt_GAJA_2018_1349.npy,GAJA,2018,2018-11-14 17:15:00,train
sequences\seq_GAJA_2018_1350.npy,sequences\tgt_GAJA_2018_1350.npy,GAJA,2018,2018-11-14 17:30:00,train
sequences\seq_GAJA_2018_1351.npy,sequences\tgt_GAJA_2018_1351.npy,GAJA,2018,2018-11-14 17:45:00,train
sequences\seq_GAJA_2018_1352.npy,sequences\tgt_GAJA_2018_1352.npy,GAJA,2018,2018-11-14 18:00:00,train
sequences\seq_GAJA_2018_1353.npy,sequences\tgt_GAJA_2018_1353.npy,GAJA,2018,2018-11-14 18:15:00,train
sequences\seq_GAJA_2018_1354.npy,sequences\tgt_GAJA_2018_1354.npy,GAJA,2018,2018-11-14 18:30:00,train
sequences\seq_GAJA_2018_1355.npy,sequences\tgt_GAJA_2018_1355.npy,GAJA,2018,2018-11-14 18:45:00,train
sequences\seq_GAJA_2018_1356.npy,sequences\tgt_GAJA_2018_1356.npy,GAJA,2018,2018-11-14 19:00:00,train
sequences\seq_GAJA_2018_1357.npy,sequences\tgt_GAJA_2018_1357.npy,GAJA,2018,2018-11-14 19:15:00,train
sequences\seq_GAJA_2018_1358.npy,sequences\tgt_GAJA_2018_1358.npy,GAJA,2018,2018-11-14 19:30:00,train
sequences\seq_GAJA_2018_1359.npy,sequences\tgt_GAJA_2018_1359.npy,GAJA,2018,2018-11-14 19:45:00,train
sequences\seq_GAJA_2018_1360.npy,sequences\tgt_GAJA_2018_1360.npy,GAJA,2018,2018-11-14 20:00:00,train
sequences\seq_GAJA_2018_1361.npy,sequences\tgt_GAJA_2018_1361.npy,GAJA,2018,2018-11-14 20:15:00,train
sequences\seq_GAJA_2018_1362.npy,sequences\tgt_GAJA_2018_1362.npy,GAJA,2018,2018-11-14 20:30:00,train
sequences\seq_GAJA_2018_1363.npy,sequences\tgt_GAJA_2018_1363.npy,GAJA,2018,2018-11-14 20:45:00,train
sequences\seq_GAJA_2018_1364.npy,sequences\tgt_GAJA_2018_1364.npy,GAJA,2018,2018-11-14 21:00:00,train
sequences\seq_GAJA_2018_1365.npy,sequences\tgt_GAJA_2018_1365.npy,GAJA,2018,2018-11-14 21:15:00,train
sequences\seq_GAJA_2018_1366.npy,sequences\tgt_GAJA_2018_1366.npy,GAJA,2018,2018-11-14 21:30:00,train
sequences\seq_GAJA_2018_1367.npy,sequences\tgt_GAJA_2018_1367.npy,GAJA,2018,2018-11-14 21:45:00,train
sequences\seq_GAJA_2018_1368.npy,sequences\tgt_GAJA_2018_1368.npy,GAJA,2018,2018-11-14 22:00:00,train
sequences\seq_GAJA_2018_1369.npy,sequences\tgt_GAJA_2018_1369.npy,GAJA,2018,2018-11-14 22:15:00,train
sequences\seq_GAJA_2018_1370.npy,sequences\tgt_GAJA_2018_1370.npy,GAJA,2018,2018-11-14 22:30:00,train
sequences\seq_GAJA_2018_1371.npy,sequences\tgt_GAJA_2018_1371.npy,GAJA,2018,2018-11-14 22:45:00,train
sequences\seq_GAJA_2018_1372.npy,sequences\tgt_GAJA_2018_1372.npy,GAJA,2018,2018-11-14 23:00:00,train
sequences\seq_GAJA_2018_1373.npy,sequences\tgt_GAJA_2018_1373.npy,GAJA,2018,2018-11-14 23:15:00,train
sequences\seq_GAJA_2018_1374.npy,sequences\tgt_GAJA_2018_1374.npy,GAJA,2018,2018-11-14 23:30:00,train
sequences\seq_GAJA_2018_1375.npy,sequences\tgt_GAJA_2018_1375.npy,GAJA,2018,2018-11-14 23:45:00,train
sequences\seq_GAJA_2018_1376.npy,sequences\tgt_GAJA_2018_1376.npy,GAJA,2018,2018-11-15 00:00:00,train
sequences\seq_GAJA_2018_1377.npy,sequences\tgt_GAJA_2018_1377.npy,GAJA,2018,2018-11-15 00:15:00,train
sequences\seq_GAJA_2018_1378.npy,sequences\tgt_GAJA_2018_1378.npy,GAJA,2018,2018-11-15 00:30:00,train
sequences\seq_GAJA_2018_1379.npy,sequences\tgt_GAJA_2018_1379.npy,GAJA,2018,2018-11-15 00:45:00,train
sequences\seq_GAJA_2018_1380.npy,sequences\tgt_GAJA_2018_1380.npy,GAJA,2018,2018-11-15 01:00:00,train
sequences\seq_GAJA_2018_1381.npy,sequences\tgt_GAJA_2018_1381.npy,GAJA,2018,2018-11-15 01:15:00,train
sequences\seq_GAJA_2018_1382.npy,sequences\tgt_GAJA_2018_1382.npy,GAJA,2018,2018-11-15 01:30:00,train
sequences\seq_GAJA_2018_1383.npy,sequences\tgt_GAJA_2018_1383.npy,GAJA,2018,2018-11-15 01:45:00,train
sequences\seq_GAJA_2018_1384.npy,sequences\tgt_GAJA_2018_1384.npy,GAJA,2018,2018-11-15 02:00:00,train
sequences\seq_GAJA_2018_1385.npy,sequences\tgt_GAJA_2018_1385.npy,GAJA,2018,2018-11-15 02:15:00,train
sequences\seq_GAJA_2018_1386.npy,sequences\tgt_GAJA_2018_1386.npy,GAJA,2018,2018-11-15 02:30:00,train
sequences\seq_GAJA_2018_1387.npy,sequences\tgt_GAJA_2018_1387.npy,GAJA,2018,2018-11-15 02:45:00,train
sequences\seq_GAJA_2018_1388.npy,sequences\tgt_GAJA_2018_1388.npy,GAJA,2018,2018-11-15 03:00:00,train
sequences\seq_GAJA_2018_1389.npy,sequences\tgt_GAJA_2018_1389.npy,GAJA,2018,2018-11-15 03:15:00,train
sequences\seq_GAJA_2018_1390.npy,sequences\tgt_GAJA_2018_1390.npy,GAJA,2018,2018-11-15 03:30:00,train
sequences\seq_GAJA_2018_1391.npy,sequences\tgt_GAJA_2018_1391.npy,GAJA,2018,2018-11-15 03:45:00,train
sequences\seq_GAJA_2018_1392.npy,sequences\tgt_GAJA_2018_1392.npy,GAJA,2018,2018-11-15 04:00:00,train
sequences\seq_GAJA_2018_1393.npy,sequences\tgt_GAJA_2018_1393.npy,GAJA,2018,2018-11-15 04:15:00,train
sequences\seq_GAJA_2018_1394.npy,sequences\tgt_GAJA_2018_1394.npy,GAJA,2018,2018-11-15 04:30:00,train
sequences\seq_GAJA_2018_1395.npy,sequences\tgt_GAJA_2018_1395.npy,GAJA,2018,2018-11-15 04:45:00,train
sequences\seq_GAJA_2018_1396.npy,sequences\tgt_GAJA_2018_1396.npy,GAJA,2018,2018-11-15 05:00:00,train
sequences\seq_GAJA_2018_1397.npy,sequences\tgt_GAJA_2018_1397.npy,GAJA,2018,2018-11-15 05:15:00,train
sequences\seq_GAJA_2018_1398.npy,sequences\tgt_GAJA_2018_1398.npy,GAJA,2018,2018-11-15 05:30:00,train
sequences\seq_GAJA_2018_1399.npy,sequences\tgt_GAJA_2018_1399.npy,GAJA,2018,2018-11-15 05:45:00,train
sequences\seq_GAJA_2018_1400.npy,sequences\tgt_GAJA_2018_1400.npy,GAJA,2018,2018-11-15 06:00:00,train
sequences\seq_GAJA_2018_1401.npy,sequences\tgt_GAJA_2018_1401.npy,GAJA,2018,2018-11-15 06:15:00,train
sequences\seq_GAJA_2018_1402.npy,sequences\tgt_GAJA_2018_1402.npy,GAJA,2018,2018-11-15 06:30:00,train
sequences\seq_GAJA_2018_1403.npy,sequences\tgt_GAJA_2018_1403.npy,GAJA,2018,2018-11-15 06:45:00,train
sequences\seq_GAJA_2018_1404.npy,sequences\tgt_GAJA_2018_1404.npy,GAJA,2018,2018-11-15 07:00:00,train
sequences\seq_GAJA_2018_1405.npy,sequences\tgt_GAJA_2018_1405.npy,GAJA,2018,2018-11-15 07:15:00,train
sequences\seq_GAJA_2018_1406.npy,sequences\tgt_GAJA_2018_1406.npy,GAJA,2018,2018-11-15 07:30:00,train
sequences\seq_GAJA_2018_1407.npy,sequences\tgt_GAJA_2018_1407.npy,GAJA,2018,2018-11-15 07:45:00,train
sequences\seq_GAJA_2018_1408.npy,sequences\tgt_GAJA_2018_1408.npy,GAJA,2018,2018-11-15 08:00:00,train
sequences\seq_GAJA_2018_1409.npy,sequences\tgt_GAJA_2018_1409.npy,GAJA,2018,2018-11-15 08:15:00,train
sequences\seq_GAJA_2018_1410.npy,sequences\tgt_GAJA_2018_1410.npy,GAJA,2018,2018-11-15 08:30:00,train
sequences\seq_GAJA_2018_1411.npy,sequences\tgt_GAJA_2018_1411.npy,GAJA,2018,2018-11-15 08:45:00,train
sequences\seq_GAJA_2018_1412.npy,sequences\tgt_GAJA_2018_1412.npy,GAJA,2018,2018-11-15 09:00:00,train
sequences\seq_GAJA_2018_1413.npy,sequences\tgt_GAJA_2018_1413.npy,GAJA,2018,2018-11-15 09:15:00,train
sequences\seq_GAJA_2018_1414.npy,sequences\tgt_GAJA_2018_1414.npy,GAJA,2018,2018-11-15 09:30:00,train
sequences\seq_GAJA_2018_1415.npy,sequences\tgt_GAJA_2018_1415.npy,GAJA,2018,2018-11-15 09:45:00,train
sequences\seq_GAJA_2018_1416.npy,sequences\tgt_GAJA_2018_1416.npy,GAJA,2018,2018-11-15 10:00:00,train
sequences\seq_GAJA_2018_1417.npy,sequences\tgt_GAJA_2018_1417.npy,GAJA,2018,2018-11-15 10:15:00,train
sequences\seq_GAJA_2018_1418.npy,sequences\tgt_GAJA_2018_1418.npy,GAJA,2018,2018-11-15 10:30:00,train
sequences\seq_GAJA_2018_1419.npy,sequences\tgt_GAJA_2018_1419.npy,GAJA,2018,2018-11-15 10:45:00,train
sequences\seq_GAJA_2018_1420.npy,sequences\tgt_GAJA_2018_1420.npy,GAJA,2018,2018-11-15 11:00:00,train
sequences\seq_GAJA_2018_1421.npy,sequences\tgt_GAJA_2018_1421.npy,GAJA,2018,2018-11-15 11:15:00,train
sequences\seq_GAJA_2018_1422.npy,sequences\tgt_GAJA_2018_1422.npy,GAJA,2018,2018-11-15 11:30:00,train
sequences\seq_GAJA_2018_1423.npy,sequences\tgt_GAJA_2018_1423.npy,GAJA,2018,2018-11-15 11:45:00,train
sequences\seq_GAJA_2018_1424.npy,sequences\tgt_GAJA_2018_1424.npy,GAJA,2018,2018-11-15 12:00:00,train
sequences\seq_GAJA_2018_1425.npy,sequences\tgt_GAJA_2018_1425.npy,GAJA,2018,2018-11-15 12:15:00,train
sequences\seq_GAJA_2018_1426.npy,sequences\tgt_GAJA_2018_1426.npy,GAJA,2018,2018-11-15 12:30:00,train
sequences\seq_GAJA_2018_1427.npy,sequences\tgt_GAJA_2018_1427.npy,GAJA,2018,2018-11-15 12:45:00,train
sequences\seq_GAJA_2018_1428.npy,sequences\tgt_GAJA_2018_1428.npy,GAJA,2018,2018-11-15 13:00:00,train
sequences\seq_GAJA_2018_1429.npy,sequences\tgt_GAJA_2018_1429.npy,GAJA,2018,2018-11-15 13:15:00,train
sequences\seq_GAJA_2018_1430.npy,sequences\tgt_GAJA_2018_1430.npy,GAJA,2018,2018-11-15 13:30:00,train
sequences\seq_GAJA_2018_1431.npy,sequences\tgt_GAJA_2018_1431.npy,GAJA,2018,2018-11-15 13:45:00,train
sequences\seq_GAJA_2018_1432.npy,sequences\tgt_GAJA_2018_1432.npy,GAJA,2018,2018-11-15 14:00:00,train
sequences\seq_GAJA_2018_1433.npy,sequences\tgt_GAJA_2018_1433.npy,GAJA,2018,2018-11-15 14:15:00,train
sequences\seq_GAJA_2018_1434.npy,sequences\tgt_GAJA_2018_1434.npy,GAJA,2018,2018-11-15 14:30:00,train
sequences\seq_GAJA_2018_1435.npy,sequences\tgt_GAJA_2018_1435.npy,GAJA,2018,2018-11-15 14:45:00,train
sequences\seq_GAJA_2018_1436.npy,sequences\tgt_GAJA_2018_1436.npy,GAJA,2018,2018-11-15 15:00:00,train
sequences\seq_GAJA_2018_1437.npy,sequences\tgt_GAJA_2018_1437.npy,GAJA,2018,2018-11-15 15:15:00,train
sequences\seq_GAJA_2018_1438.npy,sequences\tgt_GAJA_2018_1438.npy,GAJA,2018,2018-11-15 15:30:00,train
sequences\seq_GAJA_2018_1439.npy,sequences\tgt_GAJA_2018_1439.npy,GAJA,2018,2018-11-15 15:45:00,train
sequences\seq_GAJA_2018_1440.npy,sequences\tgt_GAJA_2018_1440.npy,GAJA,2018,2018-11-15 16:00:00,train
sequences\seq_GAJA_2018_1441.npy,sequences\tgt_GAJA_2018_1441.npy,GAJA,2018,2018-11-15 16:15:00,train
sequences\seq_GAJA_2018_1442.npy,sequences\tgt_GAJA_2018_1442.npy,GAJA,2018,2018-11-15 16:30:00,train
sequences\seq_GAJA_2018_1443.npy,sequences\tgt_GAJA_2018_1443.npy,GAJA,2018,2018-11-15 16:45:00,train
sequences\seq_GAJA_2018_1444.npy,sequences\tgt_GAJA_2018_1444.npy,GAJA,2018,2018-11-15 17:00:00,train
sequences\seq_GAJA_2018_1445.npy,sequences\tgt_GAJA_2018_1445.npy,GAJA,2018,2018-11-15 17:15:00,train
sequences\seq_GAJA_2018_1446.npy,sequences\tgt_GAJA_2018_1446.npy,GAJA,2018,2018-11-15 17:30:00,train
sequences\seq_GAJA_2018_1447.npy,sequences\tgt_GAJA_2018_1447.npy,GAJA,2018,2018-11-15 17:45:00,train
sequences\seq_GAJA_2018_1448.npy,sequences\tgt_GAJA_2018_1448.npy,GAJA,2018,2018-11-15 18:00:00,train
sequences\seq_GAJA_2018_1449.npy,sequences\tgt_GAJA_2018_1449.npy,GAJA,2018,2018-11-15 18:15:00,train
sequences\seq_GAJA_2018_1450.npy,sequences\tgt_GAJA_2018_1450.npy,GAJA,2018,2018-11-15 18:30:00,train
sequences\seq_GAJA_2018_1451.npy,sequences\tgt_GAJA_2018_1451.npy,GAJA,2018,2018-11-15 18:45:00,train
sequences\seq_GAJA_2018_1452.npy,sequences\tgt_GAJA_2018_1452.npy,GAJA,2018,2018-11-15 19:00:00,train
sequences\seq_GAJA_2018_1453.npy,sequences\tgt_GAJA_2018_1453.npy,GAJA,2018,2018-11-15 19:15:00,train
sequences\seq_GAJA_2018_1454.npy,sequences\tgt_GAJA_2018_1454.npy,GAJA,2018,2018-11-15 19:30:00,train
sequences\seq_GAJA_2018_1455.npy,sequences\tgt_GAJA_2018_1455.npy,GAJA,2018,2018-11-15 19:45:00,train
sequences\seq_GAJA_2018_1456.npy,sequences\tgt_GAJA_2018_1456.npy,GAJA,2018,2018-11-15 20:00:00,train
sequences\seq_GAJA_2018_1457.npy,sequences\tgt_GAJA_2018_1457.npy,GAJA,2018,2018-11-15 20:15:00,train
sequences\seq_GAJA_2018_1458.npy,sequences\tgt_GAJA_2018_1458.npy,GAJA,2018,2018-11-15 20:30:00,train
sequences\seq_GAJA_2018_1459.npy,sequences\tgt_GAJA_2018_1459.npy,GAJA,2018,2018-11-15 20:45:00,train
sequences\seq_GAJA_2018_1460.npy,sequences\tgt_GAJA_2018_1460.npy,GAJA,2018,2018-11-15 21:00:00,train
sequences\seq_GAJA_2018_1461.npy,sequences\tgt_GAJA_2018_1461.npy,GAJA,2018,2018-11-15 21:15:00,train
sequences\seq_GAJA_2018_1462.npy,sequences\tgt_GAJA_2018_1462.npy,GAJA,2018,2018-11-15 21:30:00,train
sequences\seq_GAJA_2018_1463.npy,sequences\tgt_GAJA_2018_1463.npy,GAJA,2018,2018-11-15 21:45:00,train
sequences\seq_GAJA_2018_1464.npy,sequences\tgt_GAJA_2018_1464.npy,GAJA,2018,2018-11-15 22:00:00,train
sequences\seq_GAJA_2018_1465.npy,sequences\tgt_GAJA_2018_1465.npy,GAJA,2018,2018-11-15 22:15:00,train
sequences\seq_GAJA_2018_1466.npy,sequences\tgt_GAJA_2018_1466.npy,GAJA,2018,2018-11-15 22:30:00,train
sequences\seq_GAJA_2018_1467.npy,sequences\tgt_GAJA_2018_1467.npy,GAJA,2018,2018-11-15 22:45:00,train
sequences\seq_GAJA_2018_1468.npy,sequences\tgt_GAJA_2018_1468.npy,GAJA,2018,2018-11-15 23:00:00,train
sequences\seq_GAJA_2018_1469.npy,sequences\tgt_GAJA_2018_1469.npy,GAJA,2018,2018-11-15 23:15:00,train
sequences\seq_GAJA_2018_1470.npy,sequences\tgt_GAJA_2018_1470.npy,GAJA,2018,2018-11-15 23:30:00,train
sequences\seq_GAJA_2018_1471.npy,sequences\tgt_GAJA_2018_1471.npy,GAJA,2018,2018-11-15 23:45:00,train
sequences\seq_GAJA_2018_1472.npy,sequences\tgt_GAJA_2018_1472.npy,GAJA,2018,2018-11-16 00:00:00,train
sequences\seq_GAJA_2018_1473.npy,sequences\tgt_GAJA_2018_1473.npy,GAJA,2018,2018-11-16 00:15:00,train
sequences\seq_GAJA_2018_1474.npy,sequences\tgt_GAJA_2018_1474.npy,GAJA,2018,2018-11-16 00:30:00,train
sequences\seq_GAJA_2018_1475.npy,sequences\tgt_GAJA_2018_1475.npy,GAJA,2018,2018-11-16 00:45:00,train
sequences\seq_GAJA_2018_1476.npy,sequences\tgt_GAJA_2018_1476.npy,GAJA,2018,2018-11-16 01:00:00,train
sequences\seq_GAJA_2018_1477.npy,sequences\tgt_GAJA_2018_1477.npy,GAJA,2018,2018-11-16 01:15:00,train
sequences\seq_GAJA_2018_1478.npy,sequences\tgt_GAJA_2018_1478.npy,GAJA,2018,2018-11-16 01:30:00,train
sequences\seq_GAJA_2018_1479.npy,sequences\tgt_GAJA_2018_1479.npy,GAJA,2018,2018-11-16 01:45:00,train
sequences\seq_GAJA_2018_1480.npy,sequences\tgt_GAJA_2018_1480.npy,GAJA,2018,2018-11-16 02:00:00,train
sequences\seq_GAJA_2018_1481.npy,sequences\tgt_GAJA_2018_1481.npy,GAJA,2018,2018-11-16 02:15:00,train
sequences\seq_GAJA_2018_1482.npy,sequences\tgt_GAJA_2018_1482.npy,GAJA,2018,2018-11-16 02:30:00,train
sequences\seq_GAJA_2018_1483.npy,sequences\tgt_GAJA_2018_1483.npy,GAJA,2018,2018-11-16 02:45:00,train
sequences\seq_GAJA_2018_1484.npy,sequences\tgt_GAJA_2018_1484.npy,GAJA,2018,2018-11-16 03:00:00,train
sequences\seq_GAJA_2018_1485.npy,sequences\tgt_GAJA_2018_1485.npy,GAJA,2018,2018-11-16 03:30:00,train
sequences\seq_GAJA_2018_1486.npy,sequences\tgt_GAJA_2018_1486.npy,GAJA,2018,2018-11-16 03:45:00,train
sequences\seq_GAJA_2018_1487.npy,sequences\tgt_GAJA_2018_1487.npy,GAJA,2018,2018-11-16 04:00:00,train
sequences\seq_GAJA_2018_1488.npy,sequences\tgt_GAJA_2018_1488.npy,GAJA,2018,2018-11-16 04:15:00,train
sequences\seq_GAJA_2018_1489.npy,sequences\tgt_GAJA_2018_1489.npy,GAJA,2018,2018-11-16 04:30:00,train
sequences\seq_GAJA_2018_1490.npy,sequences\tgt_GAJA_2018_1490.npy,GAJA,2018,2018-11-16 04:45:00,train
sequences\seq_GAJA_2018_1491.npy,sequences\tgt_GAJA_2018_1491.npy,GAJA,2018,2018-11-16 05:00:00,train
sequences\seq_GAJA_2018_1492.npy,sequences\tgt_GAJA_2018_1492.npy,GAJA,2018,2018-11-16 05:15:00,train
sequences\seq_GAJA_2018_1493.npy,sequences\tgt_GAJA_2018_1493.npy,GAJA,2018,2018-11-16 05:30:00,train
sequences\seq_GAJA_2018_1494.npy,sequences\tgt_GAJA_2018_1494.npy,GAJA,2018,2018-11-16 05:45:00,train
sequences\seq_GAJA_2018_1495.npy,sequences\tgt_GAJA_2018_1495.npy,GAJA,2018,2018-11-16 06:00:00,train
sequences\seq_GAJA_2018_1496.npy,sequences\tgt_GAJA_2018_1496.npy,GAJA,2018,2018-11-16 06:15:00,train
sequences\seq_GAJA_2018_1497.npy,sequences\tgt_GAJA_2018_1497.npy,GAJA,2018,2018-11-16 06:30:00,train
sequences\seq_GAJA_2018_1498.npy,sequences\tgt_GAJA_2018_1498.npy,GAJA,2018,2018-11-16 06:45:00,train
sequences\seq_GAJA_2018_1499.npy,sequences\tgt_GAJA_2018_1499.npy,GAJA,2018,2018-11-16 07:00:00,train
sequences\seq_GAJA_2018_1500.npy,sequences\tgt_GAJA_2018_1500.npy,GAJA,2018,2018-11-16 07:15:00,train
sequences\seq_GAJA_2018_1501.npy,sequences\tgt_GAJA_2018_1501.npy,GAJA,2018,2018-11-16 07:30:00,train
sequences\seq_GAJA_2018_1502.npy,sequences\tgt_GAJA_2018_1502.npy,GAJA,2018,2018-11-16 07:45:00,train
sequences\seq_GAJA_2018_1503.npy,sequences\tgt_GAJA_2018_1503.npy,GAJA,2018,2018-11-16 08:00:00,train
sequences\seq_GAJA_2018_1504.npy,sequences\tgt_GAJA_2018_1504.npy,GAJA,2018,2018-11-16 08:15:00,train
sequences\seq_GAJA_2018_1505.npy,sequences\tgt_GAJA_2018_1505.npy,GAJA,2018,2018-11-16 08:30:00,train
sequences\seq_GAJA_2018_1506.npy,sequences\tgt_GAJA_2018_1506.npy,GAJA,2018,2018-11-16 08:45:00,train
sequences\seq_GAJA_2018_1507.npy,sequences\tgt_GAJA_2018_1507.npy,GAJA,2018,2018-11-16 09:00:00,train
sequences\seq_GAJA_2018_1508.npy,sequences\tgt_GAJA_2018_1508.npy,GAJA,2018,2018-11-16 09:15:00,train
sequences\seq_GAJA_2018_1509.npy,sequences\tgt_GAJA_2018_1509.npy,GAJA,2018,2018-11-16 09:30:00,train
sequences\seq_GAJA_2018_1510.npy,sequences\tgt_GAJA_2018_1510.npy,GAJA,2018,2018-11-16 09:45:00,train
sequences\seq_GAJA_2018_1511.npy,sequences\tgt_GAJA_2018_1511.npy,GAJA,2018,2018-11-16 10:00:00,train
sequences\seq_GAJA_2018_1512.npy,sequences\tgt_GAJA_2018_1512.npy,GAJA,2018,2018-11-16 10:15:00,train
sequences\seq_GAJA_2018_1513.npy,sequences\tgt_GAJA_2018_1513.npy,GAJA,2018,2018-11-16 10:30:00,train
sequences\seq_GAJA_2018_1514.npy,sequences\tgt_GAJA_2018_1514.npy,GAJA,2018,2018-11-16 10:45:00,train
sequences\seq_GAJA_2018_1515.npy,sequences\tgt_GAJA_2018_1515.npy,GAJA,2018,2018-11-16 11:00:00,train
sequences\seq_GAJA_2018_1516.npy,sequences\tgt_GAJA_2018_1516.npy,GAJA,2018,2018-11-16 11:15:00,train
sequences\seq_GAJA_2018_1517.npy,sequences\tgt_GAJA_2018_1517.npy,GAJA,2018,2018-11-16 11:30:00,train
sequences\seq_GAJA_2018_1518.npy,sequences\tgt_GAJA_2018_1518.npy,GAJA,2018,2018-11-16 11:45:00,train
sequences\seq_GAJA_2018_1519.npy,sequences\tgt_GAJA_2018_1519.npy,GAJA,2018,2018-11-16 12:00:00,train
sequences\seq_GAJA_2018_1520.npy,sequences\tgt_GAJA_2018_1520.npy,GAJA,2018,2018-11-16 12:15:00,train
sequences\seq_GAJA_2018_1521.npy,sequences\tgt_GAJA_2018_1521.npy,GAJA,2018,2018-11-16 12:30:00,train
sequences\seq_GAJA_2018_1522.npy,sequences\tgt_GAJA_2018_1522.npy,GAJA,2018,2018-11-16 12:45:00,train
sequences\seq_GAJA_2018_1523.npy,sequences\tgt_GAJA_2018_1523.npy,GAJA,2018,2018-11-16 13:00:00,train
sequences\seq_GAJA_2018_1524.npy,sequences\tgt_GAJA_2018_1524.npy,GAJA,2018,2018-11-16 13:15:00,train
sequences\seq_GAJA_2018_1525.npy,sequences\tgt_GAJA_2018_1525.npy,GAJA,2018,2018-11-16 13:30:00,train
sequences\seq_GAJA_2018_1526.npy,sequences\tgt_GAJA_2018_1526.npy,GAJA,2018,2018-11-16 13:45:00,train
sequences\seq_GAJA_2018_1527.npy,sequences\tgt_GAJA_2018_1527.npy,GAJA,2018,2018-11-16 14:00:00,train
sequences\seq_GAJA_2018_1528.npy,sequences\tgt_GAJA_2018_1528.npy,GAJA,2018,2018-11-16 14:15:00,train
sequences\seq_GAJA_2018_1529.npy,sequences\tgt_GAJA_2018_1529.npy,GAJA,2018,2018-11-16 14:30:00,train
sequences\seq_GAJA_2018_1530.npy,sequences\tgt_GAJA_2018_1530.npy,GAJA,2018,2018-11-16 14:45:00,train
sequences\seq_GAJA_2018_1531.npy,sequences\tgt_GAJA_2018_1531.npy,GAJA,2018,2018-11-16 15:00:00,train
sequences\seq_GAJA_2018_1532.npy,sequences\tgt_GAJA_2018_1532.npy,GAJA,2018,2018-11-16 15:15:00,train
sequences\seq_GAJA_2018_1533.npy,sequences\tgt_GAJA_2018_1533.npy,GAJA,2018,2018-11-16 15:30:00,train
sequences\seq_GAJA_2018_1534.npy,sequences\tgt_GAJA_2018_1534.npy,GAJA,2018,2018-11-16 15:45:00,train
sequences\seq_GAJA_2018_1535.npy,sequences\tgt_GAJA_2018_1535.npy,GAJA,2018,2018-11-16 16:00:00,train
sequences\seq_GAJA_2018_1536.npy,sequences\tgt_GAJA_2018_1536.npy,GAJA,2018,2018-11-16 16:15:00,train
sequences\seq_GAJA_2018_1537.npy,sequences\tgt_GAJA_2018_1537.npy,GAJA,2018,2018-11-16 16:30:00,train
sequences\seq_GAJA_2018_1538.npy,sequences\tgt_GAJA_2018_1538.npy,GAJA,2018,2018-11-16 16:45:00,train
sequences\seq_GAJA_2018_1539.npy,sequences\tgt_GAJA_2018_1539.npy,GAJA,2018,2018-11-16 17:00:00,train
sequences\seq_GAJA_2018_1540.npy,sequences\tgt_GAJA_2018_1540.npy,GAJA,2018,2018-11-16 17:15:00,train
sequences\seq_GAJA_2018_1541.npy,sequences\tgt_GAJA_2018_1541.npy,GAJA,2018,2018-11-16 17:30:00,train
sequences\seq_GAJA_2018_1542.npy,sequences\tgt_GAJA_2018_1542.npy,GAJA,2018,2018-11-16 17:45:00,train
sequences\seq_GAJA_2018_1543.npy,sequences\tgt_GAJA_2018_1543.npy,GAJA,2018,2018-11-16 18:00:00,train
sequences\seq_GAJA_2018_1544.npy,sequences\tgt_GAJA_2018_1544.npy,GAJA,2018,2018-11-16 18:15:00,train
sequences\seq_GAJA_2018_1545.npy,sequences\tgt_GAJA_2018_1545.npy,GAJA,2018,2018-11-16 18:30:00,train
sequences\seq_GAJA_2018_1546.npy,sequences\tgt_GAJA_2018_1546.npy,GAJA,2018,2018-11-16 18:45:00,train
sequences\seq_GAJA_2018_1547.npy,sequences\tgt_GAJA_2018_1547.npy,GAJA,2018,2018-11-16 19:00:00,train
sequences\seq_GAJA_2018_1548.npy,sequences\tgt_GAJA_2018_1548.npy,GAJA,2018,2018-11-16 19:15:00,train
sequences\seq_GAJA_2018_1549.npy,sequences\tgt_GAJA_2018_1549.npy,GAJA,2018,2018-11-16 19:30:00,train
sequences\seq_GAJA_2018_1550.npy,sequences\tgt_GAJA_2018_1550.npy,GAJA,2018,2018-11-16 19:45:00,train
sequences\seq_GAJA_2018_1551.npy,sequences\tgt_GAJA_2018_1551.npy,GAJA,2018,2018-11-16 20:00:00,train
sequences\seq_GAJA_2018_1552.npy,sequences\tgt_GAJA_2018_1552.npy,GAJA,2018,2018-11-16 20:15:00,train
sequences\seq_GAJA_2018_1553.npy,sequences\tgt_GAJA_2018_1553.npy,GAJA,2018,2018-11-16 20:30:00,train
sequences\seq_GAJA_2018_1554.npy,sequences\tgt_GAJA_2018_1554.npy,GAJA,2018,2018-11-16 20:45:00,train
sequences\seq_GAJA_2018_1555.npy,sequences\tgt_GAJA_2018_1555.npy,GAJA,2018,2018-11-16 21:00:00,train
sequences\seq_GAJA_2018_1556.npy,sequences\tgt_GAJA_2018_1556.npy,GAJA,2018,2018-11-16 21:15:00,train
sequences\seq_GAJA_2018_1557.npy,sequences\tgt_GAJA_2018_1557.npy,GAJA,2018,2018-11-16 21:30:00,train
sequences\seq_GAJA_2018_1558.npy,sequences\tgt_GAJA_2018_1558.npy,GAJA,2018,2018-11-16 21:45:00,train
sequences\seq_GAJA_2018_1559.npy,sequences\tgt_GAJA_2018_1559.npy,GAJA,2018,2018-11-16 22:00:00,train
sequences\seq_GAJA_2018_1560.npy,sequences\tgt_GAJA_2018_1560.npy,GAJA,2018,2018-11-16 22:15:00,train
sequences\seq_GAJA_2018_1561.npy,sequences\tgt_GAJA_2018_1561.npy,GAJA,2018,2018-11-16 22:30:00,train
sequences\seq_GAJA_2018_1562.npy,sequences\tgt_GAJA_2018_1562.npy,GAJA,2018,2018-11-16 22:45:00,train
sequences\seq_GAJA_2018_1563.npy,sequences\tgt_GAJA_2018_1563.npy,GAJA,2018,2018-11-16 23:00:00,train
sequences\seq_GAJA_2018_1564.npy,sequences\tgt_GAJA_2018_1564.npy,GAJA,2018,2018-11-16 23:15:00,train
sequences\seq_GAJA_2018_1565.npy,sequences\tgt_GAJA_2018_1565.npy,GAJA,2018,2018-11-16 23:30:00,train
sequences\seq_GAJA_2018_1566.npy,sequences\tgt_GAJA_2018_1566.npy,GAJA,2018,2018-11-16 23:45:00,train
sequences\seq_GAJA_2018_1567.npy,sequences\tgt_GAJA_2018_1567.npy,GAJA,2018,2018-11-17 00:00:00,train
sequences\seq_GAJA_2018_1568.npy,sequences\tgt_GAJA_2018_1568.npy,GAJA,2018,2018-11-17 00:15:00,train
sequences\seq_GAJA_2018_1569.npy,sequences\tgt_GAJA_2018_1569.npy,GAJA,2018,2018-11-17 00:30:00,train
sequences\seq_GAJA_2018_1570.npy,sequences\tgt_GAJA_2018_1570.npy,GAJA,2018,2018-11-17 00:45:00,train
sequences\seq_GAJA_2018_1571.npy,sequences\tgt_GAJA_2018_1571.npy,GAJA,2018,2018-11-17 01:00:00,train
sequences\seq_GAJA_2018_1572.npy,sequences\tgt_GAJA_2018_1572.npy,GAJA,2018,2018-11-17 01:15:00,train
sequences\seq_GAJA_2018_1573.npy,sequences\tgt_GAJA_2018_1573.npy,GAJA,2018,2018-11-17 01:30:00,train
sequences\seq_GAJA_2018_1574.npy,sequences\tgt_GAJA_2018_1574.npy,GAJA,2018,2018-11-17 01:45:00,train
sequences\seq_GAJA_2018_1575.npy,sequences\tgt_GAJA_2018_1575.npy,GAJA,2018,2018-11-17 02:00:00,train
sequences\seq_GAJA_2018_1576.npy,sequences\tgt_GAJA_2018_1576.npy,GAJA,2018,2018-11-17 02:15:00,train
sequences\seq_GAJA_2018_1577.npy,sequences\tgt_GAJA_2018_1577.npy,GAJA,2018,2018-11-17 02:30:00,train
sequences\seq_GAJA_2018_1578.npy,sequences\tgt_GAJA_2018_1578.npy,GAJA,2018,2018-11-17 02:45:00,train
sequences\seq_GAJA_2018_1579.npy,sequences\tgt_GAJA_2018_1579.npy,GAJA,2018,2018-11-17 03:00:00,train
sequences\seq_GAJA_2018_1580.npy,sequences\tgt_GAJA_2018_1580.npy,GAJA,2018,2018-11-17 03:15:00,train
sequences\seq_GAJA_2018_1581.npy,sequences\tgt_GAJA_2018_1581.npy,GAJA,2018,2018-11-17 03:30:00,train
sequences\seq_GAJA_2018_1582.npy,sequences\tgt_GAJA_2018_1582.npy,GAJA,2018,2018-11-17 03:45:00,train
sequences\seq_GAJA_2018_1583.npy,sequences\tgt_GAJA_2018_1583.npy,GAJA,2018,2018-11-17 04:00:00,train
sequences\seq_GAJA_2018_1584.npy,sequences\tgt_GAJA_2018_1584.npy,GAJA,2018,2018-11-17 04:15:00,train
sequences\seq_GAJA_2018_1585.npy,sequences\tgt_GAJA_2018_1585.npy,GAJA,2018,2018-11-17 04:30:00,train
sequences\seq_GAJA_2018_1586.npy,sequences\tgt_GAJA_2018_1586.npy,GAJA,2018,2018-11-17 04:45:00,train
sequences\seq_GAJA_2018_1587.npy,sequences\tgt_GAJA_2018_1587.npy,GAJA,2018,2018-11-17 05:00:00,train
sequences\seq_GAJA_2018_1588.npy,sequences\tgt_GAJA_2018_1588.npy,GAJA,2018,2018-11-17 05:15:00,train
sequences\seq_GAJA_2018_1589.npy,sequences\tgt_GAJA_2018_1589.npy,GAJA,2018,2018-11-17 05:30:00,train
sequences\seq_GAJA_2018_1590.npy,sequences\tgt_GAJA_2018_1590.npy,GAJA,2018,2018-11-17 05:45:00,train
sequences\seq_GAJA_2018_1591.npy,sequences\tgt_GAJA_2018_1591.npy,GAJA,2018,2018-11-17 06:00:00,train
sequences\seq_GAJA_2018_1592.npy,sequences\tgt_GAJA_2018_1592.npy,GAJA,2018,2018-11-17 06:15:00,train
sequences\seq_GAJA_2018_1593.npy,sequences\tgt_GAJA_2018_1593.npy,GAJA,2018,2018-11-17 06:30:00,train
sequences\seq_GAJA_2018_1594.npy,sequences\tgt_GAJA_2018_1594.npy,GAJA,2018,2018-11-17 06:45:00,train
sequences\seq_GAJA_2018_1595.npy,sequences\tgt_GAJA_2018_1595.npy,GAJA,2018,2018-11-17 07:00:00,train
sequences\seq_GAJA_2018_1596.npy,sequences\tgt_GAJA_2018_1596.npy,GAJA,2018,2018-11-17 07:15:00,train
sequences\seq_GAJA_2018_1597.npy,sequences\tgt_GAJA_2018_1597.npy,GAJA,2018,2018-11-17 07:30:00,train
sequences\seq_GAJA_2018_1598.npy,sequences\tgt_GAJA_2018_1598.npy,GAJA,2018,2018-11-17 07:45:00,train
sequences\seq_GAJA_2018_1599.npy,sequences\tgt_GAJA_2018_1599.npy,GAJA,2018,2018-11-17 08:00:00,train
sequences\seq_GAJA_2018_1600.npy,sequences\tgt_GAJA_2018_1600.npy,GAJA,2018,2018-11-17 08:15:00,train
sequences\seq_GAJA_2018_1601.npy,sequences\tgt_GAJA_2018_1601.npy,GAJA,2018,2018-11-17 08:30:00,train
sequences\seq_GAJA_2018_1602.npy,sequences\tgt_GAJA_2018_1602.npy,GAJA,2018,2018-11-17 08:45:00,train
sequences\seq_GAJA_2018_1603.npy,sequences\tgt_GAJA_2018_1603.npy,GAJA,2018,2018-11-17 09:00:00,train
sequences\seq_GAJA_2018_1604.npy,sequences\tgt_GAJA_2018_1604.npy,GAJA,2018,2018-11-17 09:15:00,train
sequences\seq_GAJA_2018_1605.npy,sequences\tgt_GAJA_2018_1605.npy,GAJA,2018,2018-11-17 09:30:00,train
sequences\seq_GAJA_2018_1606.npy,sequences\tgt_GAJA_2018_1606.npy,GAJA,2018,2018-11-17 10:00:00,train
sequences\seq_GAJA_2018_1607.npy,sequences\tgt_GAJA_2018_1607.npy,GAJA,2018,2018-11-17 10:15:00,train
sequences\seq_GAJA_2018_1608.npy,sequences\tgt_GAJA_2018_1608.npy,GAJA,2018,2018-11-17 10:30:00,train
sequences\seq_GAJA_2018_1609.npy,sequences\tgt_GAJA_2018_1609.npy,GAJA,2018,2018-11-17 10:45:00,train
sequences\seq_GAJA_2018_1610.npy,sequences\tgt_GAJA_2018_1610.npy,GAJA,2018,2018-11-17 11:00:00,train
sequences\seq_GAJA_2018_1611.npy,sequences\tgt_GAJA_2018_1611.npy,GAJA,2018,2018-11-17 11:15:00,train
sequences\seq_GAJA_2018_1612.npy,sequences\tgt_GAJA_2018_1612.npy,GAJA,2018,2018-11-17 11:30:00,train
sequences\seq_GAJA_2018_1613.npy,sequences\tgt_GAJA_2018_1613.npy,GAJA,2018,2018-11-17 11:45:00,train
sequences\seq_GAJA_2018_1614.npy,sequences\tgt_GAJA_2018_1614.npy,GAJA,2018,2018-11-17 12:00:00,train
sequences\seq_GAJA_2018_1615.npy,sequences\tgt_GAJA_2018_1615.npy,GAJA,2018,2018-11-17 12:15:00,train
sequences\seq_GAJA_2018_1616.npy,sequences\tgt_GAJA_2018_1616.npy,GAJA,2018,2018-11-17 12:30:00,train
sequences\seq_GAJA_2018_1617.npy,sequences\tgt_GAJA_2018_1617.npy,GAJA,2018,2018-11-17 12:45:00,train
sequences\seq_GAJA_2018_1618.npy,sequences\tgt_GAJA_2018_1618.npy,GAJA,2018,2018-11-17 13:00:00,train
sequences\seq_GAJA_2018_1619.npy,sequences\tgt_GAJA_2018_1619.npy,GAJA,2018,2018-11-17 13:15:00,train
sequences\seq_GAJA_2018_1620.npy,sequences\tgt_GAJA_2018_1620.npy,GAJA,2018,2018-11-17 13:30:00,train
sequences\seq_GAJA_2018_1621.npy,sequences\tgt_GAJA_2018_1621.npy,GAJA,2018,2018-11-17 13:45:00,train
sequences\seq_GAJA_2018_1622.npy,sequences\tgt_GAJA_2018_1622.npy,GAJA,2018,2018-11-17 14:00:00,train
sequences\seq_GAJA_2018_1623.npy,sequences\tgt_GAJA_2018_1623.npy,GAJA,2018,2018-11-17 14:15:00,train
sequences\seq_GAJA_2018_1624.npy,sequences\tgt_GAJA_2018_1624.npy,GAJA,2018,2018-11-17 14:30:00,train
sequences\seq_GAJA_2018_1625.npy,sequences\tgt_GAJA_2018_1625.npy,GAJA,2018,2018-11-17 14:45:00,train
sequences\seq_GAJA_2018_1626.npy,sequences\tgt_GAJA_2018_1626.npy,GAJA,2018,2018-11-17 15:00:00,train
sequences\seq_GAJA_2018_1627.npy,sequences\tgt_GAJA_2018_1627.npy,GAJA,2018,2018-11-17 15:15:00,train
sequences\seq_GAJA_2018_1628.npy,sequences\tgt_GAJA_2018_1628.npy,GAJA,2018,2018-11-17 15:30:00,train
sequences\seq_GAJA_2018_1629.npy,sequences\tgt_GAJA_2018_1629.npy,GAJA,2018,2018-11-17 15:45:00,train
sequences\seq_GAJA_2018_1630.npy,sequences\tgt_GAJA_2018_1630.npy,GAJA,2018,2018-11-17 16:00:00,train
sequences\seq_GAJA_2018_1631.npy,sequences\tgt_GAJA_2018_1631.npy,GAJA,2018,2018-11-17 16:15:00,train
sequences\seq_GAJA_2018_1632.npy,sequences\tgt_GAJA_2018_1632.npy,GAJA,2018,2018-11-17 16:30:00,train
sequences\seq_GAJA_2018_1633.npy,sequences\tgt_GAJA_2018_1633.npy,GAJA,2018,2018-11-17 16:45:00,train
sequences\seq_GAJA_2018_1634.npy,sequences\tgt_GAJA_2018_1634.npy,GAJA,2018,2018-11-17 17:00:00,train
sequences\seq_GAJA_2018_1635.npy,sequences\tgt_GAJA_2018_1635.npy,GAJA,2018,2018-11-17 17:15:00,train
sequences\seq_GAJA_2018_1636.npy,sequences\tgt_GAJA_2018_1636.npy,GAJA,2018,2018-11-17 17:30:00,train
sequences\seq_GAJA_2018_1637.npy,sequences\tgt_GAJA_2018_1637.npy,GAJA,2018,2018-11-17 17:45:00,train
sequences\seq_GAJA_2018_1638.npy,sequences\tgt_GAJA_2018_1638.npy,GAJA,2018,2018-11-17 18:00:00,train
sequences\seq_GAJA_2018_1639.npy,sequences\tgt_GAJA_2018_1639.npy,GAJA,2018,2018-11-17 18:15:00,train
sequences\seq_GAJA_2018_1640.npy,sequences\tgt_GAJA_2018_1640.npy,GAJA,2018,2018-11-17 18:30:00,train
sequences\seq_GAJA_2018_1641.npy,sequences\tgt_GAJA_2018_1641.npy,GAJA,2018,2018-11-17 18:45:00,train
sequences\seq_GAJA_2018_1642.npy,sequences\tgt_GAJA_2018_1642.npy,GAJA,2018,2018-11-17 19:00:00,train
sequences\seq_GAJA_2018_1643.npy,sequences\tgt_GAJA_2018_1643.npy,GAJA,2018,2018-11-17 19:15:00,train
sequences\seq_GAJA_2018_1644.npy,sequences\tgt_GAJA_2018_1644.npy,GAJA,2018,2018-11-17 19:30:00,train
sequences\seq_GAJA_2018_1645.npy,sequences\tgt_GAJA_2018_1645.npy,GAJA,2018,2018-11-17 19:45:00,train
sequences\seq_GAJA_2018_1646.npy,sequences\tgt_GAJA_2018_1646.npy,GAJA,2018,2018-11-17 20:15:00,train
sequences\seq_GAJA_2018_1647.npy,sequences\tgt_GAJA_2018_1647.npy,GAJA,2018,2018-11-17 20:30:00,train
sequences\seq_GAJA_2018_1648.npy,sequences\tgt_GAJA_2018_1648.npy,GAJA,2018,2018-11-17 20:45:00,train
sequences\seq_GAJA_2018_1649.npy,sequences\tgt_GAJA_2018_1649.npy,GAJA,2018,2018-11-17 21:00:00,train
sequences\seq_GAJA_2018_1650.npy,sequences\tgt_GAJA_2018_1650.npy,GAJA,2018,2018-11-17 21:15:00,train
sequences\seq_GAJA_2018_1651.npy,sequences\tgt_GAJA_2018_1651.npy,GAJA,2018,2018-11-17 21:30:00,train
sequences\seq_GAJA_2018_1652.npy,sequences\tgt_GAJA_2018_1652.npy,GAJA,2018,2018-11-17 21:45:00,train
sequences\seq_GAJA_2018_1653.npy,sequences\tgt_GAJA_2018_1653.npy,GAJA,2018,2018-11-17 22:00:00,train
sequences\seq_GAJA_2018_1654.npy,sequences\tgt_GAJA_2018_1654.npy,GAJA,2018,2018-11-17 22:15:00,train
sequences\seq_GAJA_2018_1655.npy,sequences\tgt_GAJA_2018_1655.npy,GAJA,2018,2018-11-17 22:45:00,train
sequences\seq_GAJA_2018_1656.npy,sequences\tgt_GAJA_2018_1656.npy,GAJA,2018,2018-11-17 23:00:00,train
sequences\seq_GAJA_2018_1657.npy,sequences\tgt_GAJA_2018_1657.npy,GAJA,2018,2018-11-17 23:15:00,train
sequences\seq_GAJA_2018_1658.npy,sequences\tgt_GAJA_2018_1658.npy,GAJA,2018,2018-11-17 23:30:00,train
sequences\seq_GAJA_2018_1659.npy,sequences\tgt_GAJA_2018_1659.npy,GAJA,2018,2018-11-17 23:45:00,train
sequences\seq_GAJA_2018_1660.npy,sequences\tgt_GAJA_2018_1660.npy,GAJA,2018,2018-11-18 00:00:00,train
sequences\seq_GAJA_2018_1661.npy,sequences\tgt_GAJA_2018_1661.npy,GAJA,2018,2018-11-18 00:15:00,train
sequences\seq_GAJA_2018_1662.npy,sequences\tgt_GAJA_2018_1662.npy,GAJA,2018,2018-11-18 00:30:00,train
sequences\seq_GAJA_2018_1663.npy,sequences\tgt_GAJA_2018_1663.npy,GAJA,2018,2018-11-18 00:45:00,train
sequences\seq_GAJA_2018_1664.npy,sequences\tgt_GAJA_2018_1664.npy,GAJA,2018,2018-11-18 01:00:00,train
sequences\seq_GAJA_2018_1665.npy,sequences\tgt_GAJA_2018_1665.npy,GAJA,2018,2018-11-18 01:15:00,train
sequences\seq_GAJA_2018_1666.npy,sequences\tgt_GAJA_2018_1666.npy,GAJA,2018,2018-11-18 01:30:00,train
sequences\seq_GAJA_2018_1667.npy,sequences\tgt_GAJA_2018_1667.npy,GAJA,2018,2018-11-18 01:45:00,train
sequences\seq_GAJA_2018_1668.npy,sequences\tgt_GAJA_2018_1668.npy,GAJA,2018,2018-11-18 02:00:00,train
sequences\seq_GAJA_2018_1669.npy,sequences\tgt_GAJA_2018_1669.npy,GAJA,2018,2018-11-18 02:15:00,train
sequences\seq_GAJA_2018_1670.npy,sequences\tgt_GAJA_2018_1670.npy,GAJA,2018,2018-11-18 02:30:00,train
sequences\seq_GAJA_2018_1671.npy,sequences\tgt_GAJA_2018_1671.npy,GAJA,2018,2018-11-18 02:45:00,train
sequences\seq_GAJA_2018_1672.npy,sequences\tgt_GAJA_2018_1672.npy,GAJA,2018,2018-11-18 03:00:00,train
sequences\seq_GAJA_2018_1673.npy,sequences\tgt_GAJA_2018_1673.npy,GAJA,2018,2018-11-18 03:15:00,train
sequences\seq_GAJA_2018_1674.npy,sequences\tgt_GAJA_2018_1674.npy,GAJA,2018,2018-11-18 03:30:00,train
sequences\seq_GAJA_2018_1675.npy,sequences\tgt_GAJA_2018_1675.npy,GAJA,2018,2018-11-18 03:45:00,train
sequences\seq_GAJA_2018_1676.npy,sequences\tgt_GAJA_2018_1676.npy,GAJA,2018,2018-11-18 04:00:00,train
sequences\seq_GAJA_2018_1677.npy,sequences\tgt_GAJA_2018_1677.npy,GAJA,2018,2018-11-18 04:15:00,train
sequences\seq_GAJA_2018_1678.npy,sequences\tgt_GAJA_2018_1678.npy,GAJA,2018,2018-11-18 04:30:00,train
sequences\seq_GAJA_2018_1679.npy,sequences\tgt_GAJA_2018_1679.npy,GAJA,2018,2018-11-18 04:45:00,train
sequences\seq_GAJA_2018_1680.npy,sequences\tgt_GAJA_2018_1680.npy,GAJA,2018,2018-11-18 05:00:00,train
sequences\seq_GAJA_2018_1681.npy,sequences\tgt_GAJA_2018_1681.npy,GAJA,2018,2018-11-18 05:15:00,train
sequences\seq_GAJA_2018_1682.npy,sequences\tgt_GAJA_2018_1682.npy,GAJA,2018,2018-11-18 05:30:00,train
sequences\seq_GAJA_2018_1683.npy,sequences\tgt_GAJA_2018_1683.npy,GAJA,2018,2018-11-18 05:45:00,train
sequences\seq_GAJA_2018_1684.npy,sequences\tgt_GAJA_2018_1684.npy,GAJA,2018,2018-11-18 06:00:00,train
sequences\seq_GAJA_2018_1685.npy,sequences\tgt_GAJA_2018_1685.npy,GAJA,2018,2018-11-18 06:15:00,train
sequences\seq_GAJA_2018_1686.npy,sequences\tgt_GAJA_2018_1686.npy,GAJA,2018,2018-11-18 06:30:00,train
sequences\seq_GAJA_2018_1687.npy,sequences\tgt_GAJA_2018_1687.npy,GAJA,2018,2018-11-18 06:45:00,train
sequences\seq_GAJA_2018_1688.npy,sequences\tgt_GAJA_2018_1688.npy,GAJA,2018,2018-11-18 07:00:00,train
sequences\seq_GAJA_2018_1689.npy,sequences\tgt_GAJA_2018_1689.npy,GAJA,2018,2018-11-18 07:15:00,train
sequences\seq_GAJA_2018_1690.npy,sequences\tgt_GAJA_2018_1690.npy,GAJA,2018,2018-11-18 07:30:00,train
sequences\seq_GAJA_2018_1691.npy,sequences\tgt_GAJA_2018_1691.npy,GAJA,2018,2018-11-18 07:45:00,train
sequences\seq_GAJA_2018_1692.npy,sequences\tgt_GAJA_2018_1692.npy,GAJA,2018,2018-11-18 08:00:00,train
sequences\seq_GAJA_2018_1693.npy,sequences\tgt_GAJA_2018_1693.npy,GAJA,2018,2018-11-18 08:15:00,train
sequences\seq_GAJA_2018_1694.npy,sequences\tgt_GAJA_2018_1694.npy,GAJA,2018,2018-11-18 08:30:00,train
sequences\seq_GAJA_2018_1695.npy,sequences\tgt_GAJA_2018_1695.npy,GAJA,2018,2018-11-18 08:45:00,train
sequences\seq_GAJA_2018_1696.npy,sequences\tgt_GAJA_2018_1696.npy,GAJA,2018,2018-11-18 09:00:00,train
sequences\seq_GAJA_2018_1697.npy,sequences\tgt_GAJA_2018_1697.npy,GAJA,2018,2018-11-18 09:15:00,train
sequences\seq_GAJA_2018_1698.npy,sequences\tgt_GAJA_2018_1698.npy,GAJA,2018,2018-11-18 09:30:00,train
sequences\seq_GAJA_2018_1699.npy,sequences\tgt_GAJA_2018_1699.npy,GAJA,2018,2018-11-18 09:45:00,train
sequences\seq_GAJA_2018_1700.npy,sequences\tgt_GAJA_2018_1700.npy,GAJA,2018,2018-11-18 10:00:00,train
sequences\seq_GAJA_2018_1701.npy,sequences\tgt_GAJA_2018_1701.npy,GAJA,2018,2018-11-18 10:15:00,train
sequences\seq_GAJA_2018_1702.npy,sequences\tgt_GAJA_2018_1702.npy,GAJA,2018,2018-11-18 10:30:00,train
sequences\seq_GAJA_2018_1703.npy,sequences\tgt_GAJA_2018_1703.npy,GAJA,2018,2018-11-18 10:45:00,train
sequences\seq_GAJA_2018_1704.npy,sequences\tgt_GAJA_2018_1704.npy,GAJA,2018,2018-11-18 11:00:00,train
sequences\seq_GAJA_2018_1705.npy,sequences\tgt_GAJA_2018_1705.npy,GAJA,2018,2018-11-18 11:15:00,train
sequences\seq_GAJA_2018_1706.npy,sequences\tgt_GAJA_2018_1706.npy,GAJA,2018,2018-11-18 11:30:00,train
sequences\seq_GAJA_2018_1707.npy,sequences\tgt_GAJA_2018_1707.npy,GAJA,2018,2018-11-18 11:45:00,train
sequences\seq_GAJA_2018_1708.npy,sequences\tgt_GAJA_2018_1708.npy,GAJA,2018,2018-11-18 12:00:00,train
sequences\seq_GAJA_2018_1709.npy,sequences\tgt_GAJA_2018_1709.npy,GAJA,2018,2018-11-18 12:15:00,train
sequences\seq_GAJA_2018_1710.npy,sequences\tgt_GAJA_2018_1710.npy,GAJA,2018,2018-11-18 12:30:00,train
sequences\seq_GAJA_2018_1711.npy,sequences\tgt_GAJA_2018_1711.npy,GAJA,2018,2018-11-18 12:45:00,train
sequences\seq_GAJA_2018_1712.npy,sequences\tgt_GAJA_2018_1712.npy,GAJA,2018,2018-11-18 13:00:00,train
sequences\seq_GAJA_2018_1713.npy,sequences\tgt_GAJA_2018_1713.npy,GAJA,2018,2018-11-18 13:15:00,train
sequences\seq_GAJA_2018_1714.npy,sequences\tgt_GAJA_2018_1714.npy,GAJA,2018,2018-11-18 13:30:00,train
sequences\seq_GAJA_2018_1715.npy,sequences\tgt_GAJA_2018_1715.npy,GAJA,2018,2018-11-18 13:45:00,train
sequences\seq_GAJA_2018_1716.npy,sequences\tgt_GAJA_2018_1716.npy,GAJA,2018,2018-11-18 14:00:00,train
sequences\seq_GAJA_2018_1717.npy,sequences\tgt_GAJA_2018_1717.npy,GAJA,2018,2018-11-18 14:15:00,train
sequences\seq_GAJA_2018_1718.npy,sequences\tgt_GAJA_2018_1718.npy,GAJA,2018,2018-11-18 14:30:00,train
sequences\seq_GAJA_2018_1719.npy,sequences\tgt_GAJA_2018_1719.npy,GAJA,2018,2018-11-18 14:45:00,train
sequences\seq_GAJA_2018_1720.npy,sequences\tgt_GAJA_2018_1720.npy,GAJA,2018,2018-11-18 15:00:00,train
sequences\seq_GAJA_2018_1721.npy,sequences\tgt_GAJA_2018_1721.npy,GAJA,2018,2018-11-18 15:15:00,train
sequences\seq_GAJA_2018_1722.npy,sequences\tgt_GAJA_2018_1722.npy,GAJA,2018,2018-11-18 15:30:00,train
sequences\seq_GAJA_2018_1723.npy,sequences\tgt_GAJA_2018_1723.npy,GAJA,2018,2018-11-18 15:45:00,train
sequences\seq_GAJA_2018_1724.npy,sequences\tgt_GAJA_2018_1724.npy,GAJA,2018,2018-11-18 16:00:00,train
sequences\seq_GAJA_2018_1725.npy,sequences\tgt_GAJA_2018_1725.npy,GAJA,2018,2018-11-18 16:15:00,train
sequences\seq_GAJA_2018_1726.npy,sequences\tgt_GAJA_2018_1726.npy,GAJA,2018,2018-11-18 16:30:00,train
sequences\seq_GAJA_2018_1727.npy,sequences\tgt_GAJA_2018_1727.npy,GAJA,2018,2018-11-18 16:45:00,train
sequences\seq_GAJA_2018_1728.npy,sequences\tgt_GAJA_2018_1728.npy,GAJA,2018,2018-11-18 17:00:00,train
sequences\seq_GAJA_2018_1729.npy,sequences\tgt_GAJA_2018_1729.npy,GAJA,2018,2018-11-18 17:15:00,train
sequences\seq_GAJA_2018_1730.npy,sequences\tgt_GAJA_2018_1730.npy,GAJA,2018,2018-11-18 17:30:00,train
sequences\seq_GAJA_2018_1731.npy,sequences\tgt_GAJA_2018_1731.npy,GAJA,2018,2018-11-18 17:45:00,train
sequences\seq_GAJA_2018_1732.npy,sequences\tgt_GAJA_2018_1732.npy,GAJA,2018,2018-11-18 18:00:00,train
sequences\seq_GAJA_2018_1733.npy,sequences\tgt_GAJA_2018_1733.npy,GAJA,2018,2018-11-18 18:30:00,train
sequences\seq_GAJA_2018_1734.npy,sequences\tgt_GAJA_2018_1734.npy,GAJA,2018,2018-11-18 18:45:00,train
sequences\seq_GAJA_2018_1735.npy,sequences\tgt_GAJA_2018_1735.npy,GAJA,2018,2018-11-18 19:00:00,train
sequences\seq_GAJA_2018_1736.npy,sequences\tgt_GAJA_2018_1736.npy,GAJA,2018,2018-11-18 19:15:00,train
sequences\seq_GAJA_2018_1737.npy,sequences\tgt_GAJA_2018_1737.npy,GAJA,2018,2018-11-18 19:30:00,train
sequences\seq_GAJA_2018_1738.npy,sequences\tgt_GAJA_2018_1738.npy,GAJA,2018,2018-11-18 19:45:00,train
sequences\seq_GAJA_2018_1739.npy,sequences\tgt_GAJA_2018_1739.npy,GAJA,2018,2018-11-18 20:00:00,train
sequences\seq_GAJA_2018_1740.npy,sequences\tgt_GAJA_2018_1740.npy,GAJA,2018,2018-11-18 20:15:00,train
sequences\seq_GAJA_2018_1741.npy,sequences\tgt_GAJA_2018_1741.npy,GAJA,2018,2018-11-18 20:30:00,train
sequences\seq_GAJA_2018_1742.npy,sequences\tgt_GAJA_2018_1742.npy,GAJA,2018,2018-11-18 20:45:00,train
sequences\seq_GAJA_2018_1743.npy,sequences\tgt_GAJA_2018_1743.npy,GAJA,2018,2018-11-18 21:00:00,train
sequences\seq_GAJA_2018_1744.npy,sequences\tgt_GAJA_2018_1744.npy,GAJA,2018,2018-11-18 21:30:00,train
sequences\seq_GAJA_2018_1745.npy,sequences\tgt_GAJA_2018_1745.npy,GAJA,2018,2018-11-18 21:45:00,train
sequences\seq_GAJA_2018_1746.npy,sequences\tgt_GAJA_2018_1746.npy,GAJA,2018,2018-11-18 22:00:00,train
sequences\seq_GAJA_2018_1747.npy,sequences\tgt_GAJA_2018_1747.npy,GAJA,2018,2018-11-18 22:15:00,train
sequences\seq_GAJA_2018_1748.npy,sequences\tgt_GAJA_2018_1748.npy,GAJA,2018,2018-11-18 22:30:00,train
sequences\seq_GAJA_2018_1749.npy,sequences\tgt_GAJA_2018_1749.npy,GAJA,2018,2018-11-18 22:45:00,train
sequences\seq_GAJA_2018_1750.npy,sequences\tgt_GAJA_2018_1750.npy,GAJA,2018,2018-11-18 23:00:00,train
sequences\seq_GAJA_2018_1751.npy,sequences\tgt_GAJA_2018_1751.npy,GAJA,2018,2018-11-18 23:15:00,train
sequences\seq_GAJA_2018_1752.npy,sequences\tgt_GAJA_2018_1752.npy,GAJA,2018,2018-11-18 23:30:00,train
sequences\seq_GAJA_2018_1753.npy,sequences\tgt_GAJA_2018_1753.npy,GAJA,2018,2018-11-18 23:45:00,train
sequences\seq_GAJA_2018_1754.npy,sequences\tgt_GAJA_2018_1754.npy,GAJA,2018,2018-11-19 00:00:00,train
sequences\seq_GAJA_2018_1755.npy,sequences\tgt_GAJA_2018_1755.npy,GAJA,2018,2018-11-19 00:15:00,train
sequences\seq_GAJA_2018_1756.npy,sequences\tgt_GAJA_2018_1756.npy,GAJA,2018,2018-11-19 00:30:00,train
sequences\seq_GAJA_2018_1757.npy,sequences\tgt_GAJA_2018_1757.npy,GAJA,2018,2018-11-19 00:45:00,train
sequences\seq_GAJA_2018_1758.npy,sequences\tgt_GAJA_2018_1758.npy,GAJA,2018,2018-11-19 01:00:00,train
sequences\seq_GAJA_2018_1759.npy,sequences\tgt_GAJA_2018_1759.npy,GAJA,2018,2018-11-19 01:15:00,train
sequences\seq_GAJA_2018_1760.npy,sequences\tgt_GAJA_2018_1760.npy,GAJA,2018,2018-11-19 01:30:00,train
sequences\seq_GAJA_2018_1761.npy,sequences\tgt_GAJA_2018_1761.npy,GAJA,2018,2018-11-19 01:45:00,train
sequences\seq_GAJA_2018_1762.npy,sequences\tgt_GAJA_2018_1762.npy,GAJA,2018,2018-11-19 02:00:00,train
sequences\seq_GAJA_2018_1763.npy,sequences\tgt_GAJA_2018_1763.npy,GAJA,2018,2018-11-19 02:30:00,train
sequences\seq_GAJA_2018_1764.npy,sequences\tgt_GAJA_2018_1764.npy,GAJA,2018,2018-11-19 02:45:00,train
sequences\seq_GAJA_2018_1765.npy,sequences\tgt_GAJA_2018_1765.npy,GAJA,2018,2018-11-19 03:00:00,train
sequences\seq_GAJA_2018_1766.npy,sequences\tgt_GAJA_2018_1766.npy,GAJA,2018,2018-11-19 03:15:00,train
sequences\seq_GAJA_2018_1767.npy,sequences\tgt_GAJA_2018_1767.npy,GAJA,2018,2018-11-19 03:30:00,train
sequences\seq_GAJA_2018_1768.npy,sequences\tgt_GAJA_2018_1768.npy,GAJA,2018,2018-11-19 03:45:00,train
sequences\seq_GAJA_2018_1769.npy,sequences\tgt_GAJA_2018_1769.npy,GAJA,2018,2018-11-19 04:00:00,train
sequences\seq_GAJA_2018_1770.npy,sequences\tgt_GAJA_2018_1770.npy,GAJA,2018,2018-11-19 04:15:00,train
sequences\seq_GAJA_2018_1771.npy,sequences\tgt_GAJA_2018_1771.npy,GAJA,2018,2018-11-19 04:30:00,train
sequences\seq_GAJA_2018_1772.npy,sequences\tgt_GAJA_2018_1772.npy,GAJA,2018,2018-11-19 04:45:00,train
sequences\seq_GAJA_2018_1773.npy,sequences\tgt_GAJA_2018_1773.npy,GAJA,2018,2018-11-19 05:00:00,train
sequences\seq_GAJA_2018_1774.npy,sequences\tgt_GAJA_2018_1774.npy,GAJA,2018,2018-11-19 05:15:00,train
sequences\seq_GAJA_2018_1775.npy,sequences\tgt_GAJA_2018_1775.npy,GAJA,2018,2018-11-19 05:30:00,train
sequences\seq_GAJA_2018_1776.npy,sequences\tgt_GAJA_2018_1776.npy,GAJA,2018,2018-11-19 05:45:00,train
sequences\seq_GATI’_2020_1777.npy,sequences\tgt_GATI’_2020_1777.npy,GATI’,2020,2020-11-21 23:30:00,train
sequences\seq_GATI’_2020_1778.npy,sequences\tgt_GATI’_2020_1778.npy,GATI’,2020,2020-11-21 23:45:00,train
sequences\seq_GATI’_2020_1779.npy,sequences\tgt_GATI’_2020_1779.npy,GATI’,2020,2020-11-22 00:00:00,train
sequences\seq_GATI’_2020_1780.npy,sequences\tgt_GATI’_2020_1780.npy,GATI’,2020,2020-11-22 00:15:00,train
sequences\seq_GATI’_2020_1781.npy,sequences\tgt_GATI’_2020_1781.npy,GATI’,2020,2020-11-22 00:30:00,train
sequences\seq_GATI’_2020_1782.npy,sequences\tgt_GATI’_2020_1782.npy,GATI’,2020,2020-11-22 00:45:00,train
sequences\seq_GATI’_2020_1783.npy,sequences\tgt_GATI’_2020_1783.npy,GATI’,2020,2020-11-22 01:00:00,train
sequences\seq_GATI’_2020_1784.npy,sequences\tgt_GATI’_2020_1784.npy,GATI’,2020,2020-11-22 01:15:00,train
sequences\seq_GATI’_2020_1785.npy,sequences\tgt_GATI’_2020_1785.npy,GATI’,2020,2020-11-22 01:30:00,train
sequences\seq_GATI’_2020_1786.npy,sequences\tgt_GATI’_2020_1786.npy,GATI’,2020,2020-11-22 01:45:00,train
sequences\seq_GATI’_2020_1787.npy,sequences\tgt_GATI’_2020_1787.npy,GATI’,2020,2020-11-22 02:00:00,train
sequences\seq_GATI’_2020_1788.npy,sequences\tgt_GATI’_2020_1788.npy,GATI’,2020,2020-11-22 02:15:00,train
sequences\seq_GATI’_2020_1789.npy,sequences\tgt_GATI’_2020_1789.npy,GATI’,2020,2020-11-22 02:30:00,train
sequences\seq_GATI’_2020_1790.npy,sequences\tgt_GATI’_2020_1790.npy,GATI’,2020,2020-11-22 02:45:00,train
sequences\seq_GATI’_2020_1791.npy,sequences\tgt_GATI’_2020_1791.npy,GATI’,2020,2020-11-22 03:00:00,train
sequences\seq_GATI’_2020_1792.npy,sequences\tgt_GATI’_2020_1792.npy,GATI’,2020,2020-11-22 03:15:00,train
sequences\seq_GATI’_2020_1793.npy,sequences\tgt_GATI’_2020_1793.npy,GATI’,2020,2020-11-22 03:30:00,train
sequences\seq_GATI’_2020_1794.npy,sequences\tgt_GATI’_2020_1794.npy,GATI’,2020,2020-11-22 03:45:00,train
sequences\seq_GATI’_2020_1795.npy,sequences\tgt_GATI’_2020_1795.npy,GATI’,2020,2020-11-22 04:00:00,train
sequences\seq_GATI’_2020_1796.npy,sequences\tgt_GATI’_2020_1796.npy,GATI’,2020,2020-11-22 04:15:00,train
sequences\seq_GATI’_2020_1797.npy,sequences\tgt_GATI’_2020_1797.npy,GATI’,2020,2020-11-22 04:30:00,train
sequences\seq_GATI’_2020_1798.npy,sequences\tgt_GATI’_2020_1798.npy,GATI’,2020,2020-11-22 04:45:00,train
sequences\seq_GATI’_2020_1799.npy,sequences\tgt_GATI’_2020_1799.npy,GATI’,2020,2020-11-22 05:00:00,train
sequences\seq_GATI’_2020_1800.npy,sequences\tgt_GATI’_2020_1800.npy,GATI’,2020,2020-11-22 05:15:00,train
sequences\seq_GATI’_2020_1801.npy,sequences\tgt_GATI’_2020_1801.npy,GATI’,2020,2020-11-22 05:30:00,train
sequences\seq_GATI’_2020_1802.npy,sequences\tgt_GATI’_2020_1802.npy,GATI’,2020,2020-11-22 05:45:00,train
sequences\seq_GATI’_2020_1803.npy,sequences\tgt_GATI’_2020_1803.npy,GATI’,2020,2020-11-22 06:00:00,train
sequences\seq_GATI’_2020_1804.npy,sequences\tgt_GATI’_2020_1804.npy,GATI’,2020,2020-11-22 06:15:00,train
sequences\seq_GATI’_2020_1805.npy,sequences\tgt_GATI’_2020_1805.npy,GATI’,2020,2020-11-22 06:30:00,train
sequences\seq_GATI’_2020_1806.npy,sequences\tgt_GATI’_2020_1806.npy,GATI’,2020,2020-11-22 06:45:00,train
sequences\seq_GATI’_2020_1807.npy,sequences\tgt_GATI’_2020_1807.npy,GATI’,2020,2020-11-22 07:00:00,train
sequences\seq_GATI’_2020_1808.npy,sequences\tgt_GATI’_2020_1808.npy,GATI’,2020,2020-11-22 07:15:00,train
sequences\seq_GATI’_2020_1809.npy,sequences\tgt_GATI’_2020_1809.npy,GATI’,2020,2020-11-22 07:30:00,train
sequences\seq_GATI’_2020_1810.npy,sequences\tgt_GATI’_2020_1810.npy,GATI’,2020,2020-11-22 07:45:00,train
sequences\seq_GATI’_2020_1811.npy,sequences\tgt_GATI’_2020_1811.npy,GATI’,2020,2020-11-22 08:00:00,train
sequences\seq_GATI’_2020_1812.npy,sequences\tgt_GATI’_2020_1812.npy,GATI’,2020,2020-11-22 08:15:00,train
sequences\seq_GATI’_2020_1813.npy,sequences\tgt_GATI’_2020_1813.npy,GATI’,2020,2020-11-22 08:30:00,train
sequences\seq_GATI’_2020_1814.npy,sequences\tgt_GATI’_2020_1814.npy,GATI’,2020,2020-11-22 08:45:00,train
sequences\seq_GATI’_2020_1815.npy,sequences\tgt_GATI’_2020_1815.npy,GATI’,2020,2020-11-22 09:00:00,train
sequences\seq_GATI’_2020_1816.npy,sequences\tgt_GATI’_2020_1816.npy,GATI’,2020,2020-11-22 09:15:00,train
sequences\seq_GATI’_2020_1817.npy,sequences\tgt_GATI’_2020_1817.npy,GATI’,2020,2020-11-22 09:30:00,train
sequences\seq_GATI’_2020_1818.npy,sequences\tgt_GATI’_2020_1818.npy,GATI’,2020,2020-11-22 09:45:00,train
sequences\seq_GATI’_2020_1819.npy,sequences\tgt_GATI’_2020_1819.npy,GATI’,2020,2020-11-22 10:00:00,train
sequences\seq_GATI’_2020_1820.npy,sequences\tgt_GATI’_2020_1820.npy,GATI’,2020,2020-11-22 10:15:00,train
sequences\seq_GATI’_2020_1821.npy,sequences\tgt_GATI’_2020_1821.npy,GATI’,2020,2020-11-22 10:30:00,train
sequences\seq_GATI’_2020_1822.npy,sequences\tgt_GATI’_2020_1822.npy,GATI’,2020,2020-11-22 10:45:00,train
sequences\seq_GATI’_2020_1823.npy,sequences\tgt_GATI’_2020_1823.npy,GATI’,2020,2020-11-22 11:00:00,train
sequences\seq_GATI’_2020_1824.npy,sequences\tgt_GATI’_2020_1824.npy,GATI’,2020,2020-11-22 11:15:00,train
sequences\seq_GATI’_2020_1825.npy,sequences\tgt_GATI’_2020_1825.npy,GATI’,2020,2020-11-22 11:30:00,train
sequences\seq_GATI’_2020_1826.npy,sequences\tgt_GATI’_2020_1826.npy,GATI’,2020,2020-11-22 11:45:00,train
sequences\seq_GATI’_2020_1827.npy,sequences\tgt_GATI’_2020_1827.npy,GATI’,2020,2020-11-22 12:00:00,train
sequences\seq_GATI’_2020_1828.npy,sequences\tgt_GATI’_2020_1828.npy,GATI’,2020,2020-11-22 12:15:00,train
sequences\seq_GATI’_2020_1829.npy,sequences\tgt_GATI’_2020_1829.npy,GATI’,2020,2020-11-22 12:30:00,train
sequences\seq_GATI’_2020_1830.npy,sequences\tgt_GATI’_2020_1830.npy,GATI’,2020,2020-11-22 12:45:00,train
sequences\seq_GATI’_2020_1831.npy,sequences\tgt_GATI’_2020_1831.npy,GATI’,2020,2020-11-22 13:00:00,train
sequences\seq_GATI’_2020_1832.npy,sequences\tgt_GATI’_2020_1832.npy,GATI’,2020,2020-11-22 13:15:00,train
sequences\seq_GATI’_2020_1833.npy,sequences\tgt_GATI’_2020_1833.npy,GATI’,2020,2020-11-22 13:30:00,train
sequences\seq_GATI’_2020_1834.npy,sequences\tgt_GATI’_2020_1834.npy,GATI’,2020,2020-11-22 13:45:00,train
sequences\seq_GATI’_2020_1835.npy,sequences\tgt_GATI’_2020_1835.npy,GATI’,2020,2020-11-22 14:00:00,train
sequences\seq_GATI’_2020_1836.npy,sequences\tgt_GATI’_2020_1836.npy,GATI’,2020,2020-11-22 14:15:00,train
sequences\seq_GATI’_2020_1837.npy,sequences\tgt_GATI’_2020_1837.npy,GATI’,2020,2020-11-22 14:30:00,train
sequences\seq_GATI’_2020_1838.npy,sequences\tgt_GATI’_2020_1838.npy,GATI’,2020,2020-11-22 14:45:00,train
sequences\seq_GATI’_2020_1839.npy,sequences\tgt_GATI’_2020_1839.npy,GATI’,2020,2020-11-22 15:00:00,train
sequences\seq_GATI’_2020_1840.npy,sequences\tgt_GATI’_2020_1840.npy,GATI’,2020,2020-11-22 15:15:00,train
sequences\seq_GATI’_2020_1841.npy,sequences\tgt_GATI’_2020_1841.npy,GATI’,2020,2020-11-22 15:30:00,train
sequences\seq_GATI’_2020_1842.npy,sequences\tgt_GATI’_2020_1842.npy,GATI’,2020,2020-11-22 15:45:00,train
sequences\seq_GATI’_2020_1843.npy,sequences\tgt_GATI’_2020_1843.npy,GATI’,2020,2020-11-22 16:00:00,train
sequences\seq_GATI’_2020_1844.npy,sequences\tgt_GATI’_2020_1844.npy,GATI’,2020,2020-11-22 16:15:00,train
sequences\seq_GATI’_2020_1845.npy,sequences\tgt_GATI’_2020_1845.npy,GATI’,2020,2020-11-22 16:30:00,train
sequences\seq_GATI’_2020_1846.npy,sequences\tgt_GATI’_2020_1846.npy,GATI’,2020,2020-11-22 16:45:00,train
sequences\seq_GATI’_2020_1847.npy,sequences\tgt_GATI’_2020_1847.npy,GATI’,2020,2020-11-22 17:00:00,train
sequences\seq_GATI’_2020_1848.npy,sequences\tgt_GATI’_2020_1848.npy,GATI’,2020,2020-11-22 17:15:00,train
sequences\seq_GATI’_2020_1849.npy,sequences\tgt_GATI’_2020_1849.npy,GATI’,2020,2020-11-22 17:30:00,train
sequences\seq_GATI’_2020_1850.npy,sequences\tgt_GATI’_2020_1850.npy,GATI’,2020,2020-11-22 17:45:00,train
sequences\seq_GATI’_2020_1851.npy,sequences\tgt_GATI’_2020_1851.npy,GATI’,2020,2020-11-22 18:00:00,train
sequences\seq_GATI’_2020_1852.npy,sequences\tgt_GATI’_2020_1852.npy,GATI’,2020,2020-11-22 18:15:00,train
sequences\seq_GATI’_2020_1853.npy,sequences\tgt_GATI’_2020_1853.npy,GATI’,2020,2020-11-22 18:30:00,train
sequences\seq_GATI’_2020_1854.npy,sequences\tgt_GATI’_2020_1854.npy,GATI’,2020,2020-11-22 18:45:00,train
sequences\seq_GATI’_2020_1855.npy,sequences\tgt_GATI’_2020_1855.npy,GATI’,2020,2020-11-22 19:00:00,train
sequences\seq_GATI’_2020_1856.npy,sequences\tgt_GATI’_2020_1856.npy,GATI’,2020,2020-11-22 19:15:00,train
sequences\seq_GATI’_2020_1857.npy,sequences\tgt_GATI’_2020_1857.npy,GATI’,2020,2020-11-22 19:30:00,train
sequences\seq_GATI’_2020_1858.npy,sequences\tgt_GATI’_2020_1858.npy,GATI’,2020,2020-11-22 19:45:00,train
sequences\seq_GATI’_2020_1859.npy,sequences\tgt_GATI’_2020_1859.npy,GATI’,2020,2020-11-22 20:00:00,train
sequences\seq_GATI’_2020_1860.npy,sequences\tgt_GATI’_2020_1860.npy,GATI’,2020,2020-11-22 20:30:00,train
sequences\seq_GATI’_2020_1861.npy,sequences\tgt_GATI’_2020_1861.npy,GATI’,2020,2020-11-22 20:45:00,train
sequences\seq_GATI’_2020_1862.npy,sequences\tgt_GATI’_2020_1862.npy,GATI’,2020,2020-11-22 21:00:00,train
sequences\seq_GATI’_2020_1863.npy,sequences\tgt_GATI’_2020_1863.npy,GATI’,2020,2020-11-22 21:15:00,train
sequences\seq_GATI’_2020_1864.npy,sequences\tgt_GATI’_2020_1864.npy,GATI’,2020,2020-11-22 21:30:00,train
sequences\seq_GATI’_2020_1865.npy,sequences\tgt_GATI’_2020_1865.npy,GATI’,2020,2020-11-22 21:45:00,train
sequences\seq_GATI’_2020_1866.npy,sequences\tgt_GATI’_2020_1866.npy,GATI’,2020,2020-11-22 22:00:00,train
sequences\seq_GATI’_2020_1867.npy,sequences\tgt_GATI’_2020_1867.npy,GATI’,2020,2020-11-22 22:15:00,train
sequences\seq_GATI’_2020_1868.npy,sequences\tgt_GATI’_2020_1868.npy,GATI’,2020,2020-11-22 22:30:00,train
sequences\seq_GATI’_2020_1869.npy,sequences\tgt_GATI’_2020_1869.npy,GATI’,2020,2020-11-22 22:45:00,train
sequences\seq_GATI’_2020_1870.npy,sequences\tgt_GATI’_2020_1870.npy,GATI’,2020,2020-11-22 23:00:00,train
sequences\seq_GATI’_2020_1871.npy,sequences\tgt_GATI’_2020_1871.npy,GATI’,2020,2020-11-22 23:15:00,train
sequences\seq_GATI’_2020_1872.npy,sequences\tgt_GATI’_2020_1872.npy,GATI’,2020,2020-11-22 23:30:00,train
sequences\seq_GATI’_2020_1873.npy,sequences\tgt_GATI’_2020_1873.npy,GATI’,2020,2020-11-22 23:45:00,train
sequences\seq_GATI’_2020_1874.npy,sequences\tgt_GATI’_2020_1874.npy,GATI’,2020,2020-11-23 00:00:00,train
sequences\seq_GATI’_2020_1875.npy,sequences\tgt_GATI’_2020_1875.npy,GATI’,2020,2020-11-23 00:15:00,train
sequences\seq_GATI’_2020_1876.npy,sequences\tgt_GATI’_2020_1876.npy,GATI’,2020,2020-11-23 00:30:00,train
sequences\seq_GATI’_2020_1877.npy,sequences\tgt_GATI’_2020_1877.npy,GATI’,2020,2020-11-23 00:45:00,train
sequences\seq_GATI’_2020_1878.npy,sequences\tgt_GATI’_2020_1878.npy,GATI’,2020,2020-11-23 01:00:00,train
sequences\seq_GATI’_2020_1879.npy,sequences\tgt_GATI’_2020_1879.npy,GATI’,2020,2020-11-23 01:15:00,train
sequences\seq_GATI’_2020_1880.npy,sequences\tgt_GATI’_2020_1880.npy,GATI’,2020,2020-11-23 01:30:00,train
sequences\seq_GATI’_2020_1881.npy,sequences\tgt_GATI’_2020_1881.npy,GATI’,2020,2020-11-23 01:45:00,train
sequences\seq_GATI’_2020_1882.npy,sequences\tgt_GATI’_2020_1882.npy,GATI’,2020,2020-11-23 02:00:00,train
sequences\seq_GATI’_2020_1883.npy,sequences\tgt_GATI’_2020_1883.npy,GATI’,2020,2020-11-23 02:15:00,train
sequences\seq_GATI’_2020_1884.npy,sequences\tgt_GATI’_2020_1884.npy,GATI’,2020,2020-11-23 02:30:00,train
sequences\seq_GATI’_2020_1885.npy,sequences\tgt_GATI’_2020_1885.npy,GATI’,2020,2020-11-23 02:45:00,train
sequences\seq_GATI’_2020_1886.npy,sequences\tgt_GATI’_2020_1886.npy,GATI’,2020,2020-11-23 03:00:00,train
sequences\seq_GATI’_2020_1887.npy,sequences\tgt_GATI’_2020_1887.npy,GATI’,2020,2020-11-23 03:15:00,train
sequences\seq_GATI’_2020_1888.npy,sequences\tgt_GATI’_2020_1888.npy,GATI’,2020,2020-11-23 03:30:00,train
sequences\seq_GATI’_2020_1889.npy,sequences\tgt_GATI’_2020_1889.npy,GATI’,2020,2020-11-23 03:45:00,train
sequences\seq_GATI’_2020_1890.npy,sequences\tgt_GATI’_2020_1890.npy,GATI’,2020,2020-11-23 04:00:00,train
sequences\seq_GATI’_2020_1891.npy,sequences\tgt_GATI’_2020_1891.npy,GATI’,2020,2020-11-23 04:15:00,train
sequences\seq_GATI’_2020_1892.npy,sequences\tgt_GATI’_2020_1892.npy,GATI’,2020,2020-11-23 04:30:00,train
sequences\seq_GATI’_2020_1893.npy,sequences\tgt_GATI’_2020_1893.npy,GATI’,2020,2020-11-23 04:45:00,train
sequences\seq_GATI’_2020_1894.npy,sequences\tgt_GATI’_2020_1894.npy,GATI’,2020,2020-11-23 05:00:00,train
sequences\seq_GATI’_2020_1895.npy,sequences\tgt_GATI’_2020_1895.npy,GATI’,2020,2020-11-23 05:15:00,train
sequences\seq_GATI’_2020_1896.npy,sequences\tgt_GATI’_2020_1896.npy,GATI’,2020,2020-11-23 05:30:00,train
sequences\seq_GATI’_2020_1897.npy,sequences\tgt_GATI’_2020_1897.npy,GATI’,2020,2020-11-23 05:45:00,train
sequences\seq_GATI’_2020_1898.npy,sequences\tgt_GATI’_2020_1898.npy,GATI’,2020,2020-11-23 06:00:00,train
sequences\seq_GATI’_2020_1899.npy,sequences\tgt_GATI’_2020_1899.npy,GATI’,2020,2020-11-23 06:15:00,train
sequences\seq_GATI’_2020_1900.npy,sequences\tgt_GATI’_2020_1900.npy,GATI’,2020,2020-11-23 06:30:00,train
sequences\seq_GATI’_2020_1901.npy,sequences\tgt_GATI’_2020_1901.npy,GATI’,2020,2020-11-23 06:45:00,train
sequences\seq_GATI’_2020_1902.npy,sequences\tgt_GATI’_2020_1902.npy,GATI’,2020,2020-11-23 07:00:00,train
sequences\seq_GATI’_2020_1903.npy,sequences\tgt_GATI’_2020_1903.npy,GATI’,2020,2020-11-23 07:15:00,train
sequences\seq_GATI’_2020_1904.npy,sequences\tgt_GATI’_2020_1904.npy,GATI’,2020,2020-11-23 07:30:00,train
sequences\seq_GATI’_2020_1905.npy,sequences\tgt_GATI’_2020_1905.npy,GATI’,2020,2020-11-23 07:45:00,train
sequences\seq_GATI’_2020_1906.npy,sequences\tgt_GATI’_2020_1906.npy,GATI’,2020,2020-11-23 08:00:00,train
sequences\seq_GATI’_2020_1907.npy,sequences\tgt_GATI’_2020_1907.npy,GATI’,2020,2020-11-23 08:15:00,train
sequences\seq_GATI’_2020_1908.npy,sequences\tgt_GATI’_2020_1908.npy,GATI’,2020,2020-11-23 08:45:00,train
sequences\seq_GATI’_2020_1909.npy,sequences\tgt_GATI’_2020_1909.npy,GATI’,2020,2020-11-23 09:00:00,train
sequences\seq_GATI’_2020_1910.npy,sequences\tgt_GATI’_2020_1910.npy,GATI’,2020,2020-11-23 09:15:00,train
sequences\seq_GATI’_2020_1911.npy,sequences\tgt_GATI’_2020_1911.npy,GATI’,2020,2020-11-23 09:30:00,train
sequences\seq_GATI’_2020_1912.npy,sequences\tgt_GATI’_2020_1912.npy,GATI’,2020,2020-11-23 09:45:00,train
sequences\seq_GATI’_2020_1913.npy,sequences\tgt_GATI’_2020_1913.npy,GATI’,2020,2020-11-23 10:00:00,train
sequences\seq_GATI’_2020_1914.npy,sequences\tgt_GATI’_2020_1914.npy,GATI’,2020,2020-11-23 10:15:00,train
sequences\seq_GATI’_2020_1915.npy,sequences\tgt_GATI’_2020_1915.npy,GATI’,2020,2020-11-23 10:30:00,train
sequences\seq_GATI’_2020_1916.npy,sequences\tgt_GATI’_2020_1916.npy,GATI’,2020,2020-11-23 10:45:00,train
sequences\seq_GATI’_2020_1917.npy,sequences\tgt_GATI’_2020_1917.npy,GATI’,2020,2020-11-23 11:00:00,train
sequences\seq_GATI’_2020_1918.npy,sequences\tgt_GATI’_2020_1918.npy,GATI’,2020,2020-11-23 11:15:00,train
sequences\seq_GATI’_2020_1919.npy,sequences\tgt_GATI’_2020_1919.npy,GATI’,2020,2020-11-23 11:30:00,train
sequences\seq_GATI’_2020_1920.npy,sequences\tgt_GATI’_2020_1920.npy,GATI’,2020,2020-11-23 11:45:00,train
sequences\seq_GATI’_2020_1921.npy,sequences\tgt_GATI’_2020_1921.npy,GATI’,2020,2020-11-23 12:00:00,train
sequences\seq_GATI’_2020_1922.npy,sequences\tgt_GATI’_2020_1922.npy,GATI’,2020,2020-11-23 12:15:00,train
sequences\seq_GATI’_2020_1923.npy,sequences\tgt_GATI’_2020_1923.npy,GATI’,2020,2020-11-23 12:30:00,train
sequences\seq_GATI’_2020_1924.npy,sequences\tgt_GATI’_2020_1924.npy,GATI’,2020,2020-11-23 12:45:00,train
sequences\seq_GATI’_2020_1925.npy,sequences\tgt_GATI’_2020_1925.npy,GATI’,2020,2020-11-23 13:00:00,train
sequences\seq_GATI’_2020_1926.npy,sequences\tgt_GATI’_2020_1926.npy,GATI’,2020,2020-11-23 13:15:00,train
sequences\seq_GATI’_2020_1927.npy,sequences\tgt_GATI’_2020_1927.npy,GATI’,2020,2020-11-23 13:30:00,train
sequences\seq_GATI’_2020_1928.npy,sequences\tgt_GATI’_2020_1928.npy,GATI’,2020,2020-11-23 13:45:00,train
sequences\seq_GATI’_2020_1929.npy,sequences\tgt_GATI’_2020_1929.npy,GATI’,2020,2020-11-23 14:00:00,train
sequences\seq_GATI’_2020_1930.npy,sequences\tgt_GATI’_2020_1930.npy,GATI’,2020,2020-11-23 14:15:00,train
sequences\seq_GATI’_2020_1931.npy,sequences\tgt_GATI’_2020_1931.npy,GATI’,2020,2020-11-23 14:30:00,train
sequences\seq_GATI’_2020_1932.npy,sequences\tgt_GATI’_2020_1932.npy,GATI’,2020,2020-11-23 14:45:00,train
sequences\seq_GATI’_2020_1933.npy,sequences\tgt_GATI’_2020_1933.npy,GATI’,2020,2020-11-23 15:00:00,train
sequences\seq_GATI’_2020_1934.npy,sequences\tgt_GATI’_2020_1934.npy,GATI’,2020,2020-11-23 15:15:00,train
sequences\seq_GATI’_2020_1935.npy,sequences\tgt_GATI’_2020_1935.npy,GATI’,2020,2020-11-23 15:30:00,train
sequences\seq_GATI’_2020_1936.npy,sequences\tgt_GATI’_2020_1936.npy,GATI’,2020,2020-11-23 15:45:00,train
sequences\seq_GATI’_2020_1937.npy,sequences\tgt_GATI’_2020_1937.npy,GATI’,2020,2020-11-23 16:00:00,train
sequences\seq_GATI’_2020_1938.npy,sequences\tgt_GATI’_2020_1938.npy,GATI’,2020,2020-11-23 16:15:00,train
sequences\seq_GATI’_2020_1939.npy,sequences\tgt_GATI’_2020_1939.npy,GATI’,2020,2020-11-23 16:30:00,train
sequences\seq_GATI’_2020_1940.npy,sequences\tgt_GATI’_2020_1940.npy,GATI’,2020,2020-11-23 16:45:00,train
sequences\seq_GATI’_2020_1941.npy,sequences\tgt_GATI’_2020_1941.npy,GATI’,2020,2020-11-23 17:00:00,train
sequences\seq_GATI’_2020_1942.npy,sequences\tgt_GATI’_2020_1942.npy,GATI’,2020,2020-11-23 17:15:00,train
sequences\seq_GATI’_2020_1943.npy,sequences\tgt_GATI’_2020_1943.npy,GATI’,2020,2020-11-23 17:30:00,train
sequences\seq_GATI’_2020_1944.npy,sequences\tgt_GATI’_2020_1944.npy,GATI’,2020,2020-11-23 17:45:00,train
sequences\seq_GATI’_2020_1945.npy,sequences\tgt_GATI’_2020_1945.npy,GATI’,2020,2020-11-23 18:00:00,train
sequences\seq_GATI’_2020_1946.npy,sequences\tgt_GATI’_2020_1946.npy,GATI’,2020,2020-11-23 18:15:00,train
sequences\seq_GATI’_2020_1947.npy,sequences\tgt_GATI’_2020_1947.npy,GATI’,2020,2020-11-23 18:30:00,train
sequences\seq_GATI’_2020_1948.npy,sequences\tgt_GATI’_2020_1948.npy,GATI’,2020,2020-11-23 18:45:00,train
sequences\seq_GATI’_2020_1949.npy,sequences\tgt_GATI’_2020_1949.npy,GATI’,2020,2020-11-23 19:00:00,train
sequences\seq_GATI’_2020_1950.npy,sequences\tgt_GATI’_2020_1950.npy,GATI’,2020,2020-11-23 19:15:00,train
sequences\seq_GATI’_2020_1951.npy,sequences\tgt_GATI’_2020_1951.npy,GATI’,2020,2020-11-23 19:30:00,train
sequences\seq_GATI’_2020_1952.npy,sequences\tgt_GATI’_2020_1952.npy,GATI’,2020,2020-11-23 19:45:00,train
sequences\seq_GATI’_2020_1953.npy,sequences\tgt_GATI’_2020_1953.npy,GATI’,2020,2020-11-23 20:00:00,train
sequences\seq_GATI’_2020_1954.npy,sequences\tgt_GATI’_2020_1954.npy,GATI’,2020,2020-11-23 20:15:00,train
sequences\seq_GATI’_2020_1955.npy,sequences\tgt_GATI’_2020_1955.npy,GATI’,2020,2020-11-23 20:30:00,train
sequences\seq_GATI’_2020_1956.npy,sequences\tgt_GATI’_2020_1956.npy,GATI’,2020,2020-11-23 20:45:00,train
sequences\seq_GATI’_2020_1957.npy,sequences\tgt_GATI’_2020_1957.npy,GATI’,2020,2020-11-23 21:00:00,train
sequences\seq_GATI’_2020_1958.npy,sequences\tgt_GATI’_2020_1958.npy,GATI’,2020,2020-11-23 21:15:00,train
sequences\seq_GATI’_2020_1959.npy,sequences\tgt_GATI’_2020_1959.npy,GATI’,2020,2020-11-23 21:30:00,train
sequences\seq_GATI’_2020_1960.npy,sequences\tgt_GATI’_2020_1960.npy,GATI’,2020,2020-11-23 21:45:00,train
sequences\seq_GATI’_2020_1961.npy,sequences\tgt_GATI’_2020_1961.npy,GATI’,2020,2020-11-23 22:00:00,train
sequences\seq_GATI’_2020_1962.npy,sequences\tgt_GATI’_2020_1962.npy,GATI’,2020,2020-11-23 22:15:00,train
sequences\seq_GATI’_2020_1963.npy,sequences\tgt_GATI’_2020_1963.npy,GATI’,2020,2020-11-23 22:30:00,train
sequences\seq_GATI’_2020_1964.npy,sequences\tgt_GATI’_2020_1964.npy,GATI’,2020,2020-11-23 22:45:00,train
sequences\seq_GATI’_2020_1965.npy,sequences\tgt_GATI’_2020_1965.npy,GATI’,2020,2020-11-23 23:00:00,train
sequences\seq_GATI’_2020_1966.npy,sequences\tgt_GATI’_2020_1966.npy,GATI’,2020,2020-11-23 23:15:00,train
sequences\seq_GATI’_2020_1967.npy,sequences\tgt_GATI’_2020_1967.npy,GATI’,2020,2020-11-23 23:30:00,train
sequences\seq_GATI’_2020_1968.npy,sequences\tgt_GATI’_2020_1968.npy,GATI’,2020,2020-11-23 23:45:00,train
sequences\seq_GATI’_2020_1969.npy,sequences\tgt_GATI’_2020_1969.npy,GATI’,2020,2020-11-24 00:00:00,train
sequences\seq_GATI’_2020_1970.npy,sequences\tgt_GATI’_2020_1970.npy,GATI’,2020,2020-11-24 00:15:00,train
sequences\seq_GATI’_2020_1971.npy,sequences\tgt_GATI’_2020_1971.npy,GATI’,2020,2020-11-24 00:30:00,train
sequences\seq_GATI’_2020_1972.npy,sequences\tgt_GATI’_2020_1972.npy,GATI’,2020,2020-11-24 00:45:00,train
sequences\seq_GATI’_2020_1973.npy,sequences\tgt_GATI’_2020_1973.npy,GATI’,2020,2020-11-24 01:00:00,train
sequences\seq_GATI’_2020_1974.npy,sequences\tgt_GATI’_2020_1974.npy,GATI’,2020,2020-11-24 01:15:00,train
sequences\seq_GATI’_2020_1975.npy,sequences\tgt_GATI’_2020_1975.npy,GATI’,2020,2020-11-24 01:30:00,train
sequences\seq_GATI’_2020_1976.npy,sequences\tgt_GATI’_2020_1976.npy,GATI’,2020,2020-11-24 01:45:00,train
sequences\seq_GATI’_2020_1977.npy,sequences\tgt_GATI’_2020_1977.npy,GATI’,2020,2020-11-24 02:00:00,train
sequences\seq_GATI’_2020_1978.npy,sequences\tgt_GATI’_2020_1978.npy,GATI’,2020,2020-11-24 02:15:00,train
sequences\seq_GATI’_2020_1979.npy,sequences\tgt_GATI’_2020_1979.npy,GATI’,2020,2020-11-24 02:30:00,train
sequences\seq_GATI’_2020_1980.npy,sequences\tgt_GATI’_2020_1980.npy,GATI’,2020,2020-11-24 02:45:00,train
sequences\seq_GATI’_2020_1981.npy,sequences\tgt_GATI’_2020_1981.npy,GATI’,2020,2020-11-24 03:00:00,train
sequences\seq_GATI’_2020_1982.npy,sequences\tgt_GATI’_2020_1982.npy,GATI’,2020,2020-11-24 03:15:00,train
sequences\seq_GATI’_2020_1983.npy,sequences\tgt_GATI’_2020_1983.npy,GATI’,2020,2020-11-24 03:30:00,train
sequences\seq_GATI’_2020_1984.npy,sequences\tgt_GATI’_2020_1984.npy,GATI’,2020,2020-11-24 03:45:00,train
sequences\seq_GATI’_2020_1985.npy,sequences\tgt_GATI’_2020_1985.npy,GATI’,2020,2020-11-24 04:00:00,train
sequences\seq_GATI’_2020_1986.npy,sequences\tgt_GATI’_2020_1986.npy,GATI’,2020,2020-11-24 04:15:00,train
sequences\seq_GATI’_2020_1987.npy,sequences\tgt_GATI’_2020_1987.npy,GATI’,2020,2020-11-24 04:30:00,train
sequences\seq_GATI’_2020_1988.npy,sequences\tgt_GATI’_2020_1988.npy,GATI’,2020,2020-11-24 04:45:00,train
sequences\seq_GATI’_2020_1989.npy,sequences\tgt_GATI’_2020_1989.npy,GATI’,2020,2020-11-24 05:00:00,train
sequences\seq_GATI’_2020_1990.npy,sequences\tgt_GATI’_2020_1990.npy,GATI’,2020,2020-11-24 05:15:00,train
sequences\seq_GATI’_2020_1991.npy,sequences\tgt_GATI’_2020_1991.npy,GATI’,2020,2020-11-24 05:30:00,train
sequences\seq_GATI’_2020_1992.npy,sequences\tgt_GATI’_2020_1992.npy,GATI’,2020,2020-11-24 05:45:00,train
sequences\seq_GATI’_2020_1993.npy,sequences\tgt_GATI’_2020_1993.npy,GATI’,2020,2020-11-24 06:00:00,train
sequences\seq_GATI’_2020_1994.npy,sequences\tgt_GATI’_2020_1994.npy,GATI’,2020,2020-11-24 06:15:00,train
sequences\seq_GATI’_2020_1995.npy,sequences\tgt_GATI’_2020_1995.npy,GATI’,2020,2020-11-24 06:30:00,train
sequences\seq_GATI’_2020_1996.npy,sequences\tgt_GATI’_2020_1996.npy,GATI’,2020,2020-11-24 06:45:00,train
sequences\seq_GULAB_2021_1997.npy,sequences\tgt_GULAB_2021_1997.npy,GULAB,2021,2021-09-24 20:00:00,train
sequences\seq_GULAB_2021_1998.npy,sequences\tgt_GULAB_2021_1998.npy,GULAB,2021,2021-09-24 20:30:00,train
sequences\seq_GULAB_2021_1999.npy,sequences\tgt_GULAB_2021_1999.npy,GULAB,2021,2021-09-24 20:45:00,train
sequences\seq_GULAB_2021_2000.npy,sequences\tgt_GULAB_2021_2000.npy,GULAB,2021,2021-09-24 21:00:00,train
sequences\seq_GULAB_2021_2001.npy,sequences\tgt_GULAB_2021_2001.npy,GULAB,2021,2021-09-24 21:15:00,train
sequences\seq_GULAB_2021_2002.npy,sequences\tgt_GULAB_2021_2002.npy,GULAB,2021,2021-09-24 21:30:00,train
sequences\seq_GULAB_2021_2003.npy,sequences\tgt_GULAB_2021_2003.npy,GULAB,2021,2021-09-24 21:45:00,train
sequences\seq_GULAB_2021_2004.npy,sequences\tgt_GULAB_2021_2004.npy,GULAB,2021,2021-09-24 22:00:00,train
sequences\seq_GULAB_2021_2005.npy,sequences\tgt_GULAB_2021_2005.npy,GULAB,2021,2021-09-24 22:15:00,train
sequences\seq_GULAB_2021_2006.npy,sequences\tgt_GULAB_2021_2006.npy,GULAB,2021,2021-09-24 22:30:00,train
sequences\seq_GULAB_2021_2007.npy,sequences\tgt_GULAB_2021_2007.npy,GULAB,2021,2021-09-24 22:45:00,train
sequences\seq_GULAB_2021_2008.npy,sequences\tgt_GULAB_2021_2008.npy,GULAB,2021,2021-09-24 23:00:00,train
sequences\seq_GULAB_2021_2009.npy,sequences\tgt_GULAB_2021_2009.npy,GULAB,2021,2021-09-24 23:15:00,train
sequences\seq_GULAB_2021_2010.npy,sequences\tgt_GULAB_2021_2010.npy,GULAB,2021,2021-09-24 23:30:00,train
sequences\seq_GULAB_2021_2011.npy,sequences\tgt_GULAB_2021_2011.npy,GULAB,2021,2021-09-24 23:45:00,train
sequences\seq_GULAB_2021_2012.npy,sequences\tgt_GULAB_2021_2012.npy,GULAB,2021,2021-09-25 00:00:00,train
sequences\seq_GULAB_2021_2013.npy,sequences\tgt_GULAB_2021_2013.npy,GULAB,2021,2021-09-25 00:15:00,train
sequences\seq_GULAB_2021_2014.npy,sequences\tgt_GULAB_2021_2014.npy,GULAB,2021,2021-09-25 00:30:00,train
sequences\seq_GULAB_2021_2015.npy,sequences\tgt_GULAB_2021_2015.npy,GULAB,2021,2021-09-25 00:45:00,train
sequences\seq_GULAB_2021_2016.npy,sequences\tgt_GULAB_2021_2016.npy,GULAB,2021,2021-09-25 01:00:00,train
sequences\seq_GULAB_2021_2017.npy,sequences\tgt_GULAB_2021_2017.npy,GULAB,2021,2021-09-25 01:15:00,train
sequences\seq_GULAB_2021_2018.npy,sequences\tgt_GULAB_2021_2018.npy,GULAB,2021,2021-09-25 01:30:00,train
sequences\seq_GULAB_2021_2019.npy,sequences\tgt_GULAB_2021_2019.npy,GULAB,2021,2021-09-25 01:45:00,train
sequences\seq_GULAB_2021_2020.npy,sequences\tgt_GULAB_2021_2020.npy,GULAB,2021,2021-09-25 02:00:00,train
sequences\seq_GULAB_2021_2021.npy,sequences\tgt_GULAB_2021_2021.npy,GULAB,2021,2021-09-25 02:15:00,train
sequences\seq_GULAB_2021_2022.npy,sequences\tgt_GULAB_2021_2022.npy,GULAB,2021,2021-09-25 02:30:00,train
sequences\seq_GULAB_2021_2023.npy,sequences\tgt_GULAB_2021_2023.npy,GULAB,2021,2021-09-25 02:45:00,train
sequences\seq_GULAB_2021_2024.npy,sequences\tgt_GULAB_2021_2024.npy,GULAB,2021,2021-09-25 03:00:00,train
sequences\seq_GULAB_2021_2025.npy,sequences\tgt_GULAB_2021_2025.npy,GULAB,2021,2021-09-25 03:15:00,train
sequences\seq_GULAB_2021_2026.npy,sequences\tgt_GULAB_2021_2026.npy,GULAB,2021,2021-09-25 03:30:00,train
sequences\seq_GULAB_2021_2027.npy,sequences\tgt_GULAB_2021_2027.npy,GULAB,2021,2021-09-25 03:45:00,train
sequences\seq_GULAB_2021_2028.npy,sequences\tgt_GULAB_2021_2028.npy,GULAB,2021,2021-09-25 04:00:00,train
sequences\seq_GULAB_2021_2029.npy,sequences\tgt_GULAB_2021_2029.npy,GULAB,2021,2021-09-25 04:15:00,train
sequences\seq_GULAB_2021_2030.npy,sequences\tgt_GULAB_2021_2030.npy,GULAB,2021,2021-09-25 04:30:00,train
sequences\seq_GULAB_2021_2031.npy,sequences\tgt_GULAB_2021_2031.npy,GULAB,2021,2021-09-25 04:45:00,train
sequences\seq_GULAB_2021_2032.npy,sequences\tgt_GULAB_2021_2032.npy,GULAB,2021,2021-09-25 05:00:00,train
sequences\seq_GULAB_2021_2033.npy,sequences\tgt_GULAB_2021_2033.npy,GULAB,2021,2021-09-25 05:15:00,train
sequences\seq_GULAB_2021_2034.npy,sequences\tgt_GULAB_2021_2034.npy,GULAB,2021,2021-09-25 05:30:00,train
sequences\seq_GULAB_2021_2035.npy,sequences\tgt_GULAB_2021_2035.npy,GULAB,2021,2021-09-25 05:45:00,train
sequences\seq_GULAB_2021_2036.npy,sequences\tgt_GULAB_2021_2036.npy,GULAB,2021,2021-09-25 06:00:00,train
sequences\seq_GULAB_2021_2037.npy,sequences\tgt_GULAB_2021_2037.npy,GULAB,2021,2021-09-25 06:15:00,train
sequences\seq_GULAB_2021_2038.npy,sequences\tgt_GULAB_2021_2038.npy,GULAB,2021,2021-09-25 06:30:00,train
sequences\seq_GULAB_2021_2039.npy,sequences\tgt_GULAB_2021_2039.npy,GULAB,2021,2021-09-25 06:45:00,train
sequences\seq_GULAB_2021_2040.npy,sequences\tgt_GULAB_2021_2040.npy,GULAB,2021,2021-09-25 07:00:00,train
sequences\seq_GULAB_2021_2041.npy,sequences\tgt_GULAB_2021_2041.npy,GULAB,2021,2021-09-25 07:15:00,train
sequences\seq_GULAB_2021_2042.npy,sequences\tgt_GULAB_2021_2042.npy,GULAB,2021,2021-09-25 07:30:00,train
sequences\seq_GULAB_2021_2043.npy,sequences\tgt_GULAB_2021_2043.npy,GULAB,2021,2021-09-25 07:45:00,train
sequences\seq_GULAB_2021_2044.npy,sequences\tgt_GULAB_2021_2044.npy,GULAB,2021,2021-09-25 08:00:00,train
sequences\seq_GULAB_2021_2045.npy,sequences\tgt_GULAB_2021_2045.npy,GULAB,2021,2021-09-25 08:15:00,train
sequences\seq_GULAB_2021_2046.npy,sequences\tgt_GULAB_2021_2046.npy,GULAB,2021,2021-09-25 08:45:00,train
sequences\seq_GULAB_2021_2047.npy,sequences\tgt_GULAB_2021_2047.npy,GULAB,2021,2021-09-25 09:00:00,train
sequences\seq_GULAB_2021_2048.npy,sequences\tgt_GULAB_2021_2048.npy,GULAB,2021,2021-09-25 09:15:00,train
sequences\seq_GULAB_2021_2049.npy,sequences\tgt_GULAB_2021_2049.npy,GULAB,2021,2021-09-25 09:30:00,train
sequences\seq_GULAB_2021_2050.npy,sequences\tgt_GULAB_2021_2050.npy,GULAB,2021,2021-09-25 09:45:00,train
sequences\seq_GULAB_2021_2051.npy,sequences\tgt_GULAB_2021_2051.npy,GULAB,2021,2021-09-25 10:00:00,train
sequences\seq_GULAB_2021_2052.npy,sequences\tgt_GULAB_2021_2052.npy,GULAB,2021,2021-09-25 10:15:00,train
sequences\seq_GULAB_2021_2053.npy,sequences\tgt_GULAB_2021_2053.npy,GULAB,2021,2021-09-25 10:30:00,train
sequences\seq_GULAB_2021_2054.npy,sequences\tgt_GULAB_2021_2054.npy,GULAB,2021,2021-09-25 10:45:00,train
sequences\seq_GULAB_2021_2055.npy,sequences\tgt_GULAB_2021_2055.npy,GULAB,2021,2021-09-25 11:00:00,train
sequences\seq_GULAB_2021_2056.npy,sequences\tgt_GULAB_2021_2056.npy,GULAB,2021,2021-09-25 11:15:00,train
sequences\seq_GULAB_2021_2057.npy,sequences\tgt_GULAB_2021_2057.npy,GULAB,2021,2021-09-25 11:30:00,train
sequences\seq_GULAB_2021_2058.npy,sequences\tgt_GULAB_2021_2058.npy,GULAB,2021,2021-09-25 11:45:00,train
sequences\seq_GULAB_2021_2059.npy,sequences\tgt_GULAB_2021_2059.npy,GULAB,2021,2021-09-25 12:00:00,train
sequences\seq_GULAB_2021_2060.npy,sequences\tgt_GULAB_2021_2060.npy,GULAB,2021,2021-09-25 12:15:00,train
sequences\seq_GULAB_2021_2061.npy,sequences\tgt_GULAB_2021_2061.npy,GULAB,2021,2021-09-25 12:30:00,train
sequences\seq_GULAB_2021_2062.npy,sequences\tgt_GULAB_2021_2062.npy,GULAB,2021,2021-09-25 12:45:00,train
sequences\seq_GULAB_2021_2063.npy,sequences\tgt_GULAB_2021_2063.npy,GULAB,2021,2021-09-25 13:00:00,train
sequences\seq_GULAB_2021_2064.npy,sequences\tgt_GULAB_2021_2064.npy,GULAB,2021,2021-09-25 13:15:00,train
sequences\seq_GULAB_2021_2065.npy,sequences\tgt_GULAB_2021_2065.npy,GULAB,2021,2021-09-25 13:30:00,train
sequences\seq_GULAB_2021_2066.npy,sequences\tgt_GULAB_2021_2066.npy,GULAB,2021,2021-09-25 13:45:00,train
sequences\seq_GULAB_2021_2067.npy,sequences\tgt_GULAB_2021_2067.npy,GULAB,2021,2021-09-25 14:00:00,train
sequences\seq_GULAB_2021_2068.npy,sequences\tgt_GULAB_2021_2068.npy,GULAB,2021,2021-09-25 14:15:00,train
sequences\seq_GULAB_2021_2069.npy,sequences\tgt_GULAB_2021_2069.npy,GULAB,2021,2021-09-25 14:30:00,train
sequences\seq_GULAB_2021_2070.npy,sequences\tgt_GULAB_2021_2070.npy,GULAB,2021,2021-09-25 14:45:00,train
sequences\seq_GULAB_2021_2071.npy,sequences\tgt_GULAB_2021_2071.npy,GULAB,2021,2021-09-25 15:00:00,train
sequences\seq_GULAB_2021_2072.npy,sequences\tgt_GULAB_2021_2072.npy,GULAB,2021,2021-09-25 15:15:00,train
sequences\seq_GULAB_2021_2073.npy,sequences\tgt_GULAB_2021_2073.npy,GULAB,2021,2021-09-25 15:30:00,train
sequences\seq_GULAB_2021_2074.npy,sequences\tgt_GULAB_2021_2074.npy,GULAB,2021,2021-09-25 15:45:00,train
sequences\seq_GULAB_2021_2075.npy,sequences\tgt_GULAB_2021_2075.npy,GULAB,2021,2021-09-25 16:00:00,train
sequences\seq_GULAB_2021_2076.npy,sequences\tgt_GULAB_2021_2076.npy,GULAB,2021,2021-09-25 16:15:00,train
sequences\seq_GULAB_2021_2077.npy,sequences\tgt_GULAB_2021_2077.npy,GULAB,2021,2021-09-25 16:30:00,train
sequences\seq_GULAB_2021_2078.npy,sequences\tgt_GULAB_2021_2078.npy,GULAB,2021,2021-09-25 16:45:00,train
sequences\seq_GULAB_2021_2079.npy,sequences\tgt_GULAB_2021_2079.npy,GULAB,2021,2021-09-25 20:00:00,train
sequences\seq_GULAB_2021_2080.npy,sequences\tgt_GULAB_2021_2080.npy,GULAB,2021,2021-09-25 20:30:00,train
sequences\seq_GULAB_2021_2081.npy,sequences\tgt_GULAB_2021_2081.npy,GULAB,2021,2021-09-25 20:45:00,train
sequences\seq_GULAB_2021_2082.npy,sequences\tgt_GULAB_2021_2082.npy,GULAB,2021,2021-09-25 21:00:00,train
sequences\seq_GULAB_2021_2083.npy,sequences\tgt_GULAB_2021_2083.npy,GULAB,2021,2021-09-25 21:15:00,train
sequences\seq_GULAB_2021_2084.npy,sequences\tgt_GULAB_2021_2084.npy,GULAB,2021,2021-09-25 21:30:00,train
sequences\seq_GULAB_2021_2085.npy,sequences\tgt_GULAB_2021_2085.npy,GULAB,2021,2021-09-25 21:45:00,train
sequences\seq_GULAB_2021_2086.npy,sequences\tgt_GULAB_2021_2086.npy,GULAB,2021,2021-09-25 22:00:00,train
sequences\seq_GULAB_2021_2087.npy,sequences\tgt_GULAB_2021_2087.npy,GULAB,2021,2021-09-25 22:15:00,train
sequences\seq_GULAB_2021_2088.npy,sequences\tgt_GULAB_2021_2088.npy,GULAB,2021,2021-09-25 22:30:00,train
sequences\seq_GULAB_2021_2089.npy,sequences\tgt_GULAB_2021_2089.npy,GULAB,2021,2021-09-25 22:45:00,train
sequences\seq_GULAB_2021_2090.npy,sequences\tgt_GULAB_2021_2090.npy,GULAB,2021,2021-09-25 23:00:00,train
sequences\seq_GULAB_2021_2091.npy,sequences\tgt_GULAB_2021_2091.npy,GULAB,2021,2021-09-25 23:15:00,train
sequences\seq_GULAB_2021_2092.npy,sequences\tgt_GULAB_2021_2092.npy,GULAB,2021,2021-09-25 23:30:00,train
sequences\seq_GULAB_2021_2093.npy,sequences\tgt_GULAB_2021_2093.npy,GULAB,2021,2021-09-25 23:45:00,train
sequences\seq_GULAB_2021_2094.npy,sequences\tgt_GULAB_2021_2094.npy,GULAB,2021,2021-09-26 00:00:00,train
sequences\seq_GULAB_2021_2095.npy,sequences\tgt_GULAB_2021_2095.npy,GULAB,2021,2021-09-26 00:15:00,train
sequences\seq_GULAB_2021_2096.npy,sequences\tgt_GULAB_2021_2096.npy,GULAB,2021,2021-09-26 00:30:00,train
sequences\seq_GULAB_2021_2097.npy,sequences\tgt_GULAB_2021_2097.npy,GULAB,2021,2021-09-26 00:45:00,train
sequences\seq_GULAB_2021_2098.npy,sequences\tgt_GULAB_2021_2098.npy,GULAB,2021,2021-09-26 01:00:00,train
sequences\seq_GULAB_2021_2099.npy,sequences\tgt_GULAB_2021_2099.npy,GULAB,2021,2021-09-26 01:15:00,train
sequences\seq_GULAB_2021_2100.npy,sequences\tgt_GULAB_2021_2100.npy,GULAB,2021,2021-09-26 01:30:00,train
sequences\seq_GULAB_2021_2101.npy,sequences\tgt_GULAB_2021_2101.npy,GULAB,2021,2021-09-26 01:45:00,train
sequences\seq_GULAB_2021_2102.npy,sequences\tgt_GULAB_2021_2102.npy,GULAB,2021,2021-09-26 02:00:00,train
sequences\seq_GULAB_2021_2103.npy,sequences\tgt_GULAB_2021_2103.npy,GULAB,2021,2021-09-26 02:15:00,train
sequences\seq_GULAB_2021_2104.npy,sequences\tgt_GULAB_2021_2104.npy,GULAB,2021,2021-09-26 02:30:00,train
sequences\seq_GULAB_2021_2105.npy,sequences\tgt_GULAB_2021_2105.npy,GULAB,2021,2021-09-26 02:45:00,train
sequences\seq_GULAB_2021_2106.npy,sequences\tgt_GULAB_2021_2106.npy,GULAB,2021,2021-09-26 03:00:00,train
sequences\seq_GULAB_2021_2107.npy,sequences\tgt_GULAB_2021_2107.npy,GULAB,2021,2021-09-26 03:15:00,train
sequences\seq_GULAB_2021_2108.npy,sequences\tgt_GULAB_2021_2108.npy,GULAB,2021,2021-09-26 03:30:00,train
sequences\seq_GULAB_2021_2109.npy,sequences\tgt_GULAB_2021_2109.npy,GULAB,2021,2021-09-26 04:00:00,train
sequences\seq_GULAB_2021_2110.npy,sequences\tgt_GULAB_2021_2110.npy,GULAB,2021,2021-09-26 04:15:00,train
sequences\seq_GULAB_2021_2111.npy,sequences\tgt_GULAB_2021_2111.npy,GULAB,2021,2021-09-26 04:30:00,train
sequences\seq_GULAB_2021_2112.npy,sequences\tgt_GULAB_2021_2112.npy,GULAB,2021,2021-09-26 04:45:00,train
sequences\seq_GULAB_2021_2113.npy,sequences\tgt_GULAB_2021_2113.npy,GULAB,2021,2021-09-26 05:00:00,train
sequences\seq_GULAB_2021_2114.npy,sequences\tgt_GULAB_2021_2114.npy,GULAB,2021,2021-09-26 05:15:00,train
sequences\seq_GULAB_2021_2115.npy,sequences\tgt_GULAB_2021_2115.npy,GULAB,2021,2021-09-26 05:30:00,train
sequences\seq_GULAB_2021_2116.npy,sequences\tgt_GULAB_2021_2116.npy,GULAB,2021,2021-09-26 05:45:00,train
sequences\seq_GULAB_2021_2117.npy,sequences\tgt_GULAB_2021_2117.npy,GULAB,2021,2021-09-26 06:00:00,train
sequences\seq_GULAB_2021_2118.npy,sequences\tgt_GULAB_2021_2118.npy,GULAB,2021,2021-09-26 06:15:00,train
sequences\seq_GULAB_2021_2119.npy,sequences\tgt_GULAB_2021_2119.npy,GULAB,2021,2021-09-26 06:30:00,train
sequences\seq_GULAB_2021_2120.npy,sequences\tgt_GULAB_2021_2120.npy,GULAB,2021,2021-09-26 06:45:00,train
sequences\seq_GULAB_2021_2121.npy,sequences\tgt_GULAB_2021_2121.npy,GULAB,2021,2021-09-26 07:00:00,train
sequences\seq_GULAB_2021_2122.npy,sequences\tgt_GULAB_2021_2122.npy,GULAB,2021,2021-09-26 07:15:00,train
sequences\seq_GULAB_2021_2123.npy,sequences\tgt_GULAB_2021_2123.npy,GULAB,2021,2021-09-26 07:30:00,train
sequences\seq_GULAB_2021_2124.npy,sequences\tgt_GULAB_2021_2124.npy,GULAB,2021,2021-09-26 07:45:00,train
sequences\seq_GULAB_2021_2125.npy,sequences\tgt_GULAB_2021_2125.npy,GULAB,2021,2021-09-26 08:00:00,train
sequences\seq_GULAB_2021_2126.npy,sequences\tgt_GULAB_2021_2126.npy,GULAB,2021,2021-09-26 08:15:00,train
sequences\seq_GULAB_2021_2127.npy,sequences\tgt_GULAB_2021_2127.npy,GULAB,2021,2021-09-26 08:30:00,train
sequences\seq_GULAB_2021_2128.npy,sequences\tgt_GULAB_2021_2128.npy,GULAB,2021,2021-09-26 08:45:00,train
sequences\seq_GULAB_2021_2129.npy,sequences\tgt_GULAB_2021_2129.npy,GULAB,2021,2021-09-26 09:00:00,train
sequences\seq_GULAB_2021_2130.npy,sequences\tgt_GULAB_2021_2130.npy,GULAB,2021,2021-09-26 09:15:00,train
sequences\seq_GULAB_2021_2131.npy,sequences\tgt_GULAB_2021_2131.npy,GULAB,2021,2021-09-26 09:30:00,train
sequences\seq_GULAB_2021_2132.npy,sequences\tgt_GULAB_2021_2132.npy,GULAB,2021,2021-09-26 09:45:00,train
sequences\seq_GULAB_2021_2133.npy,sequences\tgt_GULAB_2021_2133.npy,GULAB,2021,2021-09-26 10:00:00,train
sequences\seq_GULAB_2021_2134.npy,sequences\tgt_GULAB_2021_2134.npy,GULAB,2021,2021-09-26 10:15:00,train
sequences\seq_GULAB_2021_2135.npy,sequences\tgt_GULAB_2021_2135.npy,GULAB,2021,2021-09-26 10:30:00,train
sequences\seq_GULAB_2021_2136.npy,sequences\tgt_GULAB_2021_2136.npy,GULAB,2021,2021-09-26 10:45:00,train
sequences\seq_GULAB_2021_2137.npy,sequences\tgt_GULAB_2021_2137.npy,GULAB,2021,2021-09-26 11:00:00,train
sequences\seq_GULAB_2021_2138.npy,sequences\tgt_GULAB_2021_2138.npy,GULAB,2021,2021-09-26 11:15:00,train
sequences\seq_GULAB_2021_2139.npy,sequences\tgt_GULAB_2021_2139.npy,GULAB,2021,2021-09-26 11:30:00,train
sequences\seq_GULAB_2021_2140.npy,sequences\tgt_GULAB_2021_2140.npy,GULAB,2021,2021-09-26 11:45:00,train
sequences\seq_GULAB_2021_2141.npy,sequences\tgt_GULAB_2021_2141.npy,GULAB,2021,2021-09-26 12:00:00,train
sequences\seq_GULAB_2021_2142.npy,sequences\tgt_GULAB_2021_2142.npy,GULAB,2021,2021-09-26 12:15:00,train
sequences\seq_GULAB_2021_2143.npy,sequences\tgt_GULAB_2021_2143.npy,GULAB,2021,2021-09-26 12:30:00,train
sequences\seq_GULAB_2021_2144.npy,sequences\tgt_GULAB_2021_2144.npy,GULAB,2021,2021-09-26 12:45:00,train
sequences\seq_GULAB_2021_2145.npy,sequences\tgt_GULAB_2021_2145.npy,GULAB,2021,2021-09-26 13:00:00,train
sequences\seq_GULAB_2021_2146.npy,sequences\tgt_GULAB_2021_2146.npy,GULAB,2021,2021-09-26 13:15:00,train
sequences\seq_GULAB_2021_2147.npy,sequences\tgt_GULAB_2021_2147.npy,GULAB,2021,2021-09-26 13:30:00,train
sequences\seq_GULAB_2021_2148.npy,sequences\tgt_GULAB_2021_2148.npy,GULAB,2021,2021-09-26 13:45:00,train
sequences\seq_GULAB_2021_2149.npy,sequences\tgt_GULAB_2021_2149.npy,GULAB,2021,2021-09-26 14:00:00,train
sequences\seq_GULAB_2021_2150.npy,sequences\tgt_GULAB_2021_2150.npy,GULAB,2021,2021-09-26 14:15:00,train
sequences\seq_GULAB_2021_2151.npy,sequences\tgt_GULAB_2021_2151.npy,GULAB,2021,2021-09-26 14:30:00,train
sequences\seq_GULAB_2021_2152.npy,sequences\tgt_GULAB_2021_2152.npy,GULAB,2021,2021-09-26 14:45:00,train
sequences\seq_GULAB_2021_2153.npy,sequences\tgt_GULAB_2021_2153.npy,GULAB,2021,2021-09-26 15:00:00,train
sequences\seq_GULAB_2021_2154.npy,sequences\tgt_GULAB_2021_2154.npy,GULAB,2021,2021-09-26 15:15:00,train
sequences\seq_GULAB_2021_2155.npy,sequences\tgt_GULAB_2021_2155.npy,GULAB,2021,2021-09-26 15:30:00,train
sequences\seq_GULAB_2021_2156.npy,sequences\tgt_GULAB_2021_2156.npy,GULAB,2021,2021-09-26 15:45:00,train
sequences\seq_GULAB_2021_2157.npy,sequences\tgt_GULAB_2021_2157.npy,GULAB,2021,2021-09-26 16:00:00,train
sequences\seq_GULAB_2021_2158.npy,sequences\tgt_GULAB_2021_2158.npy,GULAB,2021,2021-09-26 16:15:00,train
sequences\seq_GULAB_2021_2159.npy,sequences\tgt_GULAB_2021_2159.npy,GULAB,2021,2021-09-26 16:30:00,train
sequences\seq_GULAB_2021_2160.npy,sequences\tgt_GULAB_2021_2160.npy,GULAB,2021,2021-09-26 16:45:00,train
sequences\seq_GULAB_2021_2161.npy,sequences\tgt_GULAB_2021_2161.npy,GULAB,2021,2021-09-26 20:00:00,train
sequences\seq_GULAB_2021_2162.npy,sequences\tgt_GULAB_2021_2162.npy,GULAB,2021,2021-09-26 20:30:00,train
sequences\seq_GULAB_2021_2163.npy,sequences\tgt_GULAB_2021_2163.npy,GULAB,2021,2021-09-26 20:45:00,train
sequences\seq_GULAB_2021_2164.npy,sequences\tgt_GULAB_2021_2164.npy,GULAB,2021,2021-09-26 21:00:00,train
sequences\seq_GULAB_2021_2165.npy,sequences\tgt_GULAB_2021_2165.npy,GULAB,2021,2021-09-26 21:15:00,train
sequences\seq_GULAB_2021_2166.npy,sequences\tgt_GULAB_2021_2166.npy,GULAB,2021,2021-09-26 21:30:00,train
sequences\seq_GULAB_2021_2167.npy,sequences\tgt_GULAB_2021_2167.npy,GULAB,2021,2021-09-26 21:45:00,train
sequences\seq_GULAB_2021_2168.npy,sequences\tgt_GULAB_2021_2168.npy,GULAB,2021,2021-09-26 22:00:00,train
sequences\seq_GULAB_2021_2169.npy,sequences\tgt_GULAB_2021_2169.npy,GULAB,2021,2021-09-26 22:15:00,train
sequences\seq_GULAB_2021_2170.npy,sequences\tgt_GULAB_2021_2170.npy,GULAB,2021,2021-09-26 22:30:00,train
sequences\seq_GULAB_2021_2171.npy,sequences\tgt_GULAB_2021_2171.npy,GULAB,2021,2021-09-26 22:45:00,train
sequences\seq_GULAB_2021_2172.npy,sequences\tgt_GULAB_2021_2172.npy,GULAB,2021,2021-09-26 23:00:00,train
sequences\seq_GULAB_2021_2173.npy,sequences\tgt_GULAB_2021_2173.npy,GULAB,2021,2021-09-26 23:15:00,train
sequences\seq_GULAB_2021_2174.npy,sequences\tgt_GULAB_2021_2174.npy,GULAB,2021,2021-09-26 23:30:00,train
sequences\seq_GULAB_2021_2175.npy,sequences\tgt_GULAB_2021_2175.npy,GULAB,2021,2021-09-26 23:45:00,train
sequences\seq_GULAB_2021_2176.npy,sequences\tgt_GULAB_2021_2176.npy,GULAB,2021,2021-09-27 00:00:00,train
sequences\seq_GULAB_2021_2177.npy,sequences\tgt_GULAB_2021_2177.npy,GULAB,2021,2021-09-27 00:15:00,train
sequences\seq_GULAB_2021_2178.npy,sequences\tgt_GULAB_2021_2178.npy,GULAB,2021,2021-09-27 00:30:00,train
sequences\seq_GULAB_2021_2179.npy,sequences\tgt_GULAB_2021_2179.npy,GULAB,2021,2021-09-27 00:45:00,train
sequences\seq_GULAB_2021_2180.npy,sequences\tgt_GULAB_2021_2180.npy,GULAB,2021,2021-09-27 01:00:00,train
sequences\seq_GULAB_2021_2181.npy,sequences\tgt_GULAB_2021_2181.npy,GULAB,2021,2021-09-27 01:15:00,train
sequences\seq_GULAB_2021_2182.npy,sequences\tgt_GULAB_2021_2182.npy,GULAB,2021,2021-09-27 01:30:00,train
sequences\seq_GULAB_2021_2183.npy,sequences\tgt_GULAB_2021_2183.npy,GULAB,2021,2021-09-27 01:45:00,train
sequences\seq_GULAB_2021_2184.npy,sequences\tgt_GULAB_2021_2184.npy,GULAB,2021,2021-09-27 02:00:00,train
sequences\seq_GULAB_2021_2185.npy,sequences\tgt_GULAB_2021_2185.npy,GULAB,2021,2021-09-27 02:15:00,train
sequences\seq_GULAB_2021_2186.npy,sequences\tgt_GULAB_2021_2186.npy,GULAB,2021,2021-09-27 02:30:00,train
sequences\seq_GULAB_2021_2187.npy,sequences\tgt_GULAB_2021_2187.npy,GULAB,2021,2021-09-27 02:45:00,train
sequences\seq_GULAB_2021_2188.npy,sequences\tgt_GULAB_2021_2188.npy,GULAB,2021,2021-09-27 03:00:00,train
sequences\seq_GULAB_2021_2189.npy,sequences\tgt_GULAB_2021_2189.npy,GULAB,2021,2021-09-27 03:15:00,train
sequences\seq_GULAB_2021_2190.npy,sequences\tgt_GULAB_2021_2190.npy,GULAB,2021,2021-09-27 03:30:00,train
sequences\seq_GULAB_2021_2191.npy,sequences\tgt_GULAB_2021_2191.npy,GULAB,2021,2021-09-27 03:45:00,train
sequences\seq_GULAB_2021_2192.npy,sequences\tgt_GULAB_2021_2192.npy,GULAB,2021,2021-09-27 04:00:00,train
sequences\seq_GULAB_2021_2193.npy,sequences\tgt_GULAB_2021_2193.npy,GULAB,2021,2021-09-27 04:15:00,train
sequences\seq_GULAB_2021_2194.npy,sequences\tgt_GULAB_2021_2194.npy,GULAB,2021,2021-09-27 04:30:00,train
sequences\seq_GULAB_2021_2195.npy,sequences\tgt_GULAB_2021_2195.npy,GULAB,2021,2021-09-27 04:45:00,train
sequences\seq_GULAB_2021_2196.npy,sequences\tgt_GULAB_2021_2196.npy,GULAB,2021,2021-09-27 05:00:00,train
sequences\seq_GULAB_2021_2197.npy,sequences\tgt_GULAB_2021_2197.npy,GULAB,2021,2021-09-27 05:15:00,train
sequences\seq_GULAB_2021_2198.npy,sequences\tgt_GULAB_2021_2198.npy,GULAB,2021,2021-09-27 05:30:00,train
sequences\seq_GULAB_2021_2199.npy,sequences\tgt_GULAB_2021_2199.npy,GULAB,2021,2021-09-27 05:45:00,train
sequences\seq_GULAB_2021_2200.npy,sequences\tgt_GULAB_2021_2200.npy,GULAB,2021,2021-09-27 06:00:00,train
sequences\seq_GULAB_2021_2201.npy,sequences\tgt_GULAB_2021_2201.npy,GULAB,2021,2021-09-27 06:15:00,train
sequences\seq_GULAB_2021_2202.npy,sequences\tgt_GULAB_2021_2202.npy,GULAB,2021,2021-09-27 06:30:00,train
sequences\seq_GULAB_2021_2203.npy,sequences\tgt_GULAB_2021_2203.npy,GULAB,2021,2021-09-27 06:45:00,train
sequences\seq_GULAB_2021_2204.npy,sequences\tgt_GULAB_2021_2204.npy,GULAB,2021,2021-09-27 07:00:00,train
sequences\seq_GULAB_2021_2205.npy,sequences\tgt_GULAB_2021_2205.npy,GULAB,2021,2021-09-27 07:15:00,train
sequences\seq_GULAB_2021_2206.npy,sequences\tgt_GULAB_2021_2206.npy,GULAB,2021,2021-09-27 07:30:00,train
sequences\seq_GULAB_2021_2207.npy,sequences\tgt_GULAB_2021_2207.npy,GULAB,2021,2021-09-27 07:45:00,train
sequences\seq_GULAB_2021_2208.npy,sequences\tgt_GULAB_2021_2208.npy,GULAB,2021,2021-09-27 08:00:00,train
sequences\seq_GULAB_2021_2209.npy,sequences\tgt_GULAB_2021_2209.npy,GULAB,2021,2021-09-27 08:15:00,train
sequences\seq_GULAB_2021_2210.npy,sequences\tgt_GULAB_2021_2210.npy,GULAB,2021,2021-09-27 08:45:00,train
sequences\seq_GULAB_2021_2211.npy,sequences\tgt_GULAB_2021_2211.npy,GULAB,2021,2021-09-27 09:00:00,train
sequences\seq_GULAB_2021_2212.npy,sequences\tgt_GULAB_2021_2212.npy,GULAB,2021,2021-09-27 09:15:00,train
sequences\seq_GULAB_2021_2213.npy,sequences\tgt_GULAB_2021_2213.npy,GULAB,2021,2021-09-27 09:30:00,train
sequences\seq_GULAB_2021_2214.npy,sequences\tgt_GULAB_2021_2214.npy,GULAB,2021,2021-09-27 09:45:00,train
sequences\seq_GULAB_2021_2215.npy,sequences\tgt_GULAB_2021_2215.npy,GULAB,2021,2021-09-27 10:00:00,train
sequences\seq_GULAB_2021_2216.npy,sequences\tgt_GULAB_2021_2216.npy,GULAB,2021,2021-09-27 10:15:00,train
sequences\seq_GULAB_2021_2217.npy,sequences\tgt_GULAB_2021_2217.npy,GULAB,2021,2021-09-27 10:30:00,train
sequences\seq_GULAB_2021_2218.npy,sequences\tgt_GULAB_2021_2218.npy,GULAB,2021,2021-09-27 10:45:00,train
sequences\seq_GULAB_2021_2219.npy,sequences\tgt_GULAB_2021_2219.npy,GULAB,2021,2021-09-27 11:00:00,train
sequences\seq_GULAB_2021_2220.npy,sequences\tgt_GULAB_2021_2220.npy,GULAB,2021,2021-09-27 11:15:00,train
sequences\seq_GULAB_2021_2221.npy,sequences\tgt_GULAB_2021_2221.npy,GULAB,2021,2021-09-27 11:30:00,train
sequences\seq_GULAB_2021_2222.npy,sequences\tgt_GULAB_2021_2222.npy,GULAB,2021,2021-09-27 11:45:00,train
sequences\seq_GULAB_2021_2223.npy,sequences\tgt_GULAB_2021_2223.npy,GULAB,2021,2021-09-27 12:00:00,train
sequences\seq_GULAB_2021_2224.npy,sequences\tgt_GULAB_2021_2224.npy,GULAB,2021,2021-09-27 12:30:00,train
sequences\seq_GULAB_2021_2225.npy,sequences\tgt_GULAB_2021_2225.npy,GULAB,2021,2021-09-27 12:45:00,train
sequences\seq_GULAB_2021_2226.npy,sequences\tgt_GULAB_2021_2226.npy,GULAB,2021,2021-09-27 13:00:00,train
sequences\seq_GULAB_2021_2227.npy,sequences\tgt_GULAB_2021_2227.npy,GULAB,2021,2021-09-27 13:15:00,train
sequences\seq_GULAB_2021_2228.npy,sequences\tgt_GULAB_2021_2228.npy,GULAB,2021,2021-09-27 13:30:00,train
sequences\seq_GULAB_2021_2229.npy,sequences\tgt_GULAB_2021_2229.npy,GULAB,2021,2021-09-27 13:45:00,train
sequences\seq_GULAB_2021_2230.npy,sequences\tgt_GULAB_2021_2230.npy,GULAB,2021,2021-09-27 14:00:00,train
sequences\seq_GULAB_2021_2231.npy,sequences\tgt_GULAB_2021_2231.npy,GULAB,2021,2021-09-27 14:15:00,train
sequences\seq_GULAB_2021_2232.npy,sequences\tgt_GULAB_2021_2232.npy,GULAB,2021,2021-09-27 14:30:00,train
sequences\seq_GULAB_2021_2233.npy,sequences\tgt_GULAB_2021_2233.npy,GULAB,2021,2021-09-27 14:45:00,train
sequences\seq_GULAB_2021_2234.npy,sequences\tgt_GULAB_2021_2234.npy,GULAB,2021,2021-09-27 15:00:00,train
sequences\seq_GULAB_2021_2235.npy,sequences\tgt_GULAB_2021_2235.npy,GULAB,2021,2021-09-27 15:15:00,train
sequences\seq_GULAB_2021_2236.npy,sequences\tgt_GULAB_2021_2236.npy,GULAB,2021,2021-09-27 15:30:00,train
sequences\seq_GULAB_2021_2237.npy,sequences\tgt_GULAB_2021_2237.npy,GULAB,2021,2021-09-27 15:45:00,train
sequences\seq_GULAB_2021_2238.npy,sequences\tgt_GULAB_2021_2238.npy,GULAB,2021,2021-09-27 16:00:00,train
sequences\seq_GULAB_2021_2239.npy,sequences\tgt_GULAB_2021_2239.npy,GULAB,2021,2021-09-27 16:15:00,train
sequences\seq_GULAB_2021_2240.npy,sequences\tgt_GULAB_2021_2240.npy,GULAB,2021,2021-09-27 16:30:00,train
sequences\seq_GULAB_2021_2241.npy,sequences\tgt_GULAB_2021_2241.npy,GULAB,2021,2021-09-27 16:45:00,train
sequences\seq_GULAB_2021_2242.npy,sequences\tgt_GULAB_2021_2242.npy,GULAB,2021,2021-09-27 20:00:00,train
sequences\seq_GULAB_2021_2243.npy,sequences\tgt_GULAB_2021_2243.npy,GULAB,2021,2021-09-27 20:30:00,train
sequences\seq_GULAB_2021_2244.npy,sequences\tgt_GULAB_2021_2244.npy,GULAB,2021,2021-09-27 20:45:00,train
sequences\seq_GULAB_2021_2245.npy,sequences\tgt_GULAB_2021_2245.npy,GULAB,2021,2021-09-27 21:00:00,train
sequences\seq_GULAB_2021_2246.npy,sequences\tgt_GULAB_2021_2246.npy,GULAB,2021,2021-09-27 21:15:00,train
sequences\seq_GULAB_2021_2247.npy,sequences\tgt_GULAB_2021_2247.npy,GULAB,2021,2021-09-27 21:30:00,train
sequences\seq_GULAB_2021_2248.npy,sequences\tgt_GULAB_2021_2248.npy,GULAB,2021,2021-09-27 21:45:00,train
sequences\seq_GULAB_2021_2249.npy,sequences\tgt_GULAB_2021_2249.npy,GULAB,2021,2021-09-27 22:00:00,train
sequences\seq_GULAB_2021_2250.npy,sequences\tgt_GULAB_2021_2250.npy,GULAB,2021,2021-09-27 22:15:00,train
sequences\seq_GULAB_2021_2251.npy,sequences\tgt_GULAB_2021_2251.npy,GULAB,2021,2021-09-27 22:30:00,train
sequences\seq_GULAB_2021_2252.npy,sequences\tgt_GULAB_2021_2252.npy,GULAB,2021,2021-09-27 22:45:00,train
sequences\seq_GULAB_2021_2253.npy,sequences\tgt_GULAB_2021_2253.npy,GULAB,2021,2021-09-27 23:00:00,train
sequences\seq_GULAB_2021_2254.npy,sequences\tgt_GULAB_2021_2254.npy,GULAB,2021,2021-09-27 23:15:00,train
sequences\seq_GULAB_2021_2255.npy,sequences\tgt_GULAB_2021_2255.npy,GULAB,2021,2021-09-27 23:30:00,train
sequences\seq_GULAB_2021_2256.npy,sequences\tgt_GULAB_2021_2256.npy,GULAB,2021,2021-09-27 23:45:00,train
sequences\seq_GULAB_2021_2257.npy,sequences\tgt_GULAB_2021_2257.npy,GULAB,2021,2021-09-28 00:00:00,train
sequences\seq_GULAB_2021_2258.npy,sequences\tgt_GULAB_2021_2258.npy,GULAB,2021,2021-09-28 00:15:00,train
sequences\seq_GULAB_2021_2259.npy,sequences\tgt_GULAB_2021_2259.npy,GULAB,2021,2021-09-28 00:30:00,train
sequences\seq_GULAB_2021_2260.npy,sequences\tgt_GULAB_2021_2260.npy,GULAB,2021,2021-09-28 00:45:00,train
sequences\seq_GULAB_2021_2261.npy,sequences\tgt_GULAB_2021_2261.npy,GULAB,2021,2021-09-28 01:00:00,train
sequences\seq_GULAB_2021_2262.npy,sequences\tgt_GULAB_2021_2262.npy,GULAB,2021,2021-09-28 01:15:00,train
sequences\seq_GULAB_2021_2263.npy,sequences\tgt_GULAB_2021_2263.npy,GULAB,2021,2021-09-28 01:30:00,train
sequences\seq_GULAB_2021_2264.npy,sequences\tgt_GULAB_2021_2264.npy,GULAB,2021,2021-09-28 01:45:00,train
sequences\seq_GULAB_2021_2265.npy,sequences\tgt_GULAB_2021_2265.npy,GULAB,2021,2021-09-28 02:00:00,train
sequences\seq_GULAB_2021_2266.npy,sequences\tgt_GULAB_2021_2266.npy,GULAB,2021,2021-09-28 02:15:00,train
sequences\seq_GULAB_2021_2267.npy,sequences\tgt_GULAB_2021_2267.npy,GULAB,2021,2021-09-28 02:30:00,train
sequences\seq_GULAB_2021_2268.npy,sequences\tgt_GULAB_2021_2268.npy,GULAB,2021,2021-09-28 02:45:00,train
sequences\seq_GULAB_2021_2269.npy,sequences\tgt_GULAB_2021_2269.npy,GULAB,2021,2021-09-28 03:00:00,train
sequences\seq_GULAB_2021_2270.npy,sequences\tgt_GULAB_2021_2270.npy,GULAB,2021,2021-09-28 03:15:00,train
sequences\seq_GULAB_2021_2271.npy,sequences\tgt_GULAB_2021_2271.npy,GULAB,2021,2021-09-28 03:30:00,train
sequences\seq_GULAB_2021_2272.npy,sequences\tgt_GULAB_2021_2272.npy,GULAB,2021,2021-09-28 03:45:00,train
sequences\seq_GULAB_2021_2273.npy,sequences\tgt_GULAB_2021_2273.npy,GULAB,2021,2021-09-28 04:00:00,train
sequences\seq_GULAB_2021_2274.npy,sequences\tgt_GULAB_2021_2274.npy,GULAB,2021,2021-09-28 04:15:00,train
sequences\seq_GULAB_2021_2275.npy,sequences\tgt_GULAB_2021_2275.npy,GULAB,2021,2021-09-28 04:30:00,train
sequences\seq_GULAB_2021_2276.npy,sequences\tgt_GULAB_2021_2276.npy,GULAB,2021,2021-09-28 04:45:00,train
sequences\seq_GULAB_2021_2277.npy,sequences\tgt_GULAB_2021_2277.npy,GULAB,2021,2021-09-28 05:00:00,train
sequences\seq_GULAB_2021_2278.npy,sequences\tgt_GULAB_2021_2278.npy,GULAB,2021,2021-09-28 05:15:00,train
sequences\seq_GULAB_2021_2279.npy,sequences\tgt_GULAB_2021_2279.npy,GULAB,2021,2021-09-28 05:30:00,train
sequences\seq_GULAB_2021_2280.npy,sequences\tgt_GULAB_2021_2280.npy,GULAB,2021,2021-09-28 05:45:00,train
sequences\seq_GULAB_2021_2281.npy,sequences\tgt_GULAB_2021_2281.npy,GULAB,2021,2021-09-28 06:00:00,train
sequences\seq_GULAB_2021_2282.npy,sequences\tgt_GULAB_2021_2282.npy,GULAB,2021,2021-09-28 06:15:00,train
sequences\seq_GULAB_2021_2283.npy,sequences\tgt_GULAB_2021_2283.npy,GULAB,2021,2021-09-28 06:30:00,train
sequences\seq_GULAB_2021_2284.npy,sequences\tgt_GULAB_2021_2284.npy,GULAB,2021,2021-09-28 06:45:00,train
sequences\seq_HELEN_2013_2285.npy,sequences\tgt_HELEN_2013_2285.npy,HELEN,2013,2013-11-19 05:30:00,test
sequences\seq_HELEN_2013_2286.npy,sequences\tgt_HELEN_2013_2286.npy,HELEN,2013,2013-11-19 06:00:00,test
sequences\seq_HELEN_2013_2287.npy,sequences\tgt_HELEN_2013_2287.npy,HELEN,2013,2013-11-19 06:30:00,test
sequences\seq_HELEN_2013_2288.npy,sequences\tgt_HELEN_2013_2288.npy,HELEN,2013,2013-11-19 07:00:00,test
sequences\seq_HELEN_2013_2289.npy,sequences\tgt_HELEN_2013_2289.npy,HELEN,2013,2013-11-19 07:30:00,test
sequences\seq_HELEN_2013_2290.npy,sequences\tgt_HELEN_2013_2290.npy,HELEN,2013,2013-11-19 08:00:00,test
sequences\seq_HELEN_2013_2291.npy,sequences\tgt_HELEN_2013_2291.npy,HELEN,2013,2013-11-19 08:30:00,test
sequences\seq_HELEN_2013_2292.npy,sequences\tgt_HELEN_2013_2292.npy,HELEN,2013,2013-11-19 09:00:00,test
sequences\seq_HELEN_2013_2293.npy,sequences\tgt_HELEN_2013_2293.npy,HELEN,2013,2013-11-19 09:30:00,test
sequences\seq_HELEN_2013_2294.npy,sequences\tgt_HELEN_2013_2294.npy,HELEN,2013,2013-11-19 10:00:00,test
sequences\seq_HELEN_2013_2295.npy,sequences\tgt_HELEN_2013_2295.npy,HELEN,2013,2013-11-19 10:30:00,test
sequences\seq_HELEN_2013_2296.npy,sequences\tgt_HELEN_2013_2296.npy,HELEN,2013,2013-11-19 12:30:00,test
sequences\seq_HELEN_2013_2297.npy,sequences\tgt_HELEN_2013_2297.npy,HELEN,2013,2013-11-19 13:00:00,test
sequences\seq_HELEN_2013_2298.npy,sequences\tgt_HELEN_2013_2298.npy,HELEN,2013,2013-11-19 13:30:00,test
sequences\seq_HELEN_2013_2299.npy,sequences\tgt_HELEN_2013_2299.npy,HELEN,2013,2013-11-19 14:00:00,test
sequences\seq_HELEN_2013_2300.npy,sequences\tgt_HELEN_2013_2300.npy,HELEN,2013,2013-11-19 14:30:00,test
sequences\seq_HELEN_2013_2301.npy,sequences\tgt_HELEN_2013_2301.npy,HELEN,2013,2013-11-19 15:00:00,test
sequences\seq_HELEN_2013_2302.npy,sequences\tgt_HELEN_2013_2302.npy,HELEN,2013,2013-11-19 15:30:00,test
sequences\seq_HELEN_2013_2303.npy,sequences\tgt_HELEN_2013_2303.npy,HELEN,2013,2013-11-19 16:00:00,test
sequences\seq_HELEN_2013_2304.npy,sequences\tgt_HELEN_2013_2304.npy,HELEN,2013,2013-11-19 20:30:00,test
sequences\seq_HELEN_2013_2305.npy,sequences\tgt_HELEN_2013_2305.npy,HELEN,2013,2013-11-19 21:00:00,test
sequences\seq_HELEN_2013_2306.npy,sequences\tgt_HELEN_2013_2306.npy,HELEN,2013,2013-11-19 21:30:00,test
sequences\seq_HELEN_2013_2307.npy,sequences\tgt_HELEN_2013_2307.npy,HELEN,2013,2013-11-19 22:00:00,test
sequences\seq_HELEN_2013_2308.npy,sequences\tgt_HELEN_2013_2308.npy,HELEN,2013,2013-11-19 22:30:00,test
sequences\seq_HELEN_2013_2309.npy,sequences\tgt_HELEN_2013_2309.npy,HELEN,2013,2013-11-19 23:00:00,test
sequences\seq_HELEN_2013_2310.npy,sequences\tgt_HELEN_2013_2310.npy,HELEN,2013,2013-11-19 23:30:00,test
sequences\seq_HELEN_2013_2311.npy,sequences\tgt_HELEN_2013_2311.npy,HELEN,2013,2013-11-20 00:00:00,test
sequences\seq_HELEN_2013_2312.npy,sequences\tgt_HELEN_2013_2312.npy,HELEN,2013,2013-11-20 00:30:00,test
sequences\seq_HELEN_2013_2313.npy,sequences\tgt_HELEN_2013_2313.npy,HELEN,2013,2013-11-20 01:00:00,test
sequences\seq_HELEN_2013_2314.npy,sequences\tgt_HELEN_2013_2314.npy,HELEN,2013,2013-11-20 01:30:00,test
sequences\seq_HELEN_2013_2315.npy,sequences\tgt_HELEN_2013_2315.npy,HELEN,2013,2013-11-20 02:00:00,test
sequences\seq_HELEN_2013_2316.npy,sequences\tgt_HELEN_2013_2316.npy,HELEN,2013,2013-11-20 02:30:00,test
sequences\seq_HELEN_2013_2317.npy,sequences\tgt_HELEN_2013_2317.npy,HELEN,2013,2013-11-20 03:00:00,test
sequences\seq_HELEN_2013_2318.npy,sequences\tgt_HELEN_2013_2318.npy,HELEN,2013,2013-11-20 03:30:00,test
sequences\seq_HELEN_2013_2319.npy,sequences\tgt_HELEN_2013_2319.npy,HELEN,2013,2013-11-20 04:00:00,test
sequences\seq_HELEN_2013_2320.npy,sequences\tgt_HELEN_2013_2320.npy,HELEN,2013,2013-11-20 04:30:00,test
sequences\seq_HELEN_2013_2321.npy,sequences\tgt_HELEN_2013_2321.npy,HELEN,2013,2013-11-20 05:00:00,test
sequences\seq_HELEN_2013_2322.npy,sequences\tgt_HELEN_2013_2322.npy,HELEN,2013,2013-11-20 05:30:00,test
sequences\seq_HELEN_2013_2323.npy,sequences\tgt_HELEN_2013_2323.npy,HELEN,2013,2013-11-20 06:00:00,test
sequences\seq_HELEN_2013_2324.npy,sequences\tgt_HELEN_2013_2324.npy,HELEN,2013,2013-11-20 06:30:00,test
sequences\seq_HELEN_2013_2325.npy,sequences\tgt_HELEN_2013_2325.npy,HELEN,2013,2013-11-20 07:00:00,test
sequences\seq_HELEN_2013_2326.npy,sequences\tgt_HELEN_2013_2326.npy,HELEN,2013,2013-11-20 07:30:00,test
sequences\seq_HELEN_2013_2327.npy,sequences\tgt_HELEN_2013_2327.npy,HELEN,2013,2013-11-20 08:00:00,test
sequences\seq_HELEN_2013_2328.npy,sequences\tgt_HELEN_2013_2328.npy,HELEN,2013,2013-11-20 08:30:00,test
sequences\seq_HELEN_2013_2329.npy,sequences\tgt_HELEN_2013_2329.npy,HELEN,2013,2013-11-20 09:00:00,test
sequences\seq_HELEN_2013_2330.npy,sequences\tgt_HELEN_2013_2330.npy,HELEN,2013,2013-11-20 09:30:00,test
sequences\seq_HELEN_2013_2331.npy,sequences\tgt_HELEN_2013_2331.npy,HELEN,2013,2013-11-20 10:00:00,test
sequences\seq_HELEN_2013_2332.npy,sequences\tgt_HELEN_2013_2332.npy,HELEN,2013,2013-11-20 10:30:00,test
sequences\seq_HELEN_2013_2333.npy,sequences\tgt_HELEN_2013_2333.npy,HELEN,2013,2013-11-20 11:00:00,test
sequences\seq_HELEN_2013_2334.npy,sequences\tgt_HELEN_2013_2334.npy,HELEN,2013,2013-11-20 12:00:00,test
sequences\seq_HELEN_2013_2335.npy,sequences\tgt_HELEN_2013_2335.npy,HELEN,2013,2013-11-20 12:30:00,test
sequences\seq_HELEN_2013_2336.npy,sequences\tgt_HELEN_2013_2336.npy,HELEN,2013,2013-11-20 14:00:00,test
sequences\seq_HELEN_2013_2337.npy,sequences\tgt_HELEN_2013_2337.npy,HELEN,2013,2013-11-20 14:30:00,test
sequences\seq_HELEN_2013_2338.npy,sequences\tgt_HELEN_2013_2338.npy,HELEN,2013,2013-11-20 15:00:00,test
sequences\seq_HELEN_2013_2339.npy,sequences\tgt_HELEN_2013_2339.npy,HELEN,2013,2013-11-20 15:30:00,test
sequences\seq_HELEN_2013_2340.npy,sequences\tgt_HELEN_2013_2340.npy,HELEN,2013,2013-11-20 16:00:00,test
sequences\seq_HELEN_2013_2341.npy,sequences\tgt_HELEN_2013_2341.npy,HELEN,2013,2013-11-20 20:30:00,test
sequences\seq_HELEN_2013_2342.npy,sequences\tgt_HELEN_2013_2342.npy,HELEN,2013,2013-11-20 21:00:00,test
sequences\seq_HELEN_2013_2343.npy,sequences\tgt_HELEN_2013_2343.npy,HELEN,2013,2013-11-20 22:00:00,test
sequences\seq_HELEN_2013_2344.npy,sequences\tgt_HELEN_2013_2344.npy,HELEN,2013,2013-11-20 22:30:00,test
sequences\seq_HELEN_2013_2345.npy,sequences\tgt_HELEN_2013_2345.npy,HELEN,2013,2013-11-20 23:00:00,test
sequences\seq_HELEN_2013_2346.npy,sequences\tgt_HELEN_2013_2346.npy,HELEN,2013,2013-11-20 23:30:00,test
sequences\seq_HELEN_2013_2347.npy,sequences\tgt_HELEN_2013_2347.npy,HELEN,2013,2013-11-21 00:00:00,test
sequences\seq_HELEN_2013_2348.npy,sequences\tgt_HELEN_2013_2348.npy,HELEN,2013,2013-11-21 00:30:00,test
sequences\seq_HELEN_2013_2349.npy,sequences\tgt_HELEN_2013_2349.npy,HELEN,2013,2013-11-21 01:00:00,test
sequences\seq_HELEN_2013_2350.npy,sequences\tgt_HELEN_2013_2350.npy,HELEN,2013,2013-11-21 01:30:00,test
sequences\seq_HELEN_2013_2351.npy,sequences\tgt_HELEN_2013_2351.npy,HELEN,2013,2013-11-21 02:00:00,test
sequences\seq_HELEN_2013_2352.npy,sequences\tgt_HELEN_2013_2352.npy,HELEN,2013,2013-11-21 03:00:00,test
sequences\seq_HELEN_2013_2353.npy,sequences\tgt_HELEN_2013_2353.npy,HELEN,2013,2013-11-21 03:30:00,test
sequences\seq_HELEN_2013_2354.npy,sequences\tgt_HELEN_2013_2354.npy,HELEN,2013,2013-11-21 04:00:00,test
sequences\seq_HELEN_2013_2355.npy,sequences\tgt_HELEN_2013_2355.npy,HELEN,2013,2013-11-21 04:30:00,test
sequences\seq_HELEN_2013_2356.npy,sequences\tgt_HELEN_2013_2356.npy,HELEN,2013,2013-11-21 05:00:00,test
sequences\seq_HELEN_2013_2357.npy,sequences\tgt_HELEN_2013_2357.npy,HELEN,2013,2013-11-21 05:30:00,test
sequences\seq_HELEN_2013_2358.npy,sequences\tgt_HELEN_2013_2358.npy,HELEN,2013,2013-11-21 06:00:00,test
sequences\seq_HELEN_2013_2359.npy,sequences\tgt_HELEN_2013_2359.npy,HELEN,2013,2013-11-21 06:30:00,test
sequences\seq_HELEN_2013_2360.npy,sequences\tgt_HELEN_2013_2360.npy,HELEN,2013,2013-11-21 07:00:00,test
sequences\seq_HELEN_2013_2361.npy,sequences\tgt_HELEN_2013_2361.npy,HELEN,2013,2013-11-21 07:30:00,test
sequences\seq_HELEN_2013_2362.npy,sequences\tgt_HELEN_2013_2362.npy,HELEN,2013,2013-11-21 08:00:00,test
sequences\seq_HELEN_2013_2363.npy,sequences\tgt_HELEN_2013_2363.npy,HELEN,2013,2013-11-21 08:30:00,test
sequences\seq_HELEN_2013_2364.npy,sequences\tgt_HELEN_2013_2364.npy,HELEN,2013,2013-11-21 09:00:00,test
sequences\seq_HELEN_2013_2365.npy,sequences\tgt_HELEN_2013_2365.npy,HELEN,2013,2013-11-21 09:30:00,test
sequences\seq_HELEN_2013_2366.npy,sequences\tgt_HELEN_2013_2366.npy,HELEN,2013,2013-11-21 10:00:00,test
sequences\seq_HELEN_2013_2367.npy,sequences\tgt_HELEN_2013_2367.npy,HELEN,2013,2013-11-21 10:30:00,test
sequences\seq_HELEN_2013_2368.npy,sequences\tgt_HELEN_2013_2368.npy,HELEN,2013,2013-11-21 11:00:00,test
sequences\seq_HELEN_2013_2369.npy,sequences\tgt_HELEN_2013_2369.npy,HELEN,2013,2013-11-21 11:30:00,test
sequences\seq_HELEN_2013_2370.npy,sequences\tgt_HELEN_2013_2370.npy,HELEN,2013,2013-11-21 12:00:00,test
sequences\seq_HELEN_2013_2371.npy,sequences\tgt_HELEN_2013_2371.npy,HELEN,2013,2013-11-21 12:30:00,test
sequences\seq_HELEN_2013_2372.npy,sequences\tgt_HELEN_2013_2372.npy,HELEN,2013,2013-11-21 13:00:00,test
sequences\seq_HELEN_2013_2373.npy,sequences\tgt_HELEN_2013_2373.npy,HELEN,2013,2013-11-21 13:30:00,test
sequences\seq_HELEN_2013_2374.npy,sequences\tgt_HELEN_2013_2374.npy,HELEN,2013,2013-11-21 14:00:00,test
sequences\seq_HELEN_2013_2375.npy,sequences\tgt_HELEN_2013_2375.npy,HELEN,2013,2013-11-21 14:30:00,test
sequences\seq_HELEN_2013_2376.npy,sequences\tgt_HELEN_2013_2376.npy,HELEN,2013,2013-11-21 15:00:00,test
sequences\seq_HELEN_2013_2377.npy,sequences\tgt_HELEN_2013_2377.npy,HELEN,2013,2013-11-21 15:30:00,test
sequences\seq_HELEN_2013_2378.npy,sequences\tgt_HELEN_2013_2378.npy,HELEN,2013,2013-11-21 16:00:00,test
sequences\seq_HELEN_2013_2379.npy,sequences\tgt_HELEN_2013_2379.npy,HELEN,2013,2013-11-21 20:30:00,test
sequences\seq_HELEN_2013_2380.npy,sequences\tgt_HELEN_2013_2380.npy,HELEN,2013,2013-11-21 21:00:00,test
sequences\seq_HELEN_2013_2381.npy,sequences\tgt_HELEN_2013_2381.npy,HELEN,2013,2013-11-21 21:30:00,test
sequences\seq_HELEN_2013_2382.npy,sequences\tgt_HELEN_2013_2382.npy,HELEN,2013,2013-11-21 22:00:00,test
sequences\seq_HELEN_2013_2383.npy,sequences\tgt_HELEN_2013_2383.npy,HELEN,2013,2013-11-21 22:30:00,test
sequences\seq_HELEN_2013_2384.npy,sequences\tgt_HELEN_2013_2384.npy,HELEN,2013,2013-11-21 23:00:00,test
sequences\seq_HELEN_2013_2385.npy,sequences\tgt_HELEN_2013_2385.npy,HELEN,2013,2013-11-21 23:30:00,test
sequences\seq_HELEN_2013_2386.npy,sequences\tgt_HELEN_2013_2386.npy,HELEN,2013,2013-11-22 00:00:00,test
sequences\seq_HELEN_2013_2387.npy,sequences\tgt_HELEN_2013_2387.npy,HELEN,2013,2013-11-22 00:30:00,test
sequences\seq_HELEN_2013_2388.npy,sequences\tgt_HELEN_2013_2388.npy,HELEN,2013,2013-11-22 01:00:00,test
sequences\seq_HELEN_2013_2389.npy,sequences\tgt_HELEN_2013_2389.npy,HELEN,2013,2013-11-22 01:30:00,test
sequences\seq_HELEN_2013_2390.npy,sequences\tgt_HELEN_2013_2390.npy,HELEN,2013,2013-11-22 02:00:00,test
sequences\seq_HELEN_2013_2391.npy,sequences\tgt_HELEN_2013_2391.npy,HELEN,2013,2013-11-22 02:30:00,test
sequences\seq_HELEN_2013_2392.npy,sequences\tgt_HELEN_2013_2392.npy,HELEN,2013,2013-11-22 03:00:00,test
sequences\seq_HELEN_2013_2393.npy,sequences\tgt_HELEN_2013_2393.npy,HELEN,2013,2013-11-22 03:30:00,test
sequences\seq_HELEN_2013_2394.npy,sequences\tgt_HELEN_2013_2394.npy,HELEN,2013,2013-11-22 04:00:00,test
sequences\seq_HELEN_2013_2395.npy,sequences\tgt_HELEN_2013_2395.npy,HELEN,2013,2013-11-22 04:30:00,test
sequences\seq_HELEN_2013_2396.npy,sequences\tgt_HELEN_2013_2396.npy,HELEN,2013,2013-11-22 05:00:00,test
sequences\seq_HELEN_2013_2397.npy,sequences\tgt_HELEN_2013_2397.npy,HELEN,2013,2013-11-22 05:30:00,test
sequences\seq_HELEN_2013_2398.npy,sequences\tgt_HELEN_2013_2398.npy,HELEN,2013,2013-11-22 06:00:00,test
sequences\seq_HELEN_2013_2399.npy,sequences\tgt_HELEN_2013_2399.npy,HELEN,2013,2013-11-22 06:30:00,test
sequences\seq_HELEN_2013_2400.npy,sequences\tgt_HELEN_2013_2400.npy,HELEN,2013,2013-11-22 07:00:00,test
sequences\seq_HELEN_2013_2401.npy,sequences\tgt_HELEN_2013_2401.npy,HELEN,2013,2013-11-22 07:30:00,test
sequences\seq_HELEN_2013_2402.npy,sequences\tgt_HELEN_2013_2402.npy,HELEN,2013,2013-11-22 08:00:00,test
sequences\seq_HELEN_2013_2403.npy,sequences\tgt_HELEN_2013_2403.npy,HELEN,2013,2013-11-22 08:30:00,test
sequences\seq_HELEN_2013_2404.npy,sequences\tgt_HELEN_2013_2404.npy,HELEN,2013,2013-11-22 09:00:00,test
sequences\seq_HELEN_2013_2405.npy,sequences\tgt_HELEN_2013_2405.npy,HELEN,2013,2013-11-22 09:30:00,test
sequences\seq_HELEN_2013_2406.npy,sequences\tgt_HELEN_2013_2406.npy,HELEN,2013,2013-11-22 10:00:00,test
sequences\seq_HELEN_2013_2407.npy,sequences\tgt_HELEN_2013_2407.npy,HELEN,2013,2013-11-22 10:30:00,test
sequences\seq_HELEN_2013_2408.npy,sequences\tgt_HELEN_2013_2408.npy,HELEN,2013,2013-11-22 11:00:00,test
sequences\seq_HELEN_2013_2409.npy,sequences\tgt_HELEN_2013_2409.npy,HELEN,2013,2013-11-22 11:30:00,test
sequences\seq_HELEN_2013_2410.npy,sequences\tgt_HELEN_2013_2410.npy,HELEN,2013,2013-11-22 12:00:00,test
sequences\seq_HELEN_2013_2411.npy,sequences\tgt_HELEN_2013_2411.npy,HELEN,2013,2013-11-22 12:30:00,test
sequences\seq_HELEN_2013_2412.npy,sequences\tgt_HELEN_2013_2412.npy,HELEN,2013,2013-11-22 13:00:00,test
sequences\seq_HELEN_2013_2413.npy,sequences\tgt_HELEN_2013_2413.npy,HELEN,2013,2013-11-22 13:30:00,test
sequences\seq_HELEN_2013_2414.npy,sequences\tgt_HELEN_2013_2414.npy,HELEN,2013,2013-11-22 14:00:00,test
sequences\seq_HELEN_2013_2415.npy,sequences\tgt_HELEN_2013_2415.npy,HELEN,2013,2013-11-22 14:30:00,test
sequences\seq_HELEN_2013_2416.npy,sequences\tgt_HELEN_2013_2416.npy,HELEN,2013,2013-11-22 15:00:00,test
sequences\seq_HELEN_2013_2417.npy,sequences\tgt_HELEN_2013_2417.npy,HELEN,2013,2013-11-22 15:30:00,test
sequences\seq_HELEN_2013_2418.npy,sequences\tgt_HELEN_2013_2418.npy,HELEN,2013,2013-11-22 16:00:00,test
sequences\seq_HIKKA_2019_2419.npy,sequences\tgt_HIKKA_2019_2419.npy,HIKKA,2019,2019-09-22 08:30:00,train
sequences\seq_HIKKA_2019_2420.npy,sequences\tgt_HIKKA_2019_2420.npy,HIKKA,2019,2019-09-22 08:45:00,train
sequences\seq_HIKKA_2019_2421.npy,sequences\tgt_HIKKA_2019_2421.npy,HIKKA,2019,2019-09-22 09:00:00,train
sequences\seq_HIKKA_2019_2422.npy,sequences\tgt_HIKKA_2019_2422.npy,HIKKA,2019,2019-09-22 09:15:00,train
sequences\seq_HIKKA_2019_2423.npy,sequences\tgt_HIKKA_2019_2423.npy,HIKKA,2019,2019-09-22 09:30:00,train
sequences\seq_HIKKA_2019_2424.npy,sequences\tgt_HIKKA_2019_2424.npy,HIKKA,2019,2019-09-22 09:45:00,train
sequences\seq_HIKKA_2019_2425.npy,sequences\tgt_HIKKA_2019_2425.npy,HIKKA,2019,2019-09-22 10:00:00,train
sequences\seq_HIKKA_2019_2426.npy,sequences\tgt_HIKKA_2019_2426.npy,HIKKA,2019,2019-09-22 10:15:00,train
sequences\seq_HIKKA_2019_2427.npy,sequences\tgt_HIKKA_2019_2427.npy,HIKKA,2019,2019-09-22 10:30:00,train
sequences\seq_HIKKA_2019_2428.npy,sequences\tgt_HIKKA_2019_2428.npy,HIKKA,2019,2019-09-22 10:45:00,train
sequences\seq_HIKKA_2019_2429.npy,sequences\tgt_HIKKA_2019_2429.npy,HIKKA,2019,2019-09-22 11:00:00,train
sequences\seq_HIKKA_2019_2430.npy,sequences\tgt_HIKKA_2019_2430.npy,HIKKA,2019,2019-09-22 11:15:00,train
sequences\seq_HIKKA_2019_2431.npy,sequences\tgt_HIKKA_2019_2431.npy,HIKKA,2019,2019-09-22 11:30:00,train
sequences\seq_HIKKA_2019_2432.npy,sequences\tgt_HIKKA_2019_2432.npy,HIKKA,2019,2019-09-22 11:45:00,train
sequences\seq_HIKKA_2019_2433.npy,sequences\tgt_HIKKA_2019_2433.npy,HIKKA,2019,2019-09-22 12:00:00,train
sequences\seq_HIKKA_2019_2434.npy,sequences\tgt_HIKKA_2019_2434.npy,HIKKA,2019,2019-09-22 12:15:00,train
sequences\seq_HIKKA_2019_2435.npy,sequences\tgt_HIKKA_2019_2435.npy,HIKKA,2019,2019-09-22 12:30:00,train
sequences\seq_HIKKA_2019_2436.npy,sequences\tgt_HIKKA_2019_2436.npy,HIKKA,2019,2019-09-22 12:45:00,train
sequences\seq_HIKKA_2019_2437.npy,sequences\tgt_HIKKA_2019_2437.npy,HIKKA,2019,2019-09-22 13:00:00,train
sequences\seq_HIKKA_2019_2438.npy,sequences\tgt_HIKKA_2019_2438.npy,HIKKA,2019,2019-09-22 13:15:00,train
sequences\seq_HIKKA_2019_2439.npy,sequences\tgt_HIKKA_2019_2439.npy,HIKKA,2019,2019-09-22 13:30:00,train
sequences\seq_HIKKA_2019_2440.npy,sequences\tgt_HIKKA_2019_2440.npy,HIKKA,2019,2019-09-22 13:45:00,train
sequences\seq_HIKKA_2019_2441.npy,sequences\tgt_HIKKA_2019_2441.npy,HIKKA,2019,2019-09-22 14:00:00,train
sequences\seq_HIKKA_2019_2442.npy,sequences\tgt_HIKKA_2019_2442.npy,HIKKA,2019,2019-09-22 14:15:00,train
sequences\seq_HIKKA_2019_2443.npy,sequences\tgt_HIKKA_2019_2443.npy,HIKKA,2019,2019-09-22 14:30:00,train
sequences\seq_HIKKA_2019_2444.npy,sequences\tgt_HIKKA_2019_2444.npy,HIKKA,2019,2019-09-22 14:45:00,train
sequences\seq_HIKKA_2019_2445.npy,sequences\tgt_HIKKA_2019_2445.npy,HIKKA,2019,2019-09-22 15:00:00,train
sequences\seq_HIKKA_2019_2446.npy,sequences\tgt_HIKKA_2019_2446.npy,HIKKA,2019,2019-09-22 15:15:00,train
sequences\seq_HIKKA_2019_2447.npy,sequences\tgt_HIKKA_2019_2447.npy,HIKKA,2019,2019-09-22 15:30:00,train
sequences\seq_HIKKA_2019_2448.npy,sequences\tgt_HIKKA_2019_2448.npy,HIKKA,2019,2019-09-22 15:45:00,train
sequences\seq_HIKKA_2019_2449.npy,sequences\tgt_HIKKA_2019_2449.npy,HIKKA,2019,2019-09-22 16:00:00,train
sequences\seq_HIKKA_2019_2450.npy,sequences\tgt_HIKKA_2019_2450.npy,HIKKA,2019,2019-09-22 16:15:00,train
sequences\seq_HIKKA_2019_2451.npy,sequences\tgt_HIKKA_2019_2451.npy,HIKKA,2019,2019-09-22 16:30:00,train
sequences\seq_HIKKA_2019_2452.npy,sequences\tgt_HIKKA_2019_2452.npy,HIKKA,2019,2019-09-22 16:45:00,train
sequences\seq_HIKKA_2019_2453.npy,sequences\tgt_HIKKA_2019_2453.npy,HIKKA,2019,2019-09-22 17:15:00,train
sequences\seq_HIKKA_2019_2454.npy,sequences\tgt_HIKKA_2019_2454.npy,HIKKA,2019,2019-09-22 21:30:00,train
sequences\seq_HIKKA_2019_2455.npy,sequences\tgt_HIKKA_2019_2455.npy,HIKKA,2019,2019-09-22 21:45:00,train
sequences\seq_HIKKA_2019_2456.npy,sequences\tgt_HIKKA_2019_2456.npy,HIKKA,2019,2019-09-22 22:00:00,train
sequences\seq_HIKKA_2019_2457.npy,sequences\tgt_HIKKA_2019_2457.npy,HIKKA,2019,2019-09-22 22:15:00,train
sequences\seq_HIKKA_2019_2458.npy,sequences\tgt_HIKKA_2019_2458.npy,HIKKA,2019,2019-09-22 22:30:00,train
sequences\seq_HIKKA_2019_2459.npy,sequences\tgt_HIKKA_2019_2459.npy,HIKKA,2019,2019-09-22 22:45:00,train
sequences\seq_HIKKA_2019_2460.npy,sequences\tgt_HIKKA_2019_2460.npy,HIKKA,2019,2019-09-22 23:00:00,train
sequences\seq_HIKKA_2019_2461.npy,sequences\tgt_HIKKA_2019_2461.npy,HIKKA,2019,2019-09-22 23:15:00,train
sequences\seq_HIKKA_2019_2462.npy,sequences\tgt_HIKKA_2019_2462.npy,HIKKA,2019,2019-09-22 23:30:00,train
sequences\seq_HIKKA_2019_2463.npy,sequences\tgt_HIKKA_2019_2463.npy,HIKKA,2019,2019-09-22 23:45:00,train
sequences\seq_HIKKA_2019_2464.npy,sequences\tgt_HIKKA_2019_2464.npy,HIKKA,2019,2019-09-23 00:00:00,train
sequences\seq_HIKKA_2019_2465.npy,sequences\tgt_HIKKA_2019_2465.npy,HIKKA,2019,2019-09-23 00:15:00,train
sequences\seq_HIKKA_2019_2466.npy,sequences\tgt_HIKKA_2019_2466.npy,HIKKA,2019,2019-09-23 00:30:00,train
sequences\seq_HIKKA_2019_2467.npy,sequences\tgt_HIKKA_2019_2467.npy,HIKKA,2019,2019-09-23 00:45:00,train
sequences\seq_HIKKA_2019_2468.npy,sequences\tgt_HIKKA_2019_2468.npy,HIKKA,2019,2019-09-23 01:00:00,train
sequences\seq_HIKKA_2019_2469.npy,sequences\tgt_HIKKA_2019_2469.npy,HIKKA,2019,2019-09-23 01:15:00,train
sequences\seq_HIKKA_2019_2470.npy,sequences\tgt_HIKKA_2019_2470.npy,HIKKA,2019,2019-09-23 01:30:00,train
sequences\seq_HIKKA_2019_2471.npy,sequences\tgt_HIKKA_2019_2471.npy,HIKKA,2019,2019-09-23 01:45:00,train
sequences\seq_HIKKA_2019_2472.npy,sequences\tgt_HIKKA_2019_2472.npy,HIKKA,2019,2019-09-23 02:00:00,train
sequences\seq_HIKKA_2019_2473.npy,sequences\tgt_HIKKA_2019_2473.npy,HIKKA,2019,2019-09-23 02:15:00,train
sequences\seq_HIKKA_2019_2474.npy,sequences\tgt_HIKKA_2019_2474.npy,HIKKA,2019,2019-09-23 02:30:00,train
sequences\seq_HIKKA_2019_2475.npy,sequences\tgt_HIKKA_2019_2475.npy,HIKKA,2019,2019-09-23 02:45:00,train
sequences\seq_HIKKA_2019_2476.npy,sequences\tgt_HIKKA_2019_2476.npy,HIKKA,2019,2019-09-23 03:00:00,train
sequences\seq_HIKKA_2019_2477.npy,sequences\tgt_HIKKA_2019_2477.npy,HIKKA,2019,2019-09-23 03:15:00,train
sequences\seq_HIKKA_2019_2478.npy,sequences\tgt_HIKKA_2019_2478.npy,HIKKA,2019,2019-09-23 03:30:00,train
sequences\seq_HIKKA_2019_2479.npy,sequences\tgt_HIKKA_2019_2479.npy,HIKKA,2019,2019-09-23 03:45:00,train
sequences\seq_HIKKA_2019_2480.npy,sequences\tgt_HIKKA_2019_2480.npy,HIKKA,2019,2019-09-23 04:00:00,train
sequences\seq_HIKKA_2019_2481.npy,sequences\tgt_HIKKA_2019_2481.npy,HIKKA,2019,2019-09-23 04:15:00,train
sequences\seq_HIKKA_2019_2482.npy,sequences\tgt_HIKKA_2019_2482.npy,HIKKA,2019,2019-09-23 04:30:00,train
sequences\seq_HIKKA_2019_2483.npy,sequences\tgt_HIKKA_2019_2483.npy,HIKKA,2019,2019-09-23 04:45:00,train
sequences\seq_HIKKA_2019_2484.npy,sequences\tgt_HIKKA_2019_2484.npy,HIKKA,2019,2019-09-23 05:00:00,train
sequences\seq_HIKKA_2019_2485.npy,sequences\tgt_HIKKA_2019_2485.npy,HIKKA,2019,2019-09-23 05:15:00,train
sequences\seq_HIKKA_2019_2486.npy,sequences\tgt_HIKKA_2019_2486.npy,HIKKA,2019,2019-09-23 05:30:00,train
sequences\seq_HIKKA_2019_2487.npy,sequences\tgt_HIKKA_2019_2487.npy,HIKKA,2019,2019-09-23 05:45:00,train
sequences\seq_HIKKA_2019_2488.npy,sequences\tgt_HIKKA_2019_2488.npy,HIKKA,2019,2019-09-23 06:00:00,train
sequences\seq_HIKKA_2019_2489.npy,sequences\tgt_HIKKA_2019_2489.npy,HIKKA,2019,2019-09-23 06:15:00,train
sequences\seq_HIKKA_2019_2490.npy,sequences\tgt_HIKKA_2019_2490.npy,HIKKA,2019,2019-09-23 06:30:00,train
sequences\seq_HIKKA_2019_2491.npy,sequences\tgt_HIKKA_2019_2491.npy,HIKKA,2019,2019-09-23 06:45:00,train
sequences\seq_HIKKA_2019_2492.npy,sequences\tgt_HIKKA_2019_2492.npy,HIKKA,2019,2019-09-23 07:00:00,train
sequences\seq_HIKKA_2019_2493.npy,sequences\tgt_HIKKA_2019_2493.npy,HIKKA,2019,2019-09-23 07:15:00,train
sequences\seq_HIKKA_2019_2494.npy,sequences\tgt_HIKKA_2019_2494.npy,HIKKA,2019,2019-09-23 07:30:00,train
sequences\seq_HIKKA_2019_2495.npy,sequences\tgt_HIKKA_2019_2495.npy,HIKKA,2019,2019-09-23 07:45:00,train
sequences\seq_HIKKA_2019_2496.npy,sequences\tgt_HIKKA_2019_2496.npy,HIKKA,2019,2019-09-23 08:00:00,train
sequences\seq_HIKKA_2019_2497.npy,sequences\tgt_HIKKA_2019_2497.npy,HIKKA,2019,2019-09-23 08:15:00,train
sequences\seq_HIKKA_2019_2498.npy,sequences\tgt_HIKKA_2019_2498.npy,HIKKA,2019,2019-09-23 08:30:00,train
sequences\seq_HIKKA_2019_2499.npy,sequences\tgt_HIKKA_2019_2499.npy,HIKKA,2019,2019-09-23 08:45:00,train
sequences\seq_HIKKA_2019_2500.npy,sequences\tgt_HIKKA_2019_2500.npy,HIKKA,2019,2019-09-23 09:00:00,train
sequences\seq_HIKKA_2019_2501.npy,sequences\tgt_HIKKA_2019_2501.npy,HIKKA,2019,2019-09-23 09:15:00,train
sequences\seq_HIKKA_2019_2502.npy,sequences\tgt_HIKKA_2019_2502.npy,HIKKA,2019,2019-09-23 09:30:00,train
sequences\seq_HIKKA_2019_2503.npy,sequences\tgt_HIKKA_2019_2503.npy,HIKKA,2019,2019-09-23 09:45:00,train
sequences\seq_HIKKA_2019_2504.npy,sequences\tgt_HIKKA_2019_2504.npy,HIKKA,2019,2019-09-23 10:00:00,train
sequences\seq_HIKKA_2019_2505.npy,sequences\tgt_HIKKA_2019_2505.npy,HIKKA,2019,2019-09-23 10:15:00,train
sequences\seq_HIKKA_2019_2506.npy,sequences\tgt_HIKKA_2019_2506.npy,HIKKA,2019,2019-09-23 10:30:00,train
sequences\seq_HIKKA_2019_2507.npy,sequences\tgt_HIKKA_2019_2507.npy,HIKKA,2019,2019-09-23 10:45:00,train
sequences\seq_HIKKA_2019_2508.npy,sequences\tgt_HIKKA_2019_2508.npy,HIKKA,2019,2019-09-23 11:00:00,train
sequences\seq_HIKKA_2019_2509.npy,sequences\tgt_HIKKA_2019_2509.npy,HIKKA,2019,2019-09-23 11:15:00,train
sequences\seq_HIKKA_2019_2510.npy,sequences\tgt_HIKKA_2019_2510.npy,HIKKA,2019,2019-09-23 11:30:00,train
sequences\seq_HIKKA_2019_2511.npy,sequences\tgt_HIKKA_2019_2511.npy,HIKKA,2019,2019-09-23 11:45:00,train
sequences\seq_HIKKA_2019_2512.npy,sequences\tgt_HIKKA_2019_2512.npy,HIKKA,2019,2019-09-23 12:00:00,train
sequences\seq_HIKKA_2019_2513.npy,sequences\tgt_HIKKA_2019_2513.npy,HIKKA,2019,2019-09-23 12:15:00,train
sequences\seq_HIKKA_2019_2514.npy,sequences\tgt_HIKKA_2019_2514.npy,HIKKA,2019,2019-09-23 12:30:00,train
sequences\seq_HIKKA_2019_2515.npy,sequences\tgt_HIKKA_2019_2515.npy,HIKKA,2019,2019-09-23 13:00:00,train
sequences\seq_HIKKA_2019_2516.npy,sequences\tgt_HIKKA_2019_2516.npy,HIKKA,2019,2019-09-23 13:15:00,train
sequences\seq_HIKKA_2019_2517.npy,sequences\tgt_HIKKA_2019_2517.npy,HIKKA,2019,2019-09-23 13:30:00,train
sequences\seq_HIKKA_2019_2518.npy,sequences\tgt_HIKKA_2019_2518.npy,HIKKA,2019,2019-09-23 13:45:00,train
sequences\seq_HIKKA_2019_2519.npy,sequences\tgt_HIKKA_2019_2519.npy,HIKKA,2019,2019-09-23 14:00:00,train
sequences\seq_HIKKA_2019_2520.npy,sequences\tgt_HIKKA_2019_2520.npy,HIKKA,2019,2019-09-23 14:15:00,train
sequences\seq_HIKKA_2019_2521.npy,sequences\tgt_HIKKA_2019_2521.npy,HIKKA,2019,2019-09-23 14:30:00,train
sequences\seq_HIKKA_2019_2522.npy,sequences\tgt_HIKKA_2019_2522.npy,HIKKA,2019,2019-09-23 14:45:00,train
sequences\seq_HIKKA_2019_2523.npy,sequences\tgt_HIKKA_2019_2523.npy,HIKKA,2019,2019-09-23 15:00:00,train
sequences\seq_HIKKA_2019_2524.npy,sequences\tgt_HIKKA_2019_2524.npy,HIKKA,2019,2019-09-23 15:15:00,train
sequences\seq_HIKKA_2019_2525.npy,sequences\tgt_HIKKA_2019_2525.npy,HIKKA,2019,2019-09-23 15:30:00,train
sequences\seq_HIKKA_2019_2526.npy,sequences\tgt_HIKKA_2019_2526.npy,HIKKA,2019,2019-09-23 15:45:00,train
sequences\seq_HIKKA_2019_2527.npy,sequences\tgt_HIKKA_2019_2527.npy,HIKKA,2019,2019-09-23 16:00:00,train
sequences\seq_HIKKA_2019_2528.npy,sequences\tgt_HIKKA_2019_2528.npy,HIKKA,2019,2019-09-23 16:30:00,train
sequences\seq_HIKKA_2019_2529.npy,sequences\tgt_HIKKA_2019_2529.npy,HIKKA,2019,2019-09-23 16:45:00,train
sequences\seq_HIKKA_2019_2530.npy,sequences\tgt_HIKKA_2019_2530.npy,HIKKA,2019,2019-09-23 21:30:00,train
sequences\seq_HIKKA_2019_2531.npy,sequences\tgt_HIKKA_2019_2531.npy,HIKKA,2019,2019-09-23 21:45:00,train
sequences\seq_HIKKA_2019_2532.npy,sequences\tgt_HIKKA_2019_2532.npy,HIKKA,2019,2019-09-23 22:00:00,train
sequences\seq_HIKKA_2019_2533.npy,sequences\tgt_HIKKA_2019_2533.npy,HIKKA,2019,2019-09-23 22:15:00,train
sequences\seq_HIKKA_2019_2534.npy,sequences\tgt_HIKKA_2019_2534.npy,HIKKA,2019,2019-09-23 22:30:00,train
sequences\seq_HIKKA_2019_2535.npy,sequences\tgt_HIKKA_2019_2535.npy,HIKKA,2019,2019-09-23 22:45:00,train
sequences\seq_HIKKA_2019_2536.npy,sequences\tgt_HIKKA_2019_2536.npy,HIKKA,2019,2019-09-23 23:00:00,train
sequences\seq_HIKKA_2019_2537.npy,sequences\tgt_HIKKA_2019_2537.npy,HIKKA,2019,2019-09-23 23:30:00,train
sequences\seq_HIKKA_2019_2538.npy,sequences\tgt_HIKKA_2019_2538.npy,HIKKA,2019,2019-09-23 23:45:00,train
sequences\seq_HIKKA_2019_2539.npy,sequences\tgt_HIKKA_2019_2539.npy,HIKKA,2019,2019-09-24 00:00:00,train
sequences\seq_HIKKA_2019_2540.npy,sequences\tgt_HIKKA_2019_2540.npy,HIKKA,2019,2019-09-24 00:15:00,train
sequences\seq_HIKKA_2019_2541.npy,sequences\tgt_HIKKA_2019_2541.npy,HIKKA,2019,2019-09-24 00:30:00,train
sequences\seq_HIKKA_2019_2542.npy,sequences\tgt_HIKKA_2019_2542.npy,HIKKA,2019,2019-09-24 00:45:00,train
sequences\seq_HIKKA_2019_2543.npy,sequences\tgt_HIKKA_2019_2543.npy,HIKKA,2019,2019-09-24 01:00:00,train
sequences\seq_HIKKA_2019_2544.npy,sequences\tgt_HIKKA_2019_2544.npy,HIKKA,2019,2019-09-24 01:15:00,train
sequences\seq_HIKKA_2019_2545.npy,sequences\tgt_HIKKA_2019_2545.npy,HIKKA,2019,2019-09-24 01:30:00,train
sequences\seq_HIKKA_2019_2546.npy,sequences\tgt_HIKKA_2019_2546.npy,HIKKA,2019,2019-09-24 01:45:00,train
sequences\seq_HIKKA_2019_2547.npy,sequences\tgt_HIKKA_2019_2547.npy,HIKKA,2019,2019-09-24 02:00:00,train
sequences\seq_HIKKA_2019_2548.npy,sequences\tgt_HIKKA_2019_2548.npy,HIKKA,2019,2019-09-24 02:15:00,train
sequences\seq_HIKKA_2019_2549.npy,sequences\tgt_HIKKA_2019_2549.npy,HIKKA,2019,2019-09-24 02:30:00,train
sequences\seq_HIKKA_2019_2550.npy,sequences\tgt_HIKKA_2019_2550.npy,HIKKA,2019,2019-09-24 03:00:00,train
sequences\seq_HIKKA_2019_2551.npy,sequences\tgt_HIKKA_2019_2551.npy,HIKKA,2019,2019-09-24 03:15:00,train
sequences\seq_HIKKA_2019_2552.npy,sequences\tgt_HIKKA_2019_2552.npy,HIKKA,2019,2019-09-24 03:30:00,train
sequences\seq_HIKKA_2019_2553.npy,sequences\tgt_HIKKA_2019_2553.npy,HIKKA,2019,2019-09-24 03:45:00,train
sequences\seq_HIKKA_2019_2554.npy,sequences\tgt_HIKKA_2019_2554.npy,HIKKA,2019,2019-09-24 04:00:00,train
sequences\seq_HIKKA_2019_2555.npy,sequences\tgt_HIKKA_2019_2555.npy,HIKKA,2019,2019-09-24 04:15:00,train
sequences\seq_HIKKA_2019_2556.npy,sequences\tgt_HIKKA_2019_2556.npy,HIKKA,2019,2019-09-24 04:30:00,train
sequences\seq_HIKKA_2019_2557.npy,sequences\tgt_HIKKA_2019_2557.npy,HIKKA,2019,2019-09-24 04:45:00,train
sequences\seq_HIKKA_2019_2558.npy,sequences\tgt_HIKKA_2019_2558.npy,HIKKA,2019,2019-09-24 05:00:00,train
sequences\seq_HIKKA_2019_2559.npy,sequences\tgt_HIKKA_2019_2559.npy,HIKKA,2019,2019-09-24 05:15:00,train
sequences\seq_HIKKA_2019_2560.npy,sequences\tgt_HIKKA_2019_2560.npy,HIKKA,2019,2019-09-24 05:30:00,train
sequences\seq_HIKKA_2019_2561.npy,sequences\tgt_HIKKA_2019_2561.npy,HIKKA,2019,2019-09-24 05:45:00,train
sequences\seq_HIKKA_2019_2562.npy,sequences\tgt_HIKKA_2019_2562.npy,HIKKA,2019,2019-09-24 06:15:00,train
sequences\seq_HIKKA_2019_2563.npy,sequences\tgt_HIKKA_2019_2563.npy,HIKKA,2019,2019-09-24 06:45:00,train
sequences\seq_HIKKA_2019_2564.npy,sequences\tgt_HIKKA_2019_2564.npy,HIKKA,2019,2019-09-24 07:15:00,train
sequences\seq_HIKKA_2019_2565.npy,sequences\tgt_HIKKA_2019_2565.npy,HIKKA,2019,2019-09-24 07:45:00,train
sequences\seq_HIKKA_2019_2566.npy,sequences\tgt_HIKKA_2019_2566.npy,HIKKA,2019,2019-09-24 08:00:00,train
sequences\seq_HIKKA_2019_2567.npy,sequences\tgt_HIKKA_2019_2567.npy,HIKKA,2019,2019-09-24 08:15:00,train
sequences\seq_HIKKA_2019_2568.npy,sequences\tgt_HIKKA_2019_2568.npy,HIKKA,2019,2019-09-24 08:30:00,train
sequences\seq_HIKKA_2019_2569.npy,sequences\tgt_HIKKA_2019_2569.npy,HIKKA,2019,2019-09-24 08:45:00,train
sequences\seq_HIKKA_2019_2570.npy,sequences\tgt_HIKKA_2019_2570.npy,HIKKA,2019,2019-09-24 09:00:00,train
sequences\seq_HIKKA_2019_2571.npy,sequences\tgt_HIKKA_2019_2571.npy,HIKKA,2019,2019-09-24 09:15:00,train
sequences\seq_HIKKA_2019_2572.npy,sequences\tgt_HIKKA_2019_2572.npy,HIKKA,2019,2019-09-24 09:30:00,train
sequences\seq_HIKKA_2019_2573.npy,sequences\tgt_HIKKA_2019_2573.npy,HIKKA,2019,2019-09-24 09:45:00,train
sequences\seq_HIKKA_2019_2574.npy,sequences\tgt_HIKKA_2019_2574.npy,HIKKA,2019,2019-09-24 10:00:00,train
sequences\seq_HIKKA_2019_2575.npy,sequences\tgt_HIKKA_2019_2575.npy,HIKKA,2019,2019-09-24 10:30:00,train
sequences\seq_HIKKA_2019_2576.npy,sequences\tgt_HIKKA_2019_2576.npy,HIKKA,2019,2019-09-24 11:00:00,train
sequences\seq_HIKKA_2019_2577.npy,sequences\tgt_HIKKA_2019_2577.npy,HIKKA,2019,2019-09-24 11:15:00,train
sequences\seq_HIKKA_2019_2578.npy,sequences\tgt_HIKKA_2019_2578.npy,HIKKA,2019,2019-09-24 11:30:00,train
sequences\seq_HIKKA_2019_2579.npy,sequences\tgt_HIKKA_2019_2579.npy,HIKKA,2019,2019-09-24 11:45:00,train
sequences\seq_HIKKA_2019_2580.npy,sequences\tgt_HIKKA_2019_2580.npy,HIKKA,2019,2019-09-24 12:00:00,train
sequences\seq_HIKKA_2019_2581.npy,sequences\tgt_HIKKA_2019_2581.npy,HIKKA,2019,2019-09-24 12:45:00,train
sequences\seq_HIKKA_2019_2582.npy,sequences\tgt_HIKKA_2019_2582.npy,HIKKA,2019,2019-09-24 13:00:00,train
sequences\seq_HIKKA_2019_2583.npy,sequences\tgt_HIKKA_2019_2583.npy,HIKKA,2019,2019-09-24 13:30:00,train
sequences\seq_HIKKA_2019_2584.npy,sequences\tgt_HIKKA_2019_2584.npy,HIKKA,2019,2019-09-24 13:45:00,train
sequences\seq_HIKKA_2019_2585.npy,sequences\tgt_HIKKA_2019_2585.npy,HIKKA,2019,2019-09-24 14:00:00,train
sequences\seq_HIKKA_2019_2586.npy,sequences\tgt_HIKKA_2019_2586.npy,HIKKA,2019,2019-09-24 14:15:00,train
sequences\seq_HIKKA_2019_2587.npy,sequences\tgt_HIKKA_2019_2587.npy,HIKKA,2019,2019-09-24 14:30:00,train
sequences\seq_HIKKA_2019_2588.npy,sequences\tgt_HIKKA_2019_2588.npy,HIKKA,2019,2019-09-24 14:45:00,train
sequences\seq_HIKKA_2019_2589.npy,sequences\tgt_HIKKA_2019_2589.npy,HIKKA,2019,2019-09-24 15:00:00,train
sequences\seq_HIKKA_2019_2590.npy,sequences\tgt_HIKKA_2019_2590.npy,HIKKA,2019,2019-09-24 15:30:00,train
sequences\seq_HIKKA_2019_2591.npy,sequences\tgt_HIKKA_2019_2591.npy,HIKKA,2019,2019-09-24 15:45:00,train
sequences\seq_HIKKA_2019_2592.npy,sequences\tgt_HIKKA_2019_2592.npy,HIKKA,2019,2019-09-24 16:00:00,train
sequences\seq_HIKKA_2019_2593.npy,sequences\tgt_HIKKA_2019_2593.npy,HIKKA,2019,2019-09-24 16:30:00,train
sequences\seq_HIKKA_2019_2594.npy,sequences\tgt_HIKKA_2019_2594.npy,HIKKA,2019,2019-09-24 17:15:00,train
sequences\seq_HIKKA_2019_2595.npy,sequences\tgt_HIKKA_2019_2595.npy,HIKKA,2019,2019-09-24 20:30:00,train
sequences\seq_HIKKA_2019_2596.npy,sequences\tgt_HIKKA_2019_2596.npy,HIKKA,2019,2019-09-24 21:00:00,train
sequences\seq_HIKKA_2019_2597.npy,sequences\tgt_HIKKA_2019_2597.npy,HIKKA,2019,2019-09-24 21:30:00,train
sequences\seq_HIKKA_2019_2598.npy,sequences\tgt_HIKKA_2019_2598.npy,HIKKA,2019,2019-09-24 21:45:00,train
sequences\seq_HIKKA_2019_2599.npy,sequences\tgt_HIKKA_2019_2599.npy,HIKKA,2019,2019-09-24 22:00:00,train
sequences\seq_HIKKA_2019_2600.npy,sequences\tgt_HIKKA_2019_2600.npy,HIKKA,2019,2019-09-24 22:30:00,train
sequences\seq_HIKKA_2019_2601.npy,sequences\tgt_HIKKA_2019_2601.npy,HIKKA,2019,2019-09-24 23:00:00,train
sequences\seq_HIKKA_2019_2602.npy,sequences\tgt_HIKKA_2019_2602.npy,HIKKA,2019,2019-09-25 00:00:00,train
sequences\seq_HIKKA_2019_2603.npy,sequences\tgt_HIKKA_2019_2603.npy,HIKKA,2019,2019-09-25 00:30:00,train
sequences\seq_HIKKA_2019_2604.npy,sequences\tgt_HIKKA_2019_2604.npy,HIKKA,2019,2019-09-25 00:45:00,train
sequences\seq_HIKKA_2019_2605.npy,sequences\tgt_HIKKA_2019_2605.npy,HIKKA,2019,2019-09-25 01:00:00,train
sequences\seq_HIKKA_2019_2606.npy,sequences\tgt_HIKKA_2019_2606.npy,HIKKA,2019,2019-09-25 01:30:00,train
sequences\seq_HIKKA_2019_2607.npy,sequences\tgt_HIKKA_2019_2607.npy,HIKKA,2019,2019-09-25 02:00:00,train
sequences\seq_HIKKA_2019_2608.npy,sequences\tgt_HIKKA_2019_2608.npy,HIKKA,2019,2019-09-25 02:15:00,train
sequences\seq_HIKKA_2019_2609.npy,sequences\tgt_HIKKA_2019_2609.npy,HIKKA,2019,2019-09-25 02:30:00,train
sequences\seq_HIKKA_2019_2610.npy,sequences\tgt_HIKKA_2019_2610.npy,HIKKA,2019,2019-09-25 02:45:00,train
sequences\seq_HIKKA_2019_2611.npy,sequences\tgt_HIKKA_2019_2611.npy,HIKKA,2019,2019-09-25 03:00:00,train
sequences\seq_HIKKA_2019_2612.npy,sequences\tgt_HIKKA_2019_2612.npy,HIKKA,2019,2019-09-25 03:30:00,train
sequences\seq_HIKKA_2019_2613.npy,sequences\tgt_HIKKA_2019_2613.npy,HIKKA,2019,2019-09-25 03:45:00,train
sequences\seq_HIKKA_2019_2614.npy,sequences\tgt_HIKKA_2019_2614.npy,HIKKA,2019,2019-09-25 04:00:00,train
sequences\seq_HIKKA_2019_2615.npy,sequences\tgt_HIKKA_2019_2615.npy,HIKKA,2019,2019-09-25 04:15:00,train
sequences\seq_HIKKA_2019_2616.npy,sequences\tgt_HIKKA_2019_2616.npy,HIKKA,2019,2019-09-25 04:30:00,train
sequences\seq_HIKKA_2019_2617.npy,sequences\tgt_HIKKA_2019_2617.npy,HIKKA,2019,2019-09-25 04:45:00,train
sequences\seq_HIKKA_2019_2618.npy,sequences\tgt_HIKKA_2019_2618.npy,HIKKA,2019,2019-09-25 05:15:00,train
sequences\seq_HIKKA_2019_2619.npy,sequences\tgt_HIKKA_2019_2619.npy,HIKKA,2019,2019-09-25 05:45:00,train
sequences\seq_HIKKA_2019_2620.npy,sequences\tgt_HIKKA_2019_2620.npy,HIKKA,2019,2019-09-25 06:00:00,train
sequences\seq_HIKKA_2019_2621.npy,sequences\tgt_HIKKA_2019_2621.npy,HIKKA,2019,2019-09-25 06:15:00,train
sequences\seq_HIKKA_2019_2622.npy,sequences\tgt_HIKKA_2019_2622.npy,HIKKA,2019,2019-09-25 07:00:00,train
sequences\seq_HIKKA_2019_2623.npy,sequences\tgt_HIKKA_2019_2623.npy,HIKKA,2019,2019-09-25 07:30:00,train
sequences\seq_HIKKA_2019_2624.npy,sequences\tgt_HIKKA_2019_2624.npy,HIKKA,2019,2019-09-25 07:45:00,train
sequences\seq_HIKKA_2019_2625.npy,sequences\tgt_HIKKA_2019_2625.npy,HIKKA,2019,2019-09-25 08:00:00,train
sequences\seq_HIKKA_2019_2626.npy,sequences\tgt_HIKKA_2019_2626.npy,HIKKA,2019,2019-09-25 08:15:00,train
sequences\seq_HIKKA_2019_2627.npy,sequences\tgt_HIKKA_2019_2627.npy,HIKKA,2019,2019-09-25 08:30:00,train
sequences\seq_HIKKA_2019_2628.npy,sequences\tgt_HIKKA_2019_2628.npy,HIKKA,2019,2019-09-25 08:45:00,train
sequences\seq_HIKKA_2019_2629.npy,sequences\tgt_HIKKA_2019_2629.npy,HIKKA,2019,2019-09-25 09:00:00,train
sequences\seq_HIKKA_2019_2630.npy,sequences\tgt_HIKKA_2019_2630.npy,HIKKA,2019,2019-09-25 09:15:00,train
sequences\seq_HIKKA_2019_2631.npy,sequences\tgt_HIKKA_2019_2631.npy,HIKKA,2019,2019-09-25 09:30:00,train
sequences\seq_HIKKA_2019_2632.npy,sequences\tgt_HIKKA_2019_2632.npy,HIKKA,2019,2019-09-25 09:45:00,train
sequences\seq_HUDHUD_2014_2633.npy,sequences\tgt_HUDHUD_2014_2633.npy,HUDHUD,2014,2014-10-09 20:00:00,train
sequences\seq_HUDHUD_2014_2634.npy,sequences\tgt_HUDHUD_2014_2634.npy,HUDHUD,2014,2014-10-09 20:30:00,train
sequences\seq_HUDHUD_2014_2635.npy,sequences\tgt_HUDHUD_2014_2635.npy,HUDHUD,2014,2014-10-09 21:00:00,train
sequences\seq_HUDHUD_2014_2636.npy,sequences\tgt_HUDHUD_2014_2636.npy,HUDHUD,2014,2014-10-09 21:30:00,train
sequences\seq_HUDHUD_2014_2637.npy,sequences\tgt_HUDHUD_2014_2637.npy,HUDHUD,2014,2014-10-09 22:00:00,train
sequences\seq_HUDHUD_2014_2638.npy,sequences\tgt_HUDHUD_2014_2638.npy,HUDHUD,2014,2014-10-09 22:30:00,train
sequences\seq_HUDHUD_2014_2639.npy,sequences\tgt_HUDHUD_2014_2639.npy,HUDHUD,2014,2014-10-09 23:00:00,train
sequences\seq_HUDHUD_2014_2640.npy,sequences\tgt_HUDHUD_2014_2640.npy,HUDHUD,2014,2014-10-09 23:30:00,train
sequences\seq_HUDHUD_2014_2641.npy,sequences\tgt_HUDHUD_2014_2641.npy,HUDHUD,2014,2014-10-10 00:00:00,train
sequences\seq_HUDHUD_2014_2642.npy,sequences\tgt_HUDHUD_2014_2642.npy,HUDHUD,2014,2014-10-10 00:30:00,train
sequences\seq_HUDHUD_2014_2643.npy,sequences\tgt_HUDHUD_2014_2643.npy,HUDHUD,2014,2014-10-10 01:00:00,train
sequences\seq_HUDHUD_2014_2644.npy,sequences\tgt_HUDHUD_2014_2644.npy,HUDHUD,2014,2014-10-10 01:30:00,train
sequences\seq_HUDHUD_2014_2645.npy,sequences\tgt_HUDHUD_2014_2645.npy,HUDHUD,2014,2014-10-10 02:00:00,train
sequences\seq_HUDHUD_2014_2646.npy,sequences\tgt_HUDHUD_2014_2646.npy,HUDHUD,2014,2014-10-10 02:30:00,train
sequences\seq_HUDHUD_2014_2647.npy,sequences\tgt_HUDHUD_2014_2647.npy,HUDHUD,2014,2014-10-10 03:00:00,train
sequences\seq_HUDHUD_2014_2648.npy,sequences\tgt_HUDHUD_2014_2648.npy,HUDHUD,2014,2014-10-10 03:30:00,train
sequences\seq_HUDHUD_2014_2649.npy,sequences\tgt_HUDHUD_2014_2649.npy,HUDHUD,2014,2014-10-10 04:00:00,train
sequences\seq_HUDHUD_2014_2650.npy,sequences\tgt_HUDHUD_2014_2650.npy,HUDHUD,2014,2014-10-10 04:30:00,train
sequences\seq_HUDHUD_2014_2651.npy,sequences\tgt_HUDHUD_2014_2651.npy,HUDHUD,2014,2014-10-10 05:00:00,train
sequences\seq_HUDHUD_2014_2652.npy,sequences\tgt_HUDHUD_2014_2652.npy,HUDHUD,2014,2014-10-10 05:30:00,train
sequences\seq_HUDHUD_2014_2653.npy,sequences\tgt_HUDHUD_2014_2653.npy,HUDHUD,2014,2014-10-10 06:00:00,train
sequences\seq_HUDHUD_2014_2654.npy,sequences\tgt_HUDHUD_2014_2654.npy,HUDHUD,2014,2014-10-10 06:30:00,train
sequences\seq_HUDHUD_2014_2655.npy,sequences\tgt_HUDHUD_2014_2655.npy,HUDHUD,2014,2014-10-10 07:00:00,train
sequences\seq_HUDHUD_2014_2656.npy,sequences\tgt_HUDHUD_2014_2656.npy,HUDHUD,2014,2014-10-10 07:30:00,train
sequences\seq_HUDHUD_2014_2657.npy,sequences\tgt_HUDHUD_2014_2657.npy,HUDHUD,2014,2014-10-10 08:00:00,train
sequences\seq_HUDHUD_2014_2658.npy,sequences\tgt_HUDHUD_2014_2658.npy,HUDHUD,2014,2014-10-10 08:30:00,train
sequences\seq_HUDHUD_2014_2659.npy,sequences\tgt_HUDHUD_2014_2659.npy,HUDHUD,2014,2014-10-10 09:00:00,train
sequences\seq_HUDHUD_2014_2660.npy,sequences\tgt_HUDHUD_2014_2660.npy,HUDHUD,2014,2014-10-10 10:00:00,train
sequences\seq_HUDHUD_2014_2661.npy,sequences\tgt_HUDHUD_2014_2661.npy,HUDHUD,2014,2014-10-10 10:30:00,train
sequences\seq_HUDHUD_2014_2662.npy,sequences\tgt_HUDHUD_2014_2662.npy,HUDHUD,2014,2014-10-10 11:30:00,train
sequences\seq_HUDHUD_2014_2663.npy,sequences\tgt_HUDHUD_2014_2663.npy,HUDHUD,2014,2014-10-10 12:00:00,train
sequences\seq_HUDHUD_2014_2664.npy,sequences\tgt_HUDHUD_2014_2664.npy,HUDHUD,2014,2014-10-10 12:30:00,train
sequences\seq_HUDHUD_2014_2665.npy,sequences\tgt_HUDHUD_2014_2665.npy,HUDHUD,2014,2014-10-10 13:00:00,train
sequences\seq_HUDHUD_2014_2666.npy,sequences\tgt_HUDHUD_2014_2666.npy,HUDHUD,2014,2014-10-10 13:30:00,train
sequences\seq_HUDHUD_2014_2667.npy,sequences\tgt_HUDHUD_2014_2667.npy,HUDHUD,2014,2014-10-10 14:00:00,train
sequences\seq_HUDHUD_2014_2668.npy,sequences\tgt_HUDHUD_2014_2668.npy,HUDHUD,2014,2014-10-10 14:30:00,train
sequences\seq_HUDHUD_2014_2669.npy,sequences\tgt_HUDHUD_2014_2669.npy,HUDHUD,2014,2014-10-10 15:00:00,train
sequences\seq_HUDHUD_2014_2670.npy,sequences\tgt_HUDHUD_2014_2670.npy,HUDHUD,2014,2014-10-10 15:30:00,train
sequences\seq_HUDHUD_2014_2671.npy,sequences\tgt_HUDHUD_2014_2671.npy,HUDHUD,2014,2014-10-10 16:00:00,train
sequences\seq_HUDHUD_2014_2672.npy,sequences\tgt_HUDHUD_2014_2672.npy,HUDHUD,2014,2014-10-10 16:30:00,train
sequences\seq_HUDHUD_2014_2673.npy,sequences\tgt_HUDHUD_2014_2673.npy,HUDHUD,2014,2014-10-10 20:00:00,train
sequences\seq_HUDHUD_2014_2674.npy,sequences\tgt_HUDHUD_2014_2674.npy,HUDHUD,2014,2014-10-10 20:30:00,train
sequences\seq_HUDHUD_2014_2675.npy,sequences\tgt_HUDHUD_2014_2675.npy,HUDHUD,2014,2014-10-10 21:00:00,train
sequences\seq_HUDHUD_2014_2676.npy,sequences\tgt_HUDHUD_2014_2676.npy,HUDHUD,2014,2014-10-10 21:30:00,train
sequences\seq_HUDHUD_2014_2677.npy,sequences\tgt_HUDHUD_2014_2677.npy,HUDHUD,2014,2014-10-10 22:00:00,train
sequences\seq_HUDHUD_2014_2678.npy,sequences\tgt_HUDHUD_2014_2678.npy,HUDHUD,2014,2014-10-10 22:30:00,train
sequences\seq_HUDHUD_2014_2679.npy,sequences\tgt_HUDHUD_2014_2679.npy,HUDHUD,2014,2014-10-10 23:30:00,train
sequences\seq_HUDHUD_2014_2680.npy,sequences\tgt_HUDHUD_2014_2680.npy,HUDHUD,2014,2014-10-11 00:00:00,train
sequences\seq_HUDHUD_2014_2681.npy,sequences\tgt_HUDHUD_2014_2681.npy,HUDHUD,2014,2014-10-11 00:30:00,train
sequences\seq_HUDHUD_2014_2682.npy,sequences\tgt_HUDHUD_2014_2682.npy,HUDHUD,2014,2014-10-11 01:00:00,train
sequences\seq_HUDHUD_2014_2683.npy,sequences\tgt_HUDHUD_2014_2683.npy,HUDHUD,2014,2014-10-11 01:30:00,train
sequences\seq_HUDHUD_2014_2684.npy,sequences\tgt_HUDHUD_2014_2684.npy,HUDHUD,2014,2014-10-11 02:00:00,train
sequences\seq_HUDHUD_2014_2685.npy,sequences\tgt_HUDHUD_2014_2685.npy,HUDHUD,2014,2014-10-11 02:30:00,train
sequences\seq_HUDHUD_2014_2686.npy,sequences\tgt_HUDHUD_2014_2686.npy,HUDHUD,2014,2014-10-11 03:00:00,train
sequences\seq_HUDHUD_2014_2687.npy,sequences\tgt_HUDHUD_2014_2687.npy,HUDHUD,2014,2014-10-12 20:00:00,train
sequences\seq_HUDHUD_2014_2688.npy,sequences\tgt_HUDHUD_2014_2688.npy,HUDHUD,2014,2014-10-12 20:30:00,train
sequences\seq_HUDHUD_2014_2689.npy,sequences\tgt_HUDHUD_2014_2689.npy,HUDHUD,2014,2014-10-12 21:00:00,train
sequences\seq_HUDHUD_2014_2690.npy,sequences\tgt_HUDHUD_2014_2690.npy,HUDHUD,2014,2014-10-12 21:30:00,train
sequences\seq_HUDHUD_2014_2691.npy,sequences\tgt_HUDHUD_2014_2691.npy,HUDHUD,2014,2014-10-12 22:30:00,train
sequences\seq_HUDHUD_2014_2692.npy,sequences\tgt_HUDHUD_2014_2692.npy,HUDHUD,2014,2014-10-12 23:00:00,train
sequences\seq_HUDHUD_2014_2693.npy,sequences\tgt_HUDHUD_2014_2693.npy,HUDHUD,2014,2014-10-12 23:30:00,train
sequences\seq_HUDHUD_2014_2694.npy,sequences\tgt_HUDHUD_2014_2694.npy,HUDHUD,2014,2014-10-13 00:00:00,train
sequences\seq_HUDHUD_2014_2695.npy,sequences\tgt_HUDHUD_2014_2695.npy,HUDHUD,2014,2014-10-13 00:30:00,train
sequences\seq_HUDHUD_2014_2696.npy,sequences\tgt_HUDHUD_2014_2696.npy,HUDHUD,2014,2014-10-13 01:00:00,train
sequences\seq_HUDHUD_2014_2697.npy,sequences\tgt_HUDHUD_2014_2697.npy,HUDHUD,2014,2014-10-13 01:30:00,train
sequences\seq_HUDHUD_2014_2698.npy,sequences\tgt_HUDHUD_2014_2698.npy,HUDHUD,2014,2014-10-13 02:00:00,train
sequences\seq_HUDHUD_2014_2699.npy,sequences\tgt_HUDHUD_2014_2699.npy,HUDHUD,2014,2014-10-13 02:30:00,train
sequences\seq_HUDHUD_2014_2700.npy,sequences\tgt_HUDHUD_2014_2700.npy,HUDHUD,2014,2014-10-13 03:00:00,train
sequences\seq_HUDHUD_2014_2701.npy,sequences\tgt_HUDHUD_2014_2701.npy,HUDHUD,2014,2014-10-13 03:30:00,train
sequences\seq_HUDHUD_2014_2702.npy,sequences\tgt_HUDHUD_2014_2702.npy,HUDHUD,2014,2014-10-13 04:00:00,train
sequences\seq_HUDHUD_2014_2703.npy,sequences\tgt_HUDHUD_2014_2703.npy,HUDHUD,2014,2014-10-13 04:30:00,train
sequences\seq_HUDHUD_2014_2704.npy,sequences\tgt_HUDHUD_2014_2704.npy,HUDHUD,2014,2014-10-13 05:00:00,train
sequences\seq_HUDHUD_2014_2705.npy,sequences\tgt_HUDHUD_2014_2705.npy,HUDHUD,2014,2014-10-13 05:30:00,train
sequences\seq_HUDHUD_2014_2706.npy,sequences\tgt_HUDHUD_2014_2706.npy,HUDHUD,2014,2014-10-13 06:00:00,train
sequences\seq_HUDHUD_2014_2707.npy,sequences\tgt_HUDHUD_2014_2707.npy,HUDHUD,2014,2014-10-13 06:30:00,train
sequences\seq_HUDHUD_2014_2708.npy,sequences\tgt_HUDHUD_2014_2708.npy,HUDHUD,2014,2014-10-13 07:00:00,train
sequences\seq_HUDHUD_2014_2709.npy,sequences\tgt_HUDHUD_2014_2709.npy,HUDHUD,2014,2014-10-13 07:30:00,train
sequences\seq_HUDHUD_2014_2710.npy,sequences\tgt_HUDHUD_2014_2710.npy,HUDHUD,2014,2014-10-13 08:00:00,train
sequences\seq_HUDHUD_2014_2711.npy,sequences\tgt_HUDHUD_2014_2711.npy,HUDHUD,2014,2014-10-13 08:30:00,train
sequences\seq_HUDHUD_2014_2712.npy,sequences\tgt_HUDHUD_2014_2712.npy,HUDHUD,2014,2014-10-13 09:00:00,train
sequences\seq_HUDHUD_2014_2713.npy,sequences\tgt_HUDHUD_2014_2713.npy,HUDHUD,2014,2014-10-13 09:30:00,train
sequences\seq_HUDHUD_2014_2714.npy,sequences\tgt_HUDHUD_2014_2714.npy,HUDHUD,2014,2014-10-13 10:00:00,train
sequences\seq_KOMEN_2015_2715.npy,sequences\tgt_KOMEN_2015_2715.npy,KOMEN,2015,2015-07-28 03:00:00,train
sequences\seq_KOMEN_2015_2716.npy,sequences\tgt_KOMEN_2015_2716.npy,KOMEN,2015,2015-07-28 03:30:00,train
sequences\seq_KOMEN_2015_2717.npy,sequences\tgt_KOMEN_2015_2717.npy,KOMEN,2015,2015-07-28 04:00:00,train
sequences\seq_KOMEN_2015_2718.npy,sequences\tgt_KOMEN_2015_2718.npy,KOMEN,2015,2015-07-28 04:30:00,train
sequences\seq_KOMEN_2015_2719.npy,sequences\tgt_KOMEN_2015_2719.npy,KOMEN,2015,2015-07-28 05:00:00,train
sequences\seq_KOMEN_2015_2720.npy,sequences\tgt_KOMEN_2015_2720.npy,KOMEN,2015,2015-07-28 05:30:00,train
sequences\seq_KOMEN_2015_2721.npy,sequences\tgt_KOMEN_2015_2721.npy,KOMEN,2015,2015-07-28 06:00:00,train
sequences\seq_KOMEN_2015_2722.npy,sequences\tgt_KOMEN_2015_2722.npy,KOMEN,2015,2015-07-28 06:30:00,train
sequences\seq_KOMEN_2015_2723.npy,sequences\tgt_KOMEN_2015_2723.npy,KOMEN,2015,2015-07-28 07:00:00,train
sequences\seq_KOMEN_2015_2724.npy,sequences\tgt_KOMEN_2015_2724.npy,KOMEN,2015,2015-07-28 07:30:00,train
sequences\seq_KOMEN_2015_2725.npy,sequences\tgt_KOMEN_2015_2725.npy,KOMEN,2015,2015-07-28 08:00:00,train
sequences\seq_KOMEN_2015_2726.npy,sequences\tgt_KOMEN_2015_2726.npy,KOMEN,2015,2015-07-28 08:30:00,train
sequences\seq_KOMEN_2015_2727.npy,sequences\tgt_KOMEN_2015_2727.npy,KOMEN,2015,2015-07-28 09:00:00,train
sequences\seq_KOMEN_2015_2728.npy,sequences\tgt_KOMEN_2015_2728.npy,KOMEN,2015,2015-07-28 09:30:00,train
sequences\seq_KOMEN_2015_2729.npy,sequences\tgt_KOMEN_2015_2729.npy,KOMEN,2015,2015-07-28 10:00:00,train
sequences\seq_KOMEN_2015_2730.npy,sequences\tgt_KOMEN_2015_2730.npy,KOMEN,2015,2015-07-28 10:30:00,train
sequences\seq_KOMEN_2015_2731.npy,sequences\tgt_KOMEN_2015_2731.npy,KOMEN,2015,2015-07-28 11:00:00,train
sequences\seq_KOMEN_2015_2732.npy,sequences\tgt_KOMEN_2015_2732.npy,KOMEN,2015,2015-07-28 11:30:00,train
sequences\seq_KOMEN_2015_2733.npy,sequences\tgt_KOMEN_2015_2733.npy,KOMEN,2015,2015-07-28 12:00:00,train
sequences\seq_KOMEN_2015_2734.npy,sequences\tgt_KOMEN_2015_2734.npy,KOMEN,2015,2015-07-28 12:30:00,train
sequences\seq_KOMEN_2015_2735.npy,sequences\tgt_KOMEN_2015_2735.npy,KOMEN,2015,2015-07-28 13:00:00,train
sequences\seq_KOMEN_2015_2736.npy,sequences\tgt_KOMEN_2015_2736.npy,KOMEN,2015,2015-07-28 13:30:00,train
sequences\seq_KOMEN_2015_2737.npy,sequences\tgt_KOMEN_2015_2737.npy,KOMEN,2015,2015-07-28 14:00:00,train
sequences\seq_KOMEN_2015_2738.npy,sequences\tgt_KOMEN_2015_2738.npy,KOMEN,2015,2015-07-28 14:30:00,train
sequences\seq_KOMEN_2015_2739.npy,sequences\tgt_KOMEN_2015_2739.npy,KOMEN,2015,2015-07-28 15:00:00,train
sequences\seq_KOMEN_2015_2740.npy,sequences\tgt_KOMEN_2015_2740.npy,KOMEN,2015,2015-07-28 15:30:00,train
sequences\seq_KOMEN_2015_2741.npy,sequences\tgt_KOMEN_2015_2741.npy,KOMEN,2015,2015-07-28 16:00:00,train
sequences\seq_KOMEN_2015_2742.npy,sequences\tgt_KOMEN_2015_2742.npy,KOMEN,2015,2015-07-28 16:30:00,train
sequences\seq_KOMEN_2015_2743.npy,sequences\tgt_KOMEN_2015_2743.npy,KOMEN,2015,2015-07-28 17:00:00,train
sequences\seq_KOMEN_2015_2744.npy,sequences\tgt_KOMEN_2015_2744.npy,KOMEN,2015,2015-07-28 17:30:00,train
sequences\seq_KOMEN_2015_2745.npy,sequences\tgt_KOMEN_2015_2745.npy,KOMEN,2015,2015-07-28 18:00:00,train
sequences\seq_KOMEN_2015_2746.npy,sequences\tgt_KOMEN_2015_2746.npy,KOMEN,2015,2015-07-28 18:30:00,train
sequences\seq_KOMEN_2015_2747.npy,sequences\tgt_KOMEN_2015_2747.npy,KOMEN,2015,2015-07-28 19:00:00,train
sequences\seq_KOMEN_2015_2748.npy,sequences\tgt_KOMEN_2015_2748.npy,KOMEN,2015,2015-07-28 19:30:00,train
sequences\seq_KOMEN_2015_2749.npy,sequences\tgt_KOMEN_2015_2749.npy,KOMEN,2015,2015-07-28 20:00:00,train
sequences\seq_KOMEN_2015_2750.npy,sequences\tgt_KOMEN_2015_2750.npy,KOMEN,2015,2015-07-28 20:30:00,train
sequences\seq_KOMEN_2015_2751.npy,sequences\tgt_KOMEN_2015_2751.npy,KOMEN,2015,2015-07-28 21:00:00,train
sequences\seq_KOMEN_2015_2752.npy,sequences\tgt_KOMEN_2015_2752.npy,KOMEN,2015,2015-07-28 21:30:00,train
sequences\seq_KOMEN_2015_2753.npy,sequences\tgt_KOMEN_2015_2753.npy,KOMEN,2015,2015-07-28 22:00:00,train
sequences\seq_KOMEN_2015_2754.npy,sequences\tgt_KOMEN_2015_2754.npy,KOMEN,2015,2015-07-28 22:30:00,train
sequences\seq_KOMEN_2015_2755.npy,sequences\tgt_KOMEN_2015_2755.npy,KOMEN,2015,2015-07-28 23:00:00,train
sequences\seq_KOMEN_2015_2756.npy,sequences\tgt_KOMEN_2015_2756.npy,KOMEN,2015,2015-07-28 23:30:00,train
sequences\seq_KOMEN_2015_2757.npy,sequences\tgt_KOMEN_2015_2757.npy,KOMEN,2015,2015-07-29 00:00:00,train
sequences\seq_KOMEN_2015_2758.npy,sequences\tgt_KOMEN_2015_2758.npy,KOMEN,2015,2015-07-29 00:30:00,train
sequences\seq_KOMEN_2015_2759.npy,sequences\tgt_KOMEN_2015_2759.npy,KOMEN,2015,2015-07-29 01:00:00,train
sequences\seq_KOMEN_2015_2760.npy,sequences\tgt_KOMEN_2015_2760.npy,KOMEN,2015,2015-07-29 01:30:00,train
sequences\seq_KOMEN_2015_2761.npy,sequences\tgt_KOMEN_2015_2761.npy,KOMEN,2015,2015-07-29 02:00:00,train
sequences\seq_KOMEN_2015_2762.npy,sequences\tgt_KOMEN_2015_2762.npy,KOMEN,2015,2015-07-29 02:30:00,train
sequences\seq_KOMEN_2015_2763.npy,sequences\tgt_KOMEN_2015_2763.npy,KOMEN,2015,2015-07-29 03:00:00,train
sequences\seq_KOMEN_2015_2764.npy,sequences\tgt_KOMEN_2015_2764.npy,KOMEN,2015,2015-07-29 03:30:00,train
sequences\seq_KOMEN_2015_2765.npy,sequences\tgt_KOMEN_2015_2765.npy,KOMEN,2015,2015-07-29 04:00:00,train
sequences\seq_KOMEN_2015_2766.npy,sequences\tgt_KOMEN_2015_2766.npy,KOMEN,2015,2015-07-29 04:30:00,train
sequences\seq_KOMEN_2015_2767.npy,sequences\tgt_KOMEN_2015_2767.npy,KOMEN,2015,2015-07-29 05:00:00,train
sequences\seq_KOMEN_2015_2768.npy,sequences\tgt_KOMEN_2015_2768.npy,KOMEN,2015,2015-07-29 06:00:00,train
sequences\seq_KOMEN_2015_2769.npy,sequences\tgt_KOMEN_2015_2769.npy,KOMEN,2015,2015-07-29 06:30:00,train
sequences\seq_KOMEN_2015_2770.npy,sequences\tgt_KOMEN_2015_2770.npy,KOMEN,2015,2015-07-29 07:00:00,train
sequences\seq_KOMEN_2015_2771.npy,sequences\tgt_KOMEN_2015_2771.npy,KOMEN,2015,2015-07-29 07:30:00,train
sequences\seq_KOMEN_2015_2772.npy,sequences\tgt_KOMEN_2015_2772.npy,KOMEN,2015,2015-07-29 08:00:00,train
sequences\seq_KOMEN_2015_2773.npy,sequences\tgt_KOMEN_2015_2773.npy,KOMEN,2015,2015-07-29 08:30:00,train
sequences\seq_KOMEN_2015_2774.npy,sequences\tgt_KOMEN_2015_2774.npy,KOMEN,2015,2015-07-29 09:00:00,train
sequences\seq_KOMEN_2015_2775.npy,sequences\tgt_KOMEN_2015_2775.npy,KOMEN,2015,2015-07-29 09:30:00,train
sequences\seq_KOMEN_2015_2776.npy,sequences\tgt_KOMEN_2015_2776.npy,KOMEN,2015,2015-07-29 10:00:00,train
sequences\seq_KOMEN_2015_2777.npy,sequences\tgt_KOMEN_2015_2777.npy,KOMEN,2015,2015-07-29 10:30:00,train
sequences\seq_KOMEN_2015_2778.npy,sequences\tgt_KOMEN_2015_2778.npy,KOMEN,2015,2015-07-29 11:00:00,train
sequences\seq_KOMEN_2015_2779.npy,sequences\tgt_KOMEN_2015_2779.npy,KOMEN,2015,2015-07-29 11:30:00,train
sequences\seq_KOMEN_2015_2780.npy,sequences\tgt_KOMEN_2015_2780.npy,KOMEN,2015,2015-07-29 12:00:00,train
sequences\seq_KOMEN_2015_2781.npy,sequences\tgt_KOMEN_2015_2781.npy,KOMEN,2015,2015-07-29 12:30:00,train
sequences\seq_KOMEN_2015_2782.npy,sequences\tgt_KOMEN_2015_2782.npy,KOMEN,2015,2015-07-29 13:00:00,train
sequences\seq_KOMEN_2015_2783.npy,sequences\tgt_KOMEN_2015_2783.npy,KOMEN,2015,2015-07-29 13:30:00,train
sequences\seq_KOMEN_2015_2784.npy,sequences\tgt_KOMEN_2015_2784.npy,KOMEN,2015,2015-07-29 14:00:00,train
sequences\seq_KOMEN_2015_2785.npy,sequences\tgt_KOMEN_2015_2785.npy,KOMEN,2015,2015-07-29 14:30:00,train
sequences\seq_KOMEN_2015_2786.npy,sequences\tgt_KOMEN_2015_2786.npy,KOMEN,2015,2015-07-29 15:00:00,train
sequences\seq_KOMEN_2015_2787.npy,sequences\tgt_KOMEN_2015_2787.npy,KOMEN,2015,2015-07-29 15:30:00,train
sequences\seq_KOMEN_2015_2788.npy,sequences\tgt_KOMEN_2015_2788.npy,KOMEN,2015,2015-07-29 16:00:00,train
sequences\seq_KOMEN_2015_2789.npy,sequences\tgt_KOMEN_2015_2789.npy,KOMEN,2015,2015-07-29 16:30:00,train
sequences\seq_KOMEN_2015_2790.npy,sequences\tgt_KOMEN_2015_2790.npy,KOMEN,2015,2015-07-29 17:00:00,train
sequences\seq_KOMEN_2015_2791.npy,sequences\tgt_KOMEN_2015_2791.npy,KOMEN,2015,2015-07-29 17:30:00,train
sequences\seq_KOMEN_2015_2792.npy,sequences\tgt_KOMEN_2015_2792.npy,KOMEN,2015,2015-07-29 18:00:00,train
sequences\seq_KOMEN_2015_2793.npy,sequences\tgt_KOMEN_2015_2793.npy,KOMEN,2015,2015-07-29 18:30:00,train
sequences\seq_KOMEN_2015_2794.npy,sequences\tgt_KOMEN_2015_2794.npy,KOMEN,2015,2015-07-29 19:00:00,train
sequences\seq_KOMEN_2015_2795.npy,sequences\tgt_KOMEN_2015_2795.npy,KOMEN,2015,2015-07-29 19:30:00,train
sequences\seq_KOMEN_2015_2796.npy,sequences\tgt_KOMEN_2015_2796.npy,KOMEN,2015,2015-07-29 20:00:00,train
sequences\seq_KOMEN_2015_2797.npy,sequences\tgt_KOMEN_2015_2797.npy,KOMEN,2015,2015-07-29 20:30:00,train
sequences\seq_KOMEN_2015_2798.npy,sequences\tgt_KOMEN_2015_2798.npy,KOMEN,2015,2015-07-29 21:00:00,train
sequences\seq_KOMEN_2015_2799.npy,sequences\tgt_KOMEN_2015_2799.npy,KOMEN,2015,2015-07-29 21:30:00,train
sequences\seq_KOMEN_2015_2800.npy,sequences\tgt_KOMEN_2015_2800.npy,KOMEN,2015,2015-07-29 22:00:00,train
sequences\seq_KOMEN_2015_2801.npy,sequences\tgt_KOMEN_2015_2801.npy,KOMEN,2015,2015-07-29 22:30:00,train
sequences\seq_KOMEN_2015_2802.npy,sequences\tgt_KOMEN_2015_2802.npy,KOMEN,2015,2015-07-29 23:00:00,train
sequences\seq_KOMEN_2015_2803.npy,sequences\tgt_KOMEN_2015_2803.npy,KOMEN,2015,2015-07-29 23:30:00,train
sequences\seq_KOMEN_2015_2804.npy,sequences\tgt_KOMEN_2015_2804.npy,KOMEN,2015,2015-07-30 00:00:00,train
sequences\seq_KOMEN_2015_2805.npy,sequences\tgt_KOMEN_2015_2805.npy,KOMEN,2015,2015-07-30 00:30:00,train
sequences\seq_KOMEN_2015_2806.npy,sequences\tgt_KOMEN_2015_2806.npy,KOMEN,2015,2015-07-30 01:00:00,train
sequences\seq_KOMEN_2015_2807.npy,sequences\tgt_KOMEN_2015_2807.npy,KOMEN,2015,2015-07-30 01:30:00,train
sequences\seq_KOMEN_2015_2808.npy,sequences\tgt_KOMEN_2015_2808.npy,KOMEN,2015,2015-07-30 02:00:00,train
sequences\seq_KOMEN_2015_2809.npy,sequences\tgt_KOMEN_2015_2809.npy,KOMEN,2015,2015-07-30 02:30:00,train
sequences\seq_KOMEN_2015_2810.npy,sequences\tgt_KOMEN_2015_2810.npy,KOMEN,2015,2015-07-30 03:00:00,train
sequences\seq_KOMEN_2015_2811.npy,sequences\tgt_KOMEN_2015_2811.npy,KOMEN,2015,2015-07-30 03:30:00,train
sequences\seq_KOMEN_2015_2812.npy,sequences\tgt_KOMEN_2015_2812.npy,KOMEN,2015,2015-07-30 04:00:00,train
sequences\seq_KOMEN_2015_2813.npy,sequences\tgt_KOMEN_2015_2813.npy,KOMEN,2015,2015-07-30 04:30:00,train
sequences\seq_KOMEN_2015_2814.npy,sequences\tgt_KOMEN_2015_2814.npy,KOMEN,2015,2015-07-30 05:00:00,train
sequences\seq_KOMEN_2015_2815.npy,sequences\tgt_KOMEN_2015_2815.npy,KOMEN,2015,2015-07-30 05:30:00,train
sequences\seq_KOMEN_2015_2816.npy,sequences\tgt_KOMEN_2015_2816.npy,KOMEN,2015,2015-07-30 06:00:00,train
sequences\seq_KOMEN_2015_2817.npy,sequences\tgt_KOMEN_2015_2817.npy,KOMEN,2015,2015-07-30 06:30:00,train
sequences\seq_KOMEN_2015_2818.npy,sequences\tgt_KOMEN_2015_2818.npy,KOMEN,2015,2015-07-30 07:00:00,train
sequences\seq_KOMEN_2015_2819.npy,sequences\tgt_KOMEN_2015_2819.npy,KOMEN,2015,2015-07-30 07:30:00,train
sequences\seq_KOMEN_2015_2820.npy,sequences\tgt_KOMEN_2015_2820.npy,KOMEN,2015,2015-07-30 08:00:00,train
sequences\seq_KOMEN_2015_2821.npy,sequences\tgt_KOMEN_2015_2821.npy,KOMEN,2015,2015-07-30 08:30:00,train
sequences\seq_KOMEN_2015_2822.npy,sequences\tgt_KOMEN_2015_2822.npy,KOMEN,2015,2015-07-30 09:00:00,train
sequences\seq_KOMEN_2015_2823.npy,sequences\tgt_KOMEN_2015_2823.npy,KOMEN,2015,2015-07-30 09:30:00,train
sequences\seq_KOMEN_2015_2824.npy,sequences\tgt_KOMEN_2015_2824.npy,KOMEN,2015,2015-07-30 10:00:00,train
sequences\seq_KOMEN_2015_2825.npy,sequences\tgt_KOMEN_2015_2825.npy,KOMEN,2015,2015-07-30 10:30:00,train
sequences\seq_KOMEN_2015_2826.npy,sequences\tgt_KOMEN_2015_2826.npy,KOMEN,2015,2015-07-30 11:00:00,train
sequences\seq_KOMEN_2015_2827.npy,sequences\tgt_KOMEN_2015_2827.npy,KOMEN,2015,2015-07-30 11:30:00,train
sequences\seq_KOMEN_2015_2828.npy,sequences\tgt_KOMEN_2015_2828.npy,KOMEN,2015,2015-07-30 12:00:00,train
sequences\seq_KOMEN_2015_2829.npy,sequences\tgt_KOMEN_2015_2829.npy,KOMEN,2015,2015-07-30 12:30:00,train
sequences\seq_KOMEN_2015_2830.npy,sequences\tgt_KOMEN_2015_2830.npy,KOMEN,2015,2015-07-30 13:00:00,train
sequences\seq_KOMEN_2015_2831.npy,sequences\tgt_KOMEN_2015_2831.npy,KOMEN,2015,2015-07-30 13:30:00,train
sequences\seq_KOMEN_2015_2832.npy,sequences\tgt_KOMEN_2015_2832.npy,KOMEN,2015,2015-07-30 14:00:00,train
sequences\seq_KOMEN_2015_2833.npy,sequences\tgt_KOMEN_2015_2833.npy,KOMEN,2015,2015-07-30 14:30:00,train
sequences\seq_KOMEN_2015_2834.npy,sequences\tgt_KOMEN_2015_2834.npy,KOMEN,2015,2015-07-30 15:00:00,train
sequences\seq_KOMEN_2015_2835.npy,sequences\tgt_KOMEN_2015_2835.npy,KOMEN,2015,2015-07-30 15:30:00,train
sequences\seq_KOMEN_2015_2836.npy,sequences\tgt_KOMEN_2015_2836.npy,KOMEN,2015,2015-07-30 16:00:00,train
sequences\seq_KOMEN_2015_2837.npy,sequences\tgt_KOMEN_2015_2837.npy,KOMEN,2015,2015-07-30 16:30:00,train
sequences\seq_KOMEN_2015_2838.npy,sequences\tgt_KOMEN_2015_2838.npy,KOMEN,2015,2015-07-30 17:00:00,train
sequences\seq_KOMEN_2015_2839.npy,sequences\tgt_KOMEN_2015_2839.npy,KOMEN,2015,2015-07-30 17:30:00,train
sequences\seq_KOMEN_2015_2840.npy,sequences\tgt_KOMEN_2015_2840.npy,KOMEN,2015,2015-07-30 18:00:00,train
sequences\seq_KOMEN_2015_2841.npy,sequences\tgt_KOMEN_2015_2841.npy,KOMEN,2015,2015-07-30 18:30:00,train
sequences\seq_KOMEN_2015_2842.npy,sequences\tgt_KOMEN_2015_2842.npy,KOMEN,2015,2015-07-30 19:00:00,train
sequences\seq_KOMEN_2015_2843.npy,sequences\tgt_KOMEN_2015_2843.npy,KOMEN,2015,2015-07-30 19:30:00,train
sequences\seq_KOMEN_2015_2844.npy,sequences\tgt_KOMEN_2015_2844.npy,KOMEN,2015,2015-07-30 20:00:00,train
sequences\seq_KOMEN_2015_2845.npy,sequences\tgt_KOMEN_2015_2845.npy,KOMEN,2015,2015-07-30 20:30:00,train
sequences\seq_KOMEN_2015_2846.npy,sequences\tgt_KOMEN_2015_2846.npy,KOMEN,2015,2015-07-30 21:00:00,train
sequences\seq_KOMEN_2015_2847.npy,sequences\tgt_KOMEN_2015_2847.npy,KOMEN,2015,2015-07-30 21:30:00,train
sequences\seq_KYAAR_2019_2848.npy,sequences\tgt_KYAAR_2019_2848.npy,KYAAR,2019,2019-10-24 08:30:00,validation
sequences\seq_KYAAR_2019_2849.npy,sequences\tgt_KYAAR_2019_2849.npy,KYAAR,2019,2019-10-24 08:45:00,validation
sequences\seq_KYAAR_2019_2850.npy,sequences\tgt_KYAAR_2019_2850.npy,KYAAR,2019,2019-10-24 09:00:00,validation
sequences\seq_KYAAR_2019_2851.npy,sequences\tgt_KYAAR_2019_2851.npy,KYAAR,2019,2019-10-24 09:15:00,validation
sequences\seq_KYAAR_2019_2852.npy,sequences\tgt_KYAAR_2019_2852.npy,KYAAR,2019,2019-10-24 09:45:00,validation
sequences\seq_KYAAR_2019_2853.npy,sequences\tgt_KYAAR_2019_2853.npy,KYAAR,2019,2019-10-24 10:00:00,validation
sequences\seq_KYAAR_2019_2854.npy,sequences\tgt_KYAAR_2019_2854.npy,KYAAR,2019,2019-10-24 10:15:00,validation
sequences\seq_KYAAR_2019_2855.npy,sequences\tgt_KYAAR_2019_2855.npy,KYAAR,2019,2019-10-24 10:45:00,validation
sequences\seq_KYAAR_2019_2856.npy,sequences\tgt_KYAAR_2019_2856.npy,KYAAR,2019,2019-10-24 11:00:00,validation
sequences\seq_KYAAR_2019_2857.npy,sequences\tgt_KYAAR_2019_2857.npy,KYAAR,2019,2019-10-24 11:15:00,validation
sequences\seq_KYAAR_2019_2858.npy,sequences\tgt_KYAAR_2019_2858.npy,KYAAR,2019,2019-10-24 11:30:00,validation
sequences\seq_KYAAR_2019_2859.npy,sequences\tgt_KYAAR_2019_2859.npy,KYAAR,2019,2019-10-24 11:45:00,validation
sequences\seq_KYAAR_2019_2860.npy,sequences\tgt_KYAAR_2019_2860.npy,KYAAR,2019,2019-10-24 12:00:00,validation
sequences\seq_KYAAR_2019_2861.npy,sequences\tgt_KYAAR_2019_2861.npy,KYAAR,2019,2019-10-24 12:15:00,validation
sequences\seq_KYAAR_2019_2862.npy,sequences\tgt_KYAAR_2019_2862.npy,KYAAR,2019,2019-10-24 12:30:00,validation
sequences\seq_KYAAR_2019_2863.npy,sequences\tgt_KYAAR_2019_2863.npy,KYAAR,2019,2019-10-24 12:45:00,validation
sequences\seq_KYAAR_2019_2864.npy,sequences\tgt_KYAAR_2019_2864.npy,KYAAR,2019,2019-10-24 13:00:00,validation
sequences\seq_KYAAR_2019_2865.npy,sequences\tgt_KYAAR_2019_2865.npy,KYAAR,2019,2019-10-24 13:15:00,validation
sequences\seq_KYAAR_2019_2866.npy,sequences\tgt_KYAAR_2019_2866.npy,KYAAR,2019,2019-10-24 13:30:00,validation
sequences\seq_KYAAR_2019_2867.npy,sequences\tgt_KYAAR_2019_2867.npy,KYAAR,2019,2019-10-24 13:45:00,validation
sequences\seq_KYAAR_2019_2868.npy,sequences\tgt_KYAAR_2019_2868.npy,KYAAR,2019,2019-10-24 14:00:00,validation
sequences\seq_KYAAR_2019_2869.npy,sequences\tgt_KYAAR_2019_2869.npy,KYAAR,2019,2019-10-24 14:15:00,validation
sequences\seq_KYAAR_2019_2870.npy,sequences\tgt_KYAAR_2019_2870.npy,KYAAR,2019,2019-10-24 14:30:00,validation
sequences\seq_KYAAR_2019_2871.npy,sequences\tgt_KYAAR_2019_2871.npy,KYAAR,2019,2019-10-24 14:45:00,validation
sequences\seq_KYAAR_2019_2872.npy,sequences\tgt_KYAAR_2019_2872.npy,KYAAR,2019,2019-10-24 15:00:00,validation
sequences\seq_KYAAR_2019_2873.npy,sequences\tgt_KYAAR_2019_2873.npy,KYAAR,2019,2019-10-24 15:15:00,validation
sequences\seq_KYAAR_2019_2874.npy,sequences\tgt_KYAAR_2019_2874.npy,KYAAR,2019,2019-10-24 15:30:00,validation
sequences\seq_KYAAR_2019_2875.npy,sequences\tgt_KYAAR_2019_2875.npy,KYAAR,2019,2019-10-24 15:45:00,validation
sequences\seq_KYAAR_2019_2876.npy,sequences\tgt_KYAAR_2019_2876.npy,KYAAR,2019,2019-10-24 16:00:00,validation
sequences\seq_KYAAR_2019_2877.npy,sequences\tgt_KYAAR_2019_2877.npy,KYAAR,2019,2019-10-24 16:15:00,validation
sequences\seq_KYAAR_2019_2878.npy,sequences\tgt_KYAAR_2019_2878.npy,KYAAR,2019,2019-10-24 16:30:00,validation
sequences\seq_KYAAR_2019_2879.npy,sequences\tgt_KYAAR_2019_2879.npy,KYAAR,2019,2019-10-24 16:45:00,validation
sequences\seq_KYAAR_2019_2880.npy,sequences\tgt_KYAAR_2019_2880.npy,KYAAR,2019,2019-10-24 20:00:00,validation
sequences\seq_KYAAR_2019_2881.npy,sequences\tgt_KYAAR_2019_2881.npy,KYAAR,2019,2019-10-24 20:30:00,validation
sequences\seq_KYAAR_2019_2882.npy,sequences\tgt_KYAAR_2019_2882.npy,KYAAR,2019,2019-10-24 20:45:00,validation
sequences\seq_KYAAR_2019_2883.npy,sequences\tgt_KYAAR_2019_2883.npy,KYAAR,2019,2019-10-24 21:00:00,validation
sequences\seq_KYAAR_2019_2884.npy,sequences\tgt_KYAAR_2019_2884.npy,KYAAR,2019,2019-10-24 21:15:00,validation
sequences\seq_KYAAR_2019_2885.npy,sequences\tgt_KYAAR_2019_2885.npy,KYAAR,2019,2019-10-24 21:30:00,validation
sequences\seq_KYAAR_2019_2886.npy,sequences\tgt_KYAAR_2019_2886.npy,KYAAR,2019,2019-10-24 21:45:00,validation
sequences\seq_KYAAR_2019_2887.npy,sequences\tgt_KYAAR_2019_2887.npy,KYAAR,2019,2019-10-24 22:00:00,validation
sequences\seq_KYAAR_2019_2888.npy,sequences\tgt_KYAAR_2019_2888.npy,KYAAR,2019,2019-10-24 22:15:00,validation
sequences\seq_KYAAR_2019_2889.npy,sequences\tgt_KYAAR_2019_2889.npy,KYAAR,2019,2019-10-24 22:30:00,validation
sequences\seq_KYAAR_2019_2890.npy,sequences\tgt_KYAAR_2019_2890.npy,KYAAR,2019,2019-10-24 22:45:00,validation
sequences\seq_KYAAR_2019_2891.npy,sequences\tgt_KYAAR_2019_2891.npy,KYAAR,2019,2019-10-24 23:00:00,validation
sequences\seq_KYAAR_2019_2892.npy,sequences\tgt_KYAAR_2019_2892.npy,KYAAR,2019,2019-10-24 23:15:00,validation
sequences\seq_KYAAR_2019_2893.npy,sequences\tgt_KYAAR_2019_2893.npy,KYAAR,2019,2019-10-24 23:30:00,validation
sequences\seq_KYAAR_2019_2894.npy,sequences\tgt_KYAAR_2019_2894.npy,KYAAR,2019,2019-10-24 23:45:00,validation
sequences\seq_KYAAR_2019_2895.npy,sequences\tgt_KYAAR_2019_2895.npy,KYAAR,2019,2019-10-25 00:00:00,validation
sequences\seq_KYAAR_2019_2896.npy,sequences\tgt_KYAAR_2019_2896.npy,KYAAR,2019,2019-10-25 00:15:00,validation
sequences\seq_KYAAR_2019_2897.npy,sequences\tgt_KYAAR_2019_2897.npy,KYAAR,2019,2019-10-25 00:30:00,validation
sequences\seq_KYAAR_2019_2898.npy,sequences\tgt_KYAAR_2019_2898.npy,KYAAR,2019,2019-10-25 00:45:00,validation
sequences\seq_KYAAR_2019_2899.npy,sequences\tgt_KYAAR_2019_2899.npy,KYAAR,2019,2019-10-25 01:00:00,validation
sequences\seq_KYAAR_2019_2900.npy,sequences\tgt_KYAAR_2019_2900.npy,KYAAR,2019,2019-10-25 01:15:00,validation
sequences\seq_KYAAR_2019_2901.npy,sequences\tgt_KYAAR_2019_2901.npy,KYAAR,2019,2019-10-25 01:30:00,validation
sequences\seq_KYAAR_2019_2902.npy,sequences\tgt_KYAAR_2019_2902.npy,KYAAR,2019,2019-10-25 02:00:00,validation
sequences\seq_KYAAR_2019_2903.npy,sequences\tgt_KYAAR_2019_2903.npy,KYAAR,2019,2019-10-25 02:15:00,validation
sequences\seq_KYAAR_2019_2904.npy,sequences\tgt_KYAAR_2019_2904.npy,KYAAR,2019,2019-10-25 02:30:00,validation
sequences\seq_KYAAR_2019_2905.npy,sequences\tgt_KYAAR_2019_2905.npy,KYAAR,2019,2019-10-25 02:45:00,validation
sequences\seq_KYAAR_2019_2906.npy,sequences\tgt_KYAAR_2019_2906.npy,KYAAR,2019,2019-10-25 03:00:00,validation
sequences\seq_KYAAR_2019_2907.npy,sequences\tgt_KYAAR_2019_2907.npy,KYAAR,2019,2019-10-25 03:15:00,validation
sequences\seq_KYAAR_2019_2908.npy,sequences\tgt_KYAAR_2019_2908.npy,KYAAR,2019,2019-10-25 03:30:00,validation
sequences\seq_KYAAR_2019_2909.npy,sequences\tgt_KYAAR_2019_2909.npy,KYAAR,2019,2019-10-25 04:00:00,validation
sequences\seq_KYAAR_2019_2910.npy,sequences\tgt_KYAAR_2019_2910.npy,KYAAR,2019,2019-10-25 04:15:00,validation
sequences\seq_KYAAR_2019_2911.npy,sequences\tgt_KYAAR_2019_2911.npy,KYAAR,2019,2019-10-25 04:30:00,validation
sequences\seq_KYAAR_2019_2912.npy,sequences\tgt_KYAAR_2019_2912.npy,KYAAR,2019,2019-10-25 04:45:00,validation
sequences\seq_KYAAR_2019_2913.npy,sequences\tgt_KYAAR_2019_2913.npy,KYAAR,2019,2019-10-25 05:00:00,validation
sequences\seq_KYAAR_2019_2914.npy,sequences\tgt_KYAAR_2019_2914.npy,KYAAR,2019,2019-10-25 05:15:00,validation
sequences\seq_KYAAR_2019_2915.npy,sequences\tgt_KYAAR_2019_2915.npy,KYAAR,2019,2019-10-25 05:30:00,validation
sequences\seq_KYAAR_2019_2916.npy,sequences\tgt_KYAAR_2019_2916.npy,KYAAR,2019,2019-10-25 05:45:00,validation
sequences\seq_KYAAR_2019_2917.npy,sequences\tgt_KYAAR_2019_2917.npy,KYAAR,2019,2019-10-25 06:00:00,validation
sequences\seq_KYAAR_2019_2918.npy,sequences\tgt_KYAAR_2019_2918.npy,KYAAR,2019,2019-10-25 06:15:00,validation
sequences\seq_KYAAR_2019_2919.npy,sequences\tgt_KYAAR_2019_2919.npy,KYAAR,2019,2019-10-25 06:30:00,validation
sequences\seq_KYAAR_2019_2920.npy,sequences\tgt_KYAAR_2019_2920.npy,KYAAR,2019,2019-10-25 06:45:00,validation
sequences\seq_KYAAR_2019_2921.npy,sequences\tgt_KYAAR_2019_2921.npy,KYAAR,2019,2019-10-25 07:00:00,validation
sequences\seq_KYAAR_2019_2922.npy,sequences\tgt_KYAAR_2019_2922.npy,KYAAR,2019,2019-10-25 07:15:00,validation
sequences\seq_KYAAR_2019_2923.npy,sequences\tgt_KYAAR_2019_2923.npy,KYAAR,2019,2019-10-25 07:30:00,validation
sequences\seq_KYAAR_2019_2924.npy,sequences\tgt_KYAAR_2019_2924.npy,KYAAR,2019,2019-10-25 07:45:00,validation
sequences\seq_KYAAR_2019_2925.npy,sequences\tgt_KYAAR_2019_2925.npy,KYAAR,2019,2019-10-25 08:00:00,validation
sequences\seq_KYAAR_2019_2926.npy,sequences\tgt_KYAAR_2019_2926.npy,KYAAR,2019,2019-10-25 08:15:00,validation
sequences\seq_KYAAR_2019_2927.npy,sequences\tgt_KYAAR_2019_2927.npy,KYAAR,2019,2019-10-25 08:30:00,validation
sequences\seq_KYAAR_2019_2928.npy,sequences\tgt_KYAAR_2019_2928.npy,KYAAR,2019,2019-10-25 08:45:00,validation
sequences\seq_KYAAR_2019_2929.npy,sequences\tgt_KYAAR_2019_2929.npy,KYAAR,2019,2019-10-25 09:00:00,validation
sequences\seq_KYAAR_2019_2930.npy,sequences\tgt_KYAAR_2019_2930.npy,KYAAR,2019,2019-10-25 09:15:00,validation
sequences\seq_KYAAR_2019_2931.npy,sequences\tgt_KYAAR_2019_2931.npy,KYAAR,2019,2019-10-25 09:30:00,validation
sequences\seq_KYAAR_2019_2932.npy,sequences\tgt_KYAAR_2019_2932.npy,KYAAR,2019,2019-10-25 09:45:00,validation
sequences\seq_KYAAR_2019_2933.npy,sequences\tgt_KYAAR_2019_2933.npy,KYAAR,2019,2019-10-25 10:00:00,validation
sequences\seq_KYAAR_2019_2934.npy,sequences\tgt_KYAAR_2019_2934.npy,KYAAR,2019,2019-10-25 10:15:00,validation
sequences\seq_KYAAR_2019_2935.npy,sequences\tgt_KYAAR_2019_2935.npy,KYAAR,2019,2019-10-25 10:30:00,validation
sequences\seq_KYAAR_2019_2936.npy,sequences\tgt_KYAAR_2019_2936.npy,KYAAR,2019,2019-10-25 10:45:00,validation
sequences\seq_KYAAR_2019_2937.npy,sequences\tgt_KYAAR_2019_2937.npy,KYAAR,2019,2019-10-25 11:00:00,validation
sequences\seq_KYAAR_2019_2938.npy,sequences\tgt_KYAAR_2019_2938.npy,KYAAR,2019,2019-10-25 11:15:00,validation
sequences\seq_KYAAR_2019_2939.npy,sequences\tgt_KYAAR_2019_2939.npy,KYAAR,2019,2019-10-25 11:30:00,validation
sequences\seq_KYAAR_2019_2940.npy,sequences\tgt_KYAAR_2019_2940.npy,KYAAR,2019,2019-10-25 11:45:00,validation
sequences\seq_KYAAR_2019_2941.npy,sequences\tgt_KYAAR_2019_2941.npy,KYAAR,2019,2019-10-25 12:00:00,validation
sequences\seq_KYAAR_2019_2942.npy,sequences\tgt_KYAAR_2019_2942.npy,KYAAR,2019,2019-10-25 12:15:00,validation
sequences\seq_KYAAR_2019_2943.npy,sequences\tgt_KYAAR_2019_2943.npy,KYAAR,2019,2019-10-25 12:30:00,validation
sequences\seq_KYAAR_2019_2944.npy,sequences\tgt_KYAAR_2019_2944.npy,KYAAR,2019,2019-10-25 12:45:00,validation
sequences\seq_KYAAR_2019_2945.npy,sequences\tgt_KYAAR_2019_2945.npy,KYAAR,2019,2019-10-25 13:00:00,validation
sequences\seq_KYAAR_2019_2946.npy,sequences\tgt_KYAAR_2019_2946.npy,KYAAR,2019,2019-10-25 13:15:00,validation
sequences\seq_KYAAR_2019_2947.npy,sequences\tgt_KYAAR_2019_2947.npy,KYAAR,2019,2019-10-25 13:30:00,validation
sequences\seq_KYAAR_2019_2948.npy,sequences\tgt_KYAAR_2019_2948.npy,KYAAR,2019,2019-10-25 13:45:00,validation
sequences\seq_KYAAR_2019_2949.npy,sequences\tgt_KYAAR_2019_2949.npy,KYAAR,2019,2019-10-25 14:00:00,validation
sequences\seq_KYAAR_2019_2950.npy,sequences\tgt_KYAAR_2019_2950.npy,KYAAR,2019,2019-10-25 14:15:00,validation
sequences\seq_KYAAR_2019_2951.npy,sequences\tgt_KYAAR_2019_2951.npy,KYAAR,2019,2019-10-25 14:30:00,validation
sequences\seq_KYAAR_2019_2952.npy,sequences\tgt_KYAAR_2019_2952.npy,KYAAR,2019,2019-10-25 14:45:00,validation
sequences\seq_KYAAR_2019_2953.npy,sequences\tgt_KYAAR_2019_2953.npy,KYAAR,2019,2019-10-25 15:00:00,validation
sequences\seq_KYAAR_2019_2954.npy,sequences\tgt_KYAAR_2019_2954.npy,KYAAR,2019,2019-10-25 15:15:00,validation
sequences\seq_KYAAR_2019_2955.npy,sequences\tgt_KYAAR_2019_2955.npy,KYAAR,2019,2019-10-25 15:30:00,validation
sequences\seq_KYAAR_2019_2956.npy,sequences\tgt_KYAAR_2019_2956.npy,KYAAR,2019,2019-10-25 15:45:00,validation
sequences\seq_KYAAR_2019_2957.npy,sequences\tgt_KYAAR_2019_2957.npy,KYAAR,2019,2019-10-25 16:00:00,validation
sequences\seq_KYAAR_2019_2958.npy,sequences\tgt_KYAAR_2019_2958.npy,KYAAR,2019,2019-10-25 16:15:00,validation
sequences\seq_KYAAR_2019_2959.npy,sequences\tgt_KYAAR_2019_2959.npy,KYAAR,2019,2019-10-25 16:30:00,validation
sequences\seq_KYAAR_2019_2960.npy,sequences\tgt_KYAAR_2019_2960.npy,KYAAR,2019,2019-10-25 16:45:00,validation
sequences\seq_KYAAR_2019_2961.npy,sequences\tgt_KYAAR_2019_2961.npy,KYAAR,2019,2019-10-25 20:00:00,validation
sequences\seq_KYAAR_2019_2962.npy,sequences\tgt_KYAAR_2019_2962.npy,KYAAR,2019,2019-10-25 20:30:00,validation
sequences\seq_KYAAR_2019_2963.npy,sequences\tgt_KYAAR_2019_2963.npy,KYAAR,2019,2019-10-25 20:45:00,validation
sequences\seq_KYAAR_2019_2964.npy,sequences\tgt_KYAAR_2019_2964.npy,KYAAR,2019,2019-10-25 21:00:00,validation
sequences\seq_KYAAR_2019_2965.npy,sequences\tgt_KYAAR_2019_2965.npy,KYAAR,2019,2019-10-25 21:15:00,validation
sequences\seq_KYAAR_2019_2966.npy,sequences\tgt_KYAAR_2019_2966.npy,KYAAR,2019,2019-10-25 21:30:00,validation
sequences\seq_KYAAR_2019_2967.npy,sequences\tgt_KYAAR_2019_2967.npy,KYAAR,2019,2019-10-25 21:45:00,validation
sequences\seq_KYAAR_2019_2968.npy,sequences\tgt_KYAAR_2019_2968.npy,KYAAR,2019,2019-10-25 22:00:00,validation
sequences\seq_KYAAR_2019_2969.npy,sequences\tgt_KYAAR_2019_2969.npy,KYAAR,2019,2019-10-25 22:15:00,validation
sequences\seq_KYAAR_2019_2970.npy,sequences\tgt_KYAAR_2019_2970.npy,KYAAR,2019,2019-10-25 22:30:00,validation
sequences\seq_KYAAR_2019_2971.npy,sequences\tgt_KYAAR_2019_2971.npy,KYAAR,2019,2019-10-25 22:45:00,validation
sequences\seq_KYAAR_2019_2972.npy,sequences\tgt_KYAAR_2019_2972.npy,KYAAR,2019,2019-10-25 23:00:00,validation
sequences\seq_KYAAR_2019_2973.npy,sequences\tgt_KYAAR_2019_2973.npy,KYAAR,2019,2019-10-25 23:15:00,validation
sequences\seq_KYAAR_2019_2974.npy,sequences\tgt_KYAAR_2019_2974.npy,KYAAR,2019,2019-10-25 23:30:00,validation
sequences\seq_KYAAR_2019_2975.npy,sequences\tgt_KYAAR_2019_2975.npy,KYAAR,2019,2019-10-25 23:45:00,validation
sequences\seq_KYAAR_2019_2976.npy,sequences\tgt_KYAAR_2019_2976.npy,KYAAR,2019,2019-10-26 00:00:00,validation
sequences\seq_KYAAR_2019_2977.npy,sequences\tgt_KYAAR_2019_2977.npy,KYAAR,2019,2019-10-26 00:15:00,validation
sequences\seq_KYAAR_2019_2978.npy,sequences\tgt_KYAAR_2019_2978.npy,KYAAR,2019,2019-10-26 00:30:00,validation
sequences\seq_KYAAR_2019_2979.npy,sequences\tgt_KYAAR_2019_2979.npy,KYAAR,2019,2019-10-26 00:45:00,validation
sequences\seq_KYAAR_2019_2980.npy,sequences\tgt_KYAAR_2019_2980.npy,KYAAR,2019,2019-10-26 01:00:00,validation
sequences\seq_KYAAR_2019_2981.npy,sequences\tgt_KYAAR_2019_2981.npy,KYAAR,2019,2019-10-26 01:15:00,validation
sequences\seq_KYAAR_2019_2982.npy,sequences\tgt_KYAAR_2019_2982.npy,KYAAR,2019,2019-10-26 01:30:00,validation
sequences\seq_KYAAR_2019_2983.npy,sequences\tgt_KYAAR_2019_2983.npy,KYAAR,2019,2019-10-26 02:00:00,validation
sequences\seq_KYAAR_2019_2984.npy,sequences\tgt_KYAAR_2019_2984.npy,KYAAR,2019,2019-10-26 02:15:00,validation
sequences\seq_KYAAR_2019_2985.npy,sequences\tgt_KYAAR_2019_2985.npy,KYAAR,2019,2019-10-26 02:30:00,validation
sequences\seq_KYAAR_2019_2986.npy,sequences\tgt_KYAAR_2019_2986.npy,KYAAR,2019,2019-10-26 02:45:00,validation
sequences\seq_KYAAR_2019_2987.npy,sequences\tgt_KYAAR_2019_2987.npy,KYAAR,2019,2019-10-26 03:00:00,validation
sequences\seq_KYAAR_2019_2988.npy,sequences\tgt_KYAAR_2019_2988.npy,KYAAR,2019,2019-10-26 03:30:00,validation
sequences\seq_KYAAR_2019_2989.npy,sequences\tgt_KYAAR_2019_2989.npy,KYAAR,2019,2019-10-26 04:00:00,validation
sequences\seq_KYAAR_2019_2990.npy,sequences\tgt_KYAAR_2019_2990.npy,KYAAR,2019,2019-10-26 04:15:00,validation
sequences\seq_KYAAR_2019_2991.npy,sequences\tgt_KYAAR_2019_2991.npy,KYAAR,2019,2019-10-26 04:30:00,validation
sequences\seq_KYAAR_2019_2992.npy,sequences\tgt_KYAAR_2019_2992.npy,KYAAR,2019,2019-10-26 04:45:00,validation
sequences\seq_KYAAR_2019_2993.npy,sequences\tgt_KYAAR_2019_2993.npy,KYAAR,2019,2019-10-26 05:00:00,validation
sequences\seq_KYAAR_2019_2994.npy,sequences\tgt_KYAAR_2019_2994.npy,KYAAR,2019,2019-10-26 05:15:00,validation
sequences\seq_KYAAR_2019_2995.npy,sequences\tgt_KYAAR_2019_2995.npy,KYAAR,2019,2019-10-26 05:30:00,validation
sequences\seq_KYAAR_2019_2996.npy,sequences\tgt_KYAAR_2019_2996.npy,KYAAR,2019,2019-10-26 05:45:00,validation
sequences\seq_KYAAR_2019_2997.npy,sequences\tgt_KYAAR_2019_2997.npy,KYAAR,2019,2019-10-26 06:00:00,validation
sequences\seq_KYAAR_2019_2998.npy,sequences\tgt_KYAAR_2019_2998.npy,KYAAR,2019,2019-10-26 06:15:00,validation
sequences\seq_KYAAR_2019_2999.npy,sequences\tgt_KYAAR_2019_2999.npy,KYAAR,2019,2019-10-26 06:30:00,validation
sequences\seq_KYAAR_2019_3000.npy,sequences\tgt_KYAAR_2019_3000.npy,KYAAR,2019,2019-10-26 06:45:00,validation
sequences\seq_KYAAR_2019_3001.npy,sequences\tgt_KYAAR_2019_3001.npy,KYAAR,2019,2019-10-26 07:00:00,validation
sequences\seq_KYAAR_2019_3002.npy,sequences\tgt_KYAAR_2019_3002.npy,KYAAR,2019,2019-10-26 07:15:00,validation
sequences\seq_KYAAR_2019_3003.npy,sequences\tgt_KYAAR_2019_3003.npy,KYAAR,2019,2019-10-26 07:30:00,validation
sequences\seq_KYAAR_2019_3004.npy,sequences\tgt_KYAAR_2019_3004.npy,KYAAR,2019,2019-10-26 07:45:00,validation
sequences\seq_KYAAR_2019_3005.npy,sequences\tgt_KYAAR_2019_3005.npy,KYAAR,2019,2019-10-26 08:00:00,validation
sequences\seq_KYAAR_2019_3006.npy,sequences\tgt_KYAAR_2019_3006.npy,KYAAR,2019,2019-10-26 08:15:00,validation
sequences\seq_KYAAR_2019_3007.npy,sequences\tgt_KYAAR_2019_3007.npy,KYAAR,2019,2019-10-26 08:30:00,validation
sequences\seq_KYAAR_2019_3008.npy,sequences\tgt_KYAAR_2019_3008.npy,KYAAR,2019,2019-10-26 08:45:00,validation
sequences\seq_KYAAR_2019_3009.npy,sequences\tgt_KYAAR_2019_3009.npy,KYAAR,2019,2019-10-26 09:00:00,validation
sequences\seq_KYAAR_2019_3010.npy,sequences\tgt_KYAAR_2019_3010.npy,KYAAR,2019,2019-10-26 09:15:00,validation
sequences\seq_KYAAR_2019_3011.npy,sequences\tgt_KYAAR_2019_3011.npy,KYAAR,2019,2019-10-26 09:30:00,validation
sequences\seq_KYAAR_2019_3012.npy,sequences\tgt_KYAAR_2019_3012.npy,KYAAR,2019,2019-10-26 09:45:00,validation
sequences\seq_KYAAR_2019_3013.npy,sequences\tgt_KYAAR_2019_3013.npy,KYAAR,2019,2019-10-26 10:00:00,validation
sequences\seq_KYAAR_2019_3014.npy,sequences\tgt_KYAAR_2019_3014.npy,KYAAR,2019,2019-10-26 10:15:00,validation
sequences\seq_KYAAR_2019_3015.npy,sequences\tgt_KYAAR_2019_3015.npy,KYAAR,2019,2019-10-26 10:30:00,validation
sequences\seq_KYAAR_2019_3016.npy,sequences\tgt_KYAAR_2019_3016.npy,KYAAR,2019,2019-10-26 10:45:00,validation
sequences\seq_KYAAR_2019_3017.npy,sequences\tgt_KYAAR_2019_3017.npy,KYAAR,2019,2019-10-26 11:00:00,validation
sequences\seq_KYAAR_2019_3018.npy,sequences\tgt_KYAAR_2019_3018.npy,KYAAR,2019,2019-10-26 11:15:00,validation
sequences\seq_KYAAR_2019_3019.npy,sequences\tgt_KYAAR_2019_3019.npy,KYAAR,2019,2019-10-26 11:30:00,validation
sequences\seq_KYAAR_2019_3020.npy,sequences\tgt_KYAAR_2019_3020.npy,KYAAR,2019,2019-10-26 11:45:00,validation
sequences\seq_KYAAR_2019_3021.npy,sequences\tgt_KYAAR_2019_3021.npy,KYAAR,2019,2019-10-26 12:00:00,validation
sequences\seq_KYAAR_2019_3022.npy,sequences\tgt_KYAAR_2019_3022.npy,KYAAR,2019,2019-10-26 12:15:00,validation
sequences\seq_KYAAR_2019_3023.npy,sequences\tgt_KYAAR_2019_3023.npy,KYAAR,2019,2019-10-26 12:30:00,validation
sequences\seq_KYAAR_2019_3024.npy,sequences\tgt_KYAAR_2019_3024.npy,KYAAR,2019,2019-10-26 12:45:00,validation
sequences\seq_KYAAR_2019_3025.npy,sequences\tgt_KYAAR_2019_3025.npy,KYAAR,2019,2019-10-26 13:00:00,validation
sequences\seq_KYAAR_2019_3026.npy,sequences\tgt_KYAAR_2019_3026.npy,KYAAR,2019,2019-10-26 13:15:00,validation
sequences\seq_KYAAR_2019_3027.npy,sequences\tgt_KYAAR_2019_3027.npy,KYAAR,2019,2019-10-26 13:30:00,validation
sequences\seq_KYAAR_2019_3028.npy,sequences\tgt_KYAAR_2019_3028.npy,KYAAR,2019,2019-10-26 13:45:00,validation
sequences\seq_KYAAR_2019_3029.npy,sequences\tgt_KYAAR_2019_3029.npy,KYAAR,2019,2019-10-26 14:00:00,validation
sequences\seq_KYAAR_2019_3030.npy,sequences\tgt_KYAAR_2019_3030.npy,KYAAR,2019,2019-10-26 14:15:00,validation
sequences\seq_KYAAR_2019_3031.npy,sequences\tgt_KYAAR_2019_3031.npy,KYAAR,2019,2019-10-26 14:30:00,validation
sequences\seq_KYAAR_2019_3032.npy,sequences\tgt_KYAAR_2019_3032.npy,KYAAR,2019,2019-10-26 14:45:00,validation
sequences\seq_KYAAR_2019_3033.npy,sequences\tgt_KYAAR_2019_3033.npy,KYAAR,2019,2019-10-26 15:00:00,validation
sequences\seq_KYAAR_2019_3034.npy,sequences\tgt_KYAAR_2019_3034.npy,KYAAR,2019,2019-10-26 15:15:00,validation
sequences\seq_KYAAR_2019_3035.npy,sequences\tgt_KYAAR_2019_3035.npy,KYAAR,2019,2019-10-26 15:30:00,validation
sequences\seq_KYAAR_2019_3036.npy,sequences\tgt_KYAAR_2019_3036.npy,KYAAR,2019,2019-10-26 15:45:00,validation
sequences\seq_KYAAR_2019_3037.npy,sequences\tgt_KYAAR_2019_3037.npy,KYAAR,2019,2019-10-26 16:00:00,validation
sequences\seq_KYAAR_2019_3038.npy,sequences\tgt_KYAAR_2019_3038.npy,KYAAR,2019,2019-10-26 16:15:00,validation
sequences\seq_KYAAR_2019_3039.npy,sequences\tgt_KYAAR_2019_3039.npy,KYAAR,2019,2019-10-26 16:30:00,validation
sequences\seq_KYAAR_2019_3040.npy,sequences\tgt_KYAAR_2019_3040.npy,KYAAR,2019,2019-10-26 16:45:00,validation
sequences\seq_KYAAR_2019_3041.npy,sequences\tgt_KYAAR_2019_3041.npy,KYAAR,2019,2019-10-26 20:00:00,validation
sequences\seq_KYAAR_2019_3042.npy,sequences\tgt_KYAAR_2019_3042.npy,KYAAR,2019,2019-10-26 20:30:00,validation
sequences\seq_KYAAR_2019_3043.npy,sequences\tgt_KYAAR_2019_3043.npy,KYAAR,2019,2019-10-26 20:45:00,validation
sequences\seq_KYAAR_2019_3044.npy,sequences\tgt_KYAAR_2019_3044.npy,KYAAR,2019,2019-10-26 21:00:00,validation
sequences\seq_KYAAR_2019_3045.npy,sequences\tgt_KYAAR_2019_3045.npy,KYAAR,2019,2019-10-26 21:15:00,validation
sequences\seq_KYAAR_2019_3046.npy,sequences\tgt_KYAAR_2019_3046.npy,KYAAR,2019,2019-10-26 21:30:00,validation
sequences\seq_KYAAR_2019_3047.npy,sequences\tgt_KYAAR_2019_3047.npy,KYAAR,2019,2019-10-26 21:45:00,validation
sequences\seq_KYAAR_2019_3048.npy,sequences\tgt_KYAAR_2019_3048.npy,KYAAR,2019,2019-10-26 22:00:00,validation
sequences\seq_KYAAR_2019_3049.npy,sequences\tgt_KYAAR_2019_3049.npy,KYAAR,2019,2019-10-26 22:15:00,validation
sequences\seq_KYAAR_2019_3050.npy,sequences\tgt_KYAAR_2019_3050.npy,KYAAR,2019,2019-10-26 22:30:00,validation
sequences\seq_KYAAR_2019_3051.npy,sequences\tgt_KYAAR_2019_3051.npy,KYAAR,2019,2019-10-26 22:45:00,validation
sequences\seq_KYAAR_2019_3052.npy,sequences\tgt_KYAAR_2019_3052.npy,KYAAR,2019,2019-10-26 23:00:00,validation
sequences\seq_KYAAR_2019_3053.npy,sequences\tgt_KYAAR_2019_3053.npy,KYAAR,2019,2019-10-26 23:15:00,validation
sequences\seq_KYAAR_2019_3054.npy,sequences\tgt_KYAAR_2019_3054.npy,KYAAR,2019,2019-10-26 23:30:00,validation
sequences\seq_KYAAR_2019_3055.npy,sequences\tgt_KYAAR_2019_3055.npy,KYAAR,2019,2019-10-26 23:45:00,validation
sequences\seq_KYAAR_2019_3056.npy,sequences\tgt_KYAAR_2019_3056.npy,KYAAR,2019,2019-10-27 00:00:00,validation
sequences\seq_KYAAR_2019_3057.npy,sequences\tgt_KYAAR_2019_3057.npy,KYAAR,2019,2019-10-27 00:15:00,validation
sequences\seq_KYAAR_2019_3058.npy,sequences\tgt_KYAAR_2019_3058.npy,KYAAR,2019,2019-10-27 00:30:00,validation
sequences\seq_KYAAR_2019_3059.npy,sequences\tgt_KYAAR_2019_3059.npy,KYAAR,2019,2019-10-27 00:45:00,validation
sequences\seq_KYAAR_2019_3060.npy,sequences\tgt_KYAAR_2019_3060.npy,KYAAR,2019,2019-10-27 01:00:00,validation
sequences\seq_KYAAR_2019_3061.npy,sequences\tgt_KYAAR_2019_3061.npy,KYAAR,2019,2019-10-27 01:15:00,validation
sequences\seq_KYAAR_2019_3062.npy,sequences\tgt_KYAAR_2019_3062.npy,KYAAR,2019,2019-10-27 01:30:00,validation
sequences\seq_KYAAR_2019_3063.npy,sequences\tgt_KYAAR_2019_3063.npy,KYAAR,2019,2019-10-27 02:00:00,validation
sequences\seq_KYAAR_2019_3064.npy,sequences\tgt_KYAAR_2019_3064.npy,KYAAR,2019,2019-10-27 02:15:00,validation
sequences\seq_KYAAR_2019_3065.npy,sequences\tgt_KYAAR_2019_3065.npy,KYAAR,2019,2019-10-27 02:30:00,validation
sequences\seq_KYAAR_2019_3066.npy,sequences\tgt_KYAAR_2019_3066.npy,KYAAR,2019,2019-10-27 02:45:00,validation
sequences\seq_KYAAR_2019_3067.npy,sequences\tgt_KYAAR_2019_3067.npy,KYAAR,2019,2019-10-27 03:00:00,validation
sequences\seq_KYAAR_2019_3068.npy,sequences\tgt_KYAAR_2019_3068.npy,KYAAR,2019,2019-10-27 03:30:00,validation
sequences\seq_KYAAR_2019_3069.npy,sequences\tgt_KYAAR_2019_3069.npy,KYAAR,2019,2019-10-27 04:15:00,validation
sequences\seq_KYAAR_2019_3070.npy,sequences\tgt_KYAAR_2019_3070.npy,KYAAR,2019,2019-10-27 04:30:00,validation
sequences\seq_KYAAR_2019_3071.npy,sequences\tgt_KYAAR_2019_3071.npy,KYAAR,2019,2019-10-27 04:45:00,validation
sequences\seq_KYAAR_2019_3072.npy,sequences\tgt_KYAAR_2019_3072.npy,KYAAR,2019,2019-10-27 05:00:00,validation
sequences\seq_KYAAR_2019_3073.npy,sequences\tgt_KYAAR_2019_3073.npy,KYAAR,2019,2019-10-27 05:15:00,validation
sequences\seq_KYAAR_2019_3074.npy,sequences\tgt_KYAAR_2019_3074.npy,KYAAR,2019,2019-10-27 05:30:00,validation
sequences\seq_KYAAR_2019_3075.npy,sequences\tgt_KYAAR_2019_3075.npy,KYAAR,2019,2019-10-27 05:45:00,validation
sequences\seq_KYAAR_2019_3076.npy,sequences\tgt_KYAAR_2019_3076.npy,KYAAR,2019,2019-10-27 06:00:00,validation
sequences\seq_KYAAR_2019_3077.npy,sequences\tgt_KYAAR_2019_3077.npy,KYAAR,2019,2019-10-27 06:15:00,validation
sequences\seq_KYAAR_2019_3078.npy,sequences\tgt_KYAAR_2019_3078.npy,KYAAR,2019,2019-10-27 06:30:00,validation
sequences\seq_KYAAR_2019_3079.npy,sequences\tgt_KYAAR_2019_3079.npy,KYAAR,2019,2019-10-27 06:45:00,validation
sequences\seq_KYAAR_2019_3080.npy,sequences\tgt_KYAAR_2019_3080.npy,KYAAR,2019,2019-10-27 07:00:00,validation
sequences\seq_KYAAR_2019_3081.npy,sequences\tgt_KYAAR_2019_3081.npy,KYAAR,2019,2019-10-27 07:15:00,validation
sequences\seq_KYAAR_2019_3082.npy,sequences\tgt_KYAAR_2019_3082.npy,KYAAR,2019,2019-10-27 07:30:00,validation
sequences\seq_KYAAR_2019_3083.npy,sequences\tgt_KYAAR_2019_3083.npy,KYAAR,2019,2019-10-27 07:45:00,validation
sequences\seq_KYAAR_2019_3084.npy,sequences\tgt_KYAAR_2019_3084.npy,KYAAR,2019,2019-10-27 08:00:00,validation
sequences\seq_KYAAR_2019_3085.npy,sequences\tgt_KYAAR_2019_3085.npy,KYAAR,2019,2019-10-27 08:15:00,validation
sequences\seq_KYAAR_2019_3086.npy,sequences\tgt_KYAAR_2019_3086.npy,KYAAR,2019,2019-10-27 08:30:00,validation
sequences\seq_KYAAR_2019_3087.npy,sequences\tgt_KYAAR_2019_3087.npy,KYAAR,2019,2019-10-27 08:45:00,validation
sequences\seq_KYAAR_2019_3088.npy,sequences\tgt_KYAAR_2019_3088.npy,KYAAR,2019,2019-10-27 09:00:00,validation
sequences\seq_KYAAR_2019_3089.npy,sequences\tgt_KYAAR_2019_3089.npy,KYAAR,2019,2019-10-27 09:15:00,validation
sequences\seq_KYAAR_2019_3090.npy,sequences\tgt_KYAAR_2019_3090.npy,KYAAR,2019,2019-10-27 09:30:00,validation
sequences\seq_KYAAR_2019_3091.npy,sequences\tgt_KYAAR_2019_3091.npy,KYAAR,2019,2019-10-27 09:45:00,validation
sequences\seq_KYAAR_2019_3092.npy,sequences\tgt_KYAAR_2019_3092.npy,KYAAR,2019,2019-10-27 10:00:00,validation
sequences\seq_KYAAR_2019_3093.npy,sequences\tgt_KYAAR_2019_3093.npy,KYAAR,2019,2019-10-27 10:15:00,validation
sequences\seq_KYAAR_2019_3094.npy,sequences\tgt_KYAAR_2019_3094.npy,KYAAR,2019,2019-10-27 10:30:00,validation
sequences\seq_KYAAR_2019_3095.npy,sequences\tgt_KYAAR_2019_3095.npy,KYAAR,2019,2019-10-27 10:45:00,validation
sequences\seq_KYAAR_2019_3096.npy,sequences\tgt_KYAAR_2019_3096.npy,KYAAR,2019,2019-10-27 11:00:00,validation
sequences\seq_KYAAR_2019_3097.npy,sequences\tgt_KYAAR_2019_3097.npy,KYAAR,2019,2019-10-27 11:15:00,validation
sequences\seq_KYAAR_2019_3098.npy,sequences\tgt_KYAAR_2019_3098.npy,KYAAR,2019,2019-10-27 11:30:00,validation
sequences\seq_KYAAR_2019_3099.npy,sequences\tgt_KYAAR_2019_3099.npy,KYAAR,2019,2019-10-27 11:45:00,validation
sequences\seq_KYAAR_2019_3100.npy,sequences\tgt_KYAAR_2019_3100.npy,KYAAR,2019,2019-10-27 12:00:00,validation
sequences\seq_KYAAR_2019_3101.npy,sequences\tgt_KYAAR_2019_3101.npy,KYAAR,2019,2019-10-27 12:15:00,validation
sequences\seq_KYAAR_2019_3102.npy,sequences\tgt_KYAAR_2019_3102.npy,KYAAR,2019,2019-10-27 12:30:00,validation
sequences\seq_KYAAR_2019_3103.npy,sequences\tgt_KYAAR_2019_3103.npy,KYAAR,2019,2019-10-27 12:45:00,validation
sequences\seq_KYAAR_2019_3104.npy,sequences\tgt_KYAAR_2019_3104.npy,KYAAR,2019,2019-10-27 13:00:00,validation
sequences\seq_KYAAR_2019_3105.npy,sequences\tgt_KYAAR_2019_3105.npy,KYAAR,2019,2019-10-27 13:15:00,validation
sequences\seq_KYAAR_2019_3106.npy,sequences\tgt_KYAAR_2019_3106.npy,KYAAR,2019,2019-10-27 13:30:00,validation
sequences\seq_KYAAR_2019_3107.npy,sequences\tgt_KYAAR_2019_3107.npy,KYAAR,2019,2019-10-27 13:45:00,validation
sequences\seq_KYAAR_2019_3108.npy,sequences\tgt_KYAAR_2019_3108.npy,KYAAR,2019,2019-10-27 14:00:00,validation
sequences\seq_KYAAR_2019_3109.npy,sequences\tgt_KYAAR_2019_3109.npy,KYAAR,2019,2019-10-27 14:15:00,validation
sequences\seq_KYAAR_2019_3110.npy,sequences\tgt_KYAAR_2019_3110.npy,KYAAR,2019,2019-10-27 14:30:00,validation
sequences\seq_KYAAR_2019_3111.npy,sequences\tgt_KYAAR_2019_3111.npy,KYAAR,2019,2019-10-27 14:45:00,validation
sequences\seq_KYAAR_2019_3112.npy,sequences\tgt_KYAAR_2019_3112.npy,KYAAR,2019,2019-10-27 15:00:00,validation
sequences\seq_KYAAR_2019_3113.npy,sequences\tgt_KYAAR_2019_3113.npy,KYAAR,2019,2019-10-27 15:15:00,validation
sequences\seq_KYAAR_2019_3114.npy,sequences\tgt_KYAAR_2019_3114.npy,KYAAR,2019,2019-10-27 15:30:00,validation
sequences\seq_KYAAR_2019_3115.npy,sequences\tgt_KYAAR_2019_3115.npy,KYAAR,2019,2019-10-27 15:45:00,validation
sequences\seq_KYAAR_2019_3116.npy,sequences\tgt_KYAAR_2019_3116.npy,KYAAR,2019,2019-10-27 16:00:00,validation
sequences\seq_KYAAR_2019_3117.npy,sequences\tgt_KYAAR_2019_3117.npy,KYAAR,2019,2019-10-27 16:15:00,validation
sequences\seq_KYAAR_2019_3118.npy,sequences\tgt_KYAAR_2019_3118.npy,KYAAR,2019,2019-10-27 16:30:00,validation
sequences\seq_KYAAR_2019_3119.npy,sequences\tgt_KYAAR_2019_3119.npy,KYAAR,2019,2019-10-27 16:45:00,validation
sequences\seq_KYAAR_2019_3120.npy,sequences\tgt_KYAAR_2019_3120.npy,KYAAR,2019,2019-10-27 20:00:00,validation
sequences\seq_KYAAR_2019_3121.npy,sequences\tgt_KYAAR_2019_3121.npy,KYAAR,2019,2019-10-27 20:30:00,validation
sequences\seq_KYAAR_2019_3122.npy,sequences\tgt_KYAAR_2019_3122.npy,KYAAR,2019,2019-10-27 20:45:00,validation
sequences\seq_KYAAR_2019_3123.npy,sequences\tgt_KYAAR_2019_3123.npy,KYAAR,2019,2019-10-27 21:00:00,validation
sequences\seq_KYAAR_2019_3124.npy,sequences\tgt_KYAAR_2019_3124.npy,KYAAR,2019,2019-10-27 21:15:00,validation
sequences\seq_KYAAR_2019_3125.npy,sequences\tgt_KYAAR_2019_3125.npy,KYAAR,2019,2019-10-27 21:30:00,validation
sequences\seq_KYAAR_2019_3126.npy,sequences\tgt_KYAAR_2019_3126.npy,KYAAR,2019,2019-10-27 21:45:00,validation
sequences\seq_KYAAR_2019_3127.npy,sequences\tgt_KYAAR_2019_3127.npy,KYAAR,2019,2019-10-27 22:00:00,validation
sequences\seq_KYAAR_2019_3128.npy,sequences\tgt_KYAAR_2019_3128.npy,KYAAR,2019,2019-10-27 22:15:00,validation
sequences\seq_KYAAR_2019_3129.npy,sequences\tgt_KYAAR_2019_3129.npy,KYAAR,2019,2019-10-27 22:30:00,validation
sequences\seq_KYAAR_2019_3130.npy,sequences\tgt_KYAAR_2019_3130.npy,KYAAR,2019,2019-10-27 22:45:00,validation
sequences\seq_KYAAR_2019_3131.npy,sequences\tgt_KYAAR_2019_3131.npy,KYAAR,2019,2019-10-27 23:00:00,validation
sequences\seq_KYAAR_2019_3132.npy,sequences\tgt_KYAAR_2019_3132.npy,KYAAR,2019,2019-10-27 23:15:00,validation
sequences\seq_KYAAR_2019_3133.npy,sequences\tgt_KYAAR_2019_3133.npy,KYAAR,2019,2019-10-27 23:30:00,validation
sequences\seq_KYAAR_2019_3134.npy,sequences\tgt_KYAAR_2019_3134.npy,KYAAR,2019,2019-10-27 23:45:00,validation
sequences\seq_KYAAR_2019_3135.npy,sequences\tgt_KYAAR_2019_3135.npy,KYAAR,2019,2019-10-28 00:00:00,validation
sequences\seq_KYAAR_2019_3136.npy,sequences\tgt_KYAAR_2019_3136.npy,KYAAR,2019,2019-10-28 00:15:00,validation
sequences\seq_KYAAR_2019_3137.npy,sequences\tgt_KYAAR_2019_3137.npy,KYAAR,2019,2019-10-28 00:30:00,validation
sequences\seq_KYAAR_2019_3138.npy,sequences\tgt_KYAAR_2019_3138.npy,KYAAR,2019,2019-10-28 00:45:00,validation
sequences\seq_KYAAR_2019_3139.npy,sequences\tgt_KYAAR_2019_3139.npy,KYAAR,2019,2019-10-28 01:00:00,validation
sequences\seq_KYAAR_2019_3140.npy,sequences\tgt_KYAAR_2019_3140.npy,KYAAR,2019,2019-10-28 01:15:00,validation
sequences\seq_KYAAR_2019_3141.npy,sequences\tgt_KYAAR_2019_3141.npy,KYAAR,2019,2019-10-28 01:30:00,validation
sequences\seq_KYAAR_2019_3142.npy,sequences\tgt_KYAAR_2019_3142.npy,KYAAR,2019,2019-10-28 02:00:00,validation
sequences\seq_KYAAR_2019_3143.npy,sequences\tgt_KYAAR_2019_3143.npy,KYAAR,2019,2019-10-28 02:30:00,validation
sequences\seq_KYAAR_2019_3144.npy,sequences\tgt_KYAAR_2019_3144.npy,KYAAR,2019,2019-10-28 03:00:00,validation
sequences\seq_KYAAR_2019_3145.npy,sequences\tgt_KYAAR_2019_3145.npy,KYAAR,2019,2019-10-28 03:30:00,validation
sequences\seq_KYAAR_2019_3146.npy,sequences\tgt_KYAAR_2019_3146.npy,KYAAR,2019,2019-10-28 03:45:00,validation
sequences\seq_KYAAR_2019_3147.npy,sequences\tgt_KYAAR_2019_3147.npy,KYAAR,2019,2019-10-28 04:00:00,validation
sequences\seq_KYAAR_2019_3148.npy,sequences\tgt_KYAAR_2019_3148.npy,KYAAR,2019,2019-10-28 04:15:00,validation
sequences\seq_KYAAR_2019_3149.npy,sequences\tgt_KYAAR_2019_3149.npy,KYAAR,2019,2019-10-28 04:45:00,validation
sequences\seq_KYAAR_2019_3150.npy,sequences\tgt_KYAAR_2019_3150.npy,KYAAR,2019,2019-10-28 05:00:00,validation
sequences\seq_KYAAR_2019_3151.npy,sequences\tgt_KYAAR_2019_3151.npy,KYAAR,2019,2019-10-28 05:30:00,validation
sequences\seq_KYAAR_2019_3152.npy,sequences\tgt_KYAAR_2019_3152.npy,KYAAR,2019,2019-10-28 05:45:00,validation
sequences\seq_KYAAR_2019_3153.npy,sequences\tgt_KYAAR_2019_3153.npy,KYAAR,2019,2019-10-28 06:00:00,validation
sequences\seq_KYAAR_2019_3154.npy,sequences\tgt_KYAAR_2019_3154.npy,KYAAR,2019,2019-10-28 06:15:00,validation
sequences\seq_KYAAR_2019_3155.npy,sequences\tgt_KYAAR_2019_3155.npy,KYAAR,2019,2019-10-28 06:30:00,validation
sequences\seq_KYAAR_2019_3156.npy,sequences\tgt_KYAAR_2019_3156.npy,KYAAR,2019,2019-10-28 06:45:00,validation
sequences\seq_KYAAR_2019_3157.npy,sequences\tgt_KYAAR_2019_3157.npy,KYAAR,2019,2019-10-28 07:15:00,validation
sequences\seq_KYAAR_2019_3158.npy,sequences\tgt_KYAAR_2019_3158.npy,KYAAR,2019,2019-10-28 07:30:00,validation
sequences\seq_KYAAR_2019_3159.npy,sequences\tgt_KYAAR_2019_3159.npy,KYAAR,2019,2019-10-28 07:45:00,validation
sequences\seq_KYAAR_2019_3160.npy,sequences\tgt_KYAAR_2019_3160.npy,KYAAR,2019,2019-10-28 08:00:00,validation
sequences\seq_KYAAR_2019_3161.npy,sequences\tgt_KYAAR_2019_3161.npy,KYAAR,2019,2019-10-28 08:15:00,validation
sequences\seq_KYAAR_2019_3162.npy,sequences\tgt_KYAAR_2019_3162.npy,KYAAR,2019,2019-10-28 08:30:00,validation
sequences\seq_KYAAR_2019_3163.npy,sequences\tgt_KYAAR_2019_3163.npy,KYAAR,2019,2019-10-28 08:45:00,validation
sequences\seq_KYAAR_2019_3164.npy,sequences\tgt_KYAAR_2019_3164.npy,KYAAR,2019,2019-10-28 09:00:00,validation
sequences\seq_KYAAR_2019_3165.npy,sequences\tgt_KYAAR_2019_3165.npy,KYAAR,2019,2019-10-28 09:15:00,validation
sequences\seq_KYAAR_2019_3166.npy,sequences\tgt_KYAAR_2019_3166.npy,KYAAR,2019,2019-10-28 09:30:00,validation
sequences\seq_KYAAR_2019_3167.npy,sequences\tgt_KYAAR_2019_3167.npy,KYAAR,2019,2019-10-28 09:45:00,validation
sequences\seq_KYAAR_2019_3168.npy,sequences\tgt_KYAAR_2019_3168.npy,KYAAR,2019,2019-10-28 10:00:00,validation
sequences\seq_KYAAR_2019_3169.npy,sequences\tgt_KYAAR_2019_3169.npy,KYAAR,2019,2019-10-28 10:15:00,validation
sequences\seq_KYAAR_2019_3170.npy,sequences\tgt_KYAAR_2019_3170.npy,KYAAR,2019,2019-10-28 10:30:00,validation
sequences\seq_KYAAR_2019_3171.npy,sequences\tgt_KYAAR_2019_3171.npy,KYAAR,2019,2019-10-28 10:45:00,validation
sequences\seq_KYAAR_2019_3172.npy,sequences\tgt_KYAAR_2019_3172.npy,KYAAR,2019,2019-10-28 11:00:00,validation
sequences\seq_KYAAR_2019_3173.npy,sequences\tgt_KYAAR_2019_3173.npy,KYAAR,2019,2019-10-28 11:15:00,validation
sequences\seq_KYAAR_2019_3174.npy,sequences\tgt_KYAAR_2019_3174.npy,KYAAR,2019,2019-10-28 11:30:00,validation
sequences\seq_KYAAR_2019_3175.npy,sequences\tgt_KYAAR_2019_3175.npy,KYAAR,2019,2019-10-28 11:45:00,validation
sequences\seq_KYAAR_2019_3176.npy,sequences\tgt_KYAAR_2019_3176.npy,KYAAR,2019,2019-10-28 12:00:00,validation
sequences\seq_KYAAR_2019_3177.npy,sequences\tgt_KYAAR_2019_3177.npy,KYAAR,2019,2019-10-28 12:15:00,validation
sequences\seq_KYAAR_2019_3178.npy,sequences\tgt_KYAAR_2019_3178.npy,KYAAR,2019,2019-10-28 12:30:00,validation
sequences\seq_KYAAR_2019_3179.npy,sequences\tgt_KYAAR_2019_3179.npy,KYAAR,2019,2019-10-28 12:45:00,validation
sequences\seq_KYAAR_2019_3180.npy,sequences\tgt_KYAAR_2019_3180.npy,KYAAR,2019,2019-10-28 13:00:00,validation
sequences\seq_KYAAR_2019_3181.npy,sequences\tgt_KYAAR_2019_3181.npy,KYAAR,2019,2019-10-28 13:15:00,validation
sequences\seq_KYAAR_2019_3182.npy,sequences\tgt_KYAAR_2019_3182.npy,KYAAR,2019,2019-10-28 13:30:00,validation
sequences\seq_KYAAR_2019_3183.npy,sequences\tgt_KYAAR_2019_3183.npy,KYAAR,2019,2019-10-28 13:45:00,validation
sequences\seq_KYAAR_2019_3184.npy,sequences\tgt_KYAAR_2019_3184.npy,KYAAR,2019,2019-10-28 14:00:00,validation
sequences\seq_KYAAR_2019_3185.npy,sequences\tgt_KYAAR_2019_3185.npy,KYAAR,2019,2019-10-28 14:15:00,validation
sequences\seq_KYAAR_2019_3186.npy,sequences\tgt_KYAAR_2019_3186.npy,KYAAR,2019,2019-10-28 14:30:00,validation
sequences\seq_KYAAR_2019_3187.npy,sequences\tgt_KYAAR_2019_3187.npy,KYAAR,2019,2019-10-28 14:45:00,validation
sequences\seq_KYAAR_2019_3188.npy,sequences\tgt_KYAAR_2019_3188.npy,KYAAR,2019,2019-10-28 15:00:00,validation
sequences\seq_KYAAR_2019_3189.npy,sequences\tgt_KYAAR_2019_3189.npy,KYAAR,2019,2019-10-28 15:15:00,validation
sequences\seq_KYAAR_2019_3190.npy,sequences\tgt_KYAAR_2019_3190.npy,KYAAR,2019,2019-10-28 15:30:00,validation
sequences\seq_KYAAR_2019_3191.npy,sequences\tgt_KYAAR_2019_3191.npy,KYAAR,2019,2019-10-28 15:45:00,validation
sequences\seq_KYAAR_2019_3192.npy,sequences\tgt_KYAAR_2019_3192.npy,KYAAR,2019,2019-10-28 16:00:00,validation
sequences\seq_KYAAR_2019_3193.npy,sequences\tgt_KYAAR_2019_3193.npy,KYAAR,2019,2019-10-28 16:15:00,validation
sequences\seq_KYAAR_2019_3194.npy,sequences\tgt_KYAAR_2019_3194.npy,KYAAR,2019,2019-10-28 16:30:00,validation
sequences\seq_KYAAR_2019_3195.npy,sequences\tgt_KYAAR_2019_3195.npy,KYAAR,2019,2019-10-28 16:45:00,validation
sequences\seq_KYAAR_2019_3196.npy,sequences\tgt_KYAAR_2019_3196.npy,KYAAR,2019,2019-10-28 20:00:00,validation
sequences\seq_KYAAR_2019_3197.npy,sequences\tgt_KYAAR_2019_3197.npy,KYAAR,2019,2019-10-28 20:30:00,validation
sequences\seq_KYAAR_2019_3198.npy,sequences\tgt_KYAAR_2019_3198.npy,KYAAR,2019,2019-10-28 20:45:00,validation
sequences\seq_KYAAR_2019_3199.npy,sequences\tgt_KYAAR_2019_3199.npy,KYAAR,2019,2019-10-28 21:00:00,validation
sequences\seq_KYAAR_2019_3200.npy,sequences\tgt_KYAAR_2019_3200.npy,KYAAR,2019,2019-10-28 21:30:00,validation
sequences\seq_KYAAR_2019_3201.npy,sequences\tgt_KYAAR_2019_3201.npy,KYAAR,2019,2019-10-28 21:45:00,validation
sequences\seq_KYAAR_2019_3202.npy,sequences\tgt_KYAAR_2019_3202.npy,KYAAR,2019,2019-10-28 22:00:00,validation
sequences\seq_KYAAR_2019_3203.npy,sequences\tgt_KYAAR_2019_3203.npy,KYAAR,2019,2019-10-28 22:30:00,validation
sequences\seq_KYAAR_2019_3204.npy,sequences\tgt_KYAAR_2019_3204.npy,KYAAR,2019,2019-10-28 23:00:00,validation
sequences\seq_KYAAR_2019_3205.npy,sequences\tgt_KYAAR_2019_3205.npy,KYAAR,2019,2019-10-28 23:30:00,validation
sequences\seq_KYAAR_2019_3206.npy,sequences\tgt_KYAAR_2019_3206.npy,KYAAR,2019,2019-10-29 00:00:00,validation
sequences\seq_KYAAR_2019_3207.npy,sequences\tgt_KYAAR_2019_3207.npy,KYAAR,2019,2019-10-29 00:15:00,validation
sequences\seq_KYAAR_2019_3208.npy,sequences\tgt_KYAAR_2019_3208.npy,KYAAR,2019,2019-10-29 00:30:00,validation
sequences\seq_KYAAR_2019_3209.npy,sequences\tgt_KYAAR_2019_3209.npy,KYAAR,2019,2019-10-29 01:00:00,validation
sequences\seq_KYAAR_2019_3210.npy,sequences\tgt_KYAAR_2019_3210.npy,KYAAR,2019,2019-10-29 01:30:00,validation
sequences\seq_KYAAR_2019_3211.npy,sequences\tgt_KYAAR_2019_3211.npy,KYAAR,2019,2019-10-29 01:45:00,validation
sequences\seq_KYAAR_2019_3212.npy,sequences\tgt_KYAAR_2019_3212.npy,KYAAR,2019,2019-10-29 02:00:00,validation
sequences\seq_KYAAR_2019_3213.npy,sequences\tgt_KYAAR_2019_3213.npy,KYAAR,2019,2019-10-29 02:15:00,validation
sequences\seq_KYAAR_2019_3214.npy,sequences\tgt_KYAAR_2019_3214.npy,KYAAR,2019,2019-10-29 02:45:00,validation
sequences\seq_KYAAR_2019_3215.npy,sequences\tgt_KYAAR_2019_3215.npy,KYAAR,2019,2019-10-29 03:00:00,validation
sequences\seq_KYAAR_2019_3216.npy,sequences\tgt_KYAAR_2019_3216.npy,KYAAR,2019,2019-10-29 03:15:00,validation
sequences\seq_KYAAR_2019_3217.npy,sequences\tgt_KYAAR_2019_3217.npy,KYAAR,2019,2019-10-29 03:30:00,validation
sequences\seq_KYAAR_2019_3218.npy,sequences\tgt_KYAAR_2019_3218.npy,KYAAR,2019,2019-10-29 03:45:00,validation
sequences\seq_KYAAR_2019_3219.npy,sequences\tgt_KYAAR_2019_3219.npy,KYAAR,2019,2019-10-29 04:00:00,validation
sequences\seq_KYAAR_2019_3220.npy,sequences\tgt_KYAAR_2019_3220.npy,KYAAR,2019,2019-10-29 04:15:00,validation
sequences\seq_KYAAR_2019_3221.npy,sequences\tgt_KYAAR_2019_3221.npy,KYAAR,2019,2019-10-29 04:30:00,validation
sequences\seq_KYAAR_2019_3222.npy,sequences\tgt_KYAAR_2019_3222.npy,KYAAR,2019,2019-10-29 04:45:00,validation
sequences\seq_KYAAR_2019_3223.npy,sequences\tgt_KYAAR_2019_3223.npy,KYAAR,2019,2019-10-29 05:00:00,validation
sequences\seq_KYAAR_2019_3224.npy,sequences\tgt_KYAAR_2019_3224.npy,KYAAR,2019,2019-10-29 05:30:00,validation
sequences\seq_KYAAR_2019_3225.npy,sequences\tgt_KYAAR_2019_3225.npy,KYAAR,2019,2019-10-29 05:45:00,validation
sequences\seq_KYAAR_2019_3226.npy,sequences\tgt_KYAAR_2019_3226.npy,KYAAR,2019,2019-10-29 06:00:00,validation
sequences\seq_KYAAR_2019_3227.npy,sequences\tgt_KYAAR_2019_3227.npy,KYAAR,2019,2019-10-29 06:15:00,validation
sequences\seq_KYAAR_2019_3228.npy,sequences\tgt_KYAAR_2019_3228.npy,KYAAR,2019,2019-10-29 06:30:00,validation
sequences\seq_KYAAR_2019_3229.npy,sequences\tgt_KYAAR_2019_3229.npy,KYAAR,2019,2019-10-29 07:00:00,validation
sequences\seq_KYAAR_2019_3230.npy,sequences\tgt_KYAAR_2019_3230.npy,KYAAR,2019,2019-10-29 07:15:00,validation
sequences\seq_KYAAR_2019_3231.npy,sequences\tgt_KYAAR_2019_3231.npy,KYAAR,2019,2019-10-29 07:30:00,validation
sequences\seq_KYAAR_2019_3232.npy,sequences\tgt_KYAAR_2019_3232.npy,KYAAR,2019,2019-10-29 07:45:00,validation
sequences\seq_KYAAR_2019_3233.npy,sequences\tgt_KYAAR_2019_3233.npy,KYAAR,2019,2019-10-29 08:00:00,validation
sequences\seq_KYAAR_2019_3234.npy,sequences\tgt_KYAAR_2019_3234.npy,KYAAR,2019,2019-10-29 08:15:00,validation
sequences\seq_KYAAR_2019_3235.npy,sequences\tgt_KYAAR_2019_3235.npy,KYAAR,2019,2019-10-29 08:30:00,validation
sequences\seq_KYAAR_2019_3236.npy,sequences\tgt_KYAAR_2019_3236.npy,KYAAR,2019,2019-10-29 08:45:00,validation
sequences\seq_KYAAR_2019_3237.npy,sequences\tgt_KYAAR_2019_3237.npy,KYAAR,2019,2019-10-29 09:00:00,validation
sequences\seq_KYAAR_2019_3238.npy,sequences\tgt_KYAAR_2019_3238.npy,KYAAR,2019,2019-10-29 09:15:00,validation
sequences\seq_KYAAR_2019_3239.npy,sequences\tgt_KYAAR_2019_3239.npy,KYAAR,2019,2019-10-29 09:30:00,validation
sequences\seq_KYAAR_2019_3240.npy,sequences\tgt_KYAAR_2019_3240.npy,KYAAR,2019,2019-10-29 09:45:00,validation
sequences\seq_KYAAR_2019_3241.npy,sequences\tgt_KYAAR_2019_3241.npy,KYAAR,2019,2019-10-29 10:00:00,validation
sequences\seq_KYAAR_2019_3242.npy,sequences\tgt_KYAAR_2019_3242.npy,KYAAR,2019,2019-10-29 10:15:00,validation
sequences\seq_KYAAR_2019_3243.npy,sequences\tgt_KYAAR_2019_3243.npy,KYAAR,2019,2019-10-29 10:30:00,validation
sequences\seq_KYAAR_2019_3244.npy,sequences\tgt_KYAAR_2019_3244.npy,KYAAR,2019,2019-10-29 11:00:00,validation
sequences\seq_KYAAR_2019_3245.npy,sequences\tgt_KYAAR_2019_3245.npy,KYAAR,2019,2019-10-29 11:15:00,validation
sequences\seq_KYAAR_2019_3246.npy,sequences\tgt_KYAAR_2019_3246.npy,KYAAR,2019,2019-10-29 11:30:00,validation
sequences\seq_KYAAR_2019_3247.npy,sequences\tgt_KYAAR_2019_3247.npy,KYAAR,2019,2019-10-29 11:45:00,validation
sequences\seq_KYAAR_2019_3248.npy,sequences\tgt_KYAAR_2019_3248.npy,KYAAR,2019,2019-10-29 12:00:00,validation
sequences\seq_KYAAR_2019_3249.npy,sequences\tgt_KYAAR_2019_3249.npy,KYAAR,2019,2019-10-29 12:30:00,validation
sequences\seq_KYAAR_2019_3250.npy,sequences\tgt_KYAAR_2019_3250.npy,KYAAR,2019,2019-10-29 12:45:00,validation
sequences\seq_KYAAR_2019_3251.npy,sequences\tgt_KYAAR_2019_3251.npy,KYAAR,2019,2019-10-29 13:00:00,validation
sequences\seq_KYAAR_2019_3252.npy,sequences\tgt_KYAAR_2019_3252.npy,KYAAR,2019,2019-10-29 13:15:00,validation
sequences\seq_KYAAR_2019_3253.npy,sequences\tgt_KYAAR_2019_3253.npy,KYAAR,2019,2019-10-29 13:30:00,validation
sequences\seq_KYAAR_2019_3254.npy,sequences\tgt_KYAAR_2019_3254.npy,KYAAR,2019,2019-10-29 14:00:00,validation
sequences\seq_KYAAR_2019_3255.npy,sequences\tgt_KYAAR_2019_3255.npy,KYAAR,2019,2019-10-29 14:15:00,validation
sequences\seq_KYAAR_2019_3256.npy,sequences\tgt_KYAAR_2019_3256.npy,KYAAR,2019,2019-10-29 14:30:00,validation
sequences\seq_KYAAR_2019_3257.npy,sequences\tgt_KYAAR_2019_3257.npy,KYAAR,2019,2019-10-29 14:45:00,validation
sequences\seq_KYAAR_2019_3258.npy,sequences\tgt_KYAAR_2019_3258.npy,KYAAR,2019,2019-10-29 15:00:00,validation
sequences\seq_KYAAR_2019_3259.npy,sequences\tgt_KYAAR_2019_3259.npy,KYAAR,2019,2019-10-29 15:15:00,validation
sequences\seq_KYAAR_2019_3260.npy,sequences\tgt_KYAAR_2019_3260.npy,KYAAR,2019,2019-10-29 15:30:00,validation
sequences\seq_KYAAR_2019_3261.npy,sequences\tgt_KYAAR_2019_3261.npy,KYAAR,2019,2019-10-29 15:45:00,validation
sequences\seq_KYAAR_2019_3262.npy,sequences\tgt_KYAAR_2019_3262.npy,KYAAR,2019,2019-10-29 16:00:00,validation
sequences\seq_KYAAR_2019_3263.npy,sequences\tgt_KYAAR_2019_3263.npy,KYAAR,2019,2019-10-29 16:30:00,validation
sequences\seq_KYAAR_2019_3264.npy,sequences\tgt_KYAAR_2019_3264.npy,KYAAR,2019,2019-10-29 16:45:00,validation
sequences\seq_KYAAR_2019_3265.npy,sequences\tgt_KYAAR_2019_3265.npy,KYAAR,2019,2019-10-29 20:00:00,validation
sequences\seq_KYAAR_2019_3266.npy,sequences\tgt_KYAAR_2019_3266.npy,KYAAR,2019,2019-10-29 20:30:00,validation
sequences\seq_KYAAR_2019_3267.npy,sequences\tgt_KYAAR_2019_3267.npy,KYAAR,2019,2019-10-29 20:45:00,validation
sequences\seq_KYAAR_2019_3268.npy,sequences\tgt_KYAAR_2019_3268.npy,KYAAR,2019,2019-10-29 21:00:00,validation
sequences\seq_KYAAR_2019_3269.npy,sequences\tgt_KYAAR_2019_3269.npy,KYAAR,2019,2019-10-29 21:15:00,validation
sequences\seq_KYAAR_2019_3270.npy,sequences\tgt_KYAAR_2019_3270.npy,KYAAR,2019,2019-10-29 21:30:00,validation
sequences\seq_KYAAR_2019_3271.npy,sequences\tgt_KYAAR_2019_3271.npy,KYAAR,2019,2019-10-29 22:00:00,validation
sequences\seq_KYAAR_2019_3272.npy,sequences\tgt_KYAAR_2019_3272.npy,KYAAR,2019,2019-10-29 22:15:00,validation
sequences\seq_KYAAR_2019_3273.npy,sequences\tgt_KYAAR_2019_3273.npy,KYAAR,2019,2019-10-29 22:30:00,validation
sequences\seq_KYAAR_2019_3274.npy,sequences\tgt_KYAAR_2019_3274.npy,KYAAR,2019,2019-10-29 22:45:00,validation
sequences\seq_KYAAR_2019_3275.npy,sequences\tgt_KYAAR_2019_3275.npy,KYAAR,2019,2019-10-29 23:00:00,validation
sequences\seq_KYAAR_2019_3276.npy,sequences\tgt_KYAAR_2019_3276.npy,KYAAR,2019,2019-10-29 23:15:00,validation
sequences\seq_KYAAR_2019_3277.npy,sequences\tgt_KYAAR_2019_3277.npy,KYAAR,2019,2019-10-29 23:30:00,validation
sequences\seq_KYAAR_2019_3278.npy,sequences\tgt_KYAAR_2019_3278.npy,KYAAR,2019,2019-10-29 23:45:00,validation
sequences\seq_KYAAR_2019_3279.npy,sequences\tgt_KYAAR_2019_3279.npy,KYAAR,2019,2019-10-30 00:00:00,validation
sequences\seq_KYAAR_2019_3280.npy,sequences\tgt_KYAAR_2019_3280.npy,KYAAR,2019,2019-10-30 00:15:00,validation
sequences\seq_KYAAR_2019_3281.npy,sequences\tgt_KYAAR_2019_3281.npy,KYAAR,2019,2019-10-30 00:30:00,validation
sequences\seq_KYAAR_2019_3282.npy,sequences\tgt_KYAAR_2019_3282.npy,KYAAR,2019,2019-10-30 00:45:00,validation
sequences\seq_KYAAR_2019_3283.npy,sequences\tgt_KYAAR_2019_3283.npy,KYAAR,2019,2019-10-30 01:00:00,validation
sequences\seq_KYAAR_2019_3284.npy,sequences\tgt_KYAAR_2019_3284.npy,KYAAR,2019,2019-10-30 01:15:00,validation
sequences\seq_KYAAR_2019_3285.npy,sequences\tgt_KYAAR_2019_3285.npy,KYAAR,2019,2019-10-30 01:30:00,validation
sequences\seq_KYAAR_2019_3286.npy,sequences\tgt_KYAAR_2019_3286.npy,KYAAR,2019,2019-10-30 02:00:00,validation
sequences\seq_KYAAR_2019_3287.npy,sequences\tgt_KYAAR_2019_3287.npy,KYAAR,2019,2019-10-30 02:15:00,validation
sequences\seq_KYAAR_2019_3288.npy,sequences\tgt_KYAAR_2019_3288.npy,KYAAR,2019,2019-10-30 02:30:00,validation
sequences\seq_KYAAR_2019_3289.npy,sequences\tgt_KYAAR_2019_3289.npy,KYAAR,2019,2019-10-30 02:45:00,validation
sequences\seq_KYAAR_2019_3290.npy,sequences\tgt_KYAAR_2019_3290.npy,KYAAR,2019,2019-10-30 03:00:00,validation
sequences\seq_KYAAR_2019_3291.npy,sequences\tgt_KYAAR_2019_3291.npy,KYAAR,2019,2019-10-30 03:30:00,validation
sequences\seq_KYAAR_2019_3292.npy,sequences\tgt_KYAAR_2019_3292.npy,KYAAR,2019,2019-10-30 03:45:00,validation
sequences\seq_KYAAR_2019_3293.npy,sequences\tgt_KYAAR_2019_3293.npy,KYAAR,2019,2019-10-30 04:00:00,validation
sequences\seq_KYAAR_2019_3294.npy,sequences\tgt_KYAAR_2019_3294.npy,KYAAR,2019,2019-10-30 04:15:00,validation
sequences\seq_KYAAR_2019_3295.npy,sequences\tgt_KYAAR_2019_3295.npy,KYAAR,2019,2019-10-30 05:00:00,validation
sequences\seq_KYAAR_2019_3296.npy,sequences\tgt_KYAAR_2019_3296.npy,KYAAR,2019,2019-10-30 05:15:00,validation
sequences\seq_KYAAR_2019_3297.npy,sequences\tgt_KYAAR_2019_3297.npy,KYAAR,2019,2019-10-30 06:00:00,validation
sequences\seq_KYAAR_2019_3298.npy,sequences\tgt_KYAAR_2019_3298.npy,KYAAR,2019,2019-10-30 06:30:00,validation
sequences\seq_KYAAR_2019_3299.npy,sequences\tgt_KYAAR_2019_3299.npy,KYAAR,2019,2019-10-30 06:45:00,validation
sequences\seq_KYAAR_2019_3300.npy,sequences\tgt_KYAAR_2019_3300.npy,KYAAR,2019,2019-10-30 07:00:00,validation
sequences\seq_KYAAR_2019_3301.npy,sequences\tgt_KYAAR_2019_3301.npy,KYAAR,2019,2019-10-30 07:30:00,validation
sequences\seq_KYAAR_2019_3302.npy,sequences\tgt_KYAAR_2019_3302.npy,KYAAR,2019,2019-10-30 08:00:00,validation
sequences\seq_KYAAR_2019_3303.npy,sequences\tgt_KYAAR_2019_3303.npy,KYAAR,2019,2019-10-30 08:30:00,validation
sequences\seq_KYAAR_2019_3304.npy,sequences\tgt_KYAAR_2019_3304.npy,KYAAR,2019,2019-10-30 09:00:00,validation
sequences\seq_KYAAR_2019_3305.npy,sequences\tgt_KYAAR_2019_3305.npy,KYAAR,2019,2019-10-30 09:15:00,validation
sequences\seq_KYAAR_2019_3306.npy,sequences\tgt_KYAAR_2019_3306.npy,KYAAR,2019,2019-10-30 09:30:00,validation
sequences\seq_KYAAR_2019_3307.npy,sequences\tgt_KYAAR_2019_3307.npy,KYAAR,2019,2019-10-30 10:00:00,validation
sequences\seq_KYAAR_2019_3308.npy,sequences\tgt_KYAAR_2019_3308.npy,KYAAR,2019,2019-10-30 10:30:00,validation
sequences\seq_KYAAR_2019_3309.npy,sequences\tgt_KYAAR_2019_3309.npy,KYAAR,2019,2019-10-30 10:45:00,validation
sequences\seq_KYAAR_2019_3310.npy,sequences\tgt_KYAAR_2019_3310.npy,KYAAR,2019,2019-10-30 11:00:00,validation
sequences\seq_KYAAR_2019_3311.npy,sequences\tgt_KYAAR_2019_3311.npy,KYAAR,2019,2019-10-30 11:30:00,validation
sequences\seq_KYAAR_2019_3312.npy,sequences\tgt_KYAAR_2019_3312.npy,KYAAR,2019,2019-10-30 12:00:00,validation
sequences\seq_KYAAR_2019_3313.npy,sequences\tgt_KYAAR_2019_3313.npy,KYAAR,2019,2019-10-30 12:15:00,validation
sequences\seq_KYAAR_2019_3314.npy,sequences\tgt_KYAAR_2019_3314.npy,KYAAR,2019,2019-10-30 12:30:00,validation
sequences\seq_KYAAR_2019_3315.npy,sequences\tgt_KYAAR_2019_3315.npy,KYAAR,2019,2019-10-30 13:00:00,validation
sequences\seq_KYAAR_2019_3316.npy,sequences\tgt_KYAAR_2019_3316.npy,KYAAR,2019,2019-10-30 13:15:00,validation
sequences\seq_KYAAR_2019_3317.npy,sequences\tgt_KYAAR_2019_3317.npy,KYAAR,2019,2019-10-30 13:30:00,validation
sequences\seq_KYAAR_2019_3318.npy,sequences\tgt_KYAAR_2019_3318.npy,KYAAR,2019,2019-10-30 13:45:00,validation
sequences\seq_KYAAR_2019_3319.npy,sequences\tgt_KYAAR_2019_3319.npy,KYAAR,2019,2019-10-30 14:00:00,validation
sequences\seq_KYAAR_2019_3320.npy,sequences\tgt_KYAAR_2019_3320.npy,KYAAR,2019,2019-10-30 14:30:00,validation
sequences\seq_KYAAR_2019_3321.npy,sequences\tgt_KYAAR_2019_3321.npy,KYAAR,2019,2019-10-30 14:45:00,validation
sequences\seq_KYAAR_2019_3322.npy,sequences\tgt_KYAAR_2019_3322.npy,KYAAR,2019,2019-10-30 15:00:00,validation
sequences\seq_KYAAR_2019_3323.npy,sequences\tgt_KYAAR_2019_3323.npy,KYAAR,2019,2019-10-30 15:15:00,validation
sequences\seq_KYAAR_2019_3324.npy,sequences\tgt_KYAAR_2019_3324.npy,KYAAR,2019,2019-10-30 15:30:00,validation
sequences\seq_KYAAR_2019_3325.npy,sequences\tgt_KYAAR_2019_3325.npy,KYAAR,2019,2019-10-30 16:00:00,validation
sequences\seq_KYAAR_2019_3326.npy,sequences\tgt_KYAAR_2019_3326.npy,KYAAR,2019,2019-10-30 16:15:00,validation
sequences\seq_KYAAR_2019_3327.npy,sequences\tgt_KYAAR_2019_3327.npy,KYAAR,2019,2019-10-30 16:30:00,validation
sequences\seq_KYAAR_2019_3328.npy,sequences\tgt_KYAAR_2019_3328.npy,KYAAR,2019,2019-10-30 20:00:00,validation
sequences\seq_KYAAR_2019_3329.npy,sequences\tgt_KYAAR_2019_3329.npy,KYAAR,2019,2019-10-30 20:30:00,validation
sequences\seq_KYAAR_2019_3330.npy,sequences\tgt_KYAAR_2019_3330.npy,KYAAR,2019,2019-10-30 21:15:00,validation
sequences\seq_KYAAR_2019_3331.npy,sequences\tgt_KYAAR_2019_3331.npy,KYAAR,2019,2019-10-30 21:45:00,validation
sequences\seq_KYAAR_2019_3332.npy,sequences\tgt_KYAAR_2019_3332.npy,KYAAR,2019,2019-10-30 22:00:00,validation
sequences\seq_KYAAR_2019_3333.npy,sequences\tgt_KYAAR_2019_3333.npy,KYAAR,2019,2019-10-30 22:30:00,validation
sequences\seq_KYAAR_2019_3334.npy,sequences\tgt_KYAAR_2019_3334.npy,KYAAR,2019,2019-10-30 22:45:00,validation
sequences\seq_KYAAR_2019_3335.npy,sequences\tgt_KYAAR_2019_3335.npy,KYAAR,2019,2019-10-30 23:00:00,validation
sequences\seq_KYAAR_2019_3336.npy,sequences\tgt_KYAAR_2019_3336.npy,KYAAR,2019,2019-10-30 23:15:00,validation
sequences\seq_KYAAR_2019_3337.npy,sequences\tgt_KYAAR_2019_3337.npy,KYAAR,2019,2019-10-30 23:30:00,validation
sequences\seq_KYAAR_2019_3338.npy,sequences\tgt_KYAAR_2019_3338.npy,KYAAR,2019,2019-10-31 00:00:00,validation
sequences\seq_KYAAR_2019_3339.npy,sequences\tgt_KYAAR_2019_3339.npy,KYAAR,2019,2019-10-31 00:15:00,validation
sequences\seq_KYAAR_2019_3340.npy,sequences\tgt_KYAAR_2019_3340.npy,KYAAR,2019,2019-10-31 00:30:00,validation
sequences\seq_KYAAR_2019_3341.npy,sequences\tgt_KYAAR_2019_3341.npy,KYAAR,2019,2019-10-31 00:45:00,validation
sequences\seq_KYAAR_2019_3342.npy,sequences\tgt_KYAAR_2019_3342.npy,KYAAR,2019,2019-10-31 01:00:00,validation
sequences\seq_KYAAR_2019_3343.npy,sequences\tgt_KYAAR_2019_3343.npy,KYAAR,2019,2019-10-31 01:30:00,validation
sequences\seq_KYAAR_2019_3344.npy,sequences\tgt_KYAAR_2019_3344.npy,KYAAR,2019,2019-10-31 01:45:00,validation
sequences\seq_KYAAR_2019_3345.npy,sequences\tgt_KYAAR_2019_3345.npy,KYAAR,2019,2019-10-31 02:00:00,validation
sequences\seq_KYAAR_2019_3346.npy,sequences\tgt_KYAAR_2019_3346.npy,KYAAR,2019,2019-10-31 02:30:00,validation
sequences\seq_KYAAR_2019_3347.npy,sequences\tgt_KYAAR_2019_3347.npy,KYAAR,2019,2019-10-31 03:00:00,validation
sequences\seq_KYAAR_2019_3348.npy,sequences\tgt_KYAAR_2019_3348.npy,KYAAR,2019,2019-10-31 03:15:00,validation
sequences\seq_KYAAR_2019_3349.npy,sequences\tgt_KYAAR_2019_3349.npy,KYAAR,2019,2019-10-31 03:30:00,validation
sequences\seq_KYAAR_2019_3350.npy,sequences\tgt_KYAAR_2019_3350.npy,KYAAR,2019,2019-10-31 04:00:00,validation
sequences\seq_KYAAR_2019_3351.npy,sequences\tgt_KYAAR_2019_3351.npy,KYAAR,2019,2019-10-31 04:15:00,validation
sequences\seq_KYAAR_2019_3352.npy,sequences\tgt_KYAAR_2019_3352.npy,KYAAR,2019,2019-10-31 04:30:00,validation
sequences\seq_KYAAR_2019_3353.npy,sequences\tgt_KYAAR_2019_3353.npy,KYAAR,2019,2019-10-31 04:45:00,validation
sequences\seq_KYAAR_2019_3354.npy,sequences\tgt_KYAAR_2019_3354.npy,KYAAR,2019,2019-10-31 05:00:00,validation
sequences\seq_KYAAR_2019_3355.npy,sequences\tgt_KYAAR_2019_3355.npy,KYAAR,2019,2019-10-31 05:30:00,validation
sequences\seq_KYAAR_2019_3356.npy,sequences\tgt_KYAAR_2019_3356.npy,KYAAR,2019,2019-10-31 05:45:00,validation
sequences\seq_KYAAR_2019_3357.npy,sequences\tgt_KYAAR_2019_3357.npy,KYAAR,2019,2019-10-31 06:00:00,validation
sequences\seq_KYAAR_2019_3358.npy,sequences\tgt_KYAAR_2019_3358.npy,KYAAR,2019,2019-10-31 06:15:00,validation
sequences\seq_KYAAR_2019_3359.npy,sequences\tgt_KYAAR_2019_3359.npy,KYAAR,2019,2019-10-31 06:30:00,validation
sequences\seq_KYAAR_2019_3360.npy,sequences\tgt_KYAAR_2019_3360.npy,KYAAR,2019,2019-10-31 07:00:00,validation
sequences\seq_KYAAR_2019_3361.npy,sequences\tgt_KYAAR_2019_3361.npy,KYAAR,2019,2019-10-31 07:15:00,validation
sequences\seq_KYAAR_2019_3362.npy,sequences\tgt_KYAAR_2019_3362.npy,KYAAR,2019,2019-10-31 07:30:00,validation
sequences\seq_KYAAR_2019_3363.npy,sequences\tgt_KYAAR_2019_3363.npy,KYAAR,2019,2019-10-31 08:00:00,validation
sequences\seq_KYAAR_2019_3364.npy,sequences\tgt_KYAAR_2019_3364.npy,KYAAR,2019,2019-10-31 08:30:00,validation
sequences\seq_KYAAR_2019_3365.npy,sequences\tgt_KYAAR_2019_3365.npy,KYAAR,2019,2019-10-31 08:45:00,validation
sequences\seq_KYAAR_2019_3366.npy,sequences\tgt_KYAAR_2019_3366.npy,KYAAR,2019,2019-10-31 09:00:00,validation
sequences\seq_KYAAR_2019_3367.npy,sequences\tgt_KYAAR_2019_3367.npy,KYAAR,2019,2019-10-31 09:30:00,validation
sequences\seq_KYAAR_2019_3368.npy,sequences\tgt_KYAAR_2019_3368.npy,KYAAR,2019,2019-10-31 10:00:00,validation
sequences\seq_KYAAR_2019_3369.npy,sequences\tgt_KYAAR_2019_3369.npy,KYAAR,2019,2019-10-31 10:15:00,validation
sequences\seq_KYAAR_2019_3370.npy,sequences\tgt_KYAAR_2019_3370.npy,KYAAR,2019,2019-10-31 10:30:00,validation
sequences\seq_KYAAR_2019_3371.npy,sequences\tgt_KYAAR_2019_3371.npy,KYAAR,2019,2019-10-31 11:00:00,validation
sequences\seq_KYAAR_2019_3372.npy,sequences\tgt_KYAAR_2019_3372.npy,KYAAR,2019,2019-10-31 11:15:00,validation
sequences\seq_KYAAR_2019_3373.npy,sequences\tgt_KYAAR_2019_3373.npy,KYAAR,2019,2019-10-31 11:30:00,validation
sequences\seq_KYAAR_2019_3374.npy,sequences\tgt_KYAAR_2019_3374.npy,KYAAR,2019,2019-10-31 12:00:00,validation
sequences\seq_KYAAR_2019_3375.npy,sequences\tgt_KYAAR_2019_3375.npy,KYAAR,2019,2019-10-31 12:30:00,validation
sequences\seq_KYAAR_2019_3376.npy,sequences\tgt_KYAAR_2019_3376.npy,KYAAR,2019,2019-10-31 12:45:00,validation
sequences\seq_KYAAR_2019_3377.npy,sequences\tgt_KYAAR_2019_3377.npy,KYAAR,2019,2019-10-31 13:00:00,validation
sequences\seq_KYAAR_2019_3378.npy,sequences\tgt_KYAAR_2019_3378.npy,KYAAR,2019,2019-10-31 13:30:00,validation
sequences\seq_KYAAR_2019_3379.npy,sequences\tgt_KYAAR_2019_3379.npy,KYAAR,2019,2019-10-31 14:00:00,validation
sequences\seq_KYAAR_2019_3380.npy,sequences\tgt_KYAAR_2019_3380.npy,KYAAR,2019,2019-10-31 14:15:00,validation
sequences\seq_KYAAR_2019_3381.npy,sequences\tgt_KYAAR_2019_3381.npy,KYAAR,2019,2019-10-31 14:30:00,validation
sequences\seq_KYAAR_2019_3382.npy,sequences\tgt_KYAAR_2019_3382.npy,KYAAR,2019,2019-10-31 15:00:00,validation
sequences\seq_KYAAR_2019_3383.npy,sequences\tgt_KYAAR_2019_3383.npy,KYAAR,2019,2019-10-31 15:15:00,validation
sequences\seq_KYAAR_2019_3384.npy,sequences\tgt_KYAAR_2019_3384.npy,KYAAR,2019,2019-10-31 15:30:00,validation
sequences\seq_KYAAR_2019_3385.npy,sequences\tgt_KYAAR_2019_3385.npy,KYAAR,2019,2019-10-31 15:45:00,validation
sequences\seq_KYAAR_2019_3386.npy,sequences\tgt_KYAAR_2019_3386.npy,KYAAR,2019,2019-10-31 16:00:00,validation
sequences\seq_KYAAR_2019_3387.npy,sequences\tgt_KYAAR_2019_3387.npy,KYAAR,2019,2019-10-31 16:30:00,validation
sequences\seq_KYAAR_2019_3388.npy,sequences\tgt_KYAAR_2019_3388.npy,KYAAR,2019,2019-10-31 16:45:00,validation
sequences\seq_KYAAR_2019_3389.npy,sequences\tgt_KYAAR_2019_3389.npy,KYAAR,2019,2019-10-31 20:00:00,validation
sequences\seq_KYAAR_2019_3390.npy,sequences\tgt_KYAAR_2019_3390.npy,KYAAR,2019,2019-10-31 20:30:00,validation
sequences\seq_KYAAR_2019_3391.npy,sequences\tgt_KYAAR_2019_3391.npy,KYAAR,2019,2019-10-31 21:00:00,validation
sequences\seq_KYAAR_2019_3392.npy,sequences\tgt_KYAAR_2019_3392.npy,KYAAR,2019,2019-10-31 21:30:00,validation
sequences\seq_KYAAR_2019_3393.npy,sequences\tgt_KYAAR_2019_3393.npy,KYAAR,2019,2019-10-31 22:00:00,validation
sequences\seq_KYAAR_2019_3394.npy,sequences\tgt_KYAAR_2019_3394.npy,KYAAR,2019,2019-10-31 22:30:00,validation
sequences\seq_KYAAR_2019_3395.npy,sequences\tgt_KYAAR_2019_3395.npy,KYAAR,2019,2019-10-31 23:00:00,validation
sequences\seq_KYAAR_2019_3396.npy,sequences\tgt_KYAAR_2019_3396.npy,KYAAR,2019,2019-10-31 23:30:00,validation
sequences\seq_KYAAR_2019_3397.npy,sequences\tgt_KYAAR_2019_3397.npy,KYAAR,2019,2019-11-01 00:00:00,validation
sequences\seq_KYANT_2016_3398.npy,sequences\tgt_KYANT_2016_3398.npy,KYANT,2016,2016-10-21 21:45:00,train
sequences\seq_KYANT_2016_3399.npy,sequences\tgt_KYANT_2016_3399.npy,KYANT,2016,2016-10-21 22:00:00,train
sequences\seq_KYANT_2016_3400.npy,sequences\tgt_KYANT_2016_3400.npy,KYANT,2016,2016-10-21 22:15:00,train
sequences\seq_KYANT_2016_3401.npy,sequences\tgt_KYANT_2016_3401.npy,KYANT,2016,2016-10-21 22:30:00,train
sequences\seq_KYANT_2016_3402.npy,sequences\tgt_KYANT_2016_3402.npy,KYANT,2016,2016-10-21 22:45:00,train
sequences\seq_KYANT_2016_3403.npy,sequences\tgt_KYANT_2016_3403.npy,KYANT,2016,2016-10-21 23:00:00,train
sequences\seq_KYANT_2016_3404.npy,sequences\tgt_KYANT_2016_3404.npy,KYANT,2016,2016-10-21 23:15:00,train
sequences\seq_KYANT_2016_3405.npy,sequences\tgt_KYANT_2016_3405.npy,KYANT,2016,2016-10-21 23:30:00,train
sequences\seq_KYANT_2016_3406.npy,sequences\tgt_KYANT_2016_3406.npy,KYANT,2016,2016-10-21 23:45:00,train
sequences\seq_KYANT_2016_3407.npy,sequences\tgt_KYANT_2016_3407.npy,KYANT,2016,2016-10-22 00:00:00,train
sequences\seq_KYANT_2016_3408.npy,sequences\tgt_KYANT_2016_3408.npy,KYANT,2016,2016-10-22 00:15:00,train
sequences\seq_KYANT_2016_3409.npy,sequences\tgt_KYANT_2016_3409.npy,KYANT,2016,2016-10-22 00:30:00,train
sequences\seq_KYANT_2016_3410.npy,sequences\tgt_KYANT_2016_3410.npy,KYANT,2016,2016-10-22 00:45:00,train
sequences\seq_KYANT_2016_3411.npy,sequences\tgt_KYANT_2016_3411.npy,KYANT,2016,2016-10-22 01:00:00,train
sequences\seq_KYANT_2016_3412.npy,sequences\tgt_KYANT_2016_3412.npy,KYANT,2016,2016-10-22 01:15:00,train
sequences\seq_KYANT_2016_3413.npy,sequences\tgt_KYANT_2016_3413.npy,KYANT,2016,2016-10-22 01:30:00,train
sequences\seq_KYANT_2016_3414.npy,sequences\tgt_KYANT_2016_3414.npy,KYANT,2016,2016-10-22 01:45:00,train
sequences\seq_KYANT_2016_3415.npy,sequences\tgt_KYANT_2016_3415.npy,KYANT,2016,2016-10-22 02:00:00,train
sequences\seq_KYANT_2016_3416.npy,sequences\tgt_KYANT_2016_3416.npy,KYANT,2016,2016-10-22 02:15:00,train
sequences\seq_KYANT_2016_3417.npy,sequences\tgt_KYANT_2016_3417.npy,KYANT,2016,2016-10-22 02:30:00,train
sequences\seq_KYANT_2016_3418.npy,sequences\tgt_KYANT_2016_3418.npy,KYANT,2016,2016-10-22 02:45:00,train
sequences\seq_KYANT_2016_3419.npy,sequences\tgt_KYANT_2016_3419.npy,KYANT,2016,2016-10-22 03:00:00,train
sequences\seq_KYANT_2016_3420.npy,sequences\tgt_KYANT_2016_3420.npy,KYANT,2016,2016-10-22 03:15:00,train
sequences\seq_KYANT_2016_3421.npy,sequences\tgt_KYANT_2016_3421.npy,KYANT,2016,2016-10-22 03:30:00,train
sequences\seq_KYANT_2016_3422.npy,sequences\tgt_KYANT_2016_3422.npy,KYANT,2016,2016-10-22 03:45:00,train
sequences\seq_KYANT_2016_3423.npy,sequences\tgt_KYANT_2016_3423.npy,KYANT,2016,2016-10-22 04:00:00,train
sequences\seq_KYANT_2016_3424.npy,sequences\tgt_KYANT_2016_3424.npy,KYANT,2016,2016-10-22 04:15:00,train
sequences\seq_KYANT_2016_3425.npy,sequences\tgt_KYANT_2016_3425.npy,KYANT,2016,2016-10-22 04:30:00,train
sequences\seq_KYANT_2016_3426.npy,sequences\tgt_KYANT_2016_3426.npy,KYANT,2016,2016-10-22 04:45:00,train
sequences\seq_KYANT_2016_3427.npy,sequences\tgt_KYANT_2016_3427.npy,KYANT,2016,2016-10-22 05:00:00,train
sequences\seq_KYANT_2016_3428.npy,sequences\tgt_KYANT_2016_3428.npy,KYANT,2016,2016-10-22 05:15:00,train
sequences\seq_KYANT_2016_3429.npy,sequences\tgt_KYANT_2016_3429.npy,KYANT,2016,2016-10-22 05:30:00,train
sequences\seq_KYANT_2016_3430.npy,sequences\tgt_KYANT_2016_3430.npy,KYANT,2016,2016-10-22 05:45:00,train
sequences\seq_KYANT_2016_3431.npy,sequences\tgt_KYANT_2016_3431.npy,KYANT,2016,2016-10-22 06:00:00,train
sequences\seq_KYANT_2016_3432.npy,sequences\tgt_KYANT_2016_3432.npy,KYANT,2016,2016-10-22 06:15:00,train
sequences\seq_KYANT_2016_3433.npy,sequences\tgt_KYANT_2016_3433.npy,KYANT,2016,2016-10-22 06:30:00,train
sequences\seq_KYANT_2016_3434.npy,sequences\tgt_KYANT_2016_3434.npy,KYANT,2016,2016-10-22 06:45:00,train
sequences\seq_KYANT_2016_3435.npy,sequences\tgt_KYANT_2016_3435.npy,KYANT,2016,2016-10-22 07:00:00,train
sequences\seq_KYANT_2016_3436.npy,sequences\tgt_KYANT_2016_3436.npy,KYANT,2016,2016-10-22 07:15:00,train
sequences\seq_KYANT_2016_3437.npy,sequences\tgt_KYANT_2016_3437.npy,KYANT,2016,2016-10-22 07:30:00,train
sequences\seq_KYANT_2016_3438.npy,sequences\tgt_KYANT_2016_3438.npy,KYANT,2016,2016-10-22 07:45:00,train
sequences\seq_KYANT_2016_3439.npy,sequences\tgt_KYANT_2016_3439.npy,KYANT,2016,2016-10-22 08:00:00,train
sequences\seq_KYANT_2016_3440.npy,sequences\tgt_KYANT_2016_3440.npy,KYANT,2016,2016-10-22 08:15:00,train
sequences\seq_KYANT_2016_3441.npy,sequences\tgt_KYANT_2016_3441.npy,KYANT,2016,2016-10-22 08:30:00,train
sequences\seq_KYANT_2016_3442.npy,sequences\tgt_KYANT_2016_3442.npy,KYANT,2016,2016-10-22 08:45:00,train
sequences\seq_KYANT_2016_3443.npy,sequences\tgt_KYANT_2016_3443.npy,KYANT,2016,2016-10-22 09:00:00,train
sequences\seq_KYANT_2016_3444.npy,sequences\tgt_KYANT_2016_3444.npy,KYANT,2016,2016-10-22 09:15:00,train
sequences\seq_KYANT_2016_3445.npy,sequences\tgt_KYANT_2016_3445.npy,KYANT,2016,2016-10-22 09:30:00,train
sequences\seq_KYANT_2016_3446.npy,sequences\tgt_KYANT_2016_3446.npy,KYANT,2016,2016-10-22 09:45:00,train
sequences\seq_KYANT_2016_3447.npy,sequences\tgt_KYANT_2016_3447.npy,KYANT,2016,2016-10-22 10:00:00,train
sequences\seq_KYANT_2016_3448.npy,sequences\tgt_KYANT_2016_3448.npy,KYANT,2016,2016-10-22 10:15:00,train
sequences\seq_KYANT_2016_3449.npy,sequences\tgt_KYANT_2016_3449.npy,KYANT,2016,2016-10-22 10:30:00,train
sequences\seq_KYANT_2016_3450.npy,sequences\tgt_KYANT_2016_3450.npy,KYANT,2016,2016-10-22 10:45:00,train
sequences\seq_KYANT_2016_3451.npy,sequences\tgt_KYANT_2016_3451.npy,KYANT,2016,2016-10-22 11:00:00,train
sequences\seq_KYANT_2016_3452.npy,sequences\tgt_KYANT_2016_3452.npy,KYANT,2016,2016-10-22 11:15:00,train
sequences\seq_KYANT_2016_3453.npy,sequences\tgt_KYANT_2016_3453.npy,KYANT,2016,2016-10-22 11:30:00,train
sequences\seq_KYANT_2016_3454.npy,sequences\tgt_KYANT_2016_3454.npy,KYANT,2016,2016-10-22 12:00:00,train
sequences\seq_KYANT_2016_3455.npy,sequences\tgt_KYANT_2016_3455.npy,KYANT,2016,2016-10-22 12:15:00,train
sequences\seq_KYANT_2016_3456.npy,sequences\tgt_KYANT_2016_3456.npy,KYANT,2016,2016-10-22 12:30:00,train
sequences\seq_KYANT_2016_3457.npy,sequences\tgt_KYANT_2016_3457.npy,KYANT,2016,2016-10-22 12:45:00,train
sequences\seq_KYANT_2016_3458.npy,sequences\tgt_KYANT_2016_3458.npy,KYANT,2016,2016-10-22 13:00:00,train
sequences\seq_KYANT_2016_3459.npy,sequences\tgt_KYANT_2016_3459.npy,KYANT,2016,2016-10-22 13:15:00,train
sequences\seq_KYANT_2016_3460.npy,sequences\tgt_KYANT_2016_3460.npy,KYANT,2016,2016-10-22 13:30:00,train
sequences\seq_KYANT_2016_3461.npy,sequences\tgt_KYANT_2016_3461.npy,KYANT,2016,2016-10-22 13:45:00,train
sequences\seq_KYANT_2016_3462.npy,sequences\tgt_KYANT_2016_3462.npy,KYANT,2016,2016-10-22 14:00:00,train
sequences\seq_KYANT_2016_3463.npy,sequences\tgt_KYANT_2016_3463.npy,KYANT,2016,2016-10-22 14:15:00,train
sequences\seq_KYANT_2016_3464.npy,sequences\tgt_KYANT_2016_3464.npy,KYANT,2016,2016-10-22 14:30:00,train
sequences\seq_KYANT_2016_3465.npy,sequences\tgt_KYANT_2016_3465.npy,KYANT,2016,2016-10-22 15:00:00,train
sequences\seq_KYANT_2016_3466.npy,sequences\tgt_KYANT_2016_3466.npy,KYANT,2016,2016-10-22 15:30:00,train
sequences\seq_KYANT_2016_3467.npy,sequences\tgt_KYANT_2016_3467.npy,KYANT,2016,2016-10-22 15:45:00,train
sequences\seq_KYANT_2016_3468.npy,sequences\tgt_KYANT_2016_3468.npy,KYANT,2016,2016-10-22 16:00:00,train
sequences\seq_KYANT_2016_3469.npy,sequences\tgt_KYANT_2016_3469.npy,KYANT,2016,2016-10-22 16:15:00,train
sequences\seq_KYANT_2016_3470.npy,sequences\tgt_KYANT_2016_3470.npy,KYANT,2016,2016-10-22 16:30:00,train
sequences\seq_KYANT_2016_3471.npy,sequences\tgt_KYANT_2016_3471.npy,KYANT,2016,2016-10-22 16:45:00,train
sequences\seq_KYANT_2016_3472.npy,sequences\tgt_KYANT_2016_3472.npy,KYANT,2016,2016-10-22 20:00:00,train
sequences\seq_KYANT_2016_3473.npy,sequences\tgt_KYANT_2016_3473.npy,KYANT,2016,2016-10-22 20:30:00,train
sequences\seq_KYANT_2016_3474.npy,sequences\tgt_KYANT_2016_3474.npy,KYANT,2016,2016-10-22 20:45:00,train
sequences\seq_KYANT_2016_3475.npy,sequences\tgt_KYANT_2016_3475.npy,KYANT,2016,2016-10-22 21:00:00,train
sequences\seq_KYANT_2016_3476.npy,sequences\tgt_KYANT_2016_3476.npy,KYANT,2016,2016-10-22 21:15:00,train
sequences\seq_KYANT_2016_3477.npy,sequences\tgt_KYANT_2016_3477.npy,KYANT,2016,2016-10-22 21:30:00,train
sequences\seq_KYANT_2016_3478.npy,sequences\tgt_KYANT_2016_3478.npy,KYANT,2016,2016-10-22 21:45:00,train
sequences\seq_KYANT_2016_3479.npy,sequences\tgt_KYANT_2016_3479.npy,KYANT,2016,2016-10-22 22:00:00,train
sequences\seq_KYANT_2016_3480.npy,sequences\tgt_KYANT_2016_3480.npy,KYANT,2016,2016-10-22 22:15:00,train
sequences\seq_KYANT_2016_3481.npy,sequences\tgt_KYANT_2016_3481.npy,KYANT,2016,2016-10-22 22:30:00,train
sequences\seq_KYANT_2016_3482.npy,sequences\tgt_KYANT_2016_3482.npy,KYANT,2016,2016-10-22 22:45:00,train
sequences\seq_KYANT_2016_3483.npy,sequences\tgt_KYANT_2016_3483.npy,KYANT,2016,2016-10-22 23:00:00,train
sequences\seq_KYANT_2016_3484.npy,sequences\tgt_KYANT_2016_3484.npy,KYANT,2016,2016-10-22 23:15:00,train
sequences\seq_KYANT_2016_3485.npy,sequences\tgt_KYANT_2016_3485.npy,KYANT,2016,2016-10-22 23:30:00,train
sequences\seq_KYANT_2016_3486.npy,sequences\tgt_KYANT_2016_3486.npy,KYANT,2016,2016-10-22 23:45:00,train
sequences\seq_KYANT_2016_3487.npy,sequences\tgt_KYANT_2016_3487.npy,KYANT,2016,2016-10-23 00:00:00,train
sequences\seq_KYANT_2016_3488.npy,sequences\tgt_KYANT_2016_3488.npy,KYANT,2016,2016-10-23 00:15:00,train
sequences\seq_KYANT_2016_3489.npy,sequences\tgt_KYANT_2016_3489.npy,KYANT,2016,2016-10-23 00:30:00,train
sequences\seq_KYANT_2016_3490.npy,sequences\tgt_KYANT_2016_3490.npy,KYANT,2016,2016-10-23 00:45:00,train
sequences\seq_KYANT_2016_3491.npy,sequences\tgt_KYANT_2016_3491.npy,KYANT,2016,2016-10-23 01:00:00,train
sequences\seq_KYANT_2016_3492.npy,sequences\tgt_KYANT_2016_3492.npy,KYANT,2016,2016-10-23 01:15:00,train
sequences\seq_KYANT_2016_3493.npy,sequences\tgt_KYANT_2016_3493.npy,KYANT,2016,2016-10-23 01:30:00,train
sequences\seq_KYANT_2016_3494.npy,sequences\tgt_KYANT_2016_3494.npy,KYANT,2016,2016-10-23 01:45:00,train
sequences\seq_KYANT_2016_3495.npy,sequences\tgt_KYANT_2016_3495.npy,KYANT,2016,2016-10-23 02:00:00,train
sequences\seq_KYANT_2016_3496.npy,sequences\tgt_KYANT_2016_3496.npy,KYANT,2016,2016-10-23 02:15:00,train
sequences\seq_KYANT_2016_3497.npy,sequences\tgt_KYANT_2016_3497.npy,KYANT,2016,2016-10-23 02:30:00,train
sequences\seq_KYANT_2016_3498.npy,sequences\tgt_KYANT_2016_3498.npy,KYANT,2016,2016-10-23 02:45:00,train
sequences\seq_KYANT_2016_3499.npy,sequences\tgt_KYANT_2016_3499.npy,KYANT,2016,2016-10-23 03:15:00,train
sequences\seq_KYANT_2016_3500.npy,sequences\tgt_KYANT_2016_3500.npy,KYANT,2016,2016-10-23 03:30:00,train
sequences\seq_KYANT_2016_3501.npy,sequences\tgt_KYANT_2016_3501.npy,KYANT,2016,2016-10-23 03:45:00,train
sequences\seq_KYANT_2016_3502.npy,sequences\tgt_KYANT_2016_3502.npy,KYANT,2016,2016-10-23 04:00:00,train
sequences\seq_KYANT_2016_3503.npy,sequences\tgt_KYANT_2016_3503.npy,KYANT,2016,2016-10-23 04:15:00,train
sequences\seq_KYANT_2016_3504.npy,sequences\tgt_KYANT_2016_3504.npy,KYANT,2016,2016-10-23 04:30:00,train
sequences\seq_KYANT_2016_3505.npy,sequences\tgt_KYANT_2016_3505.npy,KYANT,2016,2016-10-23 04:45:00,train
sequences\seq_KYANT_2016_3506.npy,sequences\tgt_KYANT_2016_3506.npy,KYANT,2016,2016-10-23 05:00:00,train
sequences\seq_KYANT_2016_3507.npy,sequences\tgt_KYANT_2016_3507.npy,KYANT,2016,2016-10-23 05:15:00,train
sequences\seq_KYANT_2016_3508.npy,sequences\tgt_KYANT_2016_3508.npy,KYANT,2016,2016-10-23 05:30:00,train
sequences\seq_KYANT_2016_3509.npy,sequences\tgt_KYANT_2016_3509.npy,KYANT,2016,2016-10-23 05:45:00,train
sequences\seq_KYANT_2016_3510.npy,sequences\tgt_KYANT_2016_3510.npy,KYANT,2016,2016-10-23 06:00:00,train
sequences\seq_KYANT_2016_3511.npy,sequences\tgt_KYANT_2016_3511.npy,KYANT,2016,2016-10-23 06:15:00,train
sequences\seq_KYANT_2016_3512.npy,sequences\tgt_KYANT_2016_3512.npy,KYANT,2016,2016-10-23 06:30:00,train
sequences\seq_KYANT_2016_3513.npy,sequences\tgt_KYANT_2016_3513.npy,KYANT,2016,2016-10-23 06:45:00,train
sequences\seq_KYANT_2016_3514.npy,sequences\tgt_KYANT_2016_3514.npy,KYANT,2016,2016-10-23 07:00:00,train
sequences\seq_KYANT_2016_3515.npy,sequences\tgt_KYANT_2016_3515.npy,KYANT,2016,2016-10-23 07:15:00,train
sequences\seq_KYANT_2016_3516.npy,sequences\tgt_KYANT_2016_3516.npy,KYANT,2016,2016-10-23 07:30:00,train
sequences\seq_KYANT_2016_3517.npy,sequences\tgt_KYANT_2016_3517.npy,KYANT,2016,2016-10-23 07:45:00,train
sequences\seq_KYANT_2016_3518.npy,sequences\tgt_KYANT_2016_3518.npy,KYANT,2016,2016-10-23 08:00:00,train
sequences\seq_KYANT_2016_3519.npy,sequences\tgt_KYANT_2016_3519.npy,KYANT,2016,2016-10-23 08:15:00,train
sequences\seq_KYANT_2016_3520.npy,sequences\tgt_KYANT_2016_3520.npy,KYANT,2016,2016-10-23 08:30:00,train
sequences\seq_KYANT_2016_3521.npy,sequences\tgt_KYANT_2016_3521.npy,KYANT,2016,2016-10-23 08:45:00,train
sequences\seq_KYANT_2016_3522.npy,sequences\tgt_KYANT_2016_3522.npy,KYANT,2016,2016-10-23 09:00:00,train
sequences\seq_KYANT_2016_3523.npy,sequences\tgt_KYANT_2016_3523.npy,KYANT,2016,2016-10-23 09:15:00,train
sequences\seq_KYANT_2016_3524.npy,sequences\tgt_KYANT_2016_3524.npy,KYANT,2016,2016-10-23 09:30:00,train
sequences\seq_KYANT_2016_3525.npy,sequences\tgt_KYANT_2016_3525.npy,KYANT,2016,2016-10-23 09:45:00,train
sequences\seq_KYANT_2016_3526.npy,sequences\tgt_KYANT_2016_3526.npy,KYANT,2016,2016-10-23 10:00:00,train
sequences\seq_KYANT_2016_3527.npy,sequences\tgt_KYANT_2016_3527.npy,KYANT,2016,2016-10-23 10:15:00,train
sequences\seq_KYANT_2016_3528.npy,sequences\tgt_KYANT_2016_3528.npy,KYANT,2016,2016-10-23 10:30:00,train
sequences\seq_KYANT_2016_3529.npy,sequences\tgt_KYANT_2016_3529.npy,KYANT,2016,2016-10-23 10:45:00,train
sequences\seq_KYANT_2016_3530.npy,sequences\tgt_KYANT_2016_3530.npy,KYANT,2016,2016-10-23 11:00:00,train
sequences\seq_KYANT_2016_3531.npy,sequences\tgt_KYANT_2016_3531.npy,KYANT,2016,2016-10-23 11:15:00,train
sequences\seq_KYANT_2016_3532.npy,sequences\tgt_KYANT_2016_3532.npy,KYANT,2016,2016-10-23 11:30:00,train
sequences\seq_KYANT_2016_3533.npy,sequences\tgt_KYANT_2016_3533.npy,KYANT,2016,2016-10-23 11:45:00,train
sequences\seq_KYANT_2016_3534.npy,sequences\tgt_KYANT_2016_3534.npy,KYANT,2016,2016-10-23 12:00:00,train
sequences\seq_KYANT_2016_3535.npy,sequences\tgt_KYANT_2016_3535.npy,KYANT,2016,2016-10-23 12:15:00,train
sequences\seq_KYANT_2016_3536.npy,sequences\tgt_KYANT_2016_3536.npy,KYANT,2016,2016-10-23 12:30:00,train
sequences\seq_KYANT_2016_3537.npy,sequences\tgt_KYANT_2016_3537.npy,KYANT,2016,2016-10-23 12:45:00,train
sequences\seq_KYANT_2016_3538.npy,sequences\tgt_KYANT_2016_3538.npy,KYANT,2016,2016-10-23 13:00:00,train
sequences\seq_KYANT_2016_3539.npy,sequences\tgt_KYANT_2016_3539.npy,KYANT,2016,2016-10-23 13:15:00,train
sequences\seq_KYANT_2016_3540.npy,sequences\tgt_KYANT_2016_3540.npy,KYANT,2016,2016-10-23 13:30:00,train
sequences\seq_KYANT_2016_3541.npy,sequences\tgt_KYANT_2016_3541.npy,KYANT,2016,2016-10-23 13:45:00,train
sequences\seq_KYANT_2016_3542.npy,sequences\tgt_KYANT_2016_3542.npy,KYANT,2016,2016-10-23 14:00:00,train
sequences\seq_KYANT_2016_3543.npy,sequences\tgt_KYANT_2016_3543.npy,KYANT,2016,2016-10-23 14:15:00,train
sequences\seq_KYANT_2016_3544.npy,sequences\tgt_KYANT_2016_3544.npy,KYANT,2016,2016-10-23 14:30:00,train
sequences\seq_KYANT_2016_3545.npy,sequences\tgt_KYANT_2016_3545.npy,KYANT,2016,2016-10-23 14:45:00,train
sequences\seq_KYANT_2016_3546.npy,sequences\tgt_KYANT_2016_3546.npy,KYANT,2016,2016-10-23 15:00:00,train
sequences\seq_KYANT_2016_3547.npy,sequences\tgt_KYANT_2016_3547.npy,KYANT,2016,2016-10-23 15:15:00,train
sequences\seq_KYANT_2016_3548.npy,sequences\tgt_KYANT_2016_3548.npy,KYANT,2016,2016-10-23 15:30:00,train
sequences\seq_KYANT_2016_3549.npy,sequences\tgt_KYANT_2016_3549.npy,KYANT,2016,2016-10-23 15:45:00,train
sequences\seq_KYANT_2016_3550.npy,sequences\tgt_KYANT_2016_3550.npy,KYANT,2016,2016-10-23 16:00:00,train
sequences\seq_KYANT_2016_3551.npy,sequences\tgt_KYANT_2016_3551.npy,KYANT,2016,2016-10-23 16:15:00,train
sequences\seq_KYANT_2016_3552.npy,sequences\tgt_KYANT_2016_3552.npy,KYANT,2016,2016-10-23 16:30:00,train
sequences\seq_KYANT_2016_3553.npy,sequences\tgt_KYANT_2016_3553.npy,KYANT,2016,2016-10-23 16:45:00,train
sequences\seq_KYANT_2016_3554.npy,sequences\tgt_KYANT_2016_3554.npy,KYANT,2016,2016-10-23 20:00:00,train
sequences\seq_KYANT_2016_3555.npy,sequences\tgt_KYANT_2016_3555.npy,KYANT,2016,2016-10-23 20:30:00,train
sequences\seq_KYANT_2016_3556.npy,sequences\tgt_KYANT_2016_3556.npy,KYANT,2016,2016-10-23 20:45:00,train
sequences\seq_KYANT_2016_3557.npy,sequences\tgt_KYANT_2016_3557.npy,KYANT,2016,2016-10-23 21:00:00,train
sequences\seq_KYANT_2016_3558.npy,sequences\tgt_KYANT_2016_3558.npy,KYANT,2016,2016-10-23 21:15:00,train
sequences\seq_KYANT_2016_3559.npy,sequences\tgt_KYANT_2016_3559.npy,KYANT,2016,2016-10-23 21:30:00,train
sequences\seq_KYANT_2016_3560.npy,sequences\tgt_KYANT_2016_3560.npy,KYANT,2016,2016-10-23 21:45:00,train
sequences\seq_KYANT_2016_3561.npy,sequences\tgt_KYANT_2016_3561.npy,KYANT,2016,2016-10-23 22:00:00,train
sequences\seq_KYANT_2016_3562.npy,sequences\tgt_KYANT_2016_3562.npy,KYANT,2016,2016-10-23 22:15:00,train
sequences\seq_KYANT_2016_3563.npy,sequences\tgt_KYANT_2016_3563.npy,KYANT,2016,2016-10-23 22:30:00,train
sequences\seq_KYANT_2016_3564.npy,sequences\tgt_KYANT_2016_3564.npy,KYANT,2016,2016-10-23 22:45:00,train
sequences\seq_KYANT_2016_3565.npy,sequences\tgt_KYANT_2016_3565.npy,KYANT,2016,2016-10-23 23:00:00,train
sequences\seq_KYANT_2016_3566.npy,sequences\tgt_KYANT_2016_3566.npy,KYANT,2016,2016-10-23 23:15:00,train
sequences\seq_KYANT_2016_3567.npy,sequences\tgt_KYANT_2016_3567.npy,KYANT,2016,2016-10-23 23:30:00,train
sequences\seq_KYANT_2016_3568.npy,sequences\tgt_KYANT_2016_3568.npy,KYANT,2016,2016-10-23 23:45:00,train
sequences\seq_KYANT_2016_3569.npy,sequences\tgt_KYANT_2016_3569.npy,KYANT,2016,2016-10-24 00:00:00,train
sequences\seq_KYANT_2016_3570.npy,sequences\tgt_KYANT_2016_3570.npy,KYANT,2016,2016-10-24 00:15:00,train
sequences\seq_KYANT_2016_3571.npy,sequences\tgt_KYANT_2016_3571.npy,KYANT,2016,2016-10-24 00:30:00,train
sequences\seq_KYANT_2016_3572.npy,sequences\tgt_KYANT_2016_3572.npy,KYANT,2016,2016-10-24 00:45:00,train
sequences\seq_KYANT_2016_3573.npy,sequences\tgt_KYANT_2016_3573.npy,KYANT,2016,2016-10-24 01:00:00,train
sequences\seq_KYANT_2016_3574.npy,sequences\tgt_KYANT_2016_3574.npy,KYANT,2016,2016-10-24 01:15:00,train
sequences\seq_KYANT_2016_3575.npy,sequences\tgt_KYANT_2016_3575.npy,KYANT,2016,2016-10-24 01:30:00,train
sequences\seq_KYANT_2016_3576.npy,sequences\tgt_KYANT_2016_3576.npy,KYANT,2016,2016-10-24 01:45:00,train
sequences\seq_KYANT_2016_3577.npy,sequences\tgt_KYANT_2016_3577.npy,KYANT,2016,2016-10-24 02:00:00,train
sequences\seq_KYANT_2016_3578.npy,sequences\tgt_KYANT_2016_3578.npy,KYANT,2016,2016-10-24 02:15:00,train
sequences\seq_KYANT_2016_3579.npy,sequences\tgt_KYANT_2016_3579.npy,KYANT,2016,2016-10-24 02:30:00,train
sequences\seq_KYANT_2016_3580.npy,sequences\tgt_KYANT_2016_3580.npy,KYANT,2016,2016-10-24 02:45:00,train
sequences\seq_KYANT_2016_3581.npy,sequences\tgt_KYANT_2016_3581.npy,KYANT,2016,2016-10-24 03:15:00,train
sequences\seq_KYANT_2016_3582.npy,sequences\tgt_KYANT_2016_3582.npy,KYANT,2016,2016-10-24 03:30:00,train
sequences\seq_KYANT_2016_3583.npy,sequences\tgt_KYANT_2016_3583.npy,KYANT,2016,2016-10-24 03:45:00,train
sequences\seq_KYANT_2016_3584.npy,sequences\tgt_KYANT_2016_3584.npy,KYANT,2016,2016-10-24 04:00:00,train
sequences\seq_KYANT_2016_3585.npy,sequences\tgt_KYANT_2016_3585.npy,KYANT,2016,2016-10-24 04:15:00,train
sequences\seq_KYANT_2016_3586.npy,sequences\tgt_KYANT_2016_3586.npy,KYANT,2016,2016-10-24 04:30:00,train
sequences\seq_KYANT_2016_3587.npy,sequences\tgt_KYANT_2016_3587.npy,KYANT,2016,2016-10-24 04:45:00,train
sequences\seq_KYANT_2016_3588.npy,sequences\tgt_KYANT_2016_3588.npy,KYANT,2016,2016-10-24 05:00:00,train
sequences\seq_KYANT_2016_3589.npy,sequences\tgt_KYANT_2016_3589.npy,KYANT,2016,2016-10-24 05:15:00,train
sequences\seq_KYANT_2016_3590.npy,sequences\tgt_KYANT_2016_3590.npy,KYANT,2016,2016-10-24 05:30:00,train
sequences\seq_KYANT_2016_3591.npy,sequences\tgt_KYANT_2016_3591.npy,KYANT,2016,2016-10-24 05:45:00,train
sequences\seq_KYANT_2016_3592.npy,sequences\tgt_KYANT_2016_3592.npy,KYANT,2016,2016-10-24 06:00:00,train
sequences\seq_KYANT_2016_3593.npy,sequences\tgt_KYANT_2016_3593.npy,KYANT,2016,2016-10-24 06:15:00,train
sequences\seq_KYANT_2016_3594.npy,sequences\tgt_KYANT_2016_3594.npy,KYANT,2016,2016-10-24 06:30:00,train
sequences\seq_KYANT_2016_3595.npy,sequences\tgt_KYANT_2016_3595.npy,KYANT,2016,2016-10-24 06:45:00,train
sequences\seq_KYANT_2016_3596.npy,sequences\tgt_KYANT_2016_3596.npy,KYANT,2016,2016-10-24 07:00:00,train
sequences\seq_KYANT_2016_3597.npy,sequences\tgt_KYANT_2016_3597.npy,KYANT,2016,2016-10-24 07:15:00,train
sequences\seq_KYANT_2016_3598.npy,sequences\tgt_KYANT_2016_3598.npy,KYANT,2016,2016-10-24 07:30:00,train
sequences\seq_KYANT_2016_3599.npy,sequences\tgt_KYANT_2016_3599.npy,KYANT,2016,2016-10-24 07:45:00,train
sequences\seq_KYANT_2016_3600.npy,sequences\tgt_KYANT_2016_3600.npy,KYANT,2016,2016-10-24 08:00:00,train
sequences\seq_KYANT_2016_3601.npy,sequences\tgt_KYANT_2016_3601.npy,KYANT,2016,2016-10-24 08:15:00,train
sequences\seq_KYANT_2016_3602.npy,sequences\tgt_KYANT_2016_3602.npy,KYANT,2016,2016-10-24 08:30:00,train
sequences\seq_KYANT_2016_3603.npy,sequences\tgt_KYANT_2016_3603.npy,KYANT,2016,2016-10-24 08:45:00,train
sequences\seq_KYANT_2016_3604.npy,sequences\tgt_KYANT_2016_3604.npy,KYANT,2016,2016-10-24 09:00:00,train
sequences\seq_KYANT_2016_3605.npy,sequences\tgt_KYANT_2016_3605.npy,KYANT,2016,2016-10-24 09:15:00,train
sequences\seq_KYANT_2016_3606.npy,sequences\tgt_KYANT_2016_3606.npy,KYANT,2016,2016-10-24 09:30:00,train
sequences\seq_KYANT_2016_3607.npy,sequences\tgt_KYANT_2016_3607.npy,KYANT,2016,2016-10-24 09:45:00,train
sequences\seq_KYANT_2016_3608.npy,sequences\tgt_KYANT_2016_3608.npy,KYANT,2016,2016-10-24 10:00:00,train
sequences\seq_KYANT_2016_3609.npy,sequences\tgt_KYANT_2016_3609.npy,KYANT,2016,2016-10-24 10:15:00,train
sequences\seq_KYANT_2016_3610.npy,sequences\tgt_KYANT_2016_3610.npy,KYANT,2016,2016-10-24 10:30:00,train
sequences\seq_KYANT_2016_3611.npy,sequences\tgt_KYANT_2016_3611.npy,KYANT,2016,2016-10-24 10:45:00,train
sequences\seq_KYANT_2016_3612.npy,sequences\tgt_KYANT_2016_3612.npy,KYANT,2016,2016-10-24 11:00:00,train
sequences\seq_KYANT_2016_3613.npy,sequences\tgt_KYANT_2016_3613.npy,KYANT,2016,2016-10-24 11:15:00,train
sequences\seq_KYANT_2016_3614.npy,sequences\tgt_KYANT_2016_3614.npy,KYANT,2016,2016-10-24 11:30:00,train
sequences\seq_KYANT_2016_3615.npy,sequences\tgt_KYANT_2016_3615.npy,KYANT,2016,2016-10-24 11:45:00,train
sequences\seq_KYANT_2016_3616.npy,sequences\tgt_KYANT_2016_3616.npy,KYANT,2016,2016-10-24 12:00:00,train
sequences\seq_KYANT_2016_3617.npy,sequences\tgt_KYANT_2016_3617.npy,KYANT,2016,2016-10-24 12:15:00,train
sequences\seq_KYANT_2016_3618.npy,sequences\tgt_KYANT_2016_3618.npy,KYANT,2016,2016-10-24 12:30:00,train
sequences\seq_KYANT_2016_3619.npy,sequences\tgt_KYANT_2016_3619.npy,KYANT,2016,2016-10-24 12:45:00,train
sequences\seq_KYANT_2016_3620.npy,sequences\tgt_KYANT_2016_3620.npy,KYANT,2016,2016-10-24 13:00:00,train
sequences\seq_KYANT_2016_3621.npy,sequences\tgt_KYANT_2016_3621.npy,KYANT,2016,2016-10-24 13:15:00,train
sequences\seq_KYANT_2016_3622.npy,sequences\tgt_KYANT_2016_3622.npy,KYANT,2016,2016-10-24 13:30:00,train
sequences\seq_KYANT_2016_3623.npy,sequences\tgt_KYANT_2016_3623.npy,KYANT,2016,2016-10-24 13:45:00,train
sequences\seq_KYANT_2016_3624.npy,sequences\tgt_KYANT_2016_3624.npy,KYANT,2016,2016-10-24 14:00:00,train
sequences\seq_KYANT_2016_3625.npy,sequences\tgt_KYANT_2016_3625.npy,KYANT,2016,2016-10-24 14:15:00,train
sequences\seq_KYANT_2016_3626.npy,sequences\tgt_KYANT_2016_3626.npy,KYANT,2016,2016-10-24 14:30:00,train
sequences\seq_KYANT_2016_3627.npy,sequences\tgt_KYANT_2016_3627.npy,KYANT,2016,2016-10-24 14:45:00,train
sequences\seq_KYANT_2016_3628.npy,sequences\tgt_KYANT_2016_3628.npy,KYANT,2016,2016-10-24 15:00:00,train
sequences\seq_KYANT_2016_3629.npy,sequences\tgt_KYANT_2016_3629.npy,KYANT,2016,2016-10-24 15:15:00,train
sequences\seq_KYANT_2016_3630.npy,sequences\tgt_KYANT_2016_3630.npy,KYANT,2016,2016-10-24 15:30:00,train
sequences\seq_KYANT_2016_3631.npy,sequences\tgt_KYANT_2016_3631.npy,KYANT,2016,2016-10-24 15:45:00,train
sequences\seq_KYANT_2016_3632.npy,sequences\tgt_KYANT_2016_3632.npy,KYANT,2016,2016-10-24 16:00:00,train
sequences\seq_KYANT_2016_3633.npy,sequences\tgt_KYANT_2016_3633.npy,KYANT,2016,2016-10-24 16:15:00,train
sequences\seq_KYANT_2016_3634.npy,sequences\tgt_KYANT_2016_3634.npy,KYANT,2016,2016-10-24 16:30:00,train
sequences\seq_KYANT_2016_3635.npy,sequences\tgt_KYANT_2016_3635.npy,KYANT,2016,2016-10-24 16:45:00,train
sequences\seq_KYANT_2016_3636.npy,sequences\tgt_KYANT_2016_3636.npy,KYANT,2016,2016-10-24 20:00:00,train
sequences\seq_KYANT_2016_3637.npy,sequences\tgt_KYANT_2016_3637.npy,KYANT,2016,2016-10-24 20:30:00,train
sequences\seq_KYANT_2016_3638.npy,sequences\tgt_KYANT_2016_3638.npy,KYANT,2016,2016-10-24 20:45:00,train
sequences\seq_KYANT_2016_3639.npy,sequences\tgt_KYANT_2016_3639.npy,KYANT,2016,2016-10-24 21:00:00,train
sequences\seq_KYANT_2016_3640.npy,sequences\tgt_KYANT_2016_3640.npy,KYANT,2016,2016-10-24 21:15:00,train
sequences\seq_KYANT_2016_3641.npy,sequences\tgt_KYANT_2016_3641.npy,KYANT,2016,2016-10-24 21:30:00,train
sequences\seq_KYANT_2016_3642.npy,sequences\tgt_KYANT_2016_3642.npy,KYANT,2016,2016-10-24 21:45:00,train
sequences\seq_KYANT_2016_3643.npy,sequences\tgt_KYANT_2016_3643.npy,KYANT,2016,2016-10-24 22:00:00,train
sequences\seq_KYANT_2016_3644.npy,sequences\tgt_KYANT_2016_3644.npy,KYANT,2016,2016-10-24 22:15:00,train
sequences\seq_KYANT_2016_3645.npy,sequences\tgt_KYANT_2016_3645.npy,KYANT,2016,2016-10-24 22:45:00,train
sequences\seq_KYANT_2016_3646.npy,sequences\tgt_KYANT_2016_3646.npy,KYANT,2016,2016-10-24 23:00:00,train
sequences\seq_KYANT_2016_3647.npy,sequences\tgt_KYANT_2016_3647.npy,KYANT,2016,2016-10-24 23:15:00,train
sequences\seq_KYANT_2016_3648.npy,sequences\tgt_KYANT_2016_3648.npy,KYANT,2016,2016-10-24 23:30:00,train
sequences\seq_KYANT_2016_3649.npy,sequences\tgt_KYANT_2016_3649.npy,KYANT,2016,2016-10-24 23:45:00,train
sequences\seq_KYANT_2016_3650.npy,sequences\tgt_KYANT_2016_3650.npy,KYANT,2016,2016-10-25 00:00:00,train
sequences\seq_KYANT_2016_3651.npy,sequences\tgt_KYANT_2016_3651.npy,KYANT,2016,2016-10-25 00:15:00,train
sequences\seq_KYANT_2016_3652.npy,sequences\tgt_KYANT_2016_3652.npy,KYANT,2016,2016-10-25 00:30:00,train
sequences\seq_KYANT_2016_3653.npy,sequences\tgt_KYANT_2016_3653.npy,KYANT,2016,2016-10-25 00:45:00,train
sequences\seq_KYANT_2016_3654.npy,sequences\tgt_KYANT_2016_3654.npy,KYANT,2016,2016-10-25 01:00:00,train
sequences\seq_KYANT_2016_3655.npy,sequences\tgt_KYANT_2016_3655.npy,KYANT,2016,2016-10-25 01:15:00,train
sequences\seq_KYANT_2016_3656.npy,sequences\tgt_KYANT_2016_3656.npy,KYANT,2016,2016-10-25 02:00:00,train
sequences\seq_KYANT_2016_3657.npy,sequences\tgt_KYANT_2016_3657.npy,KYANT,2016,2016-10-25 02:15:00,train
sequences\seq_KYANT_2016_3658.npy,sequences\tgt_KYANT_2016_3658.npy,KYANT,2016,2016-10-25 02:30:00,train
sequences\seq_KYANT_2016_3659.npy,sequences\tgt_KYANT_2016_3659.npy,KYANT,2016,2016-10-25 02:45:00,train
sequences\seq_KYANT_2016_3660.npy,sequences\tgt_KYANT_2016_3660.npy,KYANT,2016,2016-10-25 03:15:00,train
sequences\seq_KYANT_2016_3661.npy,sequences\tgt_KYANT_2016_3661.npy,KYANT,2016,2016-10-25 03:30:00,train
sequences\seq_KYANT_2016_3662.npy,sequences\tgt_KYANT_2016_3662.npy,KYANT,2016,2016-10-25 03:45:00,train
sequences\seq_KYANT_2016_3663.npy,sequences\tgt_KYANT_2016_3663.npy,KYANT,2016,2016-10-25 04:00:00,train
sequences\seq_KYANT_2016_3664.npy,sequences\tgt_KYANT_2016_3664.npy,KYANT,2016,2016-10-25 04:15:00,train
sequences\seq_KYANT_2016_3665.npy,sequences\tgt_KYANT_2016_3665.npy,KYANT,2016,2016-10-25 04:30:00,train
sequences\seq_KYANT_2016_3666.npy,sequences\tgt_KYANT_2016_3666.npy,KYANT,2016,2016-10-25 04:45:00,train
sequences\seq_KYANT_2016_3667.npy,sequences\tgt_KYANT_2016_3667.npy,KYANT,2016,2016-10-25 05:00:00,train
sequences\seq_KYANT_2016_3668.npy,sequences\tgt_KYANT_2016_3668.npy,KYANT,2016,2016-10-25 05:15:00,train
sequences\seq_KYANT_2016_3669.npy,sequences\tgt_KYANT_2016_3669.npy,KYANT,2016,2016-10-25 05:30:00,train
sequences\seq_KYANT_2016_3670.npy,sequences\tgt_KYANT_2016_3670.npy,KYANT,2016,2016-10-25 05:45:00,train
sequences\seq_KYANT_2016_3671.npy,sequences\tgt_KYANT_2016_3671.npy,KYANT,2016,2016-10-25 06:00:00,train
sequences\seq_KYANT_2016_3672.npy,sequences\tgt_KYANT_2016_3672.npy,KYANT,2016,2016-10-25 06:15:00,train
sequences\seq_KYANT_2016_3673.npy,sequences\tgt_KYANT_2016_3673.npy,KYANT,2016,2016-10-25 06:30:00,train
sequences\seq_KYANT_2016_3674.npy,sequences\tgt_KYANT_2016_3674.npy,KYANT,2016,2016-10-25 06:45:00,train
sequences\seq_KYANT_2016_3675.npy,sequences\tgt_KYANT_2016_3675.npy,KYANT,2016,2016-10-25 07:00:00,train
sequences\seq_KYANT_2016_3676.npy,sequences\tgt_KYANT_2016_3676.npy,KYANT,2016,2016-10-25 07:15:00,train
sequences\seq_KYANT_2016_3677.npy,sequences\tgt_KYANT_2016_3677.npy,KYANT,2016,2016-10-25 07:30:00,train
sequences\seq_KYANT_2016_3678.npy,sequences\tgt_KYANT_2016_3678.npy,KYANT,2016,2016-10-25 07:45:00,train
sequences\seq_KYANT_2016_3679.npy,sequences\tgt_KYANT_2016_3679.npy,KYANT,2016,2016-10-25 08:00:00,train
sequences\seq_KYANT_2016_3680.npy,sequences\tgt_KYANT_2016_3680.npy,KYANT,2016,2016-10-25 08:15:00,train
sequences\seq_KYANT_2016_3681.npy,sequences\tgt_KYANT_2016_3681.npy,KYANT,2016,2016-10-25 08:30:00,train
sequences\seq_KYANT_2016_3682.npy,sequences\tgt_KYANT_2016_3682.npy,KYANT,2016,2016-10-25 08:45:00,train
sequences\seq_KYANT_2016_3683.npy,sequences\tgt_KYANT_2016_3683.npy,KYANT,2016,2016-10-25 09:00:00,train
sequences\seq_KYANT_2016_3684.npy,sequences\tgt_KYANT_2016_3684.npy,KYANT,2016,2016-10-25 09:15:00,train
sequences\seq_KYANT_2016_3685.npy,sequences\tgt_KYANT_2016_3685.npy,KYANT,2016,2016-10-25 09:30:00,train
sequences\seq_KYANT_2016_3686.npy,sequences\tgt_KYANT_2016_3686.npy,KYANT,2016,2016-10-25 09:45:00,train
sequences\seq_KYANT_2016_3687.npy,sequences\tgt_KYANT_2016_3687.npy,KYANT,2016,2016-10-25 10:00:00,train
sequences\seq_KYANT_2016_3688.npy,sequences\tgt_KYANT_2016_3688.npy,KYANT,2016,2016-10-25 10:15:00,train
sequences\seq_KYANT_2016_3689.npy,sequences\tgt_KYANT_2016_3689.npy,KYANT,2016,2016-10-25 10:30:00,train
sequences\seq_KYANT_2016_3690.npy,sequences\tgt_KYANT_2016_3690.npy,KYANT,2016,2016-10-25 10:45:00,train
sequences\seq_KYANT_2016_3691.npy,sequences\tgt_KYANT_2016_3691.npy,KYANT,2016,2016-10-25 11:00:00,train
sequences\seq_KYANT_2016_3692.npy,sequences\tgt_KYANT_2016_3692.npy,KYANT,2016,2016-10-25 11:15:00,train
sequences\seq_KYANT_2016_3693.npy,sequences\tgt_KYANT_2016_3693.npy,KYANT,2016,2016-10-25 11:30:00,train
sequences\seq_KYANT_2016_3694.npy,sequences\tgt_KYANT_2016_3694.npy,KYANT,2016,2016-10-25 11:45:00,train
sequences\seq_KYANT_2016_3695.npy,sequences\tgt_KYANT_2016_3695.npy,KYANT,2016,2016-10-25 12:00:00,train
sequences\seq_KYANT_2016_3696.npy,sequences\tgt_KYANT_2016_3696.npy,KYANT,2016,2016-10-25 12:15:00,train
sequences\seq_KYANT_2016_3697.npy,sequences\tgt_KYANT_2016_3697.npy,KYANT,2016,2016-10-25 12:30:00,train
sequences\seq_KYANT_2016_3698.npy,sequences\tgt_KYANT_2016_3698.npy,KYANT,2016,2016-10-25 12:45:00,train
sequences\seq_KYANT_2016_3699.npy,sequences\tgt_KYANT_2016_3699.npy,KYANT,2016,2016-10-25 13:00:00,train
sequences\seq_KYANT_2016_3700.npy,sequences\tgt_KYANT_2016_3700.npy,KYANT,2016,2016-10-25 13:15:00,train
sequences\seq_KYANT_2016_3701.npy,sequences\tgt_KYANT_2016_3701.npy,KYANT,2016,2016-10-25 13:30:00,train
sequences\seq_KYANT_2016_3702.npy,sequences\tgt_KYANT_2016_3702.npy,KYANT,2016,2016-10-25 13:45:00,train
sequences\seq_KYANT_2016_3703.npy,sequences\tgt_KYANT_2016_3703.npy,KYANT,2016,2016-10-25 14:00:00,train
sequences\seq_KYANT_2016_3704.npy,sequences\tgt_KYANT_2016_3704.npy,KYANT,2016,2016-10-25 14:15:00,train
sequences\seq_KYANT_2016_3705.npy,sequences\tgt_KYANT_2016_3705.npy,KYANT,2016,2016-10-25 14:30:00,train
sequences\seq_KYANT_2016_3706.npy,sequences\tgt_KYANT_2016_3706.npy,KYANT,2016,2016-10-25 14:45:00,train
sequences\seq_KYANT_2016_3707.npy,sequences\tgt_KYANT_2016_3707.npy,KYANT,2016,2016-10-25 15:00:00,train
sequences\seq_KYANT_2016_3708.npy,sequences\tgt_KYANT_2016_3708.npy,KYANT,2016,2016-10-25 15:15:00,train
sequences\seq_KYANT_2016_3709.npy,sequences\tgt_KYANT_2016_3709.npy,KYANT,2016,2016-10-25 15:30:00,train
sequences\seq_KYANT_2016_3710.npy,sequences\tgt_KYANT_2016_3710.npy,KYANT,2016,2016-10-25 15:45:00,train
sequences\seq_KYANT_2016_3711.npy,sequences\tgt_KYANT_2016_3711.npy,KYANT,2016,2016-10-25 16:00:00,train
sequences\seq_KYANT_2016_3712.npy,sequences\tgt_KYANT_2016_3712.npy,KYANT,2016,2016-10-25 16:15:00,train
sequences\seq_KYANT_2016_3713.npy,sequences\tgt_KYANT_2016_3713.npy,KYANT,2016,2016-10-25 16:30:00,train
sequences\seq_KYANT_2016_3714.npy,sequences\tgt_KYANT_2016_3714.npy,KYANT,2016,2016-10-25 16:45:00,train
sequences\seq_KYANT_2016_3715.npy,sequences\tgt_KYANT_2016_3715.npy,KYANT,2016,2016-10-25 20:00:00,train
sequences\seq_KYANT_2016_3716.npy,sequences\tgt_KYANT_2016_3716.npy,KYANT,2016,2016-10-25 20:30:00,train
sequences\seq_KYANT_2016_3717.npy,sequences\tgt_KYANT_2016_3717.npy,KYANT,2016,2016-10-25 20:45:00,train
sequences\seq_KYANT_2016_3718.npy,sequences\tgt_KYANT_2016_3718.npy,KYANT,2016,2016-10-25 21:00:00,train
sequences\seq_KYANT_2016_3719.npy,sequences\tgt_KYANT_2016_3719.npy,KYANT,2016,2016-10-25 21:15:00,train
sequences\seq_KYANT_2016_3720.npy,sequences\tgt_KYANT_2016_3720.npy,KYANT,2016,2016-10-25 21:30:00,train
sequences\seq_KYANT_2016_3721.npy,sequences\tgt_KYANT_2016_3721.npy,KYANT,2016,2016-10-25 21:45:00,train
sequences\seq_KYANT_2016_3722.npy,sequences\tgt_KYANT_2016_3722.npy,KYANT,2016,2016-10-25 22:00:00,train
sequences\seq_KYANT_2016_3723.npy,sequences\tgt_KYANT_2016_3723.npy,KYANT,2016,2016-10-25 22:15:00,train
sequences\seq_KYANT_2016_3724.npy,sequences\tgt_KYANT_2016_3724.npy,KYANT,2016,2016-10-25 22:30:00,train
sequences\seq_KYANT_2016_3725.npy,sequences\tgt_KYANT_2016_3725.npy,KYANT,2016,2016-10-25 22:45:00,train
sequences\seq_KYANT_2016_3726.npy,sequences\tgt_KYANT_2016_3726.npy,KYANT,2016,2016-10-25 23:00:00,train
sequences\seq_KYANT_2016_3727.npy,sequences\tgt_KYANT_2016_3727.npy,KYANT,2016,2016-10-25 23:15:00,train
sequences\seq_KYANT_2016_3728.npy,sequences\tgt_KYANT_2016_3728.npy,KYANT,2016,2016-10-25 23:30:00,train
sequences\seq_KYANT_2016_3729.npy,sequences\tgt_KYANT_2016_3729.npy,KYANT,2016,2016-10-25 23:45:00,train
sequences\seq_KYANT_2016_3730.npy,sequences\tgt_KYANT_2016_3730.npy,KYANT,2016,2016-10-26 00:00:00,train
sequences\seq_KYANT_2016_3731.npy,sequences\tgt_KYANT_2016_3731.npy,KYANT,2016,2016-10-26 00:15:00,train
sequences\seq_KYANT_2016_3732.npy,sequences\tgt_KYANT_2016_3732.npy,KYANT,2016,2016-10-26 00:30:00,train
sequences\seq_KYANT_2016_3733.npy,sequences\tgt_KYANT_2016_3733.npy,KYANT,2016,2016-10-26 00:45:00,train
sequences\seq_KYANT_2016_3734.npy,sequences\tgt_KYANT_2016_3734.npy,KYANT,2016,2016-10-26 01:00:00,train
sequences\seq_KYANT_2016_3735.npy,sequences\tgt_KYANT_2016_3735.npy,KYANT,2016,2016-10-26 01:15:00,train
sequences\seq_KYANT_2016_3736.npy,sequences\tgt_KYANT_2016_3736.npy,KYANT,2016,2016-10-26 01:30:00,train
sequences\seq_KYANT_2016_3737.npy,sequences\tgt_KYANT_2016_3737.npy,KYANT,2016,2016-10-26 01:45:00,train
sequences\seq_KYANT_2016_3738.npy,sequences\tgt_KYANT_2016_3738.npy,KYANT,2016,2016-10-26 02:00:00,train
sequences\seq_KYANT_2016_3739.npy,sequences\tgt_KYANT_2016_3739.npy,KYANT,2016,2016-10-26 02:15:00,train
sequences\seq_KYANT_2016_3740.npy,sequences\tgt_KYANT_2016_3740.npy,KYANT,2016,2016-10-26 02:30:00,train
sequences\seq_KYANT_2016_3741.npy,sequences\tgt_KYANT_2016_3741.npy,KYANT,2016,2016-10-26 02:45:00,train
sequences\seq_KYANT_2016_3742.npy,sequences\tgt_KYANT_2016_3742.npy,KYANT,2016,2016-10-26 03:15:00,train
sequences\seq_KYANT_2016_3743.npy,sequences\tgt_KYANT_2016_3743.npy,KYANT,2016,2016-10-26 03:30:00,train
sequences\seq_KYANT_2016_3744.npy,sequences\tgt_KYANT_2016_3744.npy,KYANT,2016,2016-10-26 03:45:00,train
sequences\seq_KYANT_2016_3745.npy,sequences\tgt_KYANT_2016_3745.npy,KYANT,2016,2016-10-26 04:00:00,train
sequences\seq_KYANT_2016_3746.npy,sequences\tgt_KYANT_2016_3746.npy,KYANT,2016,2016-10-26 04:15:00,train
sequences\seq_KYANT_2016_3747.npy,sequences\tgt_KYANT_2016_3747.npy,KYANT,2016,2016-10-26 04:30:00,train
sequences\seq_KYANT_2016_3748.npy,sequences\tgt_KYANT_2016_3748.npy,KYANT,2016,2016-10-26 04:45:00,train
sequences\seq_KYANT_2016_3749.npy,sequences\tgt_KYANT_2016_3749.npy,KYANT,2016,2016-10-26 05:00:00,train
sequences\seq_KYANT_2016_3750.npy,sequences\tgt_KYANT_2016_3750.npy,KYANT,2016,2016-10-26 05:15:00,train
sequences\seq_KYANT_2016_3751.npy,sequences\tgt_KYANT_2016_3751.npy,KYANT,2016,2016-10-26 06:00:00,train
sequences\seq_KYANT_2016_3752.npy,sequences\tgt_KYANT_2016_3752.npy,KYANT,2016,2016-10-26 06:15:00,train
sequences\seq_KYANT_2016_3753.npy,sequences\tgt_KYANT_2016_3753.npy,KYANT,2016,2016-10-26 06:30:00,train
sequences\seq_KYANT_2016_3754.npy,sequences\tgt_KYANT_2016_3754.npy,KYANT,2016,2016-10-26 06:45:00,train
sequences\seq_KYANT_2016_3755.npy,sequences\tgt_KYANT_2016_3755.npy,KYANT,2016,2016-10-26 07:00:00,train
sequences\seq_KYANT_2016_3756.npy,sequences\tgt_KYANT_2016_3756.npy,KYANT,2016,2016-10-26 07:15:00,train
sequences\seq_KYANT_2016_3757.npy,sequences\tgt_KYANT_2016_3757.npy,KYANT,2016,2016-10-26 07:30:00,train
sequences\seq_KYANT_2016_3758.npy,sequences\tgt_KYANT_2016_3758.npy,KYANT,2016,2016-10-26 07:45:00,train
sequences\seq_KYANT_2016_3759.npy,sequences\tgt_KYANT_2016_3759.npy,KYANT,2016,2016-10-26 08:00:00,train
sequences\seq_KYANT_2016_3760.npy,sequences\tgt_KYANT_2016_3760.npy,KYANT,2016,2016-10-26 08:15:00,train
sequences\seq_KYANT_2016_3761.npy,sequences\tgt_KYANT_2016_3761.npy,KYANT,2016,2016-10-26 08:30:00,train
sequences\seq_KYANT_2016_3762.npy,sequences\tgt_KYANT_2016_3762.npy,KYANT,2016,2016-10-26 08:45:00,train
sequences\seq_KYANT_2016_3763.npy,sequences\tgt_KYANT_2016_3763.npy,KYANT,2016,2016-10-26 09:00:00,train
sequences\seq_KYANT_2016_3764.npy,sequences\tgt_KYANT_2016_3764.npy,KYANT,2016,2016-10-26 09:15:00,train
sequences\seq_KYANT_2016_3765.npy,sequences\tgt_KYANT_2016_3765.npy,KYANT,2016,2016-10-26 09:30:00,train
sequences\seq_KYANT_2016_3766.npy,sequences\tgt_KYANT_2016_3766.npy,KYANT,2016,2016-10-26 09:45:00,train
sequences\seq_KYANT_2016_3767.npy,sequences\tgt_KYANT_2016_3767.npy,KYANT,2016,2016-10-26 10:00:00,train
sequences\seq_KYANT_2016_3768.npy,sequences\tgt_KYANT_2016_3768.npy,KYANT,2016,2016-10-26 10:15:00,train
sequences\seq_KYANT_2016_3769.npy,sequences\tgt_KYANT_2016_3769.npy,KYANT,2016,2016-10-26 10:30:00,train
sequences\seq_KYANT_2016_3770.npy,sequences\tgt_KYANT_2016_3770.npy,KYANT,2016,2016-10-26 10:45:00,train
sequences\seq_KYANT_2016_3771.npy,sequences\tgt_KYANT_2016_3771.npy,KYANT,2016,2016-10-26 11:00:00,train
sequences\seq_KYANT_2016_3772.npy,sequences\tgt_KYANT_2016_3772.npy,KYANT,2016,2016-10-26 11:15:00,train
sequences\seq_KYANT_2016_3773.npy,sequences\tgt_KYANT_2016_3773.npy,KYANT,2016,2016-10-26 11:30:00,train
sequences\seq_KYANT_2016_3774.npy,sequences\tgt_KYANT_2016_3774.npy,KYANT,2016,2016-10-26 11:45:00,train
sequences\seq_KYANT_2016_3775.npy,sequences\tgt_KYANT_2016_3775.npy,KYANT,2016,2016-10-26 12:00:00,train
sequences\seq_KYANT_2016_3776.npy,sequences\tgt_KYANT_2016_3776.npy,KYANT,2016,2016-10-26 12:15:00,train
sequences\seq_KYANT_2016_3777.npy,sequences\tgt_KYANT_2016_3777.npy,KYANT,2016,2016-10-26 12:30:00,train
sequences\seq_KYANT_2016_3778.npy,sequences\tgt_KYANT_2016_3778.npy,KYANT,2016,2016-10-26 12:45:00,train
sequences\seq_KYANT_2016_3779.npy,sequences\tgt_KYANT_2016_3779.npy,KYANT,2016,2016-10-26 13:00:00,train
sequences\seq_KYANT_2016_3780.npy,sequences\tgt_KYANT_2016_3780.npy,KYANT,2016,2016-10-26 13:15:00,train
sequences\seq_KYANT_2016_3781.npy,sequences\tgt_KYANT_2016_3781.npy,KYANT,2016,2016-10-26 13:30:00,train
sequences\seq_KYANT_2016_3782.npy,sequences\tgt_KYANT_2016_3782.npy,KYANT,2016,2016-10-26 13:45:00,train
sequences\seq_KYANT_2016_3783.npy,sequences\tgt_KYANT_2016_3783.npy,KYANT,2016,2016-10-26 14:00:00,train
sequences\seq_KYANT_2016_3784.npy,sequences\tgt_KYANT_2016_3784.npy,KYANT,2016,2016-10-26 14:15:00,train
sequences\seq_KYANT_2016_3785.npy,sequences\tgt_KYANT_2016_3785.npy,KYANT,2016,2016-10-26 14:30:00,train
sequences\seq_KYANT_2016_3786.npy,sequences\tgt_KYANT_2016_3786.npy,KYANT,2016,2016-10-26 14:45:00,train
sequences\seq_KYANT_2016_3787.npy,sequences\tgt_KYANT_2016_3787.npy,KYANT,2016,2016-10-26 15:00:00,train
sequences\seq_KYANT_2016_3788.npy,sequences\tgt_KYANT_2016_3788.npy,KYANT,2016,2016-10-26 15:15:00,train
sequences\seq_KYANT_2016_3789.npy,sequences\tgt_KYANT_2016_3789.npy,KYANT,2016,2016-10-26 15:30:00,train
sequences\seq_KYANT_2016_3790.npy,sequences\tgt_KYANT_2016_3790.npy,KYANT,2016,2016-10-26 15:45:00,train
sequences\seq_KYANT_2016_3791.npy,sequences\tgt_KYANT_2016_3791.npy,KYANT,2016,2016-10-26 16:15:00,train
sequences\seq_KYANT_2016_3792.npy,sequences\tgt_KYANT_2016_3792.npy,KYANT,2016,2016-10-26 16:30:00,train
sequences\seq_KYANT_2016_3793.npy,sequences\tgt_KYANT_2016_3793.npy,KYANT,2016,2016-10-26 16:45:00,train
sequences\seq_KYANT_2016_3794.npy,sequences\tgt_KYANT_2016_3794.npy,KYANT,2016,2016-10-26 20:00:00,train
sequences\seq_KYANT_2016_3795.npy,sequences\tgt_KYANT_2016_3795.npy,KYANT,2016,2016-10-26 20:30:00,train
sequences\seq_KYANT_2016_3796.npy,sequences\tgt_KYANT_2016_3796.npy,KYANT,2016,2016-10-26 20:45:00,train
sequences\seq_KYANT_2016_3797.npy,sequences\tgt_KYANT_2016_3797.npy,KYANT,2016,2016-10-26 21:00:00,train
sequences\seq_KYANT_2016_3798.npy,sequences\tgt_KYANT_2016_3798.npy,KYANT,2016,2016-10-26 21:15:00,train
sequences\seq_KYANT_2016_3799.npy,sequences\tgt_KYANT_2016_3799.npy,KYANT,2016,2016-10-26 21:30:00,train
sequences\seq_KYANT_2016_3800.npy,sequences\tgt_KYANT_2016_3800.npy,KYANT,2016,2016-10-26 21:45:00,train
sequences\seq_KYANT_2016_3801.npy,sequences\tgt_KYANT_2016_3801.npy,KYANT,2016,2016-10-26 22:00:00,train
sequences\seq_KYANT_2016_3802.npy,sequences\tgt_KYANT_2016_3802.npy,KYANT,2016,2016-10-26 22:15:00,train
sequences\seq_KYANT_2016_3803.npy,sequences\tgt_KYANT_2016_3803.npy,KYANT,2016,2016-10-26 22:30:00,train
sequences\seq_KYANT_2016_3804.npy,sequences\tgt_KYANT_2016_3804.npy,KYANT,2016,2016-10-26 22:45:00,train
sequences\seq_KYANT_2016_3805.npy,sequences\tgt_KYANT_2016_3805.npy,KYANT,2016,2016-10-26 23:00:00,train
sequences\seq_KYANT_2016_3806.npy,sequences\tgt_KYANT_2016_3806.npy,KYANT,2016,2016-10-26 23:15:00,train
sequences\seq_KYANT_2016_3807.npy,sequences\tgt_KYANT_2016_3807.npy,KYANT,2016,2016-10-26 23:30:00,train
sequences\seq_KYANT_2016_3808.npy,sequences\tgt_KYANT_2016_3808.npy,KYANT,2016,2016-10-26 23:45:00,train
sequences\seq_KYANT_2016_3809.npy,sequences\tgt_KYANT_2016_3809.npy,KYANT,2016,2016-10-27 00:00:00,train
sequences\seq_KYANT_2016_3810.npy,sequences\tgt_KYANT_2016_3810.npy,KYANT,2016,2016-10-27 00:15:00,train
sequences\seq_KYANT_2016_3811.npy,sequences\tgt_KYANT_2016_3811.npy,KYANT,2016,2016-10-27 00:30:00,train
sequences\seq_KYANT_2016_3812.npy,sequences\tgt_KYANT_2016_3812.npy,KYANT,2016,2016-10-27 00:45:00,train
sequences\seq_KYANT_2016_3813.npy,sequences\tgt_KYANT_2016_3813.npy,KYANT,2016,2016-10-27 01:00:00,train
sequences\seq_KYANT_2016_3814.npy,sequences\tgt_KYANT_2016_3814.npy,KYANT,2016,2016-10-27 01:15:00,train
sequences\seq_KYANT_2016_3815.npy,sequences\tgt_KYANT_2016_3815.npy,KYANT,2016,2016-10-27 01:30:00,train
sequences\seq_KYANT_2016_3816.npy,sequences\tgt_KYANT_2016_3816.npy,KYANT,2016,2016-10-27 01:45:00,train
sequences\seq_KYANT_2016_3817.npy,sequences\tgt_KYANT_2016_3817.npy,KYANT,2016,2016-10-27 02:00:00,train
sequences\seq_KYANT_2016_3818.npy,sequences\tgt_KYANT_2016_3818.npy,KYANT,2016,2016-10-27 02:15:00,train
sequences\seq_KYANT_2016_3819.npy,sequences\tgt_KYANT_2016_3819.npy,KYANT,2016,2016-10-27 02:30:00,train
sequences\seq_KYANT_2016_3820.npy,sequences\tgt_KYANT_2016_3820.npy,KYANT,2016,2016-10-27 02:45:00,train
sequences\seq_KYANT_2016_3821.npy,sequences\tgt_KYANT_2016_3821.npy,KYANT,2016,2016-10-27 03:15:00,train
sequences\seq_KYANT_2016_3822.npy,sequences\tgt_KYANT_2016_3822.npy,KYANT,2016,2016-10-27 03:30:00,train
sequences\seq_KYANT_2016_3823.npy,sequences\tgt_KYANT_2016_3823.npy,KYANT,2016,2016-10-27 03:45:00,train
sequences\seq_KYANT_2016_3824.npy,sequences\tgt_KYANT_2016_3824.npy,KYANT,2016,2016-10-27 04:00:00,train
sequences\seq_KYANT_2016_3825.npy,sequences\tgt_KYANT_2016_3825.npy,KYANT,2016,2016-10-27 04:15:00,train
sequences\seq_KYANT_2016_3826.npy,sequences\tgt_KYANT_2016_3826.npy,KYANT,2016,2016-10-27 04:30:00,train
sequences\seq_KYANT_2016_3827.npy,sequences\tgt_KYANT_2016_3827.npy,KYANT,2016,2016-10-27 04:45:00,train
sequences\seq_KYANT_2016_3828.npy,sequences\tgt_KYANT_2016_3828.npy,KYANT,2016,2016-10-27 05:00:00,train
sequences\seq_KYANT_2016_3829.npy,sequences\tgt_KYANT_2016_3829.npy,KYANT,2016,2016-10-27 05:15:00,train
sequences\seq_KYANT_2016_3830.npy,sequences\tgt_KYANT_2016_3830.npy,KYANT,2016,2016-10-27 06:00:00,train
sequences\seq_KYANT_2016_3831.npy,sequences\tgt_KYANT_2016_3831.npy,KYANT,2016,2016-10-27 06:15:00,train
sequences\seq_KYANT_2016_3832.npy,sequences\tgt_KYANT_2016_3832.npy,KYANT,2016,2016-10-27 06:30:00,train
sequences\seq_KYANT_2016_3833.npy,sequences\tgt_KYANT_2016_3833.npy,KYANT,2016,2016-10-27 06:45:00,train
sequences\seq_KYANT_2016_3834.npy,sequences\tgt_KYANT_2016_3834.npy,KYANT,2016,2016-10-27 07:00:00,train
sequences\seq_KYANT_2016_3835.npy,sequences\tgt_KYANT_2016_3835.npy,KYANT,2016,2016-10-27 07:15:00,train
sequences\seq_KYANT_2016_3836.npy,sequences\tgt_KYANT_2016_3836.npy,KYANT,2016,2016-10-27 07:30:00,train
sequences\seq_KYANT_2016_3837.npy,sequences\tgt_KYANT_2016_3837.npy,KYANT,2016,2016-10-27 07:45:00,train
sequences\seq_KYANT_2016_3838.npy,sequences\tgt_KYANT_2016_3838.npy,KYANT,2016,2016-10-27 08:00:00,train
sequences\seq_KYANT_2016_3839.npy,sequences\tgt_KYANT_2016_3839.npy,KYANT,2016,2016-10-27 08:15:00,train
sequences\seq_KYANT_2016_3840.npy,sequences\tgt_KYANT_2016_3840.npy,KYANT,2016,2016-10-27 08:30:00,train
sequences\seq_KYANT_2016_3841.npy,sequences\tgt_KYANT_2016_3841.npy,KYANT,2016,2016-10-27 08:45:00,train
sequences\seq_KYANT_2016_3842.npy,sequences\tgt_KYANT_2016_3842.npy,KYANT,2016,2016-10-27 09:00:00,train
sequences\seq_KYANT_2016_3843.npy,sequences\tgt_KYANT_2016_3843.npy,KYANT,2016,2016-10-27 09:15:00,train
sequences\seq_KYANT_2016_3844.npy,sequences\tgt_KYANT_2016_3844.npy,KYANT,2016,2016-10-27 09:30:00,train
sequences\seq_KYANT_2016_3845.npy,sequences\tgt_KYANT_2016_3845.npy,KYANT,2016,2016-10-27 09:45:00,train
sequences\seq_KYANT_2016_3846.npy,sequences\tgt_KYANT_2016_3846.npy,KYANT,2016,2016-10-27 10:00:00,train
sequences\seq_KYANT_2016_3847.npy,sequences\tgt_KYANT_2016_3847.npy,KYANT,2016,2016-10-27 10:15:00,train
sequences\seq_KYANT_2016_3848.npy,sequences\tgt_KYANT_2016_3848.npy,KYANT,2016,2016-10-27 10:30:00,train
sequences\seq_KYANT_2016_3849.npy,sequences\tgt_KYANT_2016_3849.npy,KYANT,2016,2016-10-27 10:45:00,train
sequences\seq_KYANT_2016_3850.npy,sequences\tgt_KYANT_2016_3850.npy,KYANT,2016,2016-10-27 11:00:00,train
sequences\seq_KYANT_2016_3851.npy,sequences\tgt_KYANT_2016_3851.npy,KYANT,2016,2016-10-27 11:15:00,train
sequences\seq_KYANT_2016_3852.npy,sequences\tgt_KYANT_2016_3852.npy,KYANT,2016,2016-10-27 11:30:00,train
sequences\seq_KYANT_2016_3853.npy,sequences\tgt_KYANT_2016_3853.npy,KYANT,2016,2016-10-27 11:45:00,train
sequences\seq_KYANT_2016_3854.npy,sequences\tgt_KYANT_2016_3854.npy,KYANT,2016,2016-10-27 12:00:00,train
sequences\seq_KYANT_2016_3855.npy,sequences\tgt_KYANT_2016_3855.npy,KYANT,2016,2016-10-27 12:15:00,train
sequences\seq_KYANT_2016_3856.npy,sequences\tgt_KYANT_2016_3856.npy,KYANT,2016,2016-10-27 12:30:00,train
sequences\seq_KYANT_2016_3857.npy,sequences\tgt_KYANT_2016_3857.npy,KYANT,2016,2016-10-27 12:45:00,train
sequences\seq_KYANT_2016_3858.npy,sequences\tgt_KYANT_2016_3858.npy,KYANT,2016,2016-10-27 13:00:00,train
sequences\seq_KYANT_2016_3859.npy,sequences\tgt_KYANT_2016_3859.npy,KYANT,2016,2016-10-27 13:15:00,train
sequences\seq_KYANT_2016_3860.npy,sequences\tgt_KYANT_2016_3860.npy,KYANT,2016,2016-10-27 13:30:00,train
sequences\seq_KYANT_2016_3861.npy,sequences\tgt_KYANT_2016_3861.npy,KYANT,2016,2016-10-27 13:45:00,train
sequences\seq_KYANT_2016_3862.npy,sequences\tgt_KYANT_2016_3862.npy,KYANT,2016,2016-10-27 14:00:00,train
sequences\seq_KYANT_2016_3863.npy,sequences\tgt_KYANT_2016_3863.npy,KYANT,2016,2016-10-27 14:15:00,train
sequences\seq_KYANT_2016_3864.npy,sequences\tgt_KYANT_2016_3864.npy,KYANT,2016,2016-10-27 14:30:00,train
sequences\seq_KYANT_2016_3865.npy,sequences\tgt_KYANT_2016_3865.npy,KYANT,2016,2016-10-27 14:45:00,train
sequences\seq_KYANT_2016_3866.npy,sequences\tgt_KYANT_2016_3866.npy,KYANT,2016,2016-10-27 15:00:00,train
sequences\seq_KYANT_2016_3867.npy,sequences\tgt_KYANT_2016_3867.npy,KYANT,2016,2016-10-27 15:15:00,train
sequences\seq_KYANT_2016_3868.npy,sequences\tgt_KYANT_2016_3868.npy,KYANT,2016,2016-10-27 15:30:00,train
sequences\seq_KYANT_2016_3869.npy,sequences\tgt_KYANT_2016_3869.npy,KYANT,2016,2016-10-27 16:00:00,train
sequences\seq_KYANT_2016_3870.npy,sequences\tgt_KYANT_2016_3870.npy,KYANT,2016,2016-10-27 16:15:00,train
sequences\seq_KYANT_2016_3871.npy,sequences\tgt_KYANT_2016_3871.npy,KYANT,2016,2016-10-27 16:45:00,train
sequences\seq_KYANT_2016_3872.npy,sequences\tgt_KYANT_2016_3872.npy,KYANT,2016,2016-10-27 20:00:00,train
sequences\seq_KYANT_2016_3873.npy,sequences\tgt_KYANT_2016_3873.npy,KYANT,2016,2016-10-27 20:30:00,train
sequences\seq_KYANT_2016_3874.npy,sequences\tgt_KYANT_2016_3874.npy,KYANT,2016,2016-10-27 20:45:00,train
sequences\seq_KYANT_2016_3875.npy,sequences\tgt_KYANT_2016_3875.npy,KYANT,2016,2016-10-27 21:00:00,train
sequences\seq_KYANT_2016_3876.npy,sequences\tgt_KYANT_2016_3876.npy,KYANT,2016,2016-10-27 21:15:00,train
sequences\seq_KYANT_2016_3877.npy,sequences\tgt_KYANT_2016_3877.npy,KYANT,2016,2016-10-27 21:30:00,train
sequences\seq_KYANT_2016_3878.npy,sequences\tgt_KYANT_2016_3878.npy,KYANT,2016,2016-10-27 21:45:00,train
sequences\seq_LEHAR_2013_3879.npy,sequences\tgt_LEHAR_2013_3879.npy,LEHAR,2013,2013-11-23 20:30:00,test
sequences\seq_LEHAR_2013_3880.npy,sequences\tgt_LEHAR_2013_3880.npy,LEHAR,2013,2013-11-23 21:00:00,test
sequences\seq_LEHAR_2013_3881.npy,sequences\tgt_LEHAR_2013_3881.npy,LEHAR,2013,2013-11-23 21:30:00,test
sequences\seq_LEHAR_2013_3882.npy,sequences\tgt_LEHAR_2013_3882.npy,LEHAR,2013,2013-11-23 22:00:00,test
sequences\seq_LEHAR_2013_3883.npy,sequences\tgt_LEHAR_2013_3883.npy,LEHAR,2013,2013-11-23 22:30:00,test
sequences\seq_LEHAR_2013_3884.npy,sequences\tgt_LEHAR_2013_3884.npy,LEHAR,2013,2013-11-23 23:00:00,test
sequences\seq_LEHAR_2013_3885.npy,sequences\tgt_LEHAR_2013_3885.npy,LEHAR,2013,2013-11-23 23:30:00,test
sequences\seq_LEHAR_2013_3886.npy,sequences\tgt_LEHAR_2013_3886.npy,LEHAR,2013,2013-11-24 00:00:00,test
sequences\seq_LEHAR_2013_3887.npy,sequences\tgt_LEHAR_2013_3887.npy,LEHAR,2013,2013-11-24 00:30:00,test
sequences\seq_LEHAR_2013_3888.npy,sequences\tgt_LEHAR_2013_3888.npy,LEHAR,2013,2013-11-24 01:00:00,test
sequences\seq_LEHAR_2013_3889.npy,sequences\tgt_LEHAR_2013_3889.npy,LEHAR,2013,2013-11-24 01:30:00,test
sequences\seq_LEHAR_2013_3890.npy,sequences\tgt_LEHAR_2013_3890.npy,LEHAR,2013,2013-11-24 02:00:00,test
sequences\seq_LEHAR_2013_3891.npy,sequences\tgt_LEHAR_2013_3891.npy,LEHAR,2013,2013-11-24 02:30:00,test
sequences\seq_LEHAR_2013_3892.npy,sequences\tgt_LEHAR_2013_3892.npy,LEHAR,2013,2013-11-24 03:00:00,test
sequences\seq_LEHAR_2013_3893.npy,sequences\tgt_LEHAR_2013_3893.npy,LEHAR,2013,2013-11-24 03:30:00,test
sequences\seq_LEHAR_2013_3894.npy,sequences\tgt_LEHAR_2013_3894.npy,LEHAR,2013,2013-11-24 04:00:00,test
sequences\seq_LEHAR_2013_3895.npy,sequences\tgt_LEHAR_2013_3895.npy,LEHAR,2013,2013-11-24 04:30:00,test
sequences\seq_LEHAR_2013_3896.npy,sequences\tgt_LEHAR_2013_3896.npy,LEHAR,2013,2013-11-24 05:00:00,test
sequences\seq_LEHAR_2013_3897.npy,sequences\tgt_LEHAR_2013_3897.npy,LEHAR,2013,2013-11-24 05:30:00,test
sequences\seq_LEHAR_2013_3898.npy,sequences\tgt_LEHAR_2013_3898.npy,LEHAR,2013,2013-11-24 06:00:00,test
sequences\seq_LEHAR_2013_3899.npy,sequences\tgt_LEHAR_2013_3899.npy,LEHAR,2013,2013-11-24 06:30:00,test
sequences\seq_LEHAR_2013_3900.npy,sequences\tgt_LEHAR_2013_3900.npy,LEHAR,2013,2013-11-24 07:00:00,test
sequences\seq_LEHAR_2013_3901.npy,sequences\tgt_LEHAR_2013_3901.npy,LEHAR,2013,2013-11-24 07:30:00,test
sequences\seq_LEHAR_2013_3902.npy,sequences\tgt_LEHAR_2013_3902.npy,LEHAR,2013,2013-11-24 08:00:00,test
sequences\seq_LEHAR_2013_3903.npy,sequences\tgt_LEHAR_2013_3903.npy,LEHAR,2013,2013-11-24 08:30:00,test
sequences\seq_LEHAR_2013_3904.npy,sequences\tgt_LEHAR_2013_3904.npy,LEHAR,2013,2013-11-24 09:00:00,test
sequences\seq_LEHAR_2013_3905.npy,sequences\tgt_LEHAR_2013_3905.npy,LEHAR,2013,2013-11-24 09:30:00,test
sequences\seq_LEHAR_2013_3906.npy,sequences\tgt_LEHAR_2013_3906.npy,LEHAR,2013,2013-11-24 10:00:00,test
sequences\seq_LEHAR_2013_3907.npy,sequences\tgt_LEHAR_2013_3907.npy,LEHAR,2013,2013-11-24 10:30:00,test
sequences\seq_LEHAR_2013_3908.npy,sequences\tgt_LEHAR_2013_3908.npy,LEHAR,2013,2013-11-24 11:00:00,test
sequences\seq_LEHAR_2013_3909.npy,sequences\tgt_LEHAR_2013_3909.npy,LEHAR,2013,2013-11-24 11:30:00,test
sequences\seq_LEHAR_2013_3910.npy,sequences\tgt_LEHAR_2013_3910.npy,LEHAR,2013,2013-11-24 12:00:00,test
sequences\seq_LEHAR_2013_3911.npy,sequences\tgt_LEHAR_2013_3911.npy,LEHAR,2013,2013-11-24 12:30:00,test
sequences\seq_LEHAR_2013_3912.npy,sequences\tgt_LEHAR_2013_3912.npy,LEHAR,2013,2013-11-24 13:00:00,test
sequences\seq_LEHAR_2013_3913.npy,sequences\tgt_LEHAR_2013_3913.npy,LEHAR,2013,2013-11-24 13:30:00,test
sequences\seq_LEHAR_2013_3914.npy,sequences\tgt_LEHAR_2013_3914.npy,LEHAR,2013,2013-11-24 14:00:00,test
sequences\seq_LEHAR_2013_3915.npy,sequences\tgt_LEHAR_2013_3915.npy,LEHAR,2013,2013-11-24 14:30:00,test
sequences\seq_LEHAR_2013_3916.npy,sequences\tgt_LEHAR_2013_3916.npy,LEHAR,2013,2013-11-24 15:00:00,test
sequences\seq_LEHAR_2013_3917.npy,sequences\tgt_LEHAR_2013_3917.npy,LEHAR,2013,2013-11-24 15:30:00,test
sequences\seq_LEHAR_2013_3918.npy,sequences\tgt_LEHAR_2013_3918.npy,LEHAR,2013,2013-11-24 16:00:00,test
sequences\seq_LEHAR_2013_3919.npy,sequences\tgt_LEHAR_2013_3919.npy,LEHAR,2013,2013-11-24 20:30:00,test
sequences\seq_LEHAR_2013_3920.npy,sequences\tgt_LEHAR_2013_3920.npy,LEHAR,2013,2013-11-24 21:00:00,test
sequences\seq_LEHAR_2013_3921.npy,sequences\tgt_LEHAR_2013_3921.npy,LEHAR,2013,2013-11-24 21:30:00,test
sequences\seq_LEHAR_2013_3922.npy,sequences\tgt_LEHAR_2013_3922.npy,LEHAR,2013,2013-11-24 22:00:00,test
sequences\seq_LEHAR_2013_3923.npy,sequences\tgt_LEHAR_2013_3923.npy,LEHAR,2013,2013-11-24 22:30:00,test
sequences\seq_LEHAR_2013_3924.npy,sequences\tgt_LEHAR_2013_3924.npy,LEHAR,2013,2013-11-24 23:00:00,test
sequences\seq_LEHAR_2013_3925.npy,sequences\tgt_LEHAR_2013_3925.npy,LEHAR,2013,2013-11-24 23:30:00,test
sequences\seq_LEHAR_2013_3926.npy,sequences\tgt_LEHAR_2013_3926.npy,LEHAR,2013,2013-11-25 00:00:00,test
sequences\seq_LEHAR_2013_3927.npy,sequences\tgt_LEHAR_2013_3927.npy,LEHAR,2013,2013-11-25 00:30:00,test
sequences\seq_LEHAR_2013_3928.npy,sequences\tgt_LEHAR_2013_3928.npy,LEHAR,2013,2013-11-25 01:00:00,test
sequences\seq_LEHAR_2013_3929.npy,sequences\tgt_LEHAR_2013_3929.npy,LEHAR,2013,2013-11-25 01:30:00,test
sequences\seq_LEHAR_2013_3930.npy,sequences\tgt_LEHAR_2013_3930.npy,LEHAR,2013,2013-11-25 02:00:00,test
sequences\seq_LEHAR_2013_3931.npy,sequences\tgt_LEHAR_2013_3931.npy,LEHAR,2013,2013-11-25 02:30:00,test
sequences\seq_LEHAR_2013_3932.npy,sequences\tgt_LEHAR_2013_3932.npy,LEHAR,2013,2013-11-25 03:00:00,test
sequences\seq_LEHAR_2013_3933.npy,sequences\tgt_LEHAR_2013_3933.npy,LEHAR,2013,2013-11-25 03:30:00,test
sequences\seq_LEHAR_2013_3934.npy,sequences\tgt_LEHAR_2013_3934.npy,LEHAR,2013,2013-11-25 04:00:00,test
sequences\seq_LEHAR_2013_3935.npy,sequences\tgt_LEHAR_2013_3935.npy,LEHAR,2013,2013-11-25 04:30:00,test
sequences\seq_LEHAR_2013_3936.npy,sequences\tgt_LEHAR_2013_3936.npy,LEHAR,2013,2013-11-25 05:00:00,test
sequences\seq_LEHAR_2013_3937.npy,sequences\tgt_LEHAR_2013_3937.npy,LEHAR,2013,2013-11-25 05:30:00,test
sequences\seq_LEHAR_2013_3938.npy,sequences\tgt_LEHAR_2013_3938.npy,LEHAR,2013,2013-11-25 06:00:00,test
sequences\seq_LEHAR_2013_3939.npy,sequences\tgt_LEHAR_2013_3939.npy,LEHAR,2013,2013-11-25 06:30:00,test
sequences\seq_LEHAR_2013_3940.npy,sequences\tgt_LEHAR_2013_3940.npy,LEHAR,2013,2013-11-25 07:00:00,test
sequences\seq_LEHAR_2013_3941.npy,sequences\tgt_LEHAR_2013_3941.npy,LEHAR,2013,2013-11-25 07:30:00,test
sequences\seq_LEHAR_2013_3942.npy,sequences\tgt_LEHAR_2013_3942.npy,LEHAR,2013,2013-11-25 08:00:00,test
sequences\seq_LEHAR_2013_3943.npy,sequences\tgt_LEHAR_2013_3943.npy,LEHAR,2013,2013-11-25 08:30:00,test
sequences\seq_LEHAR_2013_3944.npy,sequences\tgt_LEHAR_2013_3944.npy,LEHAR,2013,2013-11-25 09:00:00,test
sequences\seq_LEHAR_2013_3945.npy,sequences\tgt_LEHAR_2013_3945.npy,LEHAR,2013,2013-11-25 09:30:00,test
sequences\seq_LEHAR_2013_3946.npy,sequences\tgt_LEHAR_2013_3946.npy,LEHAR,2013,2013-11-25 10:00:00,test
sequences\seq_LEHAR_2013_3947.npy,sequences\tgt_LEHAR_2013_3947.npy,LEHAR,2013,2013-11-25 10:30:00,test
sequences\seq_LEHAR_2013_3948.npy,sequences\tgt_LEHAR_2013_3948.npy,LEHAR,2013,2013-11-25 11:00:00,test
sequences\seq_LEHAR_2013_3949.npy,sequences\tgt_LEHAR_2013_3949.npy,LEHAR,2013,2013-11-25 11:30:00,test
sequences\seq_LEHAR_2013_3950.npy,sequences\tgt_LEHAR_2013_3950.npy,LEHAR,2013,2013-11-25 12:00:00,test
sequences\seq_LEHAR_2013_3951.npy,sequences\tgt_LEHAR_2013_3951.npy,LEHAR,2013,2013-11-25 12:30:00,test
sequences\seq_LEHAR_2013_3952.npy,sequences\tgt_LEHAR_2013_3952.npy,LEHAR,2013,2013-11-25 13:00:00,test
sequences\seq_LEHAR_2013_3953.npy,sequences\tgt_LEHAR_2013_3953.npy,LEHAR,2013,2013-11-25 13:30:00,test
sequences\seq_LEHAR_2013_3954.npy,sequences\tgt_LEHAR_2013_3954.npy,LEHAR,2013,2013-11-25 14:00:00,test
sequences\seq_LEHAR_2013_3955.npy,sequences\tgt_LEHAR_2013_3955.npy,LEHAR,2013,2013-11-25 14:30:00,test
sequences\seq_LEHAR_2013_3956.npy,sequences\tgt_LEHAR_2013_3956.npy,LEHAR,2013,2013-11-25 15:00:00,test
sequences\seq_LEHAR_2013_3957.npy,sequences\tgt_LEHAR_2013_3957.npy,LEHAR,2013,2013-11-25 15:30:00,test
sequences\seq_LEHAR_2013_3958.npy,sequences\tgt_LEHAR_2013_3958.npy,LEHAR,2013,2013-11-25 16:00:00,test
sequences\seq_LEHAR_2013_3959.npy,sequences\tgt_LEHAR_2013_3959.npy,LEHAR,2013,2013-11-25 20:30:00,test
sequences\seq_LEHAR_2013_3960.npy,sequences\tgt_LEHAR_2013_3960.npy,LEHAR,2013,2013-11-25 21:00:00,test
sequences\seq_LEHAR_2013_3961.npy,sequences\tgt_LEHAR_2013_3961.npy,LEHAR,2013,2013-11-25 21:30:00,test
sequences\seq_LEHAR_2013_3962.npy,sequences\tgt_LEHAR_2013_3962.npy,LEHAR,2013,2013-11-25 22:00:00,test
sequences\seq_LEHAR_2013_3963.npy,sequences\tgt_LEHAR_2013_3963.npy,LEHAR,2013,2013-11-25 22:30:00,test
sequences\seq_LEHAR_2013_3964.npy,sequences\tgt_LEHAR_2013_3964.npy,LEHAR,2013,2013-11-25 23:00:00,test
sequences\seq_LEHAR_2013_3965.npy,sequences\tgt_LEHAR_2013_3965.npy,LEHAR,2013,2013-11-25 23:30:00,test
sequences\seq_LEHAR_2013_3966.npy,sequences\tgt_LEHAR_2013_3966.npy,LEHAR,2013,2013-11-26 00:00:00,test
sequences\seq_LEHAR_2013_3967.npy,sequences\tgt_LEHAR_2013_3967.npy,LEHAR,2013,2013-11-26 00:30:00,test
sequences\seq_LEHAR_2013_3968.npy,sequences\tgt_LEHAR_2013_3968.npy,LEHAR,2013,2013-11-26 01:00:00,test
sequences\seq_LEHAR_2013_3969.npy,sequences\tgt_LEHAR_2013_3969.npy,LEHAR,2013,2013-11-26 01:30:00,test
sequences\seq_LEHAR_2013_3970.npy,sequences\tgt_LEHAR_2013_3970.npy,LEHAR,2013,2013-11-26 02:00:00,test
sequences\seq_LEHAR_2013_3971.npy,sequences\tgt_LEHAR_2013_3971.npy,LEHAR,2013,2013-11-26 02:30:00,test
sequences\seq_LEHAR_2013_3972.npy,sequences\tgt_LEHAR_2013_3972.npy,LEHAR,2013,2013-11-26 03:00:00,test
sequences\seq_LEHAR_2013_3973.npy,sequences\tgt_LEHAR_2013_3973.npy,LEHAR,2013,2013-11-26 03:30:00,test
sequences\seq_LEHAR_2013_3974.npy,sequences\tgt_LEHAR_2013_3974.npy,LEHAR,2013,2013-11-26 04:00:00,test
sequences\seq_LEHAR_2013_3975.npy,sequences\tgt_LEHAR_2013_3975.npy,LEHAR,2013,2013-11-26 04:30:00,test
sequences\seq_LEHAR_2013_3976.npy,sequences\tgt_LEHAR_2013_3976.npy,LEHAR,2013,2013-11-26 05:00:00,test
sequences\seq_LEHAR_2013_3977.npy,sequences\tgt_LEHAR_2013_3977.npy,LEHAR,2013,2013-11-26 05:30:00,test
sequences\seq_LEHAR_2013_3978.npy,sequences\tgt_LEHAR_2013_3978.npy,LEHAR,2013,2013-11-26 06:00:00,test
sequences\seq_LEHAR_2013_3979.npy,sequences\tgt_LEHAR_2013_3979.npy,LEHAR,2013,2013-11-26 06:30:00,test
sequences\seq_LEHAR_2013_3980.npy,sequences\tgt_LEHAR_2013_3980.npy,LEHAR,2013,2013-11-26 07:00:00,test
sequences\seq_LEHAR_2013_3981.npy,sequences\tgt_LEHAR_2013_3981.npy,LEHAR,2013,2013-11-26 07:30:00,test
sequences\seq_LEHAR_2013_3982.npy,sequences\tgt_LEHAR_2013_3982.npy,LEHAR,2013,2013-11-26 08:00:00,test
sequences\seq_LEHAR_2013_3983.npy,sequences\tgt_LEHAR_2013_3983.npy,LEHAR,2013,2013-11-26 08:30:00,test
sequences\seq_LEHAR_2013_3984.npy,sequences\tgt_LEHAR_2013_3984.npy,LEHAR,2013,2013-11-26 09:00:00,test
sequences\seq_LEHAR_2013_3985.npy,sequences\tgt_LEHAR_2013_3985.npy,LEHAR,2013,2013-11-26 09:30:00,test
sequences\seq_LEHAR_2013_3986.npy,sequences\tgt_LEHAR_2013_3986.npy,LEHAR,2013,2013-11-26 10:00:00,test
sequences\seq_LEHAR_2013_3987.npy,sequences\tgt_LEHAR_2013_3987.npy,LEHAR,2013,2013-11-26 10:30:00,test
sequences\seq_LEHAR_2013_3988.npy,sequences\tgt_LEHAR_2013_3988.npy,LEHAR,2013,2013-11-26 11:00:00,test
sequences\seq_LEHAR_2013_3989.npy,sequences\tgt_LEHAR_2013_3989.npy,LEHAR,2013,2013-11-26 11:30:00,test
sequences\seq_LEHAR_2013_3990.npy,sequences\tgt_LEHAR_2013_3990.npy,LEHAR,2013,2013-11-26 12:00:00,test
sequences\seq_LEHAR_2013_3991.npy,sequences\tgt_LEHAR_2013_3991.npy,LEHAR,2013,2013-11-26 12:30:00,test
sequences\seq_LEHAR_2013_3992.npy,sequences\tgt_LEHAR_2013_3992.npy,LEHAR,2013,2013-11-26 13:00:00,test
sequences\seq_LEHAR_2013_3993.npy,sequences\tgt_LEHAR_2013_3993.npy,LEHAR,2013,2013-11-26 13:30:00,test
sequences\seq_LEHAR_2013_3994.npy,sequences\tgt_LEHAR_2013_3994.npy,LEHAR,2013,2013-11-26 14:00:00,test
sequences\seq_LEHAR_2013_3995.npy,sequences\tgt_LEHAR_2013_3995.npy,LEHAR,2013,2013-11-26 14:30:00,test
sequences\seq_LEHAR_2013_3996.npy,sequences\tgt_LEHAR_2013_3996.npy,LEHAR,2013,2013-11-26 15:00:00,test
sequences\seq_LEHAR_2013_3997.npy,sequences\tgt_LEHAR_2013_3997.npy,LEHAR,2013,2013-11-26 15:30:00,test
sequences\seq_LEHAR_2013_3998.npy,sequences\tgt_LEHAR_2013_3998.npy,LEHAR,2013,2013-11-26 16:00:00,test
sequences\seq_LEHAR_2013_3999.npy,sequences\tgt_LEHAR_2013_3999.npy,LEHAR,2013,2013-11-26 20:30:00,test
sequences\seq_LEHAR_2013_4000.npy,sequences\tgt_LEHAR_2013_4000.npy,LEHAR,2013,2013-11-26 21:00:00,test
sequences\seq_LEHAR_2013_4001.npy,sequences\tgt_LEHAR_2013_4001.npy,LEHAR,2013,2013-11-26 21:30:00,test
sequences\seq_LEHAR_2013_4002.npy,sequences\tgt_LEHAR_2013_4002.npy,LEHAR,2013,2013-11-26 22:00:00,test
sequences\seq_LEHAR_2013_4003.npy,sequences\tgt_LEHAR_2013_4003.npy,LEHAR,2013,2013-11-26 22:30:00,test
sequences\seq_LEHAR_2013_4004.npy,sequences\tgt_LEHAR_2013_4004.npy,LEHAR,2013,2013-11-26 23:00:00,test
sequences\seq_LEHAR_2013_4005.npy,sequences\tgt_LEHAR_2013_4005.npy,LEHAR,2013,2013-11-26 23:30:00,test
sequences\seq_LEHAR_2013_4006.npy,sequences\tgt_LEHAR_2013_4006.npy,LEHAR,2013,2013-11-27 00:00:00,test
sequences\seq_LEHAR_2013_4007.npy,sequences\tgt_LEHAR_2013_4007.npy,LEHAR,2013,2013-11-27 00:30:00,test
sequences\seq_LEHAR_2013_4008.npy,sequences\tgt_LEHAR_2013_4008.npy,LEHAR,2013,2013-11-27 01:00:00,test
sequences\seq_LEHAR_2013_4009.npy,sequences\tgt_LEHAR_2013_4009.npy,LEHAR,2013,2013-11-27 01:30:00,test
sequences\seq_LEHAR_2013_4010.npy,sequences\tgt_LEHAR_2013_4010.npy,LEHAR,2013,2013-11-27 02:00:00,test
sequences\seq_LEHAR_2013_4011.npy,sequences\tgt_LEHAR_2013_4011.npy,LEHAR,2013,2013-11-27 02:30:00,test
sequences\seq_LEHAR_2013_4012.npy,sequences\tgt_LEHAR_2013_4012.npy,LEHAR,2013,2013-11-27 03:00:00,test
sequences\seq_LEHAR_2013_4013.npy,sequences\tgt_LEHAR_2013_4013.npy,LEHAR,2013,2013-11-27 03:30:00,test
sequences\seq_LEHAR_2013_4014.npy,sequences\tgt_LEHAR_2013_4014.npy,LEHAR,2013,2013-11-27 04:00:00,test
sequences\seq_LEHAR_2013_4015.npy,sequences\tgt_LEHAR_2013_4015.npy,LEHAR,2013,2013-11-27 04:30:00,test
sequences\seq_LEHAR_2013_4016.npy,sequences\tgt_LEHAR_2013_4016.npy,LEHAR,2013,2013-11-27 05:00:00,test
sequences\seq_LEHAR_2013_4017.npy,sequences\tgt_LEHAR_2013_4017.npy,LEHAR,2013,2013-11-27 05:30:00,test
sequences\seq_LEHAR_2013_4018.npy,sequences\tgt_LEHAR_2013_4018.npy,LEHAR,2013,2013-11-27 06:00:00,test
sequences\seq_LEHAR_2013_4019.npy,sequences\tgt_LEHAR_2013_4019.npy,LEHAR,2013,2013-11-27 06:30:00,test
sequences\seq_LEHAR_2013_4020.npy,sequences\tgt_LEHAR_2013_4020.npy,LEHAR,2013,2013-11-27 07:00:00,test
sequences\seq_LEHAR_2013_4021.npy,sequences\tgt_LEHAR_2013_4021.npy,LEHAR,2013,2013-11-27 07:30:00,test
sequences\seq_LEHAR_2013_4022.npy,sequences\tgt_LEHAR_2013_4022.npy,LEHAR,2013,2013-11-27 08:00:00,test
sequences\seq_LEHAR_2013_4023.npy,sequences\tgt_LEHAR_2013_4023.npy,LEHAR,2013,2013-11-27 08:30:00,test
sequences\seq_LEHAR_2013_4024.npy,sequences\tgt_LEHAR_2013_4024.npy,LEHAR,2013,2013-11-27 09:00:00,test
sequences\seq_LEHAR_2013_4025.npy,sequences\tgt_LEHAR_2013_4025.npy,LEHAR,2013,2013-11-27 09:30:00,test
sequences\seq_LEHAR_2013_4026.npy,sequences\tgt_LEHAR_2013_4026.npy,LEHAR,2013,2013-11-27 10:00:00,test
sequences\seq_LEHAR_2013_4027.npy,sequences\tgt_LEHAR_2013_4027.npy,LEHAR,2013,2013-11-27 10:30:00,test
sequences\seq_LEHAR_2013_4028.npy,sequences\tgt_LEHAR_2013_4028.npy,LEHAR,2013,2013-11-27 11:00:00,test
sequences\seq_LEHAR_2013_4029.npy,sequences\tgt_LEHAR_2013_4029.npy,LEHAR,2013,2013-11-27 11:30:00,test
sequences\seq_LEHAR_2013_4030.npy,sequences\tgt_LEHAR_2013_4030.npy,LEHAR,2013,2013-11-27 12:00:00,test
sequences\seq_LEHAR_2013_4031.npy,sequences\tgt_LEHAR_2013_4031.npy,LEHAR,2013,2013-11-27 13:00:00,test
sequences\seq_LEHAR_2013_4032.npy,sequences\tgt_LEHAR_2013_4032.npy,LEHAR,2013,2013-11-27 13:30:00,test
sequences\seq_LEHAR_2013_4033.npy,sequences\tgt_LEHAR_2013_4033.npy,LEHAR,2013,2013-11-27 14:00:00,test
sequences\seq_LEHAR_2013_4034.npy,sequences\tgt_LEHAR_2013_4034.npy,LEHAR,2013,2013-11-27 14:30:00,test
sequences\seq_LEHAR_2013_4035.npy,sequences\tgt_LEHAR_2013_4035.npy,LEHAR,2013,2013-11-27 15:00:00,test
sequences\seq_LEHAR_2013_4036.npy,sequences\tgt_LEHAR_2013_4036.npy,LEHAR,2013,2013-11-27 15:30:00,test
sequences\seq_LEHAR_2013_4037.npy,sequences\tgt_LEHAR_2013_4037.npy,LEHAR,2013,2013-11-27 20:30:00,test
sequences\seq_LEHAR_2013_4038.npy,sequences\tgt_LEHAR_2013_4038.npy,LEHAR,2013,2013-11-27 21:00:00,test
sequences\seq_LEHAR_2013_4039.npy,sequences\tgt_LEHAR_2013_4039.npy,LEHAR,2013,2013-11-27 21:30:00,test
sequences\seq_LEHAR_2013_4040.npy,sequences\tgt_LEHAR_2013_4040.npy,LEHAR,2013,2013-11-27 22:00:00,test
sequences\seq_LEHAR_2013_4041.npy,sequences\tgt_LEHAR_2013_4041.npy,LEHAR,2013,2013-11-27 22:30:00,test
sequences\seq_LEHAR_2013_4042.npy,sequences\tgt_LEHAR_2013_4042.npy,LEHAR,2013,2013-11-27 23:00:00,test
sequences\seq_LEHAR_2013_4043.npy,sequences\tgt_LEHAR_2013_4043.npy,LEHAR,2013,2013-11-27 23:30:00,test
sequences\seq_LEHAR_2013_4044.npy,sequences\tgt_LEHAR_2013_4044.npy,LEHAR,2013,2013-11-28 00:00:00,test
sequences\seq_LEHAR_2013_4045.npy,sequences\tgt_LEHAR_2013_4045.npy,LEHAR,2013,2013-11-28 00:30:00,test
sequences\seq_LEHAR_2013_4046.npy,sequences\tgt_LEHAR_2013_4046.npy,LEHAR,2013,2013-11-28 01:00:00,test
sequences\seq_LEHAR_2013_4047.npy,sequences\tgt_LEHAR_2013_4047.npy,LEHAR,2013,2013-11-28 01:30:00,test
sequences\seq_LEHAR_2013_4048.npy,sequences\tgt_LEHAR_2013_4048.npy,LEHAR,2013,2013-11-28 02:00:00,test
sequences\seq_LEHAR_2013_4049.npy,sequences\tgt_LEHAR_2013_4049.npy,LEHAR,2013,2013-11-28 02:30:00,test
sequences\seq_LEHAR_2013_4050.npy,sequences\tgt_LEHAR_2013_4050.npy,LEHAR,2013,2013-11-28 03:00:00,test
sequences\seq_LEHAR_2013_4051.npy,sequences\tgt_LEHAR_2013_4051.npy,LEHAR,2013,2013-11-28 03:30:00,test
sequences\seq_LEHAR_2013_4052.npy,sequences\tgt_LEHAR_2013_4052.npy,LEHAR,2013,2013-11-28 04:00:00,test
sequences\seq_LEHAR_2013_4053.npy,sequences\tgt_LEHAR_2013_4053.npy,LEHAR,2013,2013-11-28 04:30:00,test
sequences\seq_LEHAR_2013_4054.npy,sequences\tgt_LEHAR_2013_4054.npy,LEHAR,2013,2013-11-28 05:00:00,test
sequences\seq_LEHAR_2013_4055.npy,sequences\tgt_LEHAR_2013_4055.npy,LEHAR,2013,2013-11-28 05:30:00,test
sequences\seq_LEHAR_2013_4056.npy,sequences\tgt_LEHAR_2013_4056.npy,LEHAR,2013,2013-11-28 06:00:00,test
sequences\seq_LEHAR_2013_4057.npy,sequences\tgt_LEHAR_2013_4057.npy,LEHAR,2013,2013-11-28 06:30:00,test
sequences\seq_LEHAR_2013_4058.npy,sequences\tgt_LEHAR_2013_4058.npy,LEHAR,2013,2013-11-28 07:00:00,test
sequences\seq_LEHAR_2013_4059.npy,sequences\tgt_LEHAR_2013_4059.npy,LEHAR,2013,2013-11-28 07:30:00,test
sequences\seq_LEHAR_2013_4060.npy,sequences\tgt_LEHAR_2013_4060.npy,LEHAR,2013,2013-11-28 08:00:00,test
sequences\seq_LEHAR_2013_4061.npy,sequences\tgt_LEHAR_2013_4061.npy,LEHAR,2013,2013-11-28 08:30:00,test
sequences\seq_LEHAR_2013_4062.npy,sequences\tgt_LEHAR_2013_4062.npy,LEHAR,2013,2013-11-28 09:00:00,test
sequences\seq_LEHAR_2013_4063.npy,sequences\tgt_LEHAR_2013_4063.npy,LEHAR,2013,2013-11-28 09:30:00,test
sequences\seq_LEHAR_2013_4064.npy,sequences\tgt_LEHAR_2013_4064.npy,LEHAR,2013,2013-11-28 10:00:00,test
sequences\seq_LEHAR_2013_4065.npy,sequences\tgt_LEHAR_2013_4065.npy,LEHAR,2013,2013-11-28 10:30:00,test
sequences\seq_LEHAR_2013_4066.npy,sequences\tgt_LEHAR_2013_4066.npy,LEHAR,2013,2013-11-28 11:00:00,test
sequences\seq_LEHAR_2013_4067.npy,sequences\tgt_LEHAR_2013_4067.npy,LEHAR,2013,2013-11-28 11:30:00,test
sequences\seq_LEHAR_2013_4068.npy,sequences\tgt_LEHAR_2013_4068.npy,LEHAR,2013,2013-11-28 12:00:00,test
sequences\seq_LEHAR_2013_4069.npy,sequences\tgt_LEHAR_2013_4069.npy,LEHAR,2013,2013-11-28 12:30:00,test
sequences\seq_LUBAN_2018_4070.npy,sequences\tgt_LUBAN_2018_4070.npy,LUBAN,2018,2018-10-09 20:00:00,validation
sequences\seq_LUBAN_2018_4071.npy,sequences\tgt_LUBAN_2018_4071.npy,LUBAN,2018,2018-10-09 20:30:00,validation
sequences\seq_LUBAN_2018_4072.npy,sequences\tgt_LUBAN_2018_4072.npy,LUBAN,2018,2018-10-09 20:45:00,validation
sequences\seq_LUBAN_2018_4073.npy,sequences\tgt_LUBAN_2018_4073.npy,LUBAN,2018,2018-10-09 21:00:00,validation
sequences\seq_LUBAN_2018_4074.npy,sequences\tgt_LUBAN_2018_4074.npy,LUBAN,2018,2018-10-09 21:15:00,validation
sequences\seq_LUBAN_2018_4075.npy,sequences\tgt_LUBAN_2018_4075.npy,LUBAN,2018,2018-10-09 21:30:00,validation
sequences\seq_LUBAN_2018_4076.npy,sequences\tgt_LUBAN_2018_4076.npy,LUBAN,2018,2018-10-09 21:45:00,validation
sequences\seq_LUBAN_2018_4077.npy,sequences\tgt_LUBAN_2018_4077.npy,LUBAN,2018,2018-10-09 22:00:00,validation
sequences\seq_LUBAN_2018_4078.npy,sequences\tgt_LUBAN_2018_4078.npy,LUBAN,2018,2018-10-09 22:15:00,validation
sequences\seq_LUBAN_2018_4079.npy,sequences\tgt_LUBAN_2018_4079.npy,LUBAN,2018,2018-10-09 22:30:00,validation
sequences\seq_LUBAN_2018_4080.npy,sequences\tgt_LUBAN_2018_4080.npy,LUBAN,2018,2018-10-09 22:45:00,validation
sequences\seq_LUBAN_2018_4081.npy,sequences\tgt_LUBAN_2018_4081.npy,LUBAN,2018,2018-10-09 23:00:00,validation
sequences\seq_LUBAN_2018_4082.npy,sequences\tgt_LUBAN_2018_4082.npy,LUBAN,2018,2018-10-09 23:15:00,validation
sequences\seq_LUBAN_2018_4083.npy,sequences\tgt_LUBAN_2018_4083.npy,LUBAN,2018,2018-10-09 23:30:00,validation
sequences\seq_LUBAN_2018_4084.npy,sequences\tgt_LUBAN_2018_4084.npy,LUBAN,2018,2018-10-09 23:45:00,validation
sequences\seq_LUBAN_2018_4085.npy,sequences\tgt_LUBAN_2018_4085.npy,LUBAN,2018,2018-10-10 00:00:00,validation
sequences\seq_LUBAN_2018_4086.npy,sequences\tgt_LUBAN_2018_4086.npy,LUBAN,2018,2018-10-10 00:15:00,validation
sequences\seq_LUBAN_2018_4087.npy,sequences\tgt_LUBAN_2018_4087.npy,LUBAN,2018,2018-10-10 00:30:00,validation
sequences\seq_LUBAN_2018_4088.npy,sequences\tgt_LUBAN_2018_4088.npy,LUBAN,2018,2018-10-10 00:45:00,validation
sequences\seq_LUBAN_2018_4089.npy,sequences\tgt_LUBAN_2018_4089.npy,LUBAN,2018,2018-10-10 01:00:00,validation
sequences\seq_LUBAN_2018_4090.npy,sequences\tgt_LUBAN_2018_4090.npy,LUBAN,2018,2018-10-10 01:15:00,validation
sequences\seq_LUBAN_2018_4091.npy,sequences\tgt_LUBAN_2018_4091.npy,LUBAN,2018,2018-10-10 01:30:00,validation
sequences\seq_LUBAN_2018_4092.npy,sequences\tgt_LUBAN_2018_4092.npy,LUBAN,2018,2018-10-10 01:45:00,validation
sequences\seq_LUBAN_2018_4093.npy,sequences\tgt_LUBAN_2018_4093.npy,LUBAN,2018,2018-10-10 02:00:00,validation
sequences\seq_LUBAN_2018_4094.npy,sequences\tgt_LUBAN_2018_4094.npy,LUBAN,2018,2018-10-10 02:15:00,validation
sequences\seq_LUBAN_2018_4095.npy,sequences\tgt_LUBAN_2018_4095.npy,LUBAN,2018,2018-10-10 02:30:00,validation
sequences\seq_LUBAN_2018_4096.npy,sequences\tgt_LUBAN_2018_4096.npy,LUBAN,2018,2018-10-10 02:45:00,validation
sequences\seq_LUBAN_2018_4097.npy,sequences\tgt_LUBAN_2018_4097.npy,LUBAN,2018,2018-10-10 03:00:00,validation
sequences\seq_LUBAN_2018_4098.npy,sequences\tgt_LUBAN_2018_4098.npy,LUBAN,2018,2018-10-10 03:15:00,validation
sequences\seq_LUBAN_2018_4099.npy,sequences\tgt_LUBAN_2018_4099.npy,LUBAN,2018,2018-10-10 03:30:00,validation
sequences\seq_LUBAN_2018_4100.npy,sequences\tgt_LUBAN_2018_4100.npy,LUBAN,2018,2018-10-10 03:45:00,validation
sequences\seq_LUBAN_2018_4101.npy,sequences\tgt_LUBAN_2018_4101.npy,LUBAN,2018,2018-10-10 04:00:00,validation
sequences\seq_LUBAN_2018_4102.npy,sequences\tgt_LUBAN_2018_4102.npy,LUBAN,2018,2018-10-10 04:15:00,validation
sequences\seq_LUBAN_2018_4103.npy,sequences\tgt_LUBAN_2018_4103.npy,LUBAN,2018,2018-10-10 04:30:00,validation
sequences\seq_LUBAN_2018_4104.npy,sequences\tgt_LUBAN_2018_4104.npy,LUBAN,2018,2018-10-10 04:45:00,validation
sequences\seq_LUBAN_2018_4105.npy,sequences\tgt_LUBAN_2018_4105.npy,LUBAN,2018,2018-10-10 05:00:00,validation
sequences\seq_LUBAN_2018_4106.npy,sequences\tgt_LUBAN_2018_4106.npy,LUBAN,2018,2018-10-10 05:15:00,validation
sequences\seq_LUBAN_2018_4107.npy,sequences\tgt_LUBAN_2018_4107.npy,LUBAN,2018,2018-10-10 05:30:00,validation
sequences\seq_LUBAN_2018_4108.npy,sequences\tgt_LUBAN_2018_4108.npy,LUBAN,2018,2018-10-10 05:45:00,validation
sequences\seq_LUBAN_2018_4109.npy,sequences\tgt_LUBAN_2018_4109.npy,LUBAN,2018,2018-10-10 06:00:00,validation
sequences\seq_LUBAN_2018_4110.npy,sequences\tgt_LUBAN_2018_4110.npy,LUBAN,2018,2018-10-10 06:15:00,validation
sequences\seq_LUBAN_2018_4111.npy,sequences\tgt_LUBAN_2018_4111.npy,LUBAN,2018,2018-10-10 06:30:00,validation
sequences\seq_LUBAN_2018_4112.npy,sequences\tgt_LUBAN_2018_4112.npy,LUBAN,2018,2018-10-10 06:45:00,validation
sequences\seq_LUBAN_2018_4113.npy,sequences\tgt_LUBAN_2018_4113.npy,LUBAN,2018,2018-10-10 07:00:00,validation
sequences\seq_LUBAN_2018_4114.npy,sequences\tgt_LUBAN_2018_4114.npy,LUBAN,2018,2018-10-10 07:15:00,validation
sequences\seq_LUBAN_2018_4115.npy,sequences\tgt_LUBAN_2018_4115.npy,LUBAN,2018,2018-10-10 07:30:00,validation
sequences\seq_LUBAN_2018_4116.npy,sequences\tgt_LUBAN_2018_4116.npy,LUBAN,2018,2018-10-10 07:45:00,validation
sequences\seq_LUBAN_2018_4117.npy,sequences\tgt_LUBAN_2018_4117.npy,LUBAN,2018,2018-10-10 08:00:00,validation
sequences\seq_LUBAN_2018_4118.npy,sequences\tgt_LUBAN_2018_4118.npy,LUBAN,2018,2018-10-10 08:15:00,validation
sequences\seq_LUBAN_2018_4119.npy,sequences\tgt_LUBAN_2018_4119.npy,LUBAN,2018,2018-10-10 08:30:00,validation
sequences\seq_LUBAN_2018_4120.npy,sequences\tgt_LUBAN_2018_4120.npy,LUBAN,2018,2018-10-10 08:45:00,validation
sequences\seq_LUBAN_2018_4121.npy,sequences\tgt_LUBAN_2018_4121.npy,LUBAN,2018,2018-10-10 09:00:00,validation
sequences\seq_LUBAN_2018_4122.npy,sequences\tgt_LUBAN_2018_4122.npy,LUBAN,2018,2018-10-10 09:15:00,validation
sequences\seq_LUBAN_2018_4123.npy,sequences\tgt_LUBAN_2018_4123.npy,LUBAN,2018,2018-10-10 09:30:00,validation
sequences\seq_LUBAN_2018_4124.npy,sequences\tgt_LUBAN_2018_4124.npy,LUBAN,2018,2018-10-10 09:45:00,validation
sequences\seq_LUBAN_2018_4125.npy,sequences\tgt_LUBAN_2018_4125.npy,LUBAN,2018,2018-10-10 10:00:00,validation
sequences\seq_LUBAN_2018_4126.npy,sequences\tgt_LUBAN_2018_4126.npy,LUBAN,2018,2018-10-10 10:15:00,validation
sequences\seq_LUBAN_2018_4127.npy,sequences\tgt_LUBAN_2018_4127.npy,LUBAN,2018,2018-10-10 10:30:00,validation
sequences\seq_LUBAN_2018_4128.npy,sequences\tgt_LUBAN_2018_4128.npy,LUBAN,2018,2018-10-10 10:45:00,validation
sequences\seq_LUBAN_2018_4129.npy,sequences\tgt_LUBAN_2018_4129.npy,LUBAN,2018,2018-10-10 11:00:00,validation
sequences\seq_LUBAN_2018_4130.npy,sequences\tgt_LUBAN_2018_4130.npy,LUBAN,2018,2018-10-10 11:15:00,validation
sequences\seq_LUBAN_2018_4131.npy,sequences\tgt_LUBAN_2018_4131.npy,LUBAN,2018,2018-10-10 11:30:00,validation
sequences\seq_LUBAN_2018_4132.npy,sequences\tgt_LUBAN_2018_4132.npy,LUBAN,2018,2018-10-10 11:45:00,validation
sequences\seq_LUBAN_2018_4133.npy,sequences\tgt_LUBAN_2018_4133.npy,LUBAN,2018,2018-10-10 12:00:00,validation
sequences\seq_LUBAN_2018_4134.npy,sequences\tgt_LUBAN_2018_4134.npy,LUBAN,2018,2018-10-10 12:15:00,validation
sequences\seq_LUBAN_2018_4135.npy,sequences\tgt_LUBAN_2018_4135.npy,LUBAN,2018,2018-10-10 12:45:00,validation
sequences\seq_LUBAN_2018_4136.npy,sequences\tgt_LUBAN_2018_4136.npy,LUBAN,2018,2018-10-10 13:15:00,validation
sequences\seq_LUBAN_2018_4137.npy,sequences\tgt_LUBAN_2018_4137.npy,LUBAN,2018,2018-10-10 13:30:00,validation
sequences\seq_LUBAN_2018_4138.npy,sequences\tgt_LUBAN_2018_4138.npy,LUBAN,2018,2018-10-10 13:45:00,validation
sequences\seq_LUBAN_2018_4139.npy,sequences\tgt_LUBAN_2018_4139.npy,LUBAN,2018,2018-10-10 14:00:00,validation
sequences\seq_LUBAN_2018_4140.npy,sequences\tgt_LUBAN_2018_4140.npy,LUBAN,2018,2018-10-10 14:15:00,validation
sequences\seq_LUBAN_2018_4141.npy,sequences\tgt_LUBAN_2018_4141.npy,LUBAN,2018,2018-10-10 14:30:00,validation
sequences\seq_LUBAN_2018_4142.npy,sequences\tgt_LUBAN_2018_4142.npy,LUBAN,2018,2018-10-10 14:45:00,validation
sequences\seq_LUBAN_2018_4143.npy,sequences\tgt_LUBAN_2018_4143.npy,LUBAN,2018,2018-10-10 15:00:00,validation
sequences\seq_LUBAN_2018_4144.npy,sequences\tgt_LUBAN_2018_4144.npy,LUBAN,2018,2018-10-10 15:15:00,validation
sequences\seq_LUBAN_2018_4145.npy,sequences\tgt_LUBAN_2018_4145.npy,LUBAN,2018,2018-10-10 15:30:00,validation
sequences\seq_LUBAN_2018_4146.npy,sequences\tgt_LUBAN_2018_4146.npy,LUBAN,2018,2018-10-10 15:45:00,validation
sequences\seq_LUBAN_2018_4147.npy,sequences\tgt_LUBAN_2018_4147.npy,LUBAN,2018,2018-10-10 16:00:00,validation
sequences\seq_LUBAN_2018_4148.npy,sequences\tgt_LUBAN_2018_4148.npy,LUBAN,2018,2018-10-10 16:15:00,validation
sequences\seq_LUBAN_2018_4149.npy,sequences\tgt_LUBAN_2018_4149.npy,LUBAN,2018,2018-10-10 16:30:00,validation
sequences\seq_LUBAN_2018_4150.npy,sequences\tgt_LUBAN_2018_4150.npy,LUBAN,2018,2018-10-10 16:45:00,validation
sequences\seq_LUBAN_2018_4151.npy,sequences\tgt_LUBAN_2018_4151.npy,LUBAN,2018,2018-10-10 20:00:00,validation
sequences\seq_LUBAN_2018_4152.npy,sequences\tgt_LUBAN_2018_4152.npy,LUBAN,2018,2018-10-10 20:30:00,validation
sequences\seq_LUBAN_2018_4153.npy,sequences\tgt_LUBAN_2018_4153.npy,LUBAN,2018,2018-10-10 20:45:00,validation
sequences\seq_LUBAN_2018_4154.npy,sequences\tgt_LUBAN_2018_4154.npy,LUBAN,2018,2018-10-10 21:00:00,validation
sequences\seq_LUBAN_2018_4155.npy,sequences\tgt_LUBAN_2018_4155.npy,LUBAN,2018,2018-10-10 21:15:00,validation
sequences\seq_LUBAN_2018_4156.npy,sequences\tgt_LUBAN_2018_4156.npy,LUBAN,2018,2018-10-10 21:30:00,validation
sequences\seq_LUBAN_2018_4157.npy,sequences\tgt_LUBAN_2018_4157.npy,LUBAN,2018,2018-10-10 21:45:00,validation
sequences\seq_LUBAN_2018_4158.npy,sequences\tgt_LUBAN_2018_4158.npy,LUBAN,2018,2018-10-10 22:00:00,validation
sequences\seq_LUBAN_2018_4159.npy,sequences\tgt_LUBAN_2018_4159.npy,LUBAN,2018,2018-10-10 22:15:00,validation
sequences\seq_LUBAN_2018_4160.npy,sequences\tgt_LUBAN_2018_4160.npy,LUBAN,2018,2018-10-10 22:30:00,validation
sequences\seq_LUBAN_2018_4161.npy,sequences\tgt_LUBAN_2018_4161.npy,LUBAN,2018,2018-10-10 22:45:00,validation
sequences\seq_LUBAN_2018_4162.npy,sequences\tgt_LUBAN_2018_4162.npy,LUBAN,2018,2018-10-10 23:00:00,validation
sequences\seq_LUBAN_2018_4163.npy,sequences\tgt_LUBAN_2018_4163.npy,LUBAN,2018,2018-10-10 23:15:00,validation
sequences\seq_LUBAN_2018_4164.npy,sequences\tgt_LUBAN_2018_4164.npy,LUBAN,2018,2018-10-10 23:30:00,validation
sequences\seq_LUBAN_2018_4165.npy,sequences\tgt_LUBAN_2018_4165.npy,LUBAN,2018,2018-10-10 23:45:00,validation
sequences\seq_LUBAN_2018_4166.npy,sequences\tgt_LUBAN_2018_4166.npy,LUBAN,2018,2018-10-11 00:00:00,validation
sequences\seq_LUBAN_2018_4167.npy,sequences\tgt_LUBAN_2018_4167.npy,LUBAN,2018,2018-10-11 00:15:00,validation
sequences\seq_LUBAN_2018_4168.npy,sequences\tgt_LUBAN_2018_4168.npy,LUBAN,2018,2018-10-11 00:30:00,validation
sequences\seq_LUBAN_2018_4169.npy,sequences\tgt_LUBAN_2018_4169.npy,LUBAN,2018,2018-10-11 00:45:00,validation
sequences\seq_LUBAN_2018_4170.npy,sequences\tgt_LUBAN_2018_4170.npy,LUBAN,2018,2018-10-11 01:00:00,validation
sequences\seq_LUBAN_2018_4171.npy,sequences\tgt_LUBAN_2018_4171.npy,LUBAN,2018,2018-10-11 01:15:00,validation
sequences\seq_LUBAN_2018_4172.npy,sequences\tgt_LUBAN_2018_4172.npy,LUBAN,2018,2018-10-11 01:30:00,validation
sequences\seq_LUBAN_2018_4173.npy,sequences\tgt_LUBAN_2018_4173.npy,LUBAN,2018,2018-10-11 01:45:00,validation
sequences\seq_LUBAN_2018_4174.npy,sequences\tgt_LUBAN_2018_4174.npy,LUBAN,2018,2018-10-11 02:00:00,validation
sequences\seq_LUBAN_2018_4175.npy,sequences\tgt_LUBAN_2018_4175.npy,LUBAN,2018,2018-10-11 02:15:00,validation
sequences\seq_LUBAN_2018_4176.npy,sequences\tgt_LUBAN_2018_4176.npy,LUBAN,2018,2018-10-11 02:30:00,validation
sequences\seq_LUBAN_2018_4177.npy,sequences\tgt_LUBAN_2018_4177.npy,LUBAN,2018,2018-10-11 02:45:00,validation
sequences\seq_LUBAN_2018_4178.npy,sequences\tgt_LUBAN_2018_4178.npy,LUBAN,2018,2018-10-11 03:00:00,validation
sequences\seq_LUBAN_2018_4179.npy,sequences\tgt_LUBAN_2018_4179.npy,LUBAN,2018,2018-10-12 20:00:00,validation
sequences\seq_LUBAN_2018_4180.npy,sequences\tgt_LUBAN_2018_4180.npy,LUBAN,2018,2018-10-12 20:30:00,validation
sequences\seq_LUBAN_2018_4181.npy,sequences\tgt_LUBAN_2018_4181.npy,LUBAN,2018,2018-10-12 20:45:00,validation
sequences\seq_LUBAN_2018_4182.npy,sequences\tgt_LUBAN_2018_4182.npy,LUBAN,2018,2018-10-12 21:00:00,validation
sequences\seq_LUBAN_2018_4183.npy,sequences\tgt_LUBAN_2018_4183.npy,LUBAN,2018,2018-10-12 21:15:00,validation
sequences\seq_LUBAN_2018_4184.npy,sequences\tgt_LUBAN_2018_4184.npy,LUBAN,2018,2018-10-12 21:30:00,validation
sequences\seq_LUBAN_2018_4185.npy,sequences\tgt_LUBAN_2018_4185.npy,LUBAN,2018,2018-10-12 21:45:00,validation
sequences\seq_LUBAN_2018_4186.npy,sequences\tgt_LUBAN_2018_4186.npy,LUBAN,2018,2018-10-12 22:00:00,validation
sequences\seq_LUBAN_2018_4187.npy,sequences\tgt_LUBAN_2018_4187.npy,LUBAN,2018,2018-10-12 22:15:00,validation
sequences\seq_LUBAN_2018_4188.npy,sequences\tgt_LUBAN_2018_4188.npy,LUBAN,2018,2018-10-12 22:30:00,validation
sequences\seq_LUBAN_2018_4189.npy,sequences\tgt_LUBAN_2018_4189.npy,LUBAN,2018,2018-10-12 22:45:00,validation
sequences\seq_LUBAN_2018_4190.npy,sequences\tgt_LUBAN_2018_4190.npy,LUBAN,2018,2018-10-12 23:00:00,validation
sequences\seq_LUBAN_2018_4191.npy,sequences\tgt_LUBAN_2018_4191.npy,LUBAN,2018,2018-10-12 23:15:00,validation
sequences\seq_LUBAN_2018_4192.npy,sequences\tgt_LUBAN_2018_4192.npy,LUBAN,2018,2018-10-12 23:30:00,validation
sequences\seq_LUBAN_2018_4193.npy,sequences\tgt_LUBAN_2018_4193.npy,LUBAN,2018,2018-10-12 23:45:00,validation
sequences\seq_LUBAN_2018_4194.npy,sequences\tgt_LUBAN_2018_4194.npy,LUBAN,2018,2018-10-13 00:00:00,validation
sequences\seq_LUBAN_2018_4195.npy,sequences\tgt_LUBAN_2018_4195.npy,LUBAN,2018,2018-10-13 00:15:00,validation
sequences\seq_LUBAN_2018_4196.npy,sequences\tgt_LUBAN_2018_4196.npy,LUBAN,2018,2018-10-13 00:30:00,validation
sequences\seq_LUBAN_2018_4197.npy,sequences\tgt_LUBAN_2018_4197.npy,LUBAN,2018,2018-10-13 00:45:00,validation
sequences\seq_LUBAN_2018_4198.npy,sequences\tgt_LUBAN_2018_4198.npy,LUBAN,2018,2018-10-13 01:00:00,validation
sequences\seq_LUBAN_2018_4199.npy,sequences\tgt_LUBAN_2018_4199.npy,LUBAN,2018,2018-10-13 01:15:00,validation
sequences\seq_LUBAN_2018_4200.npy,sequences\tgt_LUBAN_2018_4200.npy,LUBAN,2018,2018-10-13 01:30:00,validation
sequences\seq_LUBAN_2018_4201.npy,sequences\tgt_LUBAN_2018_4201.npy,LUBAN,2018,2018-10-13 01:45:00,validation
sequences\seq_LUBAN_2018_4202.npy,sequences\tgt_LUBAN_2018_4202.npy,LUBAN,2018,2018-10-13 02:00:00,validation
sequences\seq_LUBAN_2018_4203.npy,sequences\tgt_LUBAN_2018_4203.npy,LUBAN,2018,2018-10-13 02:15:00,validation
sequences\seq_LUBAN_2018_4204.npy,sequences\tgt_LUBAN_2018_4204.npy,LUBAN,2018,2018-10-13 02:30:00,validation
sequences\seq_LUBAN_2018_4205.npy,sequences\tgt_LUBAN_2018_4205.npy,LUBAN,2018,2018-10-13 02:45:00,validation
sequences\seq_LUBAN_2018_4206.npy,sequences\tgt_LUBAN_2018_4206.npy,LUBAN,2018,2018-10-13 03:00:00,validation
sequences\seq_LUBAN_2018_4207.npy,sequences\tgt_LUBAN_2018_4207.npy,LUBAN,2018,2018-10-13 03:15:00,validation
sequences\seq_LUBAN_2018_4208.npy,sequences\tgt_LUBAN_2018_4208.npy,LUBAN,2018,2018-10-13 03:30:00,validation
sequences\seq_LUBAN_2018_4209.npy,sequences\tgt_LUBAN_2018_4209.npy,LUBAN,2018,2018-10-13 03:45:00,validation
sequences\seq_LUBAN_2018_4210.npy,sequences\tgt_LUBAN_2018_4210.npy,LUBAN,2018,2018-10-13 04:00:00,validation
sequences\seq_LUBAN_2018_4211.npy,sequences\tgt_LUBAN_2018_4211.npy,LUBAN,2018,2018-10-13 04:15:00,validation
sequences\seq_LUBAN_2018_4212.npy,sequences\tgt_LUBAN_2018_4212.npy,LUBAN,2018,2018-10-13 04:30:00,validation
sequences\seq_LUBAN_2018_4213.npy,sequences\tgt_LUBAN_2018_4213.npy,LUBAN,2018,2018-10-13 04:45:00,validation
sequences\seq_LUBAN_2018_4214.npy,sequences\tgt_LUBAN_2018_4214.npy,LUBAN,2018,2018-10-13 05:00:00,validation
sequences\seq_LUBAN_2018_4215.npy,sequences\tgt_LUBAN_2018_4215.npy,LUBAN,2018,2018-10-13 05:15:00,validation
sequences\seq_LUBAN_2018_4216.npy,sequences\tgt_LUBAN_2018_4216.npy,LUBAN,2018,2018-10-13 05:30:00,validation
sequences\seq_LUBAN_2018_4217.npy,sequences\tgt_LUBAN_2018_4217.npy,LUBAN,2018,2018-10-13 05:45:00,validation
sequences\seq_LUBAN_2018_4218.npy,sequences\tgt_LUBAN_2018_4218.npy,LUBAN,2018,2018-10-13 06:00:00,validation
sequences\seq_LUBAN_2018_4219.npy,sequences\tgt_LUBAN_2018_4219.npy,LUBAN,2018,2018-10-13 06:15:00,validation
sequences\seq_LUBAN_2018_4220.npy,sequences\tgt_LUBAN_2018_4220.npy,LUBAN,2018,2018-10-13 06:30:00,validation
sequences\seq_LUBAN_2018_4221.npy,sequences\tgt_LUBAN_2018_4221.npy,LUBAN,2018,2018-10-13 06:45:00,validation
sequences\seq_LUBAN_2018_4222.npy,sequences\tgt_LUBAN_2018_4222.npy,LUBAN,2018,2018-10-13 07:00:00,validation
sequences\seq_LUBAN_2018_4223.npy,sequences\tgt_LUBAN_2018_4223.npy,LUBAN,2018,2018-10-13 07:15:00,validation
sequences\seq_LUBAN_2018_4224.npy,sequences\tgt_LUBAN_2018_4224.npy,LUBAN,2018,2018-10-13 07:30:00,validation
sequences\seq_LUBAN_2018_4225.npy,sequences\tgt_LUBAN_2018_4225.npy,LUBAN,2018,2018-10-13 07:45:00,validation
sequences\seq_LUBAN_2018_4226.npy,sequences\tgt_LUBAN_2018_4226.npy,LUBAN,2018,2018-10-13 08:00:00,validation
sequences\seq_LUBAN_2018_4227.npy,sequences\tgt_LUBAN_2018_4227.npy,LUBAN,2018,2018-10-13 08:15:00,validation
sequences\seq_LUBAN_2018_4228.npy,sequences\tgt_LUBAN_2018_4228.npy,LUBAN,2018,2018-10-13 08:30:00,validation
sequences\seq_LUBAN_2018_4229.npy,sequences\tgt_LUBAN_2018_4229.npy,LUBAN,2018,2018-10-13 08:45:00,validation
sequences\seq_LUBAN_2018_4230.npy,sequences\tgt_LUBAN_2018_4230.npy,LUBAN,2018,2018-10-13 09:00:00,validation
sequences\seq_LUBAN_2018_4231.npy,sequences\tgt_LUBAN_2018_4231.npy,LUBAN,2018,2018-10-13 09:15:00,validation
sequences\seq_LUBAN_2018_4232.npy,sequences\tgt_LUBAN_2018_4232.npy,LUBAN,2018,2018-10-13 09:30:00,validation
sequences\seq_LUBAN_2018_4233.npy,sequences\tgt_LUBAN_2018_4233.npy,LUBAN,2018,2018-10-13 09:45:00,validation
sequences\seq_LUBAN_2018_4234.npy,sequences\tgt_LUBAN_2018_4234.npy,LUBAN,2018,2018-10-13 10:00:00,validation
sequences\seq_LUBAN_2018_4235.npy,sequences\tgt_LUBAN_2018_4235.npy,LUBAN,2018,2018-10-13 10:15:00,validation
sequences\seq_LUBAN_2018_4236.npy,sequences\tgt_LUBAN_2018_4236.npy,LUBAN,2018,2018-10-13 10:30:00,validation
sequences\seq_LUBAN_2018_4237.npy,sequences\tgt_LUBAN_2018_4237.npy,LUBAN,2018,2018-10-13 11:00:00,validation
sequences\seq_LUBAN_2018_4238.npy,sequences\tgt_LUBAN_2018_4238.npy,LUBAN,2018,2018-10-13 11:15:00,validation
sequences\seq_LUBAN_2018_4239.npy,sequences\tgt_LUBAN_2018_4239.npy,LUBAN,2018,2018-10-13 11:30:00,validation
sequences\seq_LUBAN_2018_4240.npy,sequences\tgt_LUBAN_2018_4240.npy,LUBAN,2018,2018-10-13 11:45:00,validation
sequences\seq_LUBAN_2018_4241.npy,sequences\tgt_LUBAN_2018_4241.npy,LUBAN,2018,2018-10-13 12:00:00,validation
sequences\seq_LUBAN_2018_4242.npy,sequences\tgt_LUBAN_2018_4242.npy,LUBAN,2018,2018-10-13 12:15:00,validation
sequences\seq_LUBAN_2018_4243.npy,sequences\tgt_LUBAN_2018_4243.npy,LUBAN,2018,2018-10-13 12:30:00,validation
sequences\seq_LUBAN_2018_4244.npy,sequences\tgt_LUBAN_2018_4244.npy,LUBAN,2018,2018-10-13 12:45:00,validation
sequences\seq_LUBAN_2018_4245.npy,sequences\tgt_LUBAN_2018_4245.npy,LUBAN,2018,2018-10-13 13:00:00,validation
sequences\seq_LUBAN_2018_4246.npy,sequences\tgt_LUBAN_2018_4246.npy,LUBAN,2018,2018-10-13 13:15:00,validation
sequences\seq_LUBAN_2018_4247.npy,sequences\tgt_LUBAN_2018_4247.npy,LUBAN,2018,2018-10-13 13:30:00,validation
sequences\seq_LUBAN_2018_4248.npy,sequences\tgt_LUBAN_2018_4248.npy,LUBAN,2018,2018-10-13 13:45:00,validation
sequences\seq_LUBAN_2018_4249.npy,sequences\tgt_LUBAN_2018_4249.npy,LUBAN,2018,2018-10-13 14:00:00,validation
sequences\seq_LUBAN_2018_4250.npy,sequences\tgt_LUBAN_2018_4250.npy,LUBAN,2018,2018-10-13 14:30:00,validation
sequences\seq_LUBAN_2018_4251.npy,sequences\tgt_LUBAN_2018_4251.npy,LUBAN,2018,2018-10-13 14:45:00,validation
sequences\seq_LUBAN_2018_4252.npy,sequences\tgt_LUBAN_2018_4252.npy,LUBAN,2018,2018-10-13 15:00:00,validation
sequences\seq_LUBAN_2018_4253.npy,sequences\tgt_LUBAN_2018_4253.npy,LUBAN,2018,2018-10-13 15:15:00,validation
sequences\seq_LUBAN_2018_4254.npy,sequences\tgt_LUBAN_2018_4254.npy,LUBAN,2018,2018-10-13 15:30:00,validation
sequences\seq_LUBAN_2018_4255.npy,sequences\tgt_LUBAN_2018_4255.npy,LUBAN,2018,2018-10-13 15:45:00,validation
sequences\seq_LUBAN_2018_4256.npy,sequences\tgt_LUBAN_2018_4256.npy,LUBAN,2018,2018-10-13 16:00:00,validation
sequences\seq_LUBAN_2018_4257.npy,sequences\tgt_LUBAN_2018_4257.npy,LUBAN,2018,2018-10-13 16:15:00,validation
sequences\seq_LUBAN_2018_4258.npy,sequences\tgt_LUBAN_2018_4258.npy,LUBAN,2018,2018-10-13 16:30:00,validation
sequences\seq_LUBAN_2018_4259.npy,sequences\tgt_LUBAN_2018_4259.npy,LUBAN,2018,2018-10-13 16:45:00,validation
sequences\seq_LUBAN_2018_4260.npy,sequences\tgt_LUBAN_2018_4260.npy,LUBAN,2018,2018-10-13 20:00:00,validation
sequences\seq_LUBAN_2018_4261.npy,sequences\tgt_LUBAN_2018_4261.npy,LUBAN,2018,2018-10-13 20:30:00,validation
sequences\seq_LUBAN_2018_4262.npy,sequences\tgt_LUBAN_2018_4262.npy,LUBAN,2018,2018-10-13 21:00:00,validation
sequences\seq_LUBAN_2018_4263.npy,sequences\tgt_LUBAN_2018_4263.npy,LUBAN,2018,2018-10-13 21:15:00,validation
sequences\seq_LUBAN_2018_4264.npy,sequences\tgt_LUBAN_2018_4264.npy,LUBAN,2018,2018-10-13 21:30:00,validation
sequences\seq_LUBAN_2018_4265.npy,sequences\tgt_LUBAN_2018_4265.npy,LUBAN,2018,2018-10-13 21:45:00,validation
sequences\seq_LUBAN_2018_4266.npy,sequences\tgt_LUBAN_2018_4266.npy,LUBAN,2018,2018-10-13 22:15:00,validation
sequences\seq_LUBAN_2018_4267.npy,sequences\tgt_LUBAN_2018_4267.npy,LUBAN,2018,2018-10-13 22:30:00,validation
sequences\seq_LUBAN_2018_4268.npy,sequences\tgt_LUBAN_2018_4268.npy,LUBAN,2018,2018-10-13 22:45:00,validation
sequences\seq_LUBAN_2018_4269.npy,sequences\tgt_LUBAN_2018_4269.npy,LUBAN,2018,2018-10-13 23:00:00,validation
sequences\seq_LUBAN_2018_4270.npy,sequences\tgt_LUBAN_2018_4270.npy,LUBAN,2018,2018-10-13 23:15:00,validation
sequences\seq_LUBAN_2018_4271.npy,sequences\tgt_LUBAN_2018_4271.npy,LUBAN,2018,2018-10-13 23:30:00,validation
sequences\seq_LUBAN_2018_4272.npy,sequences\tgt_LUBAN_2018_4272.npy,LUBAN,2018,2018-10-13 23:45:00,validation
sequences\seq_LUBAN_2018_4273.npy,sequences\tgt_LUBAN_2018_4273.npy,LUBAN,2018,2018-10-14 00:00:00,validation
sequences\seq_LUBAN_2018_4274.npy,sequences\tgt_LUBAN_2018_4274.npy,LUBAN,2018,2018-10-14 00:15:00,validation
sequences\seq_LUBAN_2018_4275.npy,sequences\tgt_LUBAN_2018_4275.npy,LUBAN,2018,2018-10-14 00:30:00,validation
sequences\seq_LUBAN_2018_4276.npy,sequences\tgt_LUBAN_2018_4276.npy,LUBAN,2018,2018-10-14 00:45:00,validation
sequences\seq_LUBAN_2018_4277.npy,sequences\tgt_LUBAN_2018_4277.npy,LUBAN,2018,2018-10-14 01:00:00,validation
sequences\seq_LUBAN_2018_4278.npy,sequences\tgt_LUBAN_2018_4278.npy,LUBAN,2018,2018-10-14 01:15:00,validation
sequences\seq_LUBAN_2018_4279.npy,sequences\tgt_LUBAN_2018_4279.npy,LUBAN,2018,2018-10-14 01:30:00,validation
sequences\seq_LUBAN_2018_4280.npy,sequences\tgt_LUBAN_2018_4280.npy,LUBAN,2018,2018-10-14 01:45:00,validation
sequences\seq_LUBAN_2018_4281.npy,sequences\tgt_LUBAN_2018_4281.npy,LUBAN,2018,2018-10-14 02:00:00,validation
sequences\seq_LUBAN_2018_4282.npy,sequences\tgt_LUBAN_2018_4282.npy,LUBAN,2018,2018-10-14 02:15:00,validation
sequences\seq_LUBAN_2018_4283.npy,sequences\tgt_LUBAN_2018_4283.npy,LUBAN,2018,2018-10-14 02:30:00,validation
sequences\seq_LUBAN_2018_4284.npy,sequences\tgt_LUBAN_2018_4284.npy,LUBAN,2018,2018-10-14 02:45:00,validation
sequences\seq_LUBAN_2018_4285.npy,sequences\tgt_LUBAN_2018_4285.npy,LUBAN,2018,2018-10-14 03:00:00,validation
sequences\seq_LUBAN_2018_4286.npy,sequences\tgt_LUBAN_2018_4286.npy,LUBAN,2018,2018-10-14 03:15:00,validation
sequences\seq_LUBAN_2018_4287.npy,sequences\tgt_LUBAN_2018_4287.npy,LUBAN,2018,2018-10-14 03:30:00,validation
sequences\seq_LUBAN_2018_4288.npy,sequences\tgt_LUBAN_2018_4288.npy,LUBAN,2018,2018-10-14 03:45:00,validation
sequences\seq_LUBAN_2018_4289.npy,sequences\tgt_LUBAN_2018_4289.npy,LUBAN,2018,2018-10-14 04:00:00,validation
sequences\seq_LUBAN_2018_4290.npy,sequences\tgt_LUBAN_2018_4290.npy,LUBAN,2018,2018-10-14 04:15:00,validation
sequences\seq_LUBAN_2018_4291.npy,sequences\tgt_LUBAN_2018_4291.npy,LUBAN,2018,2018-10-14 04:30:00,validation
sequences\seq_LUBAN_2018_4292.npy,sequences\tgt_LUBAN_2018_4292.npy,LUBAN,2018,2018-10-14 04:45:00,validation
sequences\seq_LUBAN_2018_4293.npy,sequences\tgt_LUBAN_2018_4293.npy,LUBAN,2018,2018-10-14 05:00:00,validation
sequences\seq_LUBAN_2018_4294.npy,sequences\tgt_LUBAN_2018_4294.npy,LUBAN,2018,2018-10-14 05:15:00,validation
sequences\seq_LUBAN_2018_4295.npy,sequences\tgt_LUBAN_2018_4295.npy,LUBAN,2018,2018-10-14 05:30:00,validation
sequences\seq_LUBAN_2018_4296.npy,sequences\tgt_LUBAN_2018_4296.npy,LUBAN,2018,2018-10-14 05:45:00,validation
sequences\seq_LUBAN_2018_4297.npy,sequences\tgt_LUBAN_2018_4297.npy,LUBAN,2018,2018-10-14 06:00:00,validation
sequences\seq_LUBAN_2018_4298.npy,sequences\tgt_LUBAN_2018_4298.npy,LUBAN,2018,2018-10-14 06:15:00,validation
sequences\seq_LUBAN_2018_4299.npy,sequences\tgt_LUBAN_2018_4299.npy,LUBAN,2018,2018-10-14 06:30:00,validation
sequences\seq_LUBAN_2018_4300.npy,sequences\tgt_LUBAN_2018_4300.npy,LUBAN,2018,2018-10-14 06:45:00,validation
sequences\seq_LUBAN_2018_4301.npy,sequences\tgt_LUBAN_2018_4301.npy,LUBAN,2018,2018-10-14 07:00:00,validation
sequences\seq_LUBAN_2018_4302.npy,sequences\tgt_LUBAN_2018_4302.npy,LUBAN,2018,2018-10-14 07:15:00,validation
sequences\seq_LUBAN_2018_4303.npy,sequences\tgt_LUBAN_2018_4303.npy,LUBAN,2018,2018-10-14 07:30:00,validation
sequences\seq_LUBAN_2018_4304.npy,sequences\tgt_LUBAN_2018_4304.npy,LUBAN,2018,2018-10-14 07:45:00,validation
sequences\seq_LUBAN_2018_4305.npy,sequences\tgt_LUBAN_2018_4305.npy,LUBAN,2018,2018-10-14 08:00:00,validation
sequences\seq_LUBAN_2018_4306.npy,sequences\tgt_LUBAN_2018_4306.npy,LUBAN,2018,2018-10-14 08:15:00,validation
sequences\seq_LUBAN_2018_4307.npy,sequences\tgt_LUBAN_2018_4307.npy,LUBAN,2018,2018-10-14 08:30:00,validation
sequences\seq_LUBAN_2018_4308.npy,sequences\tgt_LUBAN_2018_4308.npy,LUBAN,2018,2018-10-14 08:45:00,validation
sequences\seq_LUBAN_2018_4309.npy,sequences\tgt_LUBAN_2018_4309.npy,LUBAN,2018,2018-10-14 09:00:00,validation
sequences\seq_LUBAN_2018_4310.npy,sequences\tgt_LUBAN_2018_4310.npy,LUBAN,2018,2018-10-14 09:15:00,validation
sequences\seq_LUBAN_2018_4311.npy,sequences\tgt_LUBAN_2018_4311.npy,LUBAN,2018,2018-10-14 09:30:00,validation
sequences\seq_LUBAN_2018_4312.npy,sequences\tgt_LUBAN_2018_4312.npy,LUBAN,2018,2018-10-14 09:45:00,validation
sequences\seq_LUBAN_2018_4313.npy,sequences\tgt_LUBAN_2018_4313.npy,LUBAN,2018,2018-10-14 10:00:00,validation
sequences\seq_LUBAN_2018_4314.npy,sequences\tgt_LUBAN_2018_4314.npy,LUBAN,2018,2018-10-14 10:15:00,validation
sequences\seq_LUBAN_2018_4315.npy,sequences\tgt_LUBAN_2018_4315.npy,LUBAN,2018,2018-10-14 10:30:00,validation
sequences\seq_LUBAN_2018_4316.npy,sequences\tgt_LUBAN_2018_4316.npy,LUBAN,2018,2018-10-14 10:45:00,validation
sequences\seq_LUBAN_2018_4317.npy,sequences\tgt_LUBAN_2018_4317.npy,LUBAN,2018,2018-10-14 11:00:00,validation
sequences\seq_LUBAN_2018_4318.npy,sequences\tgt_LUBAN_2018_4318.npy,LUBAN,2018,2018-10-14 11:30:00,validation
sequences\seq_LUBAN_2018_4319.npy,sequences\tgt_LUBAN_2018_4319.npy,LUBAN,2018,2018-10-14 11:45:00,validation
sequences\seq_LUBAN_2018_4320.npy,sequences\tgt_LUBAN_2018_4320.npy,LUBAN,2018,2018-10-14 12:00:00,validation
sequences\seq_LUBAN_2018_4321.npy,sequences\tgt_LUBAN_2018_4321.npy,LUBAN,2018,2018-10-14 12:15:00,validation
sequences\seq_LUBAN_2018_4322.npy,sequences\tgt_LUBAN_2018_4322.npy,LUBAN,2018,2018-10-14 12:30:00,validation
sequences\seq_LUBAN_2018_4323.npy,sequences\tgt_LUBAN_2018_4323.npy,LUBAN,2018,2018-10-14 12:45:00,validation
sequences\seq_LUBAN_2018_4324.npy,sequences\tgt_LUBAN_2018_4324.npy,LUBAN,2018,2018-10-14 13:00:00,validation
sequences\seq_LUBAN_2018_4325.npy,sequences\tgt_LUBAN_2018_4325.npy,LUBAN,2018,2018-10-14 13:15:00,validation
sequences\seq_LUBAN_2018_4326.npy,sequences\tgt_LUBAN_2018_4326.npy,LUBAN,2018,2018-10-14 13:30:00,validation
sequences\seq_LUBAN_2018_4327.npy,sequences\tgt_LUBAN_2018_4327.npy,LUBAN,2018,2018-10-14 13:45:00,validation
sequences\seq_LUBAN_2018_4328.npy,sequences\tgt_LUBAN_2018_4328.npy,LUBAN,2018,2018-10-14 14:00:00,validation
sequences\seq_LUBAN_2018_4329.npy,sequences\tgt_LUBAN_2018_4329.npy,LUBAN,2018,2018-10-14 14:15:00,validation
sequences\seq_LUBAN_2018_4330.npy,sequences\tgt_LUBAN_2018_4330.npy,LUBAN,2018,2018-10-14 14:30:00,validation
sequences\seq_LUBAN_2018_4331.npy,sequences\tgt_LUBAN_2018_4331.npy,LUBAN,2018,2018-10-14 14:45:00,validation
sequences\seq_LUBAN_2018_4332.npy,sequences\tgt_LUBAN_2018_4332.npy,LUBAN,2018,2018-10-14 15:00:00,validation
sequences\seq_MAARUTHA_2017_4333.npy,sequences\tgt_MAARUTHA_2017_4333.npy,MAARUTHA,2017,2017-04-15 05:30:00,train
sequences\seq_MAARUTHA_2017_4334.npy,sequences\tgt_MAARUTHA_2017_4334.npy,MAARUTHA,2017,2017-04-15 05:45:00,train
sequences\seq_MAARUTHA_2017_4335.npy,sequences\tgt_MAARUTHA_2017_4335.npy,MAARUTHA,2017,2017-04-15 06:00:00,train
sequences\seq_MAARUTHA_2017_4336.npy,sequences\tgt_MAARUTHA_2017_4336.npy,MAARUTHA,2017,2017-04-15 06:15:00,train
sequences\seq_MAARUTHA_2017_4337.npy,sequences\tgt_MAARUTHA_2017_4337.npy,MAARUTHA,2017,2017-04-15 06:30:00,train
sequences\seq_MAARUTHA_2017_4338.npy,sequences\tgt_MAARUTHA_2017_4338.npy,MAARUTHA,2017,2017-04-15 06:45:00,train
sequences\seq_MAARUTHA_2017_4339.npy,sequences\tgt_MAARUTHA_2017_4339.npy,MAARUTHA,2017,2017-04-15 07:00:00,train
sequences\seq_MAARUTHA_2017_4340.npy,sequences\tgt_MAARUTHA_2017_4340.npy,MAARUTHA,2017,2017-04-15 07:15:00,train
sequences\seq_MAARUTHA_2017_4341.npy,sequences\tgt_MAARUTHA_2017_4341.npy,MAARUTHA,2017,2017-04-15 07:30:00,train
sequences\seq_MAARUTHA_2017_4342.npy,sequences\tgt_MAARUTHA_2017_4342.npy,MAARUTHA,2017,2017-04-15 07:45:00,train
sequences\seq_MAARUTHA_2017_4343.npy,sequences\tgt_MAARUTHA_2017_4343.npy,MAARUTHA,2017,2017-04-15 08:00:00,train
sequences\seq_MAARUTHA_2017_4344.npy,sequences\tgt_MAARUTHA_2017_4344.npy,MAARUTHA,2017,2017-04-15 08:15:00,train
sequences\seq_MAARUTHA_2017_4345.npy,sequences\tgt_MAARUTHA_2017_4345.npy,MAARUTHA,2017,2017-04-15 08:30:00,train
sequences\seq_MAARUTHA_2017_4346.npy,sequences\tgt_MAARUTHA_2017_4346.npy,MAARUTHA,2017,2017-04-15 08:45:00,train
sequences\seq_MAARUTHA_2017_4347.npy,sequences\tgt_MAARUTHA_2017_4347.npy,MAARUTHA,2017,2017-04-15 09:00:00,train
sequences\seq_MAARUTHA_2017_4348.npy,sequences\tgt_MAARUTHA_2017_4348.npy,MAARUTHA,2017,2017-04-15 09:15:00,train
sequences\seq_MAARUTHA_2017_4349.npy,sequences\tgt_MAARUTHA_2017_4349.npy,MAARUTHA,2017,2017-04-15 09:30:00,train
sequences\seq_MAARUTHA_2017_4350.npy,sequences\tgt_MAARUTHA_2017_4350.npy,MAARUTHA,2017,2017-04-15 09:45:00,train
sequences\seq_MAARUTHA_2017_4351.npy,sequences\tgt_MAARUTHA_2017_4351.npy,MAARUTHA,2017,2017-04-15 10:00:00,train
sequences\seq_MAARUTHA_2017_4352.npy,sequences\tgt_MAARUTHA_2017_4352.npy,MAARUTHA,2017,2017-04-15 10:15:00,train
sequences\seq_MAARUTHA_2017_4353.npy,sequences\tgt_MAARUTHA_2017_4353.npy,MAARUTHA,2017,2017-04-15 10:30:00,train
sequences\seq_MAARUTHA_2017_4354.npy,sequences\tgt_MAARUTHA_2017_4354.npy,MAARUTHA,2017,2017-04-15 10:45:00,train
sequences\seq_MAARUTHA_2017_4355.npy,sequences\tgt_MAARUTHA_2017_4355.npy,MAARUTHA,2017,2017-04-15 11:00:00,train
sequences\seq_MAARUTHA_2017_4356.npy,sequences\tgt_MAARUTHA_2017_4356.npy,MAARUTHA,2017,2017-04-15 11:15:00,train
sequences\seq_MAARUTHA_2017_4357.npy,sequences\tgt_MAARUTHA_2017_4357.npy,MAARUTHA,2017,2017-04-15 11:30:00,train
sequences\seq_MAARUTHA_2017_4358.npy,sequences\tgt_MAARUTHA_2017_4358.npy,MAARUTHA,2017,2017-04-15 12:00:00,train
sequences\seq_MAARUTHA_2017_4359.npy,sequences\tgt_MAARUTHA_2017_4359.npy,MAARUTHA,2017,2017-04-15 12:15:00,train
sequences\seq_MAARUTHA_2017_4360.npy,sequences\tgt_MAARUTHA_2017_4360.npy,MAARUTHA,2017,2017-04-15 12:30:00,train
sequences\seq_MAARUTHA_2017_4361.npy,sequences\tgt_MAARUTHA_2017_4361.npy,MAARUTHA,2017,2017-04-15 12:45:00,train
sequences\seq_MAARUTHA_2017_4362.npy,sequences\tgt_MAARUTHA_2017_4362.npy,MAARUTHA,2017,2017-04-15 13:00:00,train
sequences\seq_MAARUTHA_2017_4363.npy,sequences\tgt_MAARUTHA_2017_4363.npy,MAARUTHA,2017,2017-04-15 13:15:00,train
sequences\seq_MAARUTHA_2017_4364.npy,sequences\tgt_MAARUTHA_2017_4364.npy,MAARUTHA,2017,2017-04-15 13:30:00,train
sequences\seq_MAARUTHA_2017_4365.npy,sequences\tgt_MAARUTHA_2017_4365.npy,MAARUTHA,2017,2017-04-15 13:45:00,train
sequences\seq_MAARUTHA_2017_4366.npy,sequences\tgt_MAARUTHA_2017_4366.npy,MAARUTHA,2017,2017-04-15 14:00:00,train
sequences\seq_MAARUTHA_2017_4367.npy,sequences\tgt_MAARUTHA_2017_4367.npy,MAARUTHA,2017,2017-04-15 14:15:00,train
sequences\seq_MAARUTHA_2017_4368.npy,sequences\tgt_MAARUTHA_2017_4368.npy,MAARUTHA,2017,2017-04-15 14:30:00,train
sequences\seq_MAARUTHA_2017_4369.npy,sequences\tgt_MAARUTHA_2017_4369.npy,MAARUTHA,2017,2017-04-15 14:45:00,train
sequences\seq_MAARUTHA_2017_4370.npy,sequences\tgt_MAARUTHA_2017_4370.npy,MAARUTHA,2017,2017-04-15 15:00:00,train
sequences\seq_MAARUTHA_2017_4371.npy,sequences\tgt_MAARUTHA_2017_4371.npy,MAARUTHA,2017,2017-04-15 15:15:00,train
sequences\seq_MAARUTHA_2017_4372.npy,sequences\tgt_MAARUTHA_2017_4372.npy,MAARUTHA,2017,2017-04-15 15:30:00,train
sequences\seq_MAARUTHA_2017_4373.npy,sequences\tgt_MAARUTHA_2017_4373.npy,MAARUTHA,2017,2017-04-15 15:45:00,train
sequences\seq_MAARUTHA_2017_4374.npy,sequences\tgt_MAARUTHA_2017_4374.npy,MAARUTHA,2017,2017-04-15 16:00:00,train
sequences\seq_MAARUTHA_2017_4375.npy,sequences\tgt_MAARUTHA_2017_4375.npy,MAARUTHA,2017,2017-04-15 16:15:00,train
sequences\seq_MAARUTHA_2017_4376.npy,sequences\tgt_MAARUTHA_2017_4376.npy,MAARUTHA,2017,2017-04-15 16:30:00,train
sequences\seq_MAARUTHA_2017_4377.npy,sequences\tgt_MAARUTHA_2017_4377.npy,MAARUTHA,2017,2017-04-15 16:45:00,train
sequences\seq_MAARUTHA_2017_4378.npy,sequences\tgt_MAARUTHA_2017_4378.npy,MAARUTHA,2017,2017-04-15 17:00:00,train
sequences\seq_MAARUTHA_2017_4379.npy,sequences\tgt_MAARUTHA_2017_4379.npy,MAARUTHA,2017,2017-04-15 17:15:00,train
sequences\seq_MAARUTHA_2017_4380.npy,sequences\tgt_MAARUTHA_2017_4380.npy,MAARUTHA,2017,2017-04-15 21:30:00,train
sequences\seq_MAARUTHA_2017_4381.npy,sequences\tgt_MAARUTHA_2017_4381.npy,MAARUTHA,2017,2017-04-15 22:00:00,train
sequences\seq_MAARUTHA_2017_4382.npy,sequences\tgt_MAARUTHA_2017_4382.npy,MAARUTHA,2017,2017-04-15 22:15:00,train
sequences\seq_MAARUTHA_2017_4383.npy,sequences\tgt_MAARUTHA_2017_4383.npy,MAARUTHA,2017,2017-04-15 22:30:00,train
sequences\seq_MAARUTHA_2017_4384.npy,sequences\tgt_MAARUTHA_2017_4384.npy,MAARUTHA,2017,2017-04-15 22:45:00,train
sequences\seq_MAARUTHA_2017_4385.npy,sequences\tgt_MAARUTHA_2017_4385.npy,MAARUTHA,2017,2017-04-15 23:00:00,train
sequences\seq_MAARUTHA_2017_4386.npy,sequences\tgt_MAARUTHA_2017_4386.npy,MAARUTHA,2017,2017-04-15 23:15:00,train
sequences\seq_MAARUTHA_2017_4387.npy,sequences\tgt_MAARUTHA_2017_4387.npy,MAARUTHA,2017,2017-04-15 23:30:00,train
sequences\seq_MAARUTHA_2017_4388.npy,sequences\tgt_MAARUTHA_2017_4388.npy,MAARUTHA,2017,2017-04-15 23:45:00,train
sequences\seq_MAARUTHA_2017_4389.npy,sequences\tgt_MAARUTHA_2017_4389.npy,MAARUTHA,2017,2017-04-16 00:00:00,train
sequences\seq_MAARUTHA_2017_4390.npy,sequences\tgt_MAARUTHA_2017_4390.npy,MAARUTHA,2017,2017-04-16 00:15:00,train
sequences\seq_MAARUTHA_2017_4391.npy,sequences\tgt_MAARUTHA_2017_4391.npy,MAARUTHA,2017,2017-04-16 00:30:00,train
sequences\seq_MAARUTHA_2017_4392.npy,sequences\tgt_MAARUTHA_2017_4392.npy,MAARUTHA,2017,2017-04-16 00:45:00,train
sequences\seq_MAARUTHA_2017_4393.npy,sequences\tgt_MAARUTHA_2017_4393.npy,MAARUTHA,2017,2017-04-16 01:00:00,train
sequences\seq_MAARUTHA_2017_4394.npy,sequences\tgt_MAARUTHA_2017_4394.npy,MAARUTHA,2017,2017-04-16 01:30:00,train
sequences\seq_MAARUTHA_2017_4395.npy,sequences\tgt_MAARUTHA_2017_4395.npy,MAARUTHA,2017,2017-04-16 01:45:00,train
sequences\seq_MAARUTHA_2017_4396.npy,sequences\tgt_MAARUTHA_2017_4396.npy,MAARUTHA,2017,2017-04-16 02:00:00,train
sequences\seq_MAARUTHA_2017_4397.npy,sequences\tgt_MAARUTHA_2017_4397.npy,MAARUTHA,2017,2017-04-16 02:15:00,train
sequences\seq_MAARUTHA_2017_4398.npy,sequences\tgt_MAARUTHA_2017_4398.npy,MAARUTHA,2017,2017-04-16 02:30:00,train
sequences\seq_MAARUTHA_2017_4399.npy,sequences\tgt_MAARUTHA_2017_4399.npy,MAARUTHA,2017,2017-04-16 02:45:00,train
sequences\seq_MAARUTHA_2017_4400.npy,sequences\tgt_MAARUTHA_2017_4400.npy,MAARUTHA,2017,2017-04-16 03:00:00,train
sequences\seq_MAARUTHA_2017_4401.npy,sequences\tgt_MAARUTHA_2017_4401.npy,MAARUTHA,2017,2017-04-16 03:15:00,train
sequences\seq_MAARUTHA_2017_4402.npy,sequences\tgt_MAARUTHA_2017_4402.npy,MAARUTHA,2017,2017-04-16 03:30:00,train
sequences\seq_MAARUTHA_2017_4403.npy,sequences\tgt_MAARUTHA_2017_4403.npy,MAARUTHA,2017,2017-04-16 03:45:00,train
sequences\seq_MAARUTHA_2017_4404.npy,sequences\tgt_MAARUTHA_2017_4404.npy,MAARUTHA,2017,2017-04-16 04:00:00,train
sequences\seq_MAARUTHA_2017_4405.npy,sequences\tgt_MAARUTHA_2017_4405.npy,MAARUTHA,2017,2017-04-16 04:15:00,train
sequences\seq_MAARUTHA_2017_4406.npy,sequences\tgt_MAARUTHA_2017_4406.npy,MAARUTHA,2017,2017-04-16 04:30:00,train
sequences\seq_MAARUTHA_2017_4407.npy,sequences\tgt_MAARUTHA_2017_4407.npy,MAARUTHA,2017,2017-04-16 04:45:00,train
sequences\seq_MAARUTHA_2017_4408.npy,sequences\tgt_MAARUTHA_2017_4408.npy,MAARUTHA,2017,2017-04-16 05:00:00,train
sequences\seq_MAARUTHA_2017_4409.npy,sequences\tgt_MAARUTHA_2017_4409.npy,MAARUTHA,2017,2017-04-16 05:15:00,train
sequences\seq_MAARUTHA_2017_4410.npy,sequences\tgt_MAARUTHA_2017_4410.npy,MAARUTHA,2017,2017-04-16 05:45:00,train
sequences\seq_MAARUTHA_2017_4411.npy,sequences\tgt_MAARUTHA_2017_4411.npy,MAARUTHA,2017,2017-04-16 06:00:00,train
sequences\seq_MAARUTHA_2017_4412.npy,sequences\tgt_MAARUTHA_2017_4412.npy,MAARUTHA,2017,2017-04-16 06:15:00,train
sequences\seq_MAARUTHA_2017_4413.npy,sequences\tgt_MAARUTHA_2017_4413.npy,MAARUTHA,2017,2017-04-16 06:30:00,train
sequences\seq_MAARUTHA_2017_4414.npy,sequences\tgt_MAARUTHA_2017_4414.npy,MAARUTHA,2017,2017-04-16 06:45:00,train
sequences\seq_MAARUTHA_2017_4415.npy,sequences\tgt_MAARUTHA_2017_4415.npy,MAARUTHA,2017,2017-04-16 07:00:00,train
sequences\seq_MAARUTHA_2017_4416.npy,sequences\tgt_MAARUTHA_2017_4416.npy,MAARUTHA,2017,2017-04-16 07:15:00,train
sequences\seq_MAARUTHA_2017_4417.npy,sequences\tgt_MAARUTHA_2017_4417.npy,MAARUTHA,2017,2017-04-16 07:30:00,train
sequences\seq_MAARUTHA_2017_4418.npy,sequences\tgt_MAARUTHA_2017_4418.npy,MAARUTHA,2017,2017-04-16 07:45:00,train
sequences\seq_MAARUTHA_2017_4419.npy,sequences\tgt_MAARUTHA_2017_4419.npy,MAARUTHA,2017,2017-04-16 08:00:00,train
sequences\seq_MAARUTHA_2017_4420.npy,sequences\tgt_MAARUTHA_2017_4420.npy,MAARUTHA,2017,2017-04-16 08:15:00,train
sequences\seq_MAARUTHA_2017_4421.npy,sequences\tgt_MAARUTHA_2017_4421.npy,MAARUTHA,2017,2017-04-16 08:30:00,train
sequences\seq_MAARUTHA_2017_4422.npy,sequences\tgt_MAARUTHA_2017_4422.npy,MAARUTHA,2017,2017-04-16 08:45:00,train
sequences\seq_MAARUTHA_2017_4423.npy,sequences\tgt_MAARUTHA_2017_4423.npy,MAARUTHA,2017,2017-04-16 09:00:00,train
sequences\seq_MAARUTHA_2017_4424.npy,sequences\tgt_MAARUTHA_2017_4424.npy,MAARUTHA,2017,2017-04-16 09:15:00,train
sequences\seq_MAARUTHA_2017_4425.npy,sequences\tgt_MAARUTHA_2017_4425.npy,MAARUTHA,2017,2017-04-16 09:30:00,train
sequences\seq_MAARUTHA_2017_4426.npy,sequences\tgt_MAARUTHA_2017_4426.npy,MAARUTHA,2017,2017-04-16 09:45:00,train
sequences\seq_MAARUTHA_2017_4427.npy,sequences\tgt_MAARUTHA_2017_4427.npy,MAARUTHA,2017,2017-04-16 10:00:00,train
sequences\seq_MAARUTHA_2017_4428.npy,sequences\tgt_MAARUTHA_2017_4428.npy,MAARUTHA,2017,2017-04-16 10:15:00,train
sequences\seq_MAARUTHA_2017_4429.npy,sequences\tgt_MAARUTHA_2017_4429.npy,MAARUTHA,2017,2017-04-16 10:30:00,train
sequences\seq_MAARUTHA_2017_4430.npy,sequences\tgt_MAARUTHA_2017_4430.npy,MAARUTHA,2017,2017-04-16 10:45:00,train
sequences\seq_MAARUTHA_2017_4431.npy,sequences\tgt_MAARUTHA_2017_4431.npy,MAARUTHA,2017,2017-04-16 11:00:00,train
sequences\seq_MAARUTHA_2017_4432.npy,sequences\tgt_MAARUTHA_2017_4432.npy,MAARUTHA,2017,2017-04-16 11:30:00,train
sequences\seq_MAARUTHA_2017_4433.npy,sequences\tgt_MAARUTHA_2017_4433.npy,MAARUTHA,2017,2017-04-16 11:45:00,train
sequences\seq_MAARUTHA_2017_4434.npy,sequences\tgt_MAARUTHA_2017_4434.npy,MAARUTHA,2017,2017-04-16 12:00:00,train
sequences\seq_MAARUTHA_2017_4435.npy,sequences\tgt_MAARUTHA_2017_4435.npy,MAARUTHA,2017,2017-04-16 12:15:00,train
sequences\seq_MAARUTHA_2017_4436.npy,sequences\tgt_MAARUTHA_2017_4436.npy,MAARUTHA,2017,2017-04-16 12:30:00,train
sequences\seq_MAARUTHA_2017_4437.npy,sequences\tgt_MAARUTHA_2017_4437.npy,MAARUTHA,2017,2017-04-16 12:45:00,train
sequences\seq_MAARUTHA_2017_4438.npy,sequences\tgt_MAARUTHA_2017_4438.npy,MAARUTHA,2017,2017-04-16 13:00:00,train
sequences\seq_MAARUTHA_2017_4439.npy,sequences\tgt_MAARUTHA_2017_4439.npy,MAARUTHA,2017,2017-04-16 13:15:00,train
sequences\seq_MAARUTHA_2017_4440.npy,sequences\tgt_MAARUTHA_2017_4440.npy,MAARUTHA,2017,2017-04-16 13:30:00,train
sequences\seq_MAARUTHA_2017_4441.npy,sequences\tgt_MAARUTHA_2017_4441.npy,MAARUTHA,2017,2017-04-16 13:45:00,train
sequences\seq_MAARUTHA_2017_4442.npy,sequences\tgt_MAARUTHA_2017_4442.npy,MAARUTHA,2017,2017-04-16 14:00:00,train
sequences\seq_MAARUTHA_2017_4443.npy,sequences\tgt_MAARUTHA_2017_4443.npy,MAARUTHA,2017,2017-04-16 14:15:00,train
sequences\seq_MAARUTHA_2017_4444.npy,sequences\tgt_MAARUTHA_2017_4444.npy,MAARUTHA,2017,2017-04-16 14:30:00,train
sequences\seq_MAARUTHA_2017_4445.npy,sequences\tgt_MAARUTHA_2017_4445.npy,MAARUTHA,2017,2017-04-16 14:45:00,train
sequences\seq_MAARUTHA_2017_4446.npy,sequences\tgt_MAARUTHA_2017_4446.npy,MAARUTHA,2017,2017-04-16 15:00:00,train
sequences\seq_MAARUTHA_2017_4447.npy,sequences\tgt_MAARUTHA_2017_4447.npy,MAARUTHA,2017,2017-04-16 15:15:00,train
sequences\seq_MAARUTHA_2017_4448.npy,sequences\tgt_MAARUTHA_2017_4448.npy,MAARUTHA,2017,2017-04-16 15:30:00,train
sequences\seq_MAARUTHA_2017_4449.npy,sequences\tgt_MAARUTHA_2017_4449.npy,MAARUTHA,2017,2017-04-16 15:45:00,train
sequences\seq_MAARUTHA_2017_4450.npy,sequences\tgt_MAARUTHA_2017_4450.npy,MAARUTHA,2017,2017-04-16 16:00:00,train
sequences\seq_MAARUTHA_2017_4451.npy,sequences\tgt_MAARUTHA_2017_4451.npy,MAARUTHA,2017,2017-04-16 16:15:00,train
sequences\seq_MAARUTHA_2017_4452.npy,sequences\tgt_MAARUTHA_2017_4452.npy,MAARUTHA,2017,2017-04-16 16:30:00,train
sequences\seq_MAARUTHA_2017_4453.npy,sequences\tgt_MAARUTHA_2017_4453.npy,MAARUTHA,2017,2017-04-16 16:45:00,train
sequences\seq_MAARUTHA_2017_4454.npy,sequences\tgt_MAARUTHA_2017_4454.npy,MAARUTHA,2017,2017-04-16 17:00:00,train
sequences\seq_MAARUTHA_2017_4455.npy,sequences\tgt_MAARUTHA_2017_4455.npy,MAARUTHA,2017,2017-04-16 17:15:00,train
sequences\seq_MAARUTHA_2017_4456.npy,sequences\tgt_MAARUTHA_2017_4456.npy,MAARUTHA,2017,2017-04-16 21:30:00,train
sequences\seq_MAARUTHA_2017_4457.npy,sequences\tgt_MAARUTHA_2017_4457.npy,MAARUTHA,2017,2017-04-16 22:00:00,train
sequences\seq_MAARUTHA_2017_4458.npy,sequences\tgt_MAARUTHA_2017_4458.npy,MAARUTHA,2017,2017-04-16 22:30:00,train
sequences\seq_MAARUTHA_2017_4459.npy,sequences\tgt_MAARUTHA_2017_4459.npy,MAARUTHA,2017,2017-04-16 22:45:00,train
sequences\seq_MAARUTHA_2017_4460.npy,sequences\tgt_MAARUTHA_2017_4460.npy,MAARUTHA,2017,2017-04-16 23:00:00,train
sequences\seq_MAARUTHA_2017_4461.npy,sequences\tgt_MAARUTHA_2017_4461.npy,MAARUTHA,2017,2017-04-16 23:15:00,train
sequences\seq_MAARUTHA_2017_4462.npy,sequences\tgt_MAARUTHA_2017_4462.npy,MAARUTHA,2017,2017-04-16 23:30:00,train
sequences\seq_MAARUTHA_2017_4463.npy,sequences\tgt_MAARUTHA_2017_4463.npy,MAARUTHA,2017,2017-04-16 23:45:00,train
sequences\seq_MAARUTHA_2017_4464.npy,sequences\tgt_MAARUTHA_2017_4464.npy,MAARUTHA,2017,2017-04-17 00:00:00,train
sequences\seq_MAARUTHA_2017_4465.npy,sequences\tgt_MAARUTHA_2017_4465.npy,MAARUTHA,2017,2017-04-17 00:15:00,train
sequences\seq_MAARUTHA_2017_4466.npy,sequences\tgt_MAARUTHA_2017_4466.npy,MAARUTHA,2017,2017-04-17 00:30:00,train
sequences\seq_MAARUTHA_2017_4467.npy,sequences\tgt_MAARUTHA_2017_4467.npy,MAARUTHA,2017,2017-04-17 00:45:00,train
sequences\seq_MAARUTHA_2017_4468.npy,sequences\tgt_MAARUTHA_2017_4468.npy,MAARUTHA,2017,2017-04-17 01:00:00,train
sequences\seq_MAARUTHA_2017_4469.npy,sequences\tgt_MAARUTHA_2017_4469.npy,MAARUTHA,2017,2017-04-17 01:15:00,train
sequences\seq_MAARUTHA_2017_4470.npy,sequences\tgt_MAARUTHA_2017_4470.npy,MAARUTHA,2017,2017-04-17 01:30:00,train
sequences\seq_MAARUTHA_2017_4471.npy,sequences\tgt_MAARUTHA_2017_4471.npy,MAARUTHA,2017,2017-04-17 01:45:00,train
sequences\seq_MAARUTHA_2017_4472.npy,sequences\tgt_MAARUTHA_2017_4472.npy,MAARUTHA,2017,2017-04-17 02:00:00,train
sequences\seq_MAARUTHA_2017_4473.npy,sequences\tgt_MAARUTHA_2017_4473.npy,MAARUTHA,2017,2017-04-17 02:15:00,train
sequences\seq_MAARUTHA_2017_4474.npy,sequences\tgt_MAARUTHA_2017_4474.npy,MAARUTHA,2017,2017-04-17 02:30:00,train
sequences\seq_MAARUTHA_2017_4475.npy,sequences\tgt_MAARUTHA_2017_4475.npy,MAARUTHA,2017,2017-04-17 02:45:00,train
sequences\seq_MAARUTHA_2017_4476.npy,sequences\tgt_MAARUTHA_2017_4476.npy,MAARUTHA,2017,2017-04-17 03:00:00,train
sequences\seq_MAARUTHA_2017_4477.npy,sequences\tgt_MAARUTHA_2017_4477.npy,MAARUTHA,2017,2017-04-17 03:15:00,train
sequences\seq_MAARUTHA_2017_4478.npy,sequences\tgt_MAARUTHA_2017_4478.npy,MAARUTHA,2017,2017-04-17 03:30:00,train
sequences\seq_MAARUTHA_2017_4479.npy,sequences\tgt_MAARUTHA_2017_4479.npy,MAARUTHA,2017,2017-04-17 03:45:00,train
sequences\seq_MADI_2013_4480.npy,sequences\tgt_MADI_2013_4480.npy,MADI,2013,2013-12-11 18:00:00,train
sequences\seq_MADI_2013_4481.npy,sequences\tgt_MADI_2013_4481.npy,MADI,2013,2013-12-11 18:30:00,train
sequences\seq_MADI_2013_4482.npy,sequences\tgt_MADI_2013_4482.npy,MADI,2013,2013-12-11 19:00:00,train
sequences\seq_MADI_2013_4483.npy,sequences\tgt_MADI_2013_4483.npy,MADI,2013,2013-12-11 19:30:00,train
sequences\seq_MADI_2013_4484.npy,sequences\tgt_MADI_2013_4484.npy,MADI,2013,2013-12-11 20:00:00,train
sequences\seq_MADI_2013_4485.npy,sequences\tgt_MADI_2013_4485.npy,MADI,2013,2013-12-11 20:30:00,train
sequences\seq_MADI_2013_4486.npy,sequences\tgt_MADI_2013_4486.npy,MADI,2013,2013-12-11 21:00:00,train
sequences\seq_MADI_2013_4487.npy,sequences\tgt_MADI_2013_4487.npy,MADI,2013,2013-12-11 21:30:00,train
sequences\seq_MADI_2013_4488.npy,sequences\tgt_MADI_2013_4488.npy,MADI,2013,2013-12-11 22:00:00,train
sequences\seq_MADI_2013_4489.npy,sequences\tgt_MADI_2013_4489.npy,MADI,2013,2013-12-11 22:30:00,train
sequences\seq_MADI_2013_4490.npy,sequences\tgt_MADI_2013_4490.npy,MADI,2013,2013-12-11 23:00:00,train
sequences\seq_MADI_2013_4491.npy,sequences\tgt_MADI_2013_4491.npy,MADI,2013,2013-12-11 23:30:00,train
sequences\seq_MADI_2013_4492.npy,sequences\tgt_MADI_2013_4492.npy,MADI,2013,2013-12-12 00:00:00,train
sequences\seq_MADI_2013_4493.npy,sequences\tgt_MADI_2013_4493.npy,MADI,2013,2013-12-12 00:30:00,train
sequences\seq_MADI_2013_4494.npy,sequences\tgt_MADI_2013_4494.npy,MADI,2013,2013-12-12 01:00:00,train
sequences\seq_MADI_2013_4495.npy,sequences\tgt_MADI_2013_4495.npy,MADI,2013,2013-12-12 01:30:00,train
sequences\seq_MADI_2013_4496.npy,sequences\tgt_MADI_2013_4496.npy,MADI,2013,2013-12-12 02:00:00,train
sequences\seq_MADI_2013_4497.npy,sequences\tgt_MADI_2013_4497.npy,MADI,2013,2013-12-12 02:30:00,train
sequences\seq_MADI_2013_4498.npy,sequences\tgt_MADI_2013_4498.npy,MADI,2013,2013-12-12 03:00:00,train
sequences\seq_MADI_2013_4499.npy,sequences\tgt_MADI_2013_4499.npy,MADI,2013,2013-12-12 03:30:00,train
sequences\seq_MADI_2013_4500.npy,sequences\tgt_MADI_2013_4500.npy,MADI,2013,2013-12-12 04:00:00,train
sequences\seq_MADI_2013_4501.npy,sequences\tgt_MADI_2013_4501.npy,MADI,2013,2013-12-12 04:30:00,train
sequences\seq_MADI_2013_4502.npy,sequences\tgt_MADI_2013_4502.npy,MADI,2013,2013-12-12 05:00:00,train
sequences\seq_MADI_2013_4503.npy,sequences\tgt_MADI_2013_4503.npy,MADI,2013,2013-12-12 05:30:00,train
sequences\seq_MADI_2013_4504.npy,sequences\tgt_MADI_2013_4504.npy,MADI,2013,2013-12-12 06:00:00,train
sequences\seq_MADI_2013_4505.npy,sequences\tgt_MADI_2013_4505.npy,MADI,2013,2013-12-12 06:30:00,train
sequences\seq_MADI_2013_4506.npy,sequences\tgt_MADI_2013_4506.npy,MADI,2013,2013-12-12 07:00:00,train
sequences\seq_MADI_2013_4507.npy,sequences\tgt_MADI_2013_4507.npy,MADI,2013,2013-12-12 07:30:00,train
sequences\seq_MADI_2013_4508.npy,sequences\tgt_MADI_2013_4508.npy,MADI,2013,2013-12-12 08:00:00,train
sequences\seq_MADI_2013_4509.npy,sequences\tgt_MADI_2013_4509.npy,MADI,2013,2013-12-12 08:30:00,train
sequences\seq_MADI_2013_4510.npy,sequences\tgt_MADI_2013_4510.npy,MADI,2013,2013-12-12 09:00:00,train
sequences\seq_MADI_2013_4511.npy,sequences\tgt_MADI_2013_4511.npy,MADI,2013,2013-12-12 09:30:00,train
sequences\seq_MADI_2013_4512.npy,sequences\tgt_MADI_2013_4512.npy,MADI,2013,2013-12-12 10:00:00,train
sequences\seq_MADI_2013_4513.npy,sequences\tgt_MADI_2013_4513.npy,MADI,2013,2013-12-12 10:30:00,train
sequences\seq_MADI_2013_4514.npy,sequences\tgt_MADI_2013_4514.npy,MADI,2013,2013-12-12 11:00:00,train
sequences\seq_MADI_2013_4515.npy,sequences\tgt_MADI_2013_4515.npy,MADI,2013,2013-12-12 11:30:00,train
sequences\seq_MADI_2013_4516.npy,sequences\tgt_MADI_2013_4516.npy,MADI,2013,2013-12-12 12:30:00,train
sequences\seq_MADI_2013_4517.npy,sequences\tgt_MADI_2013_4517.npy,MADI,2013,2013-12-12 13:00:00,train
sequences\seq_MADI_2013_4518.npy,sequences\tgt_MADI_2013_4518.npy,MADI,2013,2013-12-12 13:30:00,train
sequences\seq_MADI_2013_4519.npy,sequences\tgt_MADI_2013_4519.npy,MADI,2013,2013-12-12 14:00:00,train
sequences\seq_MADI_2013_4520.npy,sequences\tgt_MADI_2013_4520.npy,MADI,2013,2013-12-12 14:30:00,train
sequences\seq_MADI_2013_4521.npy,sequences\tgt_MADI_2013_4521.npy,MADI,2013,2013-12-12 15:00:00,train
sequences\seq_MADI_2013_4522.npy,sequences\tgt_MADI_2013_4522.npy,MADI,2013,2013-12-12 15:30:00,train
sequences\seq_MADI_2013_4523.npy,sequences\tgt_MADI_2013_4523.npy,MADI,2013,2013-12-12 16:00:00,train
sequences\seq_MADI_2013_4524.npy,sequences\tgt_MADI_2013_4524.npy,MADI,2013,2013-12-12 17:00:00,train
sequences\seq_MADI_2013_4525.npy,sequences\tgt_MADI_2013_4525.npy,MADI,2013,2013-12-12 17:30:00,train
sequences\seq_MADI_2013_4526.npy,sequences\tgt_MADI_2013_4526.npy,MADI,2013,2013-12-12 18:00:00,train
sequences\seq_MADI_2013_4527.npy,sequences\tgt_MADI_2013_4527.npy,MADI,2013,2013-12-12 18:30:00,train
sequences\seq_MADI_2013_4528.npy,sequences\tgt_MADI_2013_4528.npy,MADI,2013,2013-12-12 19:00:00,train
sequences\seq_MADI_2013_4529.npy,sequences\tgt_MADI_2013_4529.npy,MADI,2013,2013-12-12 19:30:00,train
sequences\seq_MADI_2013_4530.npy,sequences\tgt_MADI_2013_4530.npy,MADI,2013,2013-12-12 20:00:00,train
sequences\seq_MAHA_2019_4531.npy,sequences\tgt_MAHA_2019_4531.npy,MAHA,2019,2019-10-30 06:00:00,train
sequences\seq_MAHA_2019_4532.npy,sequences\tgt_MAHA_2019_4532.npy,MAHA,2019,2019-10-30 06:30:00,train
sequences\seq_MAHA_2019_4533.npy,sequences\tgt_MAHA_2019_4533.npy,MAHA,2019,2019-10-30 06:45:00,train
sequences\seq_MAHA_2019_4534.npy,sequences\tgt_MAHA_2019_4534.npy,MAHA,2019,2019-10-30 07:00:00,train
sequences\seq_MAHA_2019_4535.npy,sequences\tgt_MAHA_2019_4535.npy,MAHA,2019,2019-10-30 07:30:00,train
sequences\seq_MAHA_2019_4536.npy,sequences\tgt_MAHA_2019_4536.npy,MAHA,2019,2019-10-30 08:00:00,train
sequences\seq_MAHA_2019_4537.npy,sequences\tgt_MAHA_2019_4537.npy,MAHA,2019,2019-10-30 08:30:00,train
sequences\seq_MAHA_2019_4538.npy,sequences\tgt_MAHA_2019_4538.npy,MAHA,2019,2019-10-30 09:00:00,train
sequences\seq_MAHA_2019_4539.npy,sequences\tgt_MAHA_2019_4539.npy,MAHA,2019,2019-10-30 09:15:00,train
sequences\seq_MAHA_2019_4540.npy,sequences\tgt_MAHA_2019_4540.npy,MAHA,2019,2019-10-30 09:30:00,train
sequences\seq_MAHA_2019_4541.npy,sequences\tgt_MAHA_2019_4541.npy,MAHA,2019,2019-10-30 10:00:00,train
sequences\seq_MAHA_2019_4542.npy,sequences\tgt_MAHA_2019_4542.npy,MAHA,2019,2019-10-30 10:30:00,train
sequences\seq_MAHA_2019_4543.npy,sequences\tgt_MAHA_2019_4543.npy,MAHA,2019,2019-10-30 10:45:00,train
sequences\seq_MAHA_2019_4544.npy,sequences\tgt_MAHA_2019_4544.npy,MAHA,2019,2019-10-30 11:00:00,train
sequences\seq_MAHA_2019_4545.npy,sequences\tgt_MAHA_2019_4545.npy,MAHA,2019,2019-10-30 11:30:00,train
sequences\seq_MAHA_2019_4546.npy,sequences\tgt_MAHA_2019_4546.npy,MAHA,2019,2019-10-30 12:00:00,train
sequences\seq_MAHA_2019_4547.npy,sequences\tgt_MAHA_2019_4547.npy,MAHA,2019,2019-10-30 12:15:00,train
sequences\seq_MAHA_2019_4548.npy,sequences\tgt_MAHA_2019_4548.npy,MAHA,2019,2019-10-30 12:30:00,train
sequences\seq_MAHA_2019_4549.npy,sequences\tgt_MAHA_2019_4549.npy,MAHA,2019,2019-10-30 13:00:00,train
sequences\seq_MAHA_2019_4550.npy,sequences\tgt_MAHA_2019_4550.npy,MAHA,2019,2019-10-30 13:15:00,train
sequences\seq_MAHA_2019_4551.npy,sequences\tgt_MAHA_2019_4551.npy,MAHA,2019,2019-10-30 13:30:00,train
sequences\seq_MAHA_2019_4552.npy,sequences\tgt_MAHA_2019_4552.npy,MAHA,2019,2019-10-30 13:45:00,train
sequences\seq_MAHA_2019_4553.npy,sequences\tgt_MAHA_2019_4553.npy,MAHA,2019,2019-10-30 14:00:00,train
sequences\seq_MAHA_2019_4554.npy,sequences\tgt_MAHA_2019_4554.npy,MAHA,2019,2019-10-30 14:30:00,train
sequences\seq_MAHA_2019_4555.npy,sequences\tgt_MAHA_2019_4555.npy,MAHA,2019,2019-10-30 14:45:00,train
sequences\seq_MAHA_2019_4556.npy,sequences\tgt_MAHA_2019_4556.npy,MAHA,2019,2019-10-30 15:00:00,train
sequences\seq_MAHA_2019_4557.npy,sequences\tgt_MAHA_2019_4557.npy,MAHA,2019,2019-10-30 15:15:00,train
sequences\seq_MAHA_2019_4558.npy,sequences\tgt_MAHA_2019_4558.npy,MAHA,2019,2019-10-30 15:30:00,train
sequences\seq_MAHA_2019_4559.npy,sequences\tgt_MAHA_2019_4559.npy,MAHA,2019,2019-10-30 16:00:00,train
sequences\seq_MAHA_2019_4560.npy,sequences\tgt_MAHA_2019_4560.npy,MAHA,2019,2019-10-30 16:15:00,train
sequences\seq_MAHA_2019_4561.npy,sequences\tgt_MAHA_2019_4561.npy,MAHA,2019,2019-10-30 16:30:00,train
sequences\seq_MAHA_2019_4562.npy,sequences\tgt_MAHA_2019_4562.npy,MAHA,2019,2019-10-30 20:00:00,train
sequences\seq_MAHA_2019_4563.npy,sequences\tgt_MAHA_2019_4563.npy,MAHA,2019,2019-10-30 20:30:00,train
sequences\seq_MAHA_2019_4564.npy,sequences\tgt_MAHA_2019_4564.npy,MAHA,2019,2019-10-30 21:15:00,train
sequences\seq_MAHA_2019_4565.npy,sequences\tgt_MAHA_2019_4565.npy,MAHA,2019,2019-10-30 21:45:00,train
sequences\seq_MAHA_2019_4566.npy,sequences\tgt_MAHA_2019_4566.npy,MAHA,2019,2019-10-30 22:00:00,train
sequences\seq_MAHA_2019_4567.npy,sequences\tgt_MAHA_2019_4567.npy,MAHA,2019,2019-10-30 22:30:00,train
sequences\seq_MAHA_2019_4568.npy,sequences\tgt_MAHA_2019_4568.npy,MAHA,2019,2019-10-30 22:45:00,train
sequences\seq_MAHA_2019_4569.npy,sequences\tgt_MAHA_2019_4569.npy,MAHA,2019,2019-10-30 23:00:00,train
sequences\seq_MAHA_2019_4570.npy,sequences\tgt_MAHA_2019_4570.npy,MAHA,2019,2019-10-30 23:15:00,train
sequences\seq_MAHA_2019_4571.npy,sequences\tgt_MAHA_2019_4571.npy,MAHA,2019,2019-10-30 23:30:00,train
sequences\seq_MAHA_2019_4572.npy,sequences\tgt_MAHA_2019_4572.npy,MAHA,2019,2019-10-31 00:00:00,train
sequences\seq_MAHA_2019_4573.npy,sequences\tgt_MAHA_2019_4573.npy,MAHA,2019,2019-10-31 00:15:00,train
sequences\seq_MAHA_2019_4574.npy,sequences\tgt_MAHA_2019_4574.npy,MAHA,2019,2019-10-31 00:30:00,train
sequences\seq_MAHA_2019_4575.npy,sequences\tgt_MAHA_2019_4575.npy,MAHA,2019,2019-10-31 00:45:00,train
sequences\seq_MAHA_2019_4576.npy,sequences\tgt_MAHA_2019_4576.npy,MAHA,2019,2019-10-31 01:00:00,train
sequences\seq_MAHA_2019_4577.npy,sequences\tgt_MAHA_2019_4577.npy,MAHA,2019,2019-10-31 01:30:00,train
sequences\seq_MAHA_2019_4578.npy,sequences\tgt_MAHA_2019_4578.npy,MAHA,2019,2019-10-31 01:45:00,train
sequences\seq_MAHA_2019_4579.npy,sequences\tgt_MAHA_2019_4579.npy,MAHA,2019,2019-10-31 02:00:00,train
sequences\seq_MAHA_2019_4580.npy,sequences\tgt_MAHA_2019_4580.npy,MAHA,2019,2019-10-31 02:30:00,train
sequences\seq_MAHA_2019_4581.npy,sequences\tgt_MAHA_2019_4581.npy,MAHA,2019,2019-10-31 03:00:00,train
sequences\seq_MAHA_2019_4582.npy,sequences\tgt_MAHA_2019_4582.npy,MAHA,2019,2019-10-31 03:15:00,train
sequences\seq_MAHA_2019_4583.npy,sequences\tgt_MAHA_2019_4583.npy,MAHA,2019,2019-10-31 03:30:00,train
sequences\seq_MAHA_2019_4584.npy,sequences\tgt_MAHA_2019_4584.npy,MAHA,2019,2019-10-31 04:00:00,train
sequences\seq_MAHA_2019_4585.npy,sequences\tgt_MAHA_2019_4585.npy,MAHA,2019,2019-10-31 04:15:00,train
sequences\seq_MAHA_2019_4586.npy,sequences\tgt_MAHA_2019_4586.npy,MAHA,2019,2019-10-31 04:30:00,train
sequences\seq_MAHA_2019_4587.npy,sequences\tgt_MAHA_2019_4587.npy,MAHA,2019,2019-10-31 04:45:00,train
sequences\seq_MAHA_2019_4588.npy,sequences\tgt_MAHA_2019_4588.npy,MAHA,2019,2019-10-31 05:00:00,train
sequences\seq_MAHA_2019_4589.npy,sequences\tgt_MAHA_2019_4589.npy,MAHA,2019,2019-10-31 05:30:00,train
sequences\seq_MAHA_2019_4590.npy,sequences\tgt_MAHA_2019_4590.npy,MAHA,2019,2019-10-31 05:45:00,train
sequences\seq_MAHA_2019_4591.npy,sequences\tgt_MAHA_2019_4591.npy,MAHA,2019,2019-10-31 06:00:00,train
sequences\seq_MAHA_2019_4592.npy,sequences\tgt_MAHA_2019_4592.npy,MAHA,2019,2019-10-31 06:15:00,train
sequences\seq_MAHA_2019_4593.npy,sequences\tgt_MAHA_2019_4593.npy,MAHA,2019,2019-10-31 06:30:00,train
sequences\seq_MAHA_2019_4594.npy,sequences\tgt_MAHA_2019_4594.npy,MAHA,2019,2019-10-31 07:00:00,train
sequences\seq_MAHA_2019_4595.npy,sequences\tgt_MAHA_2019_4595.npy,MAHA,2019,2019-10-31 07:15:00,train
sequences\seq_MAHA_2019_4596.npy,sequences\tgt_MAHA_2019_4596.npy,MAHA,2019,2019-10-31 07:30:00,train
sequences\seq_MAHA_2019_4597.npy,sequences\tgt_MAHA_2019_4597.npy,MAHA,2019,2019-10-31 08:00:00,train
sequences\seq_MAHA_2019_4598.npy,sequences\tgt_MAHA_2019_4598.npy,MAHA,2019,2019-10-31 08:30:00,train
sequences\seq_MAHA_2019_4599.npy,sequences\tgt_MAHA_2019_4599.npy,MAHA,2019,2019-10-31 08:45:00,train
sequences\seq_MAHA_2019_4600.npy,sequences\tgt_MAHA_2019_4600.npy,MAHA,2019,2019-10-31 09:00:00,train
sequences\seq_MAHA_2019_4601.npy,sequences\tgt_MAHA_2019_4601.npy,MAHA,2019,2019-10-31 09:30:00,train
sequences\seq_MAHA_2019_4602.npy,sequences\tgt_MAHA_2019_4602.npy,MAHA,2019,2019-10-31 10:00:00,train
sequences\seq_MAHA_2019_4603.npy,sequences\tgt_MAHA_2019_4603.npy,MAHA,2019,2019-10-31 10:15:00,train
sequences\seq_MAHA_2019_4604.npy,sequences\tgt_MAHA_2019_4604.npy,MAHA,2019,2019-10-31 10:30:00,train
sequences\seq_MAHA_2019_4605.npy,sequences\tgt_MAHA_2019_4605.npy,MAHA,2019,2019-10-31 11:00:00,train
sequences\seq_MAHA_2019_4606.npy,sequences\tgt_MAHA_2019_4606.npy,MAHA,2019,2019-10-31 11:15:00,train
sequences\seq_MAHA_2019_4607.npy,sequences\tgt_MAHA_2019_4607.npy,MAHA,2019,2019-10-31 11:30:00,train
sequences\seq_MAHA_2019_4608.npy,sequences\tgt_MAHA_2019_4608.npy,MAHA,2019,2019-10-31 12:00:00,train
sequences\seq_MAHA_2019_4609.npy,sequences\tgt_MAHA_2019_4609.npy,MAHA,2019,2019-10-31 12:30:00,train
sequences\seq_MAHA_2019_4610.npy,sequences\tgt_MAHA_2019_4610.npy,MAHA,2019,2019-10-31 12:45:00,train
sequences\seq_MAHA_2019_4611.npy,sequences\tgt_MAHA_2019_4611.npy,MAHA,2019,2019-10-31 13:00:00,train
sequences\seq_MAHA_2019_4612.npy,sequences\tgt_MAHA_2019_4612.npy,MAHA,2019,2019-10-31 13:30:00,train
sequences\seq_MAHA_2019_4613.npy,sequences\tgt_MAHA_2019_4613.npy,MAHA,2019,2019-10-31 14:00:00,train
sequences\seq_MAHA_2019_4614.npy,sequences\tgt_MAHA_2019_4614.npy,MAHA,2019,2019-10-31 14:15:00,train
sequences\seq_MAHA_2019_4615.npy,sequences\tgt_MAHA_2019_4615.npy,MAHA,2019,2019-10-31 14:30:00,train
sequences\seq_MAHA_2019_4616.npy,sequences\tgt_MAHA_2019_4616.npy,MAHA,2019,2019-10-31 15:00:00,train
sequences\seq_MAHA_2019_4617.npy,sequences\tgt_MAHA_2019_4617.npy,MAHA,2019,2019-10-31 15:15:00,train
sequences\seq_MAHA_2019_4618.npy,sequences\tgt_MAHA_2019_4618.npy,MAHA,2019,2019-10-31 15:30:00,train
sequences\seq_MAHA_2019_4619.npy,sequences\tgt_MAHA_2019_4619.npy,MAHA,2019,2019-10-31 15:45:00,train
sequences\seq_MAHA_2019_4620.npy,sequences\tgt_MAHA_2019_4620.npy,MAHA,2019,2019-10-31 16:00:00,train
sequences\seq_MAHA_2019_4621.npy,sequences\tgt_MAHA_2019_4621.npy,MAHA,2019,2019-10-31 16:30:00,train
sequences\seq_MAHA_2019_4622.npy,sequences\tgt_MAHA_2019_4622.npy,MAHA,2019,2019-10-31 16:45:00,train
sequences\seq_MAHA_2019_4623.npy,sequences\tgt_MAHA_2019_4623.npy,MAHA,2019,2019-10-31 20:00:00,train
sequences\seq_MAHA_2019_4624.npy,sequences\tgt_MAHA_2019_4624.npy,MAHA,2019,2019-10-31 20:30:00,train
sequences\seq_MAHA_2019_4625.npy,sequences\tgt_MAHA_2019_4625.npy,MAHA,2019,2019-10-31 21:00:00,train
sequences\seq_MAHA_2019_4626.npy,sequences\tgt_MAHA_2019_4626.npy,MAHA,2019,2019-10-31 21:30:00,train
sequences\seq_MAHA_2019_4627.npy,sequences\tgt_MAHA_2019_4627.npy,MAHA,2019,2019-10-31 22:00:00,train
sequences\seq_MAHA_2019_4628.npy,sequences\tgt_MAHA_2019_4628.npy,MAHA,2019,2019-10-31 22:30:00,train
sequences\seq_MAHA_2019_4629.npy,sequences\tgt_MAHA_2019_4629.npy,MAHA,2019,2019-10-31 23:00:00,train
sequences\seq_MAHA_2019_4630.npy,sequences\tgt_MAHA_2019_4630.npy,MAHA,2019,2019-10-31 23:30:00,train
sequences\seq_MAHA_2019_4631.npy,sequences\tgt_MAHA_2019_4631.npy,MAHA,2019,2019-11-01 00:00:00,train
sequences\seq_MEKUNU_2018_4632.npy,sequences\tgt_MEKUNU_2018_4632.npy,MEKUNU,2018,2018-05-21 17:30:00,validation
sequences\seq_MEKUNU_2018_4633.npy,sequences\tgt_MEKUNU_2018_4633.npy,MEKUNU,2018,2018-05-21 17:45:00,validation
sequences\seq_MEKUNU_2018_4634.npy,sequences\tgt_MEKUNU_2018_4634.npy,MEKUNU,2018,2018-05-21 18:00:00,validation
sequences\seq_MEKUNU_2018_4635.npy,sequences\tgt_MEKUNU_2018_4635.npy,MEKUNU,2018,2018-05-21 18:15:00,validation
sequences\seq_MEKUNU_2018_4636.npy,sequences\tgt_MEKUNU_2018_4636.npy,MEKUNU,2018,2018-05-21 18:30:00,validation
sequences\seq_MEKUNU_2018_4637.npy,sequences\tgt_MEKUNU_2018_4637.npy,MEKUNU,2018,2018-05-21 19:00:00,validation
sequences\seq_MEKUNU_2018_4638.npy,sequences\tgt_MEKUNU_2018_4638.npy,MEKUNU,2018,2018-05-21 19:30:00,validation
sequences\seq_MEKUNU_2018_4639.npy,sequences\tgt_MEKUNU_2018_4639.npy,MEKUNU,2018,2018-05-21 19:45:00,validation
sequences\seq_MEKUNU_2018_4640.npy,sequences\tgt_MEKUNU_2018_4640.npy,MEKUNU,2018,2018-05-21 20:00:00,validation
sequences\seq_MEKUNU_2018_4641.npy,sequences\tgt_MEKUNU_2018_4641.npy,MEKUNU,2018,2018-05-21 20:15:00,validation
sequences\seq_MEKUNU_2018_4642.npy,sequences\tgt_MEKUNU_2018_4642.npy,MEKUNU,2018,2018-05-21 20:30:00,validation
sequences\seq_MEKUNU_2018_4643.npy,sequences\tgt_MEKUNU_2018_4643.npy,MEKUNU,2018,2018-05-21 20:45:00,validation
sequences\seq_MEKUNU_2018_4644.npy,sequences\tgt_MEKUNU_2018_4644.npy,MEKUNU,2018,2018-05-21 21:00:00,validation
sequences\seq_MEKUNU_2018_4645.npy,sequences\tgt_MEKUNU_2018_4645.npy,MEKUNU,2018,2018-05-21 21:15:00,validation
sequences\seq_MEKUNU_2018_4646.npy,sequences\tgt_MEKUNU_2018_4646.npy,MEKUNU,2018,2018-05-21 21:30:00,validation
sequences\seq_MEKUNU_2018_4647.npy,sequences\tgt_MEKUNU_2018_4647.npy,MEKUNU,2018,2018-05-21 21:45:00,validation
sequences\seq_MEKUNU_2018_4648.npy,sequences\tgt_MEKUNU_2018_4648.npy,MEKUNU,2018,2018-05-21 22:00:00,validation
sequences\seq_MEKUNU_2018_4649.npy,sequences\tgt_MEKUNU_2018_4649.npy,MEKUNU,2018,2018-05-21 22:15:00,validation
sequences\seq_MEKUNU_2018_4650.npy,sequences\tgt_MEKUNU_2018_4650.npy,MEKUNU,2018,2018-05-21 22:30:00,validation
sequences\seq_MEKUNU_2018_4651.npy,sequences\tgt_MEKUNU_2018_4651.npy,MEKUNU,2018,2018-05-21 22:45:00,validation
sequences\seq_MEKUNU_2018_4652.npy,sequences\tgt_MEKUNU_2018_4652.npy,MEKUNU,2018,2018-05-21 23:00:00,validation
sequences\seq_MEKUNU_2018_4653.npy,sequences\tgt_MEKUNU_2018_4653.npy,MEKUNU,2018,2018-05-21 23:15:00,validation
sequences\seq_MEKUNU_2018_4654.npy,sequences\tgt_MEKUNU_2018_4654.npy,MEKUNU,2018,2018-05-21 23:30:00,validation
sequences\seq_MEKUNU_2018_4655.npy,sequences\tgt_MEKUNU_2018_4655.npy,MEKUNU,2018,2018-05-21 23:45:00,validation
sequences\seq_MEKUNU_2018_4656.npy,sequences\tgt_MEKUNU_2018_4656.npy,MEKUNU,2018,2018-05-22 00:00:00,validation
sequences\seq_MEKUNU_2018_4657.npy,sequences\tgt_MEKUNU_2018_4657.npy,MEKUNU,2018,2018-05-22 00:15:00,validation
sequences\seq_MEKUNU_2018_4658.npy,sequences\tgt_MEKUNU_2018_4658.npy,MEKUNU,2018,2018-05-22 00:30:00,validation
sequences\seq_MEKUNU_2018_4659.npy,sequences\tgt_MEKUNU_2018_4659.npy,MEKUNU,2018,2018-05-22 00:45:00,validation
sequences\seq_MEKUNU_2018_4660.npy,sequences\tgt_MEKUNU_2018_4660.npy,MEKUNU,2018,2018-05-22 01:00:00,validation
sequences\seq_MEKUNU_2018_4661.npy,sequences\tgt_MEKUNU_2018_4661.npy,MEKUNU,2018,2018-05-22 01:15:00,validation
sequences\seq_MEKUNU_2018_4662.npy,sequences\tgt_MEKUNU_2018_4662.npy,MEKUNU,2018,2018-05-22 01:30:00,validation
sequences\seq_MEKUNU_2018_4663.npy,sequences\tgt_MEKUNU_2018_4663.npy,MEKUNU,2018,2018-05-22 01:45:00,validation
sequences\seq_MEKUNU_2018_4664.npy,sequences\tgt_MEKUNU_2018_4664.npy,MEKUNU,2018,2018-05-22 02:00:00,validation
sequences\seq_MEKUNU_2018_4665.npy,sequences\tgt_MEKUNU_2018_4665.npy,MEKUNU,2018,2018-05-22 02:15:00,validation
sequences\seq_MEKUNU_2018_4666.npy,sequences\tgt_MEKUNU_2018_4666.npy,MEKUNU,2018,2018-05-22 02:30:00,validation
sequences\seq_MEKUNU_2018_4667.npy,sequences\tgt_MEKUNU_2018_4667.npy,MEKUNU,2018,2018-05-22 02:45:00,validation
sequences\seq_MEKUNU_2018_4668.npy,sequences\tgt_MEKUNU_2018_4668.npy,MEKUNU,2018,2018-05-22 03:00:00,validation
sequences\seq_MEKUNU_2018_4669.npy,sequences\tgt_MEKUNU_2018_4669.npy,MEKUNU,2018,2018-05-22 03:15:00,validation
sequences\seq_MEKUNU_2018_4670.npy,sequences\tgt_MEKUNU_2018_4670.npy,MEKUNU,2018,2018-05-22 03:30:00,validation
sequences\seq_MEKUNU_2018_4671.npy,sequences\tgt_MEKUNU_2018_4671.npy,MEKUNU,2018,2018-05-22 03:45:00,validation
sequences\seq_MEKUNU_2018_4672.npy,sequences\tgt_MEKUNU_2018_4672.npy,MEKUNU,2018,2018-05-22 04:00:00,validation
sequences\seq_MEKUNU_2018_4673.npy,sequences\tgt_MEKUNU_2018_4673.npy,MEKUNU,2018,2018-05-22 04:30:00,validation
sequences\seq_MEKUNU_2018_4674.npy,sequences\tgt_MEKUNU_2018_4674.npy,MEKUNU,2018,2018-05-22 05:00:00,validation
sequences\seq_MEKUNU_2018_4675.npy,sequences\tgt_MEKUNU_2018_4675.npy,MEKUNU,2018,2018-05-22 05:30:00,validation
sequences\seq_MEKUNU_2018_4676.npy,sequences\tgt_MEKUNU_2018_4676.npy,MEKUNU,2018,2018-05-22 06:00:00,validation
sequences\seq_MEKUNU_2018_4677.npy,sequences\tgt_MEKUNU_2018_4677.npy,MEKUNU,2018,2018-05-22 06:30:00,validation
sequences\seq_MEKUNU_2018_4678.npy,sequences\tgt_MEKUNU_2018_4678.npy,MEKUNU,2018,2018-05-22 06:45:00,validation
sequences\seq_MEKUNU_2018_4679.npy,sequences\tgt_MEKUNU_2018_4679.npy,MEKUNU,2018,2018-05-22 07:00:00,validation
sequences\seq_MEKUNU_2018_4680.npy,sequences\tgt_MEKUNU_2018_4680.npy,MEKUNU,2018,2018-05-22 07:15:00,validation
sequences\seq_MEKUNU_2018_4681.npy,sequences\tgt_MEKUNU_2018_4681.npy,MEKUNU,2018,2018-05-22 07:30:00,validation
sequences\seq_MEKUNU_2018_4682.npy,sequences\tgt_MEKUNU_2018_4682.npy,MEKUNU,2018,2018-05-22 07:45:00,validation
sequences\seq_MEKUNU_2018_4683.npy,sequences\tgt_MEKUNU_2018_4683.npy,MEKUNU,2018,2018-05-22 08:00:00,validation
sequences\seq_MEKUNU_2018_4684.npy,sequences\tgt_MEKUNU_2018_4684.npy,MEKUNU,2018,2018-05-22 08:15:00,validation
sequences\seq_MEKUNU_2018_4685.npy,sequences\tgt_MEKUNU_2018_4685.npy,MEKUNU,2018,2018-05-22 08:30:00,validation
sequences\seq_MEKUNU_2018_4686.npy,sequences\tgt_MEKUNU_2018_4686.npy,MEKUNU,2018,2018-05-22 08:45:00,validation
sequences\seq_MEKUNU_2018_4687.npy,sequences\tgt_MEKUNU_2018_4687.npy,MEKUNU,2018,2018-05-22 09:00:00,validation
sequences\seq_MEKUNU_2018_4688.npy,sequences\tgt_MEKUNU_2018_4688.npy,MEKUNU,2018,2018-05-22 09:15:00,validation
sequences\seq_MEKUNU_2018_4689.npy,sequences\tgt_MEKUNU_2018_4689.npy,MEKUNU,2018,2018-05-22 09:30:00,validation
sequences\seq_MEKUNU_2018_4690.npy,sequences\tgt_MEKUNU_2018_4690.npy,MEKUNU,2018,2018-05-22 10:00:00,validation
sequences\seq_MEKUNU_2018_4691.npy,sequences\tgt_MEKUNU_2018_4691.npy,MEKUNU,2018,2018-05-22 10:30:00,validation
sequences\seq_MEKUNU_2018_4692.npy,sequences\tgt_MEKUNU_2018_4692.npy,MEKUNU,2018,2018-05-22 11:00:00,validation
sequences\seq_MEKUNU_2018_4693.npy,sequences\tgt_MEKUNU_2018_4693.npy,MEKUNU,2018,2018-05-22 11:30:00,validation
sequences\seq_MEKUNU_2018_4694.npy,sequences\tgt_MEKUNU_2018_4694.npy,MEKUNU,2018,2018-05-22 12:00:00,validation
sequences\seq_MEKUNU_2018_4695.npy,sequences\tgt_MEKUNU_2018_4695.npy,MEKUNU,2018,2018-05-22 12:15:00,validation
sequences\seq_MEKUNU_2018_4696.npy,sequences\tgt_MEKUNU_2018_4696.npy,MEKUNU,2018,2018-05-22 12:30:00,validation
sequences\seq_MEKUNU_2018_4697.npy,sequences\tgt_MEKUNU_2018_4697.npy,MEKUNU,2018,2018-05-22 12:45:00,validation
sequences\seq_MEKUNU_2018_4698.npy,sequences\tgt_MEKUNU_2018_4698.npy,MEKUNU,2018,2018-05-22 13:00:00,validation
sequences\seq_MEKUNU_2018_4699.npy,sequences\tgt_MEKUNU_2018_4699.npy,MEKUNU,2018,2018-05-22 13:15:00,validation
sequences\seq_MEKUNU_2018_4700.npy,sequences\tgt_MEKUNU_2018_4700.npy,MEKUNU,2018,2018-05-22 13:30:00,validation
sequences\seq_MEKUNU_2018_4701.npy,sequences\tgt_MEKUNU_2018_4701.npy,MEKUNU,2018,2018-05-22 13:45:00,validation
sequences\seq_MEKUNU_2018_4702.npy,sequences\tgt_MEKUNU_2018_4702.npy,MEKUNU,2018,2018-05-22 14:00:00,validation
sequences\seq_MEKUNU_2018_4703.npy,sequences\tgt_MEKUNU_2018_4703.npy,MEKUNU,2018,2018-05-22 14:15:00,validation
sequences\seq_MEKUNU_2018_4704.npy,sequences\tgt_MEKUNU_2018_4704.npy,MEKUNU,2018,2018-05-22 14:30:00,validation
sequences\seq_MEKUNU_2018_4705.npy,sequences\tgt_MEKUNU_2018_4705.npy,MEKUNU,2018,2018-05-22 14:45:00,validation
sequences\seq_MEKUNU_2018_4706.npy,sequences\tgt_MEKUNU_2018_4706.npy,MEKUNU,2018,2018-05-22 15:00:00,validation
sequences\seq_MEKUNU_2018_4707.npy,sequences\tgt_MEKUNU_2018_4707.npy,MEKUNU,2018,2018-05-22 15:15:00,validation
sequences\seq_MEKUNU_2018_4708.npy,sequences\tgt_MEKUNU_2018_4708.npy,MEKUNU,2018,2018-05-22 15:30:00,validation
sequences\seq_MEKUNU_2018_4709.npy,sequences\tgt_MEKUNU_2018_4709.npy,MEKUNU,2018,2018-05-22 15:45:00,validation
sequences\seq_MEKUNU_2018_4710.npy,sequences\tgt_MEKUNU_2018_4710.npy,MEKUNU,2018,2018-05-22 16:00:00,validation
sequences\seq_MEKUNU_2018_4711.npy,sequences\tgt_MEKUNU_2018_4711.npy,MEKUNU,2018,2018-05-22 16:15:00,validation
sequences\seq_MEKUNU_2018_4712.npy,sequences\tgt_MEKUNU_2018_4712.npy,MEKUNU,2018,2018-05-22 16:30:00,validation
sequences\seq_MEKUNU_2018_4713.npy,sequences\tgt_MEKUNU_2018_4713.npy,MEKUNU,2018,2018-05-22 16:45:00,validation
sequences\seq_MEKUNU_2018_4714.npy,sequences\tgt_MEKUNU_2018_4714.npy,MEKUNU,2018,2018-05-22 17:00:00,validation
sequences\seq_MEKUNU_2018_4715.npy,sequences\tgt_MEKUNU_2018_4715.npy,MEKUNU,2018,2018-05-22 17:15:00,validation
sequences\seq_MEKUNU_2018_4716.npy,sequences\tgt_MEKUNU_2018_4716.npy,MEKUNU,2018,2018-05-22 17:30:00,validation
sequences\seq_MEKUNU_2018_4717.npy,sequences\tgt_MEKUNU_2018_4717.npy,MEKUNU,2018,2018-05-22 17:45:00,validation
sequences\seq_MEKUNU_2018_4718.npy,sequences\tgt_MEKUNU_2018_4718.npy,MEKUNU,2018,2018-05-22 18:00:00,validation
sequences\seq_MEKUNU_2018_4719.npy,sequences\tgt_MEKUNU_2018_4719.npy,MEKUNU,2018,2018-05-22 18:15:00,validation
sequences\seq_MEKUNU_2018_4720.npy,sequences\tgt_MEKUNU_2018_4720.npy,MEKUNU,2018,2018-05-22 18:30:00,validation
sequences\seq_MEKUNU_2018_4721.npy,sequences\tgt_MEKUNU_2018_4721.npy,MEKUNU,2018,2018-05-22 18:45:00,validation
sequences\seq_MEKUNU_2018_4722.npy,sequences\tgt_MEKUNU_2018_4722.npy,MEKUNU,2018,2018-05-22 19:00:00,validation
sequences\seq_MEKUNU_2018_4723.npy,sequences\tgt_MEKUNU_2018_4723.npy,MEKUNU,2018,2018-05-22 19:15:00,validation
sequences\seq_MEKUNU_2018_4724.npy,sequences\tgt_MEKUNU_2018_4724.npy,MEKUNU,2018,2018-05-22 19:30:00,validation
sequences\seq_MEKUNU_2018_4725.npy,sequences\tgt_MEKUNU_2018_4725.npy,MEKUNU,2018,2018-05-22 19:45:00,validation
sequences\seq_MEKUNU_2018_4726.npy,sequences\tgt_MEKUNU_2018_4726.npy,MEKUNU,2018,2018-05-22 20:00:00,validation
sequences\seq_MEKUNU_2018_4727.npy,sequences\tgt_MEKUNU_2018_4727.npy,MEKUNU,2018,2018-05-22 20:15:00,validation
sequences\seq_MEKUNU_2018_4728.npy,sequences\tgt_MEKUNU_2018_4728.npy,MEKUNU,2018,2018-05-22 20:30:00,validation
sequences\seq_MEKUNU_2018_4729.npy,sequences\tgt_MEKUNU_2018_4729.npy,MEKUNU,2018,2018-05-22 20:45:00,validation
sequences\seq_MEKUNU_2018_4730.npy,sequences\tgt_MEKUNU_2018_4730.npy,MEKUNU,2018,2018-05-22 21:00:00,validation
sequences\seq_MEKUNU_2018_4731.npy,sequences\tgt_MEKUNU_2018_4731.npy,MEKUNU,2018,2018-05-22 21:15:00,validation
sequences\seq_MEKUNU_2018_4732.npy,sequences\tgt_MEKUNU_2018_4732.npy,MEKUNU,2018,2018-05-22 21:30:00,validation
sequences\seq_MEKUNU_2018_4733.npy,sequences\tgt_MEKUNU_2018_4733.npy,MEKUNU,2018,2018-05-22 21:45:00,validation
sequences\seq_MEKUNU_2018_4734.npy,sequences\tgt_MEKUNU_2018_4734.npy,MEKUNU,2018,2018-05-22 22:00:00,validation
sequences\seq_MEKUNU_2018_4735.npy,sequences\tgt_MEKUNU_2018_4735.npy,MEKUNU,2018,2018-05-22 22:15:00,validation
sequences\seq_MEKUNU_2018_4736.npy,sequences\tgt_MEKUNU_2018_4736.npy,MEKUNU,2018,2018-05-22 22:30:00,validation
sequences\seq_MEKUNU_2018_4737.npy,sequences\tgt_MEKUNU_2018_4737.npy,MEKUNU,2018,2018-05-22 22:45:00,validation
sequences\seq_MEKUNU_2018_4738.npy,sequences\tgt_MEKUNU_2018_4738.npy,MEKUNU,2018,2018-05-22 23:00:00,validation
sequences\seq_MEKUNU_2018_4739.npy,sequences\tgt_MEKUNU_2018_4739.npy,MEKUNU,2018,2018-05-22 23:15:00,validation
sequences\seq_MEKUNU_2018_4740.npy,sequences\tgt_MEKUNU_2018_4740.npy,MEKUNU,2018,2018-05-22 23:30:00,validation
sequences\seq_MEKUNU_2018_4741.npy,sequences\tgt_MEKUNU_2018_4741.npy,MEKUNU,2018,2018-05-22 23:45:00,validation
sequences\seq_MEKUNU_2018_4742.npy,sequences\tgt_MEKUNU_2018_4742.npy,MEKUNU,2018,2018-05-23 00:00:00,validation
sequences\seq_MEKUNU_2018_4743.npy,sequences\tgt_MEKUNU_2018_4743.npy,MEKUNU,2018,2018-05-23 00:15:00,validation
sequences\seq_MEKUNU_2018_4744.npy,sequences\tgt_MEKUNU_2018_4744.npy,MEKUNU,2018,2018-05-23 00:30:00,validation
sequences\seq_MEKUNU_2018_4745.npy,sequences\tgt_MEKUNU_2018_4745.npy,MEKUNU,2018,2018-05-23 00:45:00,validation
sequences\seq_MEKUNU_2018_4746.npy,sequences\tgt_MEKUNU_2018_4746.npy,MEKUNU,2018,2018-05-23 01:00:00,validation
sequences\seq_MEKUNU_2018_4747.npy,sequences\tgt_MEKUNU_2018_4747.npy,MEKUNU,2018,2018-05-23 01:15:00,validation
sequences\seq_MEKUNU_2018_4748.npy,sequences\tgt_MEKUNU_2018_4748.npy,MEKUNU,2018,2018-05-23 01:30:00,validation
sequences\seq_MEKUNU_2018_4749.npy,sequences\tgt_MEKUNU_2018_4749.npy,MEKUNU,2018,2018-05-23 01:45:00,validation
sequences\seq_MEKUNU_2018_4750.npy,sequences\tgt_MEKUNU_2018_4750.npy,MEKUNU,2018,2018-05-23 02:00:00,validation
sequences\seq_MEKUNU_2018_4751.npy,sequences\tgt_MEKUNU_2018_4751.npy,MEKUNU,2018,2018-05-23 02:15:00,validation
sequences\seq_MEKUNU_2018_4752.npy,sequences\tgt_MEKUNU_2018_4752.npy,MEKUNU,2018,2018-05-23 02:30:00,validation
sequences\seq_MEKUNU_2018_4753.npy,sequences\tgt_MEKUNU_2018_4753.npy,MEKUNU,2018,2018-05-23 02:45:00,validation
sequences\seq_MEKUNU_2018_4754.npy,sequences\tgt_MEKUNU_2018_4754.npy,MEKUNU,2018,2018-05-23 03:00:00,validation
sequences\seq_MEKUNU_2018_4755.npy,sequences\tgt_MEKUNU_2018_4755.npy,MEKUNU,2018,2018-05-23 03:15:00,validation
sequences\seq_MEKUNU_2018_4756.npy,sequences\tgt_MEKUNU_2018_4756.npy,MEKUNU,2018,2018-05-23 03:30:00,validation
sequences\seq_MEKUNU_2018_4757.npy,sequences\tgt_MEKUNU_2018_4757.npy,MEKUNU,2018,2018-05-23 03:45:00,validation
sequences\seq_MEKUNU_2018_4758.npy,sequences\tgt_MEKUNU_2018_4758.npy,MEKUNU,2018,2018-05-23 04:00:00,validation
sequences\seq_MEKUNU_2018_4759.npy,sequences\tgt_MEKUNU_2018_4759.npy,MEKUNU,2018,2018-05-23 04:30:00,validation
sequences\seq_MEKUNU_2018_4760.npy,sequences\tgt_MEKUNU_2018_4760.npy,MEKUNU,2018,2018-05-23 05:00:00,validation
sequences\seq_MEKUNU_2018_4761.npy,sequences\tgt_MEKUNU_2018_4761.npy,MEKUNU,2018,2018-05-23 05:30:00,validation
sequences\seq_MEKUNU_2018_4762.npy,sequences\tgt_MEKUNU_2018_4762.npy,MEKUNU,2018,2018-05-23 06:00:00,validation
sequences\seq_MEKUNU_2018_4763.npy,sequences\tgt_MEKUNU_2018_4763.npy,MEKUNU,2018,2018-05-23 06:30:00,validation
sequences\seq_MEKUNU_2018_4764.npy,sequences\tgt_MEKUNU_2018_4764.npy,MEKUNU,2018,2018-05-23 06:45:00,validation
sequences\seq_MEKUNU_2018_4765.npy,sequences\tgt_MEKUNU_2018_4765.npy,MEKUNU,2018,2018-05-23 07:00:00,validation
sequences\seq_MEKUNU_2018_4766.npy,sequences\tgt_MEKUNU_2018_4766.npy,MEKUNU,2018,2018-05-23 07:15:00,validation
sequences\seq_MEKUNU_2018_4767.npy,sequences\tgt_MEKUNU_2018_4767.npy,MEKUNU,2018,2018-05-23 07:30:00,validation
sequences\seq_MEKUNU_2018_4768.npy,sequences\tgt_MEKUNU_2018_4768.npy,MEKUNU,2018,2018-05-23 07:45:00,validation
sequences\seq_MEKUNU_2018_4769.npy,sequences\tgt_MEKUNU_2018_4769.npy,MEKUNU,2018,2018-05-23 08:00:00,validation
sequences\seq_MEKUNU_2018_4770.npy,sequences\tgt_MEKUNU_2018_4770.npy,MEKUNU,2018,2018-05-23 08:15:00,validation
sequences\seq_MEKUNU_2018_4771.npy,sequences\tgt_MEKUNU_2018_4771.npy,MEKUNU,2018,2018-05-23 08:30:00,validation
sequences\seq_MEKUNU_2018_4772.npy,sequences\tgt_MEKUNU_2018_4772.npy,MEKUNU,2018,2018-05-23 08:45:00,validation
sequences\seq_MEKUNU_2018_4773.npy,sequences\tgt_MEKUNU_2018_4773.npy,MEKUNU,2018,2018-05-23 09:00:00,validation
sequences\seq_MEKUNU_2018_4774.npy,sequences\tgt_MEKUNU_2018_4774.npy,MEKUNU,2018,2018-05-23 09:15:00,validation
sequences\seq_MEKUNU_2018_4775.npy,sequences\tgt_MEKUNU_2018_4775.npy,MEKUNU,2018,2018-05-23 09:30:00,validation
sequences\seq_MEKUNU_2018_4776.npy,sequences\tgt_MEKUNU_2018_4776.npy,MEKUNU,2018,2018-05-23 10:00:00,validation
sequences\seq_MEKUNU_2018_4777.npy,sequences\tgt_MEKUNU_2018_4777.npy,MEKUNU,2018,2018-05-23 10:30:00,validation
sequences\seq_MEKUNU_2018_4778.npy,sequences\tgt_MEKUNU_2018_4778.npy,MEKUNU,2018,2018-05-23 11:00:00,validation
sequences\seq_MEKUNU_2018_4779.npy,sequences\tgt_MEKUNU_2018_4779.npy,MEKUNU,2018,2018-05-23 11:30:00,validation
sequences\seq_MEKUNU_2018_4780.npy,sequences\tgt_MEKUNU_2018_4780.npy,MEKUNU,2018,2018-05-23 12:00:00,validation
sequences\seq_MEKUNU_2018_4781.npy,sequences\tgt_MEKUNU_2018_4781.npy,MEKUNU,2018,2018-05-23 12:15:00,validation
sequences\seq_MEKUNU_2018_4782.npy,sequences\tgt_MEKUNU_2018_4782.npy,MEKUNU,2018,2018-05-23 12:30:00,validation
sequences\seq_MEKUNU_2018_4783.npy,sequences\tgt_MEKUNU_2018_4783.npy,MEKUNU,2018,2018-05-23 12:45:00,validation
sequences\seq_MEKUNU_2018_4784.npy,sequences\tgt_MEKUNU_2018_4784.npy,MEKUNU,2018,2018-05-23 13:00:00,validation
sequences\seq_MEKUNU_2018_4785.npy,sequences\tgt_MEKUNU_2018_4785.npy,MEKUNU,2018,2018-05-23 13:15:00,validation
sequences\seq_MEKUNU_2018_4786.npy,sequences\tgt_MEKUNU_2018_4786.npy,MEKUNU,2018,2018-05-23 13:30:00,validation
sequences\seq_MEKUNU_2018_4787.npy,sequences\tgt_MEKUNU_2018_4787.npy,MEKUNU,2018,2018-05-23 13:45:00,validation
sequences\seq_MEKUNU_2018_4788.npy,sequences\tgt_MEKUNU_2018_4788.npy,MEKUNU,2018,2018-05-23 14:00:00,validation
sequences\seq_MEKUNU_2018_4789.npy,sequences\tgt_MEKUNU_2018_4789.npy,MEKUNU,2018,2018-05-23 14:15:00,validation
sequences\seq_MEKUNU_2018_4790.npy,sequences\tgt_MEKUNU_2018_4790.npy,MEKUNU,2018,2018-05-23 14:30:00,validation
sequences\seq_MEKUNU_2018_4791.npy,sequences\tgt_MEKUNU_2018_4791.npy,MEKUNU,2018,2018-05-23 14:45:00,validation
sequences\seq_MEKUNU_2018_4792.npy,sequences\tgt_MEKUNU_2018_4792.npy,MEKUNU,2018,2018-05-23 15:00:00,validation
sequences\seq_MEKUNU_2018_4793.npy,sequences\tgt_MEKUNU_2018_4793.npy,MEKUNU,2018,2018-05-23 15:15:00,validation
sequences\seq_MEKUNU_2018_4794.npy,sequences\tgt_MEKUNU_2018_4794.npy,MEKUNU,2018,2018-05-23 15:30:00,validation
sequences\seq_MEKUNU_2018_4795.npy,sequences\tgt_MEKUNU_2018_4795.npy,MEKUNU,2018,2018-05-23 15:45:00,validation
sequences\seq_MEKUNU_2018_4796.npy,sequences\tgt_MEKUNU_2018_4796.npy,MEKUNU,2018,2018-05-23 16:00:00,validation
sequences\seq_MEKUNU_2018_4797.npy,sequences\tgt_MEKUNU_2018_4797.npy,MEKUNU,2018,2018-05-23 16:15:00,validation
sequences\seq_MEKUNU_2018_4798.npy,sequences\tgt_MEKUNU_2018_4798.npy,MEKUNU,2018,2018-05-23 16:30:00,validation
sequences\seq_MEKUNU_2018_4799.npy,sequences\tgt_MEKUNU_2018_4799.npy,MEKUNU,2018,2018-05-23 16:45:00,validation
sequences\seq_MEKUNU_2018_4800.npy,sequences\tgt_MEKUNU_2018_4800.npy,MEKUNU,2018,2018-05-23 17:00:00,validation
sequences\seq_MEKUNU_2018_4801.npy,sequences\tgt_MEKUNU_2018_4801.npy,MEKUNU,2018,2018-05-23 17:15:00,validation
sequences\seq_MEKUNU_2018_4802.npy,sequences\tgt_MEKUNU_2018_4802.npy,MEKUNU,2018,2018-05-23 17:30:00,validation
sequences\seq_MEKUNU_2018_4803.npy,sequences\tgt_MEKUNU_2018_4803.npy,MEKUNU,2018,2018-05-23 17:45:00,validation
sequences\seq_MEKUNU_2018_4804.npy,sequences\tgt_MEKUNU_2018_4804.npy,MEKUNU,2018,2018-05-23 18:00:00,validation
sequences\seq_MEKUNU_2018_4805.npy,sequences\tgt_MEKUNU_2018_4805.npy,MEKUNU,2018,2018-05-23 18:15:00,validation
sequences\seq_MEKUNU_2018_4806.npy,sequences\tgt_MEKUNU_2018_4806.npy,MEKUNU,2018,2018-05-23 18:30:00,validation
sequences\seq_MEKUNU_2018_4807.npy,sequences\tgt_MEKUNU_2018_4807.npy,MEKUNU,2018,2018-05-23 18:45:00,validation
sequences\seq_MEKUNU_2018_4808.npy,sequences\tgt_MEKUNU_2018_4808.npy,MEKUNU,2018,2018-05-23 19:00:00,validation
sequences\seq_MEKUNU_2018_4809.npy,sequences\tgt_MEKUNU_2018_4809.npy,MEKUNU,2018,2018-05-23 19:15:00,validation
sequences\seq_MEKUNU_2018_4810.npy,sequences\tgt_MEKUNU_2018_4810.npy,MEKUNU,2018,2018-05-23 19:30:00,validation
sequences\seq_MEKUNU_2018_4811.npy,sequences\tgt_MEKUNU_2018_4811.npy,MEKUNU,2018,2018-05-23 19:45:00,validation
sequences\seq_MEKUNU_2018_4812.npy,sequences\tgt_MEKUNU_2018_4812.npy,MEKUNU,2018,2018-05-23 20:00:00,validation
sequences\seq_MEKUNU_2018_4813.npy,sequences\tgt_MEKUNU_2018_4813.npy,MEKUNU,2018,2018-05-23 20:15:00,validation
sequences\seq_MEKUNU_2018_4814.npy,sequences\tgt_MEKUNU_2018_4814.npy,MEKUNU,2018,2018-05-23 20:30:00,validation
sequences\seq_MEKUNU_2018_4815.npy,sequences\tgt_MEKUNU_2018_4815.npy,MEKUNU,2018,2018-05-23 20:45:00,validation
sequences\seq_MEKUNU_2018_4816.npy,sequences\tgt_MEKUNU_2018_4816.npy,MEKUNU,2018,2018-05-23 21:00:00,validation
sequences\seq_MEKUNU_2018_4817.npy,sequences\tgt_MEKUNU_2018_4817.npy,MEKUNU,2018,2018-05-23 21:15:00,validation
sequences\seq_MEKUNU_2018_4818.npy,sequences\tgt_MEKUNU_2018_4818.npy,MEKUNU,2018,2018-05-23 21:30:00,validation
sequences\seq_MEKUNU_2018_4819.npy,sequences\tgt_MEKUNU_2018_4819.npy,MEKUNU,2018,2018-05-23 21:45:00,validation
sequences\seq_MEKUNU_2018_4820.npy,sequences\tgt_MEKUNU_2018_4820.npy,MEKUNU,2018,2018-05-23 22:00:00,validation
sequences\seq_MEKUNU_2018_4821.npy,sequences\tgt_MEKUNU_2018_4821.npy,MEKUNU,2018,2018-05-23 22:15:00,validation
sequences\seq_MEKUNU_2018_4822.npy,sequences\tgt_MEKUNU_2018_4822.npy,MEKUNU,2018,2018-05-23 22:30:00,validation
sequences\seq_MEKUNU_2018_4823.npy,sequences\tgt_MEKUNU_2018_4823.npy,MEKUNU,2018,2018-05-23 22:45:00,validation
sequences\seq_MEKUNU_2018_4824.npy,sequences\tgt_MEKUNU_2018_4824.npy,MEKUNU,2018,2018-05-23 23:00:00,validation
sequences\seq_MEKUNU_2018_4825.npy,sequences\tgt_MEKUNU_2018_4825.npy,MEKUNU,2018,2018-05-23 23:15:00,validation
sequences\seq_MEKUNU_2018_4826.npy,sequences\tgt_MEKUNU_2018_4826.npy,MEKUNU,2018,2018-05-23 23:30:00,validation
sequences\seq_MEKUNU_2018_4827.npy,sequences\tgt_MEKUNU_2018_4827.npy,MEKUNU,2018,2018-05-23 23:45:00,validation
sequences\seq_MEKUNU_2018_4828.npy,sequences\tgt_MEKUNU_2018_4828.npy,MEKUNU,2018,2018-05-24 00:00:00,validation
sequences\seq_MEKUNU_2018_4829.npy,sequences\tgt_MEKUNU_2018_4829.npy,MEKUNU,2018,2018-05-24 00:15:00,validation
sequences\seq_MEKUNU_2018_4830.npy,sequences\tgt_MEKUNU_2018_4830.npy,MEKUNU,2018,2018-05-24 00:30:00,validation
sequences\seq_MEKUNU_2018_4831.npy,sequences\tgt_MEKUNU_2018_4831.npy,MEKUNU,2018,2018-05-24 00:45:00,validation
sequences\seq_MEKUNU_2018_4832.npy,sequences\tgt_MEKUNU_2018_4832.npy,MEKUNU,2018,2018-05-24 01:00:00,validation
sequences\seq_MEKUNU_2018_4833.npy,sequences\tgt_MEKUNU_2018_4833.npy,MEKUNU,2018,2018-05-24 01:15:00,validation
sequences\seq_MEKUNU_2018_4834.npy,sequences\tgt_MEKUNU_2018_4834.npy,MEKUNU,2018,2018-05-24 01:30:00,validation
sequences\seq_MEKUNU_2018_4835.npy,sequences\tgt_MEKUNU_2018_4835.npy,MEKUNU,2018,2018-05-24 01:45:00,validation
sequences\seq_MEKUNU_2018_4836.npy,sequences\tgt_MEKUNU_2018_4836.npy,MEKUNU,2018,2018-05-24 02:00:00,validation
sequences\seq_MEKUNU_2018_4837.npy,sequences\tgt_MEKUNU_2018_4837.npy,MEKUNU,2018,2018-05-24 02:15:00,validation
sequences\seq_MEKUNU_2018_4838.npy,sequences\tgt_MEKUNU_2018_4838.npy,MEKUNU,2018,2018-05-24 02:30:00,validation
sequences\seq_MEKUNU_2018_4839.npy,sequences\tgt_MEKUNU_2018_4839.npy,MEKUNU,2018,2018-05-24 02:45:00,validation
sequences\seq_MEKUNU_2018_4840.npy,sequences\tgt_MEKUNU_2018_4840.npy,MEKUNU,2018,2018-05-24 03:00:00,validation
sequences\seq_MEKUNU_2018_4841.npy,sequences\tgt_MEKUNU_2018_4841.npy,MEKUNU,2018,2018-05-24 03:15:00,validation
sequences\seq_MEKUNU_2018_4842.npy,sequences\tgt_MEKUNU_2018_4842.npy,MEKUNU,2018,2018-05-24 03:30:00,validation
sequences\seq_MEKUNU_2018_4843.npy,sequences\tgt_MEKUNU_2018_4843.npy,MEKUNU,2018,2018-05-24 03:45:00,validation
sequences\seq_MEKUNU_2018_4844.npy,sequences\tgt_MEKUNU_2018_4844.npy,MEKUNU,2018,2018-05-24 04:00:00,validation
sequences\seq_MEKUNU_2018_4845.npy,sequences\tgt_MEKUNU_2018_4845.npy,MEKUNU,2018,2018-05-24 04:15:00,validation
sequences\seq_MEKUNU_2018_4846.npy,sequences\tgt_MEKUNU_2018_4846.npy,MEKUNU,2018,2018-05-24 04:30:00,validation
sequences\seq_MEKUNU_2018_4847.npy,sequences\tgt_MEKUNU_2018_4847.npy,MEKUNU,2018,2018-05-24 04:45:00,validation
sequences\seq_MEKUNU_2018_4848.npy,sequences\tgt_MEKUNU_2018_4848.npy,MEKUNU,2018,2018-05-24 05:00:00,validation
sequences\seq_MEKUNU_2018_4849.npy,sequences\tgt_MEKUNU_2018_4849.npy,MEKUNU,2018,2018-05-24 05:15:00,validation
sequences\seq_MEKUNU_2018_4850.npy,sequences\tgt_MEKUNU_2018_4850.npy,MEKUNU,2018,2018-05-24 05:45:00,validation
sequences\seq_MEKUNU_2018_4851.npy,sequences\tgt_MEKUNU_2018_4851.npy,MEKUNU,2018,2018-05-24 06:00:00,validation
sequences\seq_MEKUNU_2018_4852.npy,sequences\tgt_MEKUNU_2018_4852.npy,MEKUNU,2018,2018-05-24 06:15:00,validation
sequences\seq_MEKUNU_2018_4853.npy,sequences\tgt_MEKUNU_2018_4853.npy,MEKUNU,2018,2018-05-24 06:30:00,validation
sequences\seq_MEKUNU_2018_4854.npy,sequences\tgt_MEKUNU_2018_4854.npy,MEKUNU,2018,2018-05-24 06:45:00,validation
sequences\seq_MEKUNU_2018_4855.npy,sequences\tgt_MEKUNU_2018_4855.npy,MEKUNU,2018,2018-05-24 07:00:00,validation
sequences\seq_MEKUNU_2018_4856.npy,sequences\tgt_MEKUNU_2018_4856.npy,MEKUNU,2018,2018-05-24 07:15:00,validation
sequences\seq_MEKUNU_2018_4857.npy,sequences\tgt_MEKUNU_2018_4857.npy,MEKUNU,2018,2018-05-24 07:30:00,validation
sequences\seq_MEKUNU_2018_4858.npy,sequences\tgt_MEKUNU_2018_4858.npy,MEKUNU,2018,2018-05-24 07:45:00,validation
sequences\seq_MEKUNU_2018_4859.npy,sequences\tgt_MEKUNU_2018_4859.npy,MEKUNU,2018,2018-05-24 08:00:00,validation
sequences\seq_MEKUNU_2018_4860.npy,sequences\tgt_MEKUNU_2018_4860.npy,MEKUNU,2018,2018-05-24 08:15:00,validation
sequences\seq_MEKUNU_2018_4861.npy,sequences\tgt_MEKUNU_2018_4861.npy,MEKUNU,2018,2018-05-24 08:30:00,validation
sequences\seq_MEKUNU_2018_4862.npy,sequences\tgt_MEKUNU_2018_4862.npy,MEKUNU,2018,2018-05-24 08:45:00,validation
sequences\seq_MEKUNU_2018_4863.npy,sequences\tgt_MEKUNU_2018_4863.npy,MEKUNU,2018,2018-05-24 09:00:00,validation
sequences\seq_MEKUNU_2018_4864.npy,sequences\tgt_MEKUNU_2018_4864.npy,MEKUNU,2018,2018-05-24 09:15:00,validation
sequences\seq_MEKUNU_2018_4865.npy,sequences\tgt_MEKUNU_2018_4865.npy,MEKUNU,2018,2018-05-24 09:30:00,validation
sequences\seq_MEKUNU_2018_4866.npy,sequences\tgt_MEKUNU_2018_4866.npy,MEKUNU,2018,2018-05-24 09:45:00,validation
sequences\seq_MEKUNU_2018_4867.npy,sequences\tgt_MEKUNU_2018_4867.npy,MEKUNU,2018,2018-05-24 10:00:00,validation
sequences\seq_MEKUNU_2018_4868.npy,sequences\tgt_MEKUNU_2018_4868.npy,MEKUNU,2018,2018-05-24 10:15:00,validation
sequences\seq_MEKUNU_2018_4869.npy,sequences\tgt_MEKUNU_2018_4869.npy,MEKUNU,2018,2018-05-24 10:30:00,validation
sequences\seq_MEKUNU_2018_4870.npy,sequences\tgt_MEKUNU_2018_4870.npy,MEKUNU,2018,2018-05-24 10:45:00,validation
sequences\seq_MEKUNU_2018_4871.npy,sequences\tgt_MEKUNU_2018_4871.npy,MEKUNU,2018,2018-05-24 11:00:00,validation
sequences\seq_MEKUNU_2018_4872.npy,sequences\tgt_MEKUNU_2018_4872.npy,MEKUNU,2018,2018-05-24 11:15:00,validation
sequences\seq_MEKUNU_2018_4873.npy,sequences\tgt_MEKUNU_2018_4873.npy,MEKUNU,2018,2018-05-24 11:30:00,validation
sequences\seq_MEKUNU_2018_4874.npy,sequences\tgt_MEKUNU_2018_4874.npy,MEKUNU,2018,2018-05-24 11:45:00,validation
sequences\seq_MEKUNU_2018_4875.npy,sequences\tgt_MEKUNU_2018_4875.npy,MEKUNU,2018,2018-05-24 12:00:00,validation
sequences\seq_MEKUNU_2018_4876.npy,sequences\tgt_MEKUNU_2018_4876.npy,MEKUNU,2018,2018-05-24 12:15:00,validation
sequences\seq_MEKUNU_2018_4877.npy,sequences\tgt_MEKUNU_2018_4877.npy,MEKUNU,2018,2018-05-24 12:30:00,validation
sequences\seq_MEKUNU_2018_4878.npy,sequences\tgt_MEKUNU_2018_4878.npy,MEKUNU,2018,2018-05-24 12:45:00,validation
sequences\seq_MEKUNU_2018_4879.npy,sequences\tgt_MEKUNU_2018_4879.npy,MEKUNU,2018,2018-05-24 13:00:00,validation
sequences\seq_MEKUNU_2018_4880.npy,sequences\tgt_MEKUNU_2018_4880.npy,MEKUNU,2018,2018-05-24 13:15:00,validation
sequences\seq_MEKUNU_2018_4881.npy,sequences\tgt_MEKUNU_2018_4881.npy,MEKUNU,2018,2018-05-24 13:30:00,validation
sequences\seq_MEKUNU_2018_4882.npy,sequences\tgt_MEKUNU_2018_4882.npy,MEKUNU,2018,2018-05-24 13:45:00,validation
sequences\seq_MEKUNU_2018_4883.npy,sequences\tgt_MEKUNU_2018_4883.npy,MEKUNU,2018,2018-05-24 14:00:00,validation
sequences\seq_MEKUNU_2018_4884.npy,sequences\tgt_MEKUNU_2018_4884.npy,MEKUNU,2018,2018-05-24 14:15:00,validation
sequences\seq_MEKUNU_2018_4885.npy,sequences\tgt_MEKUNU_2018_4885.npy,MEKUNU,2018,2018-05-24 14:30:00,validation
sequences\seq_MEKUNU_2018_4886.npy,sequences\tgt_MEKUNU_2018_4886.npy,MEKUNU,2018,2018-05-24 14:45:00,validation
sequences\seq_MEKUNU_2018_4887.npy,sequences\tgt_MEKUNU_2018_4887.npy,MEKUNU,2018,2018-05-24 15:00:00,validation
sequences\seq_MEKUNU_2018_4888.npy,sequences\tgt_MEKUNU_2018_4888.npy,MEKUNU,2018,2018-05-24 15:15:00,validation
sequences\seq_MEKUNU_2018_4889.npy,sequences\tgt_MEKUNU_2018_4889.npy,MEKUNU,2018,2018-05-24 15:30:00,validation
sequences\seq_MEKUNU_2018_4890.npy,sequences\tgt_MEKUNU_2018_4890.npy,MEKUNU,2018,2018-05-24 15:45:00,validation
sequences\seq_MEKUNU_2018_4891.npy,sequences\tgt_MEKUNU_2018_4891.npy,MEKUNU,2018,2018-05-24 16:00:00,validation
sequences\seq_MEKUNU_2018_4892.npy,sequences\tgt_MEKUNU_2018_4892.npy,MEKUNU,2018,2018-05-24 16:15:00,validation
sequences\seq_MEKUNU_2018_4893.npy,sequences\tgt_MEKUNU_2018_4893.npy,MEKUNU,2018,2018-05-24 16:30:00,validation
sequences\seq_MEKUNU_2018_4894.npy,sequences\tgt_MEKUNU_2018_4894.npy,MEKUNU,2018,2018-05-24 16:45:00,validation
sequences\seq_MEKUNU_2018_4895.npy,sequences\tgt_MEKUNU_2018_4895.npy,MEKUNU,2018,2018-05-24 17:00:00,validation
sequences\seq_MEKUNU_2018_4896.npy,sequences\tgt_MEKUNU_2018_4896.npy,MEKUNU,2018,2018-05-24 17:15:00,validation
sequences\seq_MEKUNU_2018_4897.npy,sequences\tgt_MEKUNU_2018_4897.npy,MEKUNU,2018,2018-05-24 17:30:00,validation
sequences\seq_MEKUNU_2018_4898.npy,sequences\tgt_MEKUNU_2018_4898.npy,MEKUNU,2018,2018-05-24 17:45:00,validation
sequences\seq_MEKUNU_2018_4899.npy,sequences\tgt_MEKUNU_2018_4899.npy,MEKUNU,2018,2018-05-24 18:00:00,validation
sequences\seq_MEKUNU_2018_4900.npy,sequences\tgt_MEKUNU_2018_4900.npy,MEKUNU,2018,2018-05-24 18:15:00,validation
sequences\seq_MEKUNU_2018_4901.npy,sequences\tgt_MEKUNU_2018_4901.npy,MEKUNU,2018,2018-05-24 18:30:00,validation
sequences\seq_MEKUNU_2018_4902.npy,sequences\tgt_MEKUNU_2018_4902.npy,MEKUNU,2018,2018-05-24 18:45:00,validation
sequences\seq_MEKUNU_2018_4903.npy,sequences\tgt_MEKUNU_2018_4903.npy,MEKUNU,2018,2018-05-24 19:00:00,validation
sequences\seq_MEKUNU_2018_4904.npy,sequences\tgt_MEKUNU_2018_4904.npy,MEKUNU,2018,2018-05-24 19:15:00,validation
sequences\seq_MEKUNU_2018_4905.npy,sequences\tgt_MEKUNU_2018_4905.npy,MEKUNU,2018,2018-05-24 19:30:00,validation
sequences\seq_MEKUNU_2018_4906.npy,sequences\tgt_MEKUNU_2018_4906.npy,MEKUNU,2018,2018-05-24 19:45:00,validation
sequences\seq_MEKUNU_2018_4907.npy,sequences\tgt_MEKUNU_2018_4907.npy,MEKUNU,2018,2018-05-24 20:00:00,validation
sequences\seq_MEKUNU_2018_4908.npy,sequences\tgt_MEKUNU_2018_4908.npy,MEKUNU,2018,2018-05-24 20:15:00,validation
sequences\seq_MEKUNU_2018_4909.npy,sequences\tgt_MEKUNU_2018_4909.npy,MEKUNU,2018,2018-05-24 20:30:00,validation
sequences\seq_MEKUNU_2018_4910.npy,sequences\tgt_MEKUNU_2018_4910.npy,MEKUNU,2018,2018-05-24 20:45:00,validation
sequences\seq_MEKUNU_2018_4911.npy,sequences\tgt_MEKUNU_2018_4911.npy,MEKUNU,2018,2018-05-24 21:00:00,validation
sequences\seq_MEKUNU_2018_4912.npy,sequences\tgt_MEKUNU_2018_4912.npy,MEKUNU,2018,2018-05-24 21:15:00,validation
sequences\seq_MEKUNU_2018_4913.npy,sequences\tgt_MEKUNU_2018_4913.npy,MEKUNU,2018,2018-05-24 21:30:00,validation
sequences\seq_MEKUNU_2018_4914.npy,sequences\tgt_MEKUNU_2018_4914.npy,MEKUNU,2018,2018-05-24 21:45:00,validation
sequences\seq_MEKUNU_2018_4915.npy,sequences\tgt_MEKUNU_2018_4915.npy,MEKUNU,2018,2018-05-24 22:00:00,validation
sequences\seq_MEKUNU_2018_4916.npy,sequences\tgt_MEKUNU_2018_4916.npy,MEKUNU,2018,2018-05-24 22:15:00,validation
sequences\seq_MEKUNU_2018_4917.npy,sequences\tgt_MEKUNU_2018_4917.npy,MEKUNU,2018,2018-05-24 22:30:00,validation
sequences\seq_MEKUNU_2018_4918.npy,sequences\tgt_MEKUNU_2018_4918.npy,MEKUNU,2018,2018-05-24 22:45:00,validation
sequences\seq_MEKUNU_2018_4919.npy,sequences\tgt_MEKUNU_2018_4919.npy,MEKUNU,2018,2018-05-24 23:00:00,validation
sequences\seq_MEKUNU_2018_4920.npy,sequences\tgt_MEKUNU_2018_4920.npy,MEKUNU,2018,2018-05-24 23:15:00,validation
sequences\seq_MEKUNU_2018_4921.npy,sequences\tgt_MEKUNU_2018_4921.npy,MEKUNU,2018,2018-05-24 23:30:00,validation
sequences\seq_MEKUNU_2018_4922.npy,sequences\tgt_MEKUNU_2018_4922.npy,MEKUNU,2018,2018-05-24 23:45:00,validation
sequences\seq_MEKUNU_2018_4923.npy,sequences\tgt_MEKUNU_2018_4923.npy,MEKUNU,2018,2018-05-25 00:00:00,validation
sequences\seq_MEKUNU_2018_4924.npy,sequences\tgt_MEKUNU_2018_4924.npy,MEKUNU,2018,2018-05-25 00:15:00,validation
sequences\seq_MEKUNU_2018_4925.npy,sequences\tgt_MEKUNU_2018_4925.npy,MEKUNU,2018,2018-05-25 00:30:00,validation
sequences\seq_MEKUNU_2018_4926.npy,sequences\tgt_MEKUNU_2018_4926.npy,MEKUNU,2018,2018-05-25 00:45:00,validation
sequences\seq_MEKUNU_2018_4927.npy,sequences\tgt_MEKUNU_2018_4927.npy,MEKUNU,2018,2018-05-25 01:00:00,validation
sequences\seq_MEKUNU_2018_4928.npy,sequences\tgt_MEKUNU_2018_4928.npy,MEKUNU,2018,2018-05-25 01:15:00,validation
sequences\seq_MEKUNU_2018_4929.npy,sequences\tgt_MEKUNU_2018_4929.npy,MEKUNU,2018,2018-05-25 01:30:00,validation
sequences\seq_MEKUNU_2018_4930.npy,sequences\tgt_MEKUNU_2018_4930.npy,MEKUNU,2018,2018-05-25 01:45:00,validation
sequences\seq_MEKUNU_2018_4931.npy,sequences\tgt_MEKUNU_2018_4931.npy,MEKUNU,2018,2018-05-25 02:00:00,validation
sequences\seq_MEKUNU_2018_4932.npy,sequences\tgt_MEKUNU_2018_4932.npy,MEKUNU,2018,2018-05-25 02:15:00,validation
sequences\seq_MEKUNU_2018_4933.npy,sequences\tgt_MEKUNU_2018_4933.npy,MEKUNU,2018,2018-05-25 02:30:00,validation
sequences\seq_MEKUNU_2018_4934.npy,sequences\tgt_MEKUNU_2018_4934.npy,MEKUNU,2018,2018-05-25 02:45:00,validation
sequences\seq_MEKUNU_2018_4935.npy,sequences\tgt_MEKUNU_2018_4935.npy,MEKUNU,2018,2018-05-25 03:00:00,validation
sequences\seq_MEKUNU_2018_4936.npy,sequences\tgt_MEKUNU_2018_4936.npy,MEKUNU,2018,2018-05-25 03:15:00,validation
sequences\seq_MEKUNU_2018_4937.npy,sequences\tgt_MEKUNU_2018_4937.npy,MEKUNU,2018,2018-05-25 03:45:00,validation
sequences\seq_MEKUNU_2018_4938.npy,sequences\tgt_MEKUNU_2018_4938.npy,MEKUNU,2018,2018-05-25 04:15:00,validation
sequences\seq_MEKUNU_2018_4939.npy,sequences\tgt_MEKUNU_2018_4939.npy,MEKUNU,2018,2018-05-25 04:30:00,validation
sequences\seq_MEKUNU_2018_4940.npy,sequences\tgt_MEKUNU_2018_4940.npy,MEKUNU,2018,2018-05-25 04:45:00,validation
sequences\seq_MEKUNU_2018_4941.npy,sequences\tgt_MEKUNU_2018_4941.npy,MEKUNU,2018,2018-05-25 05:00:00,validation
sequences\seq_MEKUNU_2018_4942.npy,sequences\tgt_MEKUNU_2018_4942.npy,MEKUNU,2018,2018-05-25 05:15:00,validation
sequences\seq_MEKUNU_2018_4943.npy,sequences\tgt_MEKUNU_2018_4943.npy,MEKUNU,2018,2018-05-25 05:30:00,validation
sequences\seq_MEKUNU_2018_4944.npy,sequences\tgt_MEKUNU_2018_4944.npy,MEKUNU,2018,2018-05-25 05:45:00,validation
sequences\seq_MEKUNU_2018_4945.npy,sequences\tgt_MEKUNU_2018_4945.npy,MEKUNU,2018,2018-05-25 06:00:00,validation
sequences\seq_MEKUNU_2018_4946.npy,sequences\tgt_MEKUNU_2018_4946.npy,MEKUNU,2018,2018-05-25 06:15:00,validation
sequences\seq_MEKUNU_2018_4947.npy,sequences\tgt_MEKUNU_2018_4947.npy,MEKUNU,2018,2018-05-25 06:30:00,validation
sequences\seq_MEKUNU_2018_4948.npy,sequences\tgt_MEKUNU_2018_4948.npy,MEKUNU,2018,2018-05-25 06:45:00,validation
sequences\seq_MEKUNU_2018_4949.npy,sequences\tgt_MEKUNU_2018_4949.npy,MEKUNU,2018,2018-05-25 07:00:00,validation
sequences\seq_MEKUNU_2018_4950.npy,sequences\tgt_MEKUNU_2018_4950.npy,MEKUNU,2018,2018-05-25 07:15:00,validation
sequences\seq_MEKUNU_2018_4951.npy,sequences\tgt_MEKUNU_2018_4951.npy,MEKUNU,2018,2018-05-25 07:30:00,validation
sequences\seq_MEKUNU_2018_4952.npy,sequences\tgt_MEKUNU_2018_4952.npy,MEKUNU,2018,2018-05-25 07:45:00,validation
sequences\seq_MEKUNU_2018_4953.npy,sequences\tgt_MEKUNU_2018_4953.npy,MEKUNU,2018,2018-05-25 08:00:00,validation
sequences\seq_MEKUNU_2018_4954.npy,sequences\tgt_MEKUNU_2018_4954.npy,MEKUNU,2018,2018-05-25 08:15:00,validation
sequences\seq_MEKUNU_2018_4955.npy,sequences\tgt_MEKUNU_2018_4955.npy,MEKUNU,2018,2018-05-25 08:30:00,validation
sequences\seq_MEKUNU_2018_4956.npy,sequences\tgt_MEKUNU_2018_4956.npy,MEKUNU,2018,2018-05-25 08:45:00,validation
sequences\seq_MEKUNU_2018_4957.npy,sequences\tgt_MEKUNU_2018_4957.npy,MEKUNU,2018,2018-05-25 09:00:00,validation
sequences\seq_MEKUNU_2018_4958.npy,sequences\tgt_MEKUNU_2018_4958.npy,MEKUNU,2018,2018-05-25 09:15:00,validation
sequences\seq_MEKUNU_2018_4959.npy,sequences\tgt_MEKUNU_2018_4959.npy,MEKUNU,2018,2018-05-25 09:30:00,validation
sequences\seq_MEKUNU_2018_4960.npy,sequences\tgt_MEKUNU_2018_4960.npy,MEKUNU,2018,2018-05-25 09:45:00,validation
sequences\seq_MEKUNU_2018_4961.npy,sequences\tgt_MEKUNU_2018_4961.npy,MEKUNU,2018,2018-05-25 10:00:00,validation
sequences\seq_MEKUNU_2018_4962.npy,sequences\tgt_MEKUNU_2018_4962.npy,MEKUNU,2018,2018-05-25 10:15:00,validation
sequences\seq_MEKUNU_2018_4963.npy,sequences\tgt_MEKUNU_2018_4963.npy,MEKUNU,2018,2018-05-25 10:30:00,validation
sequences\seq_MEKUNU_2018_4964.npy,sequences\tgt_MEKUNU_2018_4964.npy,MEKUNU,2018,2018-05-25 11:00:00,validation
sequences\seq_MEKUNU_2018_4965.npy,sequences\tgt_MEKUNU_2018_4965.npy,MEKUNU,2018,2018-05-25 11:30:00,validation
sequences\seq_MEKUNU_2018_4966.npy,sequences\tgt_MEKUNU_2018_4966.npy,MEKUNU,2018,2018-05-25 11:45:00,validation
sequences\seq_MEKUNU_2018_4967.npy,sequences\tgt_MEKUNU_2018_4967.npy,MEKUNU,2018,2018-05-25 12:00:00,validation
sequences\seq_MEKUNU_2018_4968.npy,sequences\tgt_MEKUNU_2018_4968.npy,MEKUNU,2018,2018-05-25 12:15:00,validation
sequences\seq_MEKUNU_2018_4969.npy,sequences\tgt_MEKUNU_2018_4969.npy,MEKUNU,2018,2018-05-25 12:30:00,validation
sequences\seq_MEKUNU_2018_4970.npy,sequences\tgt_MEKUNU_2018_4970.npy,MEKUNU,2018,2018-05-25 12:45:00,validation
sequences\seq_MEKUNU_2018_4971.npy,sequences\tgt_MEKUNU_2018_4971.npy,MEKUNU,2018,2018-05-25 13:00:00,validation
sequences\seq_MEKUNU_2018_4972.npy,sequences\tgt_MEKUNU_2018_4972.npy,MEKUNU,2018,2018-05-25 13:15:00,validation
sequences\seq_MEKUNU_2018_4973.npy,sequences\tgt_MEKUNU_2018_4973.npy,MEKUNU,2018,2018-05-25 13:30:00,validation
sequences\seq_MEKUNU_2018_4974.npy,sequences\tgt_MEKUNU_2018_4974.npy,MEKUNU,2018,2018-05-25 13:45:00,validation
sequences\seq_MEKUNU_2018_4975.npy,sequences\tgt_MEKUNU_2018_4975.npy,MEKUNU,2018,2018-05-25 14:00:00,validation
sequences\seq_MEKUNU_2018_4976.npy,sequences\tgt_MEKUNU_2018_4976.npy,MEKUNU,2018,2018-05-25 14:15:00,validation
sequences\seq_MEKUNU_2018_4977.npy,sequences\tgt_MEKUNU_2018_4977.npy,MEKUNU,2018,2018-05-25 14:30:00,validation
sequences\seq_MEKUNU_2018_4978.npy,sequences\tgt_MEKUNU_2018_4978.npy,MEKUNU,2018,2018-05-25 14:45:00,validation
sequences\seq_MEKUNU_2018_4979.npy,sequences\tgt_MEKUNU_2018_4979.npy,MEKUNU,2018,2018-05-25 15:00:00,validation
sequences\seq_MEKUNU_2018_4980.npy,sequences\tgt_MEKUNU_2018_4980.npy,MEKUNU,2018,2018-05-25 15:15:00,validation
sequences\seq_MEKUNU_2018_4981.npy,sequences\tgt_MEKUNU_2018_4981.npy,MEKUNU,2018,2018-05-25 15:30:00,validation
sequences\seq_MEKUNU_2018_4982.npy,sequences\tgt_MEKUNU_2018_4982.npy,MEKUNU,2018,2018-05-25 15:45:00,validation
sequences\seq_MEKUNU_2018_4983.npy,sequences\tgt_MEKUNU_2018_4983.npy,MEKUNU,2018,2018-05-25 16:00:00,validation
sequences\seq_MEKUNU_2018_4984.npy,sequences\tgt_MEKUNU_2018_4984.npy,MEKUNU,2018,2018-05-25 16:15:00,validation
sequences\seq_MEKUNU_2018_4985.npy,sequences\tgt_MEKUNU_2018_4985.npy,MEKUNU,2018,2018-05-25 16:30:00,validation
sequences\seq_MEKUNU_2018_4986.npy,sequences\tgt_MEKUNU_2018_4986.npy,MEKUNU,2018,2018-05-25 16:45:00,validation
sequences\seq_MEKUNU_2018_4987.npy,sequences\tgt_MEKUNU_2018_4987.npy,MEKUNU,2018,2018-05-25 17:00:00,validation
sequences\seq_MEKUNU_2018_4988.npy,sequences\tgt_MEKUNU_2018_4988.npy,MEKUNU,2018,2018-05-25 17:15:00,validation
sequences\seq_MEKUNU_2018_4989.npy,sequences\tgt_MEKUNU_2018_4989.npy,MEKUNU,2018,2018-05-25 17:30:00,validation
sequences\seq_MEKUNU_2018_4990.npy,sequences\tgt_MEKUNU_2018_4990.npy,MEKUNU,2018,2018-05-25 17:45:00,validation
sequences\seq_MEKUNU_2018_4991.npy,sequences\tgt_MEKUNU_2018_4991.npy,MEKUNU,2018,2018-05-25 18:00:00,validation
sequences\seq_MEKUNU_2018_4992.npy,sequences\tgt_MEKUNU_2018_4992.npy,MEKUNU,2018,2018-05-25 18:15:00,validation
sequences\seq_MEKUNU_2018_4993.npy,sequences\tgt_MEKUNU_2018_4993.npy,MEKUNU,2018,2018-05-25 18:30:00,validation
sequences\seq_MEKUNU_2018_4994.npy,sequences\tgt_MEKUNU_2018_4994.npy,MEKUNU,2018,2018-05-25 18:45:00,validation
sequences\seq_MEKUNU_2018_4995.npy,sequences\tgt_MEKUNU_2018_4995.npy,MEKUNU,2018,2018-05-25 19:00:00,validation
sequences\seq_MEKUNU_2018_4996.npy,sequences\tgt_MEKUNU_2018_4996.npy,MEKUNU,2018,2018-05-25 19:15:00,validation
sequences\seq_MEKUNU_2018_4997.npy,sequences\tgt_MEKUNU_2018_4997.npy,MEKUNU,2018,2018-05-25 19:30:00,validation
sequences\seq_MEKUNU_2018_4998.npy,sequences\tgt_MEKUNU_2018_4998.npy,MEKUNU,2018,2018-05-25 19:45:00,validation
sequences\seq_MEKUNU_2018_4999.npy,sequences\tgt_MEKUNU_2018_4999.npy,MEKUNU,2018,2018-05-25 20:00:00,validation
sequences\seq_MEKUNU_2018_5000.npy,sequences\tgt_MEKUNU_2018_5000.npy,MEKUNU,2018,2018-05-25 20:15:00,validation
sequences\seq_MEKUNU_2018_5001.npy,sequences\tgt_MEKUNU_2018_5001.npy,MEKUNU,2018,2018-05-25 20:30:00,validation
sequences\seq_MEKUNU_2018_5002.npy,sequences\tgt_MEKUNU_2018_5002.npy,MEKUNU,2018,2018-05-25 20:45:00,validation
sequences\seq_MEKUNU_2018_5003.npy,sequences\tgt_MEKUNU_2018_5003.npy,MEKUNU,2018,2018-05-25 21:00:00,validation
sequences\seq_MEKUNU_2018_5004.npy,sequences\tgt_MEKUNU_2018_5004.npy,MEKUNU,2018,2018-05-25 21:15:00,validation
sequences\seq_MEKUNU_2018_5005.npy,sequences\tgt_MEKUNU_2018_5005.npy,MEKUNU,2018,2018-05-25 21:30:00,validation
sequences\seq_MEKUNU_2018_5006.npy,sequences\tgt_MEKUNU_2018_5006.npy,MEKUNU,2018,2018-05-25 21:45:00,validation
sequences\seq_MEKUNU_2018_5007.npy,sequences\tgt_MEKUNU_2018_5007.npy,MEKUNU,2018,2018-05-25 22:00:00,validation
sequences\seq_MEKUNU_2018_5008.npy,sequences\tgt_MEKUNU_2018_5008.npy,MEKUNU,2018,2018-05-25 22:15:00,validation
sequences\seq_MEKUNU_2018_5009.npy,sequences\tgt_MEKUNU_2018_5009.npy,MEKUNU,2018,2018-05-25 22:30:00,validation
sequences\seq_MEKUNU_2018_5010.npy,sequences\tgt_MEKUNU_2018_5010.npy,MEKUNU,2018,2018-05-25 22:45:00,validation
sequences\seq_MEKUNU_2018_5011.npy,sequences\tgt_MEKUNU_2018_5011.npy,MEKUNU,2018,2018-05-25 23:00:00,validation
sequences\seq_MEKUNU_2018_5012.npy,sequences\tgt_MEKUNU_2018_5012.npy,MEKUNU,2018,2018-05-25 23:15:00,validation
sequences\seq_MEKUNU_2018_5013.npy,sequences\tgt_MEKUNU_2018_5013.npy,MEKUNU,2018,2018-05-25 23:30:00,validation
sequences\seq_MEKUNU_2018_5014.npy,sequences\tgt_MEKUNU_2018_5014.npy,MEKUNU,2018,2018-05-25 23:45:00,validation
sequences\seq_MEKUNU_2018_5015.npy,sequences\tgt_MEKUNU_2018_5015.npy,MEKUNU,2018,2018-05-26 00:00:00,validation
sequences\seq_MEKUNU_2018_5016.npy,sequences\tgt_MEKUNU_2018_5016.npy,MEKUNU,2018,2018-05-26 00:15:00,validation
sequences\seq_MEKUNU_2018_5017.npy,sequences\tgt_MEKUNU_2018_5017.npy,MEKUNU,2018,2018-05-26 00:30:00,validation
sequences\seq_MEKUNU_2018_5018.npy,sequences\tgt_MEKUNU_2018_5018.npy,MEKUNU,2018,2018-05-26 00:45:00,validation
sequences\seq_MEKUNU_2018_5019.npy,sequences\tgt_MEKUNU_2018_5019.npy,MEKUNU,2018,2018-05-26 01:00:00,validation
sequences\seq_MEKUNU_2018_5020.npy,sequences\tgt_MEKUNU_2018_5020.npy,MEKUNU,2018,2018-05-26 01:15:00,validation
sequences\seq_MEKUNU_2018_5021.npy,sequences\tgt_MEKUNU_2018_5021.npy,MEKUNU,2018,2018-05-26 01:30:00,validation
sequences\seq_MEKUNU_2018_5022.npy,sequences\tgt_MEKUNU_2018_5022.npy,MEKUNU,2018,2018-05-26 01:45:00,validation
sequences\seq_MEKUNU_2018_5023.npy,sequences\tgt_MEKUNU_2018_5023.npy,MEKUNU,2018,2018-05-26 02:00:00,validation
sequences\seq_MEKUNU_2018_5024.npy,sequences\tgt_MEKUNU_2018_5024.npy,MEKUNU,2018,2018-05-26 02:15:00,validation
sequences\seq_MEKUNU_2018_5025.npy,sequences\tgt_MEKUNU_2018_5025.npy,MEKUNU,2018,2018-05-26 02:30:00,validation
sequences\seq_MEKUNU_2018_5026.npy,sequences\tgt_MEKUNU_2018_5026.npy,MEKUNU,2018,2018-05-26 02:45:00,validation
sequences\seq_MEKUNU_2018_5027.npy,sequences\tgt_MEKUNU_2018_5027.npy,MEKUNU,2018,2018-05-26 03:00:00,validation
sequences\seq_MEKUNU_2018_5028.npy,sequences\tgt_MEKUNU_2018_5028.npy,MEKUNU,2018,2018-05-26 03:15:00,validation
sequences\seq_MEKUNU_2018_5029.npy,sequences\tgt_MEKUNU_2018_5029.npy,MEKUNU,2018,2018-05-26 03:30:00,validation
sequences\seq_MEKUNU_2018_5030.npy,sequences\tgt_MEKUNU_2018_5030.npy,MEKUNU,2018,2018-05-26 03:45:00,validation
sequences\seq_MEKUNU_2018_5031.npy,sequences\tgt_MEKUNU_2018_5031.npy,MEKUNU,2018,2018-05-26 04:00:00,validation
sequences\seq_MEKUNU_2018_5032.npy,sequences\tgt_MEKUNU_2018_5032.npy,MEKUNU,2018,2018-05-26 04:15:00,validation
sequences\seq_MEKUNU_2018_5033.npy,sequences\tgt_MEKUNU_2018_5033.npy,MEKUNU,2018,2018-05-26 04:30:00,validation
sequences\seq_MEKUNU_2018_5034.npy,sequences\tgt_MEKUNU_2018_5034.npy,MEKUNU,2018,2018-05-26 04:45:00,validation
sequences\seq_MEKUNU_2018_5035.npy,sequences\tgt_MEKUNU_2018_5035.npy,MEKUNU,2018,2018-05-26 05:00:00,validation
sequences\seq_MEKUNU_2018_5036.npy,sequences\tgt_MEKUNU_2018_5036.npy,MEKUNU,2018,2018-05-26 05:15:00,validation
sequences\seq_MEKUNU_2018_5037.npy,sequences\tgt_MEKUNU_2018_5037.npy,MEKUNU,2018,2018-05-26 05:30:00,validation
sequences\seq_MEKUNU_2018_5038.npy,sequences\tgt_MEKUNU_2018_5038.npy,MEKUNU,2018,2018-05-26 05:45:00,validation
sequences\seq_MEKUNU_2018_5039.npy,sequences\tgt_MEKUNU_2018_5039.npy,MEKUNU,2018,2018-05-26 06:00:00,validation
sequences\seq_MEKUNU_2018_5040.npy,sequences\tgt_MEKUNU_2018_5040.npy,MEKUNU,2018,2018-05-26 06:15:00,validation
sequences\seq_MEKUNU_2018_5041.npy,sequences\tgt_MEKUNU_2018_5041.npy,MEKUNU,2018,2018-05-26 06:30:00,validation
sequences\seq_MEKUNU_2018_5042.npy,sequences\tgt_MEKUNU_2018_5042.npy,MEKUNU,2018,2018-05-26 06:45:00,validation
sequences\seq_MEKUNU_2018_5043.npy,sequences\tgt_MEKUNU_2018_5043.npy,MEKUNU,2018,2018-05-26 07:00:00,validation
sequences\seq_MEKUNU_2018_5044.npy,sequences\tgt_MEKUNU_2018_5044.npy,MEKUNU,2018,2018-05-26 07:15:00,validation
sequences\seq_MEKUNU_2018_5045.npy,sequences\tgt_MEKUNU_2018_5045.npy,MEKUNU,2018,2018-05-26 07:30:00,validation
sequences\seq_MEKUNU_2018_5046.npy,sequences\tgt_MEKUNU_2018_5046.npy,MEKUNU,2018,2018-05-26 07:45:00,validation
sequences\seq_MEKUNU_2018_5047.npy,sequences\tgt_MEKUNU_2018_5047.npy,MEKUNU,2018,2018-05-26 08:00:00,validation
sequences\seq_MEKUNU_2018_5048.npy,sequences\tgt_MEKUNU_2018_5048.npy,MEKUNU,2018,2018-05-26 08:15:00,validation
sequences\seq_MEKUNU_2018_5049.npy,sequences\tgt_MEKUNU_2018_5049.npy,MEKUNU,2018,2018-05-26 08:30:00,validation
sequences\seq_MEKUNU_2018_5050.npy,sequences\tgt_MEKUNU_2018_5050.npy,MEKUNU,2018,2018-05-26 08:45:00,validation
sequences\seq_MEKUNU_2018_5051.npy,sequences\tgt_MEKUNU_2018_5051.npy,MEKUNU,2018,2018-05-26 09:00:00,validation
sequences\seq_MEKUNU_2018_5052.npy,sequences\tgt_MEKUNU_2018_5052.npy,MEKUNU,2018,2018-05-26 09:30:00,validation
sequences\seq_MEKUNU_2018_5053.npy,sequences\tgt_MEKUNU_2018_5053.npy,MEKUNU,2018,2018-05-26 09:45:00,validation
sequences\seq_MEKUNU_2018_5054.npy,sequences\tgt_MEKUNU_2018_5054.npy,MEKUNU,2018,2018-05-26 10:00:00,validation
sequences\seq_MEKUNU_2018_5055.npy,sequences\tgt_MEKUNU_2018_5055.npy,MEKUNU,2018,2018-05-26 10:15:00,validation
sequences\seq_MEKUNU_2018_5056.npy,sequences\tgt_MEKUNU_2018_5056.npy,MEKUNU,2018,2018-05-26 10:30:00,validation
sequences\seq_MEKUNU_2018_5057.npy,sequences\tgt_MEKUNU_2018_5057.npy,MEKUNU,2018,2018-05-26 10:45:00,validation
sequences\seq_MEKUNU_2018_5058.npy,sequences\tgt_MEKUNU_2018_5058.npy,MEKUNU,2018,2018-05-26 11:00:00,validation
sequences\seq_MEKUNU_2018_5059.npy,sequences\tgt_MEKUNU_2018_5059.npy,MEKUNU,2018,2018-05-26 11:15:00,validation
sequences\seq_MEKUNU_2018_5060.npy,sequences\tgt_MEKUNU_2018_5060.npy,MEKUNU,2018,2018-05-26 11:30:00,validation
sequences\seq_MEKUNU_2018_5061.npy,sequences\tgt_MEKUNU_2018_5061.npy,MEKUNU,2018,2018-05-26 11:45:00,validation
sequences\seq_MEKUNU_2018_5062.npy,sequences\tgt_MEKUNU_2018_5062.npy,MEKUNU,2018,2018-05-26 12:00:00,validation
sequences\seq_MEKUNU_2018_5063.npy,sequences\tgt_MEKUNU_2018_5063.npy,MEKUNU,2018,2018-05-26 12:15:00,validation
sequences\seq_MEKUNU_2018_5064.npy,sequences\tgt_MEKUNU_2018_5064.npy,MEKUNU,2018,2018-05-26 12:30:00,validation
sequences\seq_MEKUNU_2018_5065.npy,sequences\tgt_MEKUNU_2018_5065.npy,MEKUNU,2018,2018-05-26 12:45:00,validation
sequences\seq_MEKUNU_2018_5066.npy,sequences\tgt_MEKUNU_2018_5066.npy,MEKUNU,2018,2018-05-26 13:00:00,validation
sequences\seq_MEKUNU_2018_5067.npy,sequences\tgt_MEKUNU_2018_5067.npy,MEKUNU,2018,2018-05-26 13:15:00,validation
sequences\seq_MEKUNU_2018_5068.npy,sequences\tgt_MEKUNU_2018_5068.npy,MEKUNU,2018,2018-05-26 13:30:00,validation
sequences\seq_MEKUNU_2018_5069.npy,sequences\tgt_MEKUNU_2018_5069.npy,MEKUNU,2018,2018-05-26 13:45:00,validation
sequences\seq_MEKUNU_2018_5070.npy,sequences\tgt_MEKUNU_2018_5070.npy,MEKUNU,2018,2018-05-26 14:00:00,validation
sequences\seq_MEKUNU_2018_5071.npy,sequences\tgt_MEKUNU_2018_5071.npy,MEKUNU,2018,2018-05-26 14:15:00,validation
sequences\seq_MEKUNU_2018_5072.npy,sequences\tgt_MEKUNU_2018_5072.npy,MEKUNU,2018,2018-05-26 14:30:00,validation
sequences\seq_MEKUNU_2018_5073.npy,sequences\tgt_MEKUNU_2018_5073.npy,MEKUNU,2018,2018-05-26 14:45:00,validation
sequences\seq_MEKUNU_2018_5074.npy,sequences\tgt_MEKUNU_2018_5074.npy,MEKUNU,2018,2018-05-26 15:00:00,validation
sequences\seq_MEKUNU_2018_5075.npy,sequences\tgt_MEKUNU_2018_5075.npy,MEKUNU,2018,2018-05-26 15:15:00,validation
sequences\seq_MEKUNU_2018_5076.npy,sequences\tgt_MEKUNU_2018_5076.npy,MEKUNU,2018,2018-05-26 15:30:00,validation
sequences\seq_MEKUNU_2018_5077.npy,sequences\tgt_MEKUNU_2018_5077.npy,MEKUNU,2018,2018-05-26 15:45:00,validation
sequences\seq_MEKUNU_2018_5078.npy,sequences\tgt_MEKUNU_2018_5078.npy,MEKUNU,2018,2018-05-26 16:00:00,validation
sequences\seq_MEKUNU_2018_5079.npy,sequences\tgt_MEKUNU_2018_5079.npy,MEKUNU,2018,2018-05-26 16:15:00,validation
sequences\seq_MEKUNU_2018_5080.npy,sequences\tgt_MEKUNU_2018_5080.npy,MEKUNU,2018,2018-05-26 16:30:00,validation
sequences\seq_MEKUNU_2018_5081.npy,sequences\tgt_MEKUNU_2018_5081.npy,MEKUNU,2018,2018-05-26 16:45:00,validation
sequences\seq_MEKUNU_2018_5082.npy,sequences\tgt_MEKUNU_2018_5082.npy,MEKUNU,2018,2018-05-26 17:00:00,validation
sequences\seq_MEKUNU_2018_5083.npy,sequences\tgt_MEKUNU_2018_5083.npy,MEKUNU,2018,2018-05-26 17:15:00,validation
sequences\seq_MEKUNU_2018_5084.npy,sequences\tgt_MEKUNU_2018_5084.npy,MEKUNU,2018,2018-05-26 17:30:00,validation
sequences\seq_MEKUNU_2018_5085.npy,sequences\tgt_MEKUNU_2018_5085.npy,MEKUNU,2018,2018-05-26 17:45:00,validation
sequences\seq_MEKUNU_2018_5086.npy,sequences\tgt_MEKUNU_2018_5086.npy,MEKUNU,2018,2018-05-26 18:00:00,validation
sequences\seq_MEKUNU_2018_5087.npy,sequences\tgt_MEKUNU_2018_5087.npy,MEKUNU,2018,2018-05-26 18:15:00,validation
sequences\seq_MEKUNU_2018_5088.npy,sequences\tgt_MEKUNU_2018_5088.npy,MEKUNU,2018,2018-05-26 18:30:00,validation
sequences\seq_MEKUNU_2018_5089.npy,sequences\tgt_MEKUNU_2018_5089.npy,MEKUNU,2018,2018-05-26 18:45:00,validation
sequences\seq_MEKUNU_2018_5090.npy,sequences\tgt_MEKUNU_2018_5090.npy,MEKUNU,2018,2018-05-26 19:00:00,validation
sequences\seq_MEKUNU_2018_5091.npy,sequences\tgt_MEKUNU_2018_5091.npy,MEKUNU,2018,2018-05-26 19:15:00,validation
sequences\seq_MEKUNU_2018_5092.npy,sequences\tgt_MEKUNU_2018_5092.npy,MEKUNU,2018,2018-05-26 19:30:00,validation
sequences\seq_MEKUNU_2018_5093.npy,sequences\tgt_MEKUNU_2018_5093.npy,MEKUNU,2018,2018-05-26 19:45:00,validation
sequences\seq_MEKUNU_2018_5094.npy,sequences\tgt_MEKUNU_2018_5094.npy,MEKUNU,2018,2018-05-26 20:00:00,validation
sequences\seq_MEKUNU_2018_5095.npy,sequences\tgt_MEKUNU_2018_5095.npy,MEKUNU,2018,2018-05-26 20:15:00,validation
sequences\seq_MEKUNU_2018_5096.npy,sequences\tgt_MEKUNU_2018_5096.npy,MEKUNU,2018,2018-05-26 20:30:00,validation
sequences\seq_MEKUNU_2018_5097.npy,sequences\tgt_MEKUNU_2018_5097.npy,MEKUNU,2018,2018-05-26 20:45:00,validation
sequences\seq_MEKUNU_2018_5098.npy,sequences\tgt_MEKUNU_2018_5098.npy,MEKUNU,2018,2018-05-26 21:00:00,validation
sequences\seq_MEKUNU_2018_5099.npy,sequences\tgt_MEKUNU_2018_5099.npy,MEKUNU,2018,2018-05-26 21:15:00,validation
sequences\seq_MEKUNU_2018_5100.npy,sequences\tgt_MEKUNU_2018_5100.npy,MEKUNU,2018,2018-05-26 21:30:00,validation
sequences\seq_MEKUNU_2018_5101.npy,sequences\tgt_MEKUNU_2018_5101.npy,MEKUNU,2018,2018-05-26 21:45:00,validation
sequences\seq_MEKUNU_2018_5102.npy,sequences\tgt_MEKUNU_2018_5102.npy,MEKUNU,2018,2018-05-26 22:00:00,validation
sequences\seq_MEKUNU_2018_5103.npy,sequences\tgt_MEKUNU_2018_5103.npy,MEKUNU,2018,2018-05-26 22:15:00,validation
sequences\seq_MEKUNU_2018_5104.npy,sequences\tgt_MEKUNU_2018_5104.npy,MEKUNU,2018,2018-05-26 22:30:00,validation
sequences\seq_MEKUNU_2018_5105.npy,sequences\tgt_MEKUNU_2018_5105.npy,MEKUNU,2018,2018-05-26 22:45:00,validation
sequences\seq_MEKUNU_2018_5106.npy,sequences\tgt_MEKUNU_2018_5106.npy,MEKUNU,2018,2018-05-26 23:00:00,validation
sequences\seq_MEKUNU_2018_5107.npy,sequences\tgt_MEKUNU_2018_5107.npy,MEKUNU,2018,2018-05-26 23:15:00,validation
sequences\seq_MEKUNU_2018_5108.npy,sequences\tgt_MEKUNU_2018_5108.npy,MEKUNU,2018,2018-05-26 23:30:00,validation
sequences\seq_MEKUNU_2018_5109.npy,sequences\tgt_MEKUNU_2018_5109.npy,MEKUNU,2018,2018-05-26 23:45:00,validation
sequences\seq_MEKUNU_2018_5110.npy,sequences\tgt_MEKUNU_2018_5110.npy,MEKUNU,2018,2018-05-27 00:00:00,validation
sequences\seq_MEKUNU_2018_5111.npy,sequences\tgt_MEKUNU_2018_5111.npy,MEKUNU,2018,2018-05-27 00:15:00,validation
sequences\seq_MEKUNU_2018_5112.npy,sequences\tgt_MEKUNU_2018_5112.npy,MEKUNU,2018,2018-05-27 00:30:00,validation
sequences\seq_MEKUNU_2018_5113.npy,sequences\tgt_MEKUNU_2018_5113.npy,MEKUNU,2018,2018-05-27 00:45:00,validation
sequences\seq_MEKUNU_2018_5114.npy,sequences\tgt_MEKUNU_2018_5114.npy,MEKUNU,2018,2018-05-27 01:00:00,validation
sequences\seq_MEKUNU_2018_5115.npy,sequences\tgt_MEKUNU_2018_5115.npy,MEKUNU,2018,2018-05-27 01:15:00,validation
sequences\seq_MEKUNU_2018_5116.npy,sequences\tgt_MEKUNU_2018_5116.npy,MEKUNU,2018,2018-05-27 01:30:00,validation
sequences\seq_MEKUNU_2018_5117.npy,sequences\tgt_MEKUNU_2018_5117.npy,MEKUNU,2018,2018-05-27 01:45:00,validation
sequences\seq_MEKUNU_2018_5118.npy,sequences\tgt_MEKUNU_2018_5118.npy,MEKUNU,2018,2018-05-27 02:00:00,validation
sequences\seq_MEKUNU_2018_5119.npy,sequences\tgt_MEKUNU_2018_5119.npy,MEKUNU,2018,2018-05-27 02:15:00,validation
sequences\seq_MEKUNU_2018_5120.npy,sequences\tgt_MEKUNU_2018_5120.npy,MEKUNU,2018,2018-05-27 02:30:00,validation
sequences\seq_MEKUNU_2018_5121.npy,sequences\tgt_MEKUNU_2018_5121.npy,MEKUNU,2018,2018-05-27 02:45:00,validation
sequences\seq_MEKUNU_2018_5122.npy,sequences\tgt_MEKUNU_2018_5122.npy,MEKUNU,2018,2018-05-27 03:00:00,validation
sequences\seq_MEKUNU_2018_5123.npy,sequences\tgt_MEKUNU_2018_5123.npy,MEKUNU,2018,2018-05-27 03:15:00,validation
sequences\seq_MEKUNU_2018_5124.npy,sequences\tgt_MEKUNU_2018_5124.npy,MEKUNU,2018,2018-05-27 03:30:00,validation
sequences\seq_MEKUNU_2018_5125.npy,sequences\tgt_MEKUNU_2018_5125.npy,MEKUNU,2018,2018-05-27 03:45:00,validation
sequences\seq_MORA_2017_5126.npy,sequences\tgt_MORA_2017_5126.npy,MORA,2017,2017-05-28 05:30:00,train
sequences\seq_MORA_2017_5127.npy,sequences\tgt_MORA_2017_5127.npy,MORA,2017,2017-05-28 05:45:00,train
sequences\seq_MORA_2017_5128.npy,sequences\tgt_MORA_2017_5128.npy,MORA,2017,2017-05-28 06:00:00,train
sequences\seq_MORA_2017_5129.npy,sequences\tgt_MORA_2017_5129.npy,MORA,2017,2017-05-28 06:15:00,train
sequences\seq_MORA_2017_5130.npy,sequences\tgt_MORA_2017_5130.npy,MORA,2017,2017-05-28 06:30:00,train
sequences\seq_MORA_2017_5131.npy,sequences\tgt_MORA_2017_5131.npy,MORA,2017,2017-05-28 06:45:00,train
sequences\seq_MORA_2017_5132.npy,sequences\tgt_MORA_2017_5132.npy,MORA,2017,2017-05-28 07:00:00,train
sequences\seq_MORA_2017_5133.npy,sequences\tgt_MORA_2017_5133.npy,MORA,2017,2017-05-28 07:15:00,train
sequences\seq_MORA_2017_5134.npy,sequences\tgt_MORA_2017_5134.npy,MORA,2017,2017-05-28 07:30:00,train
sequences\seq_MORA_2017_5135.npy,sequences\tgt_MORA_2017_5135.npy,MORA,2017,2017-05-28 07:45:00,train
sequences\seq_MORA_2017_5136.npy,sequences\tgt_MORA_2017_5136.npy,MORA,2017,2017-05-28 08:00:00,train
sequences\seq_MORA_2017_5137.npy,sequences\tgt_MORA_2017_5137.npy,MORA,2017,2017-05-28 08:15:00,train
sequences\seq_MORA_2017_5138.npy,sequences\tgt_MORA_2017_5138.npy,MORA,2017,2017-05-28 08:30:00,train
sequences\seq_MORA_2017_5139.npy,sequences\tgt_MORA_2017_5139.npy,MORA,2017,2017-05-28 08:45:00,train
sequences\seq_MORA_2017_5140.npy,sequences\tgt_MORA_2017_5140.npy,MORA,2017,2017-05-28 09:00:00,train
sequences\seq_MORA_2017_5141.npy,sequences\tgt_MORA_2017_5141.npy,MORA,2017,2017-05-28 09:15:00,train
sequences\seq_MORA_2017_5142.npy,sequences\tgt_MORA_2017_5142.npy,MORA,2017,2017-05-28 09:30:00,train
sequences\seq_MORA_2017_5143.npy,sequences\tgt_MORA_2017_5143.npy,MORA,2017,2017-05-28 09:45:00,train
sequences\seq_MORA_2017_5144.npy,sequences\tgt_MORA_2017_5144.npy,MORA,2017,2017-05-28 10:00:00,train
sequences\seq_MORA_2017_5145.npy,sequences\tgt_MORA_2017_5145.npy,MORA,2017,2017-05-28 10:15:00,train
sequences\seq_MORA_2017_5146.npy,sequences\tgt_MORA_2017_5146.npy,MORA,2017,2017-05-28 10:30:00,train
sequences\seq_MORA_2017_5147.npy,sequences\tgt_MORA_2017_5147.npy,MORA,2017,2017-05-28 10:45:00,train
sequences\seq_MORA_2017_5148.npy,sequences\tgt_MORA_2017_5148.npy,MORA,2017,2017-05-28 11:00:00,train
sequences\seq_MORA_2017_5149.npy,sequences\tgt_MORA_2017_5149.npy,MORA,2017,2017-05-28 11:15:00,train
sequences\seq_MORA_2017_5150.npy,sequences\tgt_MORA_2017_5150.npy,MORA,2017,2017-05-28 11:30:00,train
sequences\seq_MORA_2017_5151.npy,sequences\tgt_MORA_2017_5151.npy,MORA,2017,2017-05-28 11:45:00,train
sequences\seq_MORA_2017_5152.npy,sequences\tgt_MORA_2017_5152.npy,MORA,2017,2017-05-28 12:00:00,train
sequences\seq_MORA_2017_5153.npy,sequences\tgt_MORA_2017_5153.npy,MORA,2017,2017-05-28 12:15:00,train
sequences\seq_MORA_2017_5154.npy,sequences\tgt_MORA_2017_5154.npy,MORA,2017,2017-05-28 12:30:00,train
sequences\seq_MORA_2017_5155.npy,sequences\tgt_MORA_2017_5155.npy,MORA,2017,2017-05-28 12:45:00,train
sequences\seq_MORA_2017_5156.npy,sequences\tgt_MORA_2017_5156.npy,MORA,2017,2017-05-28 13:00:00,train
sequences\seq_MORA_2017_5157.npy,sequences\tgt_MORA_2017_5157.npy,MORA,2017,2017-05-28 13:15:00,train
sequences\seq_MORA_2017_5158.npy,sequences\tgt_MORA_2017_5158.npy,MORA,2017,2017-05-28 13:30:00,train
sequences\seq_MORA_2017_5159.npy,sequences\tgt_MORA_2017_5159.npy,MORA,2017,2017-05-28 13:45:00,train
sequences\seq_MORA_2017_5160.npy,sequences\tgt_MORA_2017_5160.npy,MORA,2017,2017-05-28 14:00:00,train
sequences\seq_MORA_2017_5161.npy,sequences\tgt_MORA_2017_5161.npy,MORA,2017,2017-05-28 14:15:00,train
sequences\seq_MORA_2017_5162.npy,sequences\tgt_MORA_2017_5162.npy,MORA,2017,2017-05-28 14:30:00,train
sequences\seq_MORA_2017_5163.npy,sequences\tgt_MORA_2017_5163.npy,MORA,2017,2017-05-28 14:45:00,train
sequences\seq_MORA_2017_5164.npy,sequences\tgt_MORA_2017_5164.npy,MORA,2017,2017-05-28 15:00:00,train
sequences\seq_MORA_2017_5165.npy,sequences\tgt_MORA_2017_5165.npy,MORA,2017,2017-05-28 15:15:00,train
sequences\seq_MORA_2017_5166.npy,sequences\tgt_MORA_2017_5166.npy,MORA,2017,2017-05-28 15:30:00,train
sequences\seq_MORA_2017_5167.npy,sequences\tgt_MORA_2017_5167.npy,MORA,2017,2017-05-28 15:45:00,train
sequences\seq_MORA_2017_5168.npy,sequences\tgt_MORA_2017_5168.npy,MORA,2017,2017-05-28 16:00:00,train
sequences\seq_MORA_2017_5169.npy,sequences\tgt_MORA_2017_5169.npy,MORA,2017,2017-05-28 16:15:00,train
sequences\seq_MORA_2017_5170.npy,sequences\tgt_MORA_2017_5170.npy,MORA,2017,2017-05-28 16:30:00,train
sequences\seq_MORA_2017_5171.npy,sequences\tgt_MORA_2017_5171.npy,MORA,2017,2017-05-28 16:45:00,train
sequences\seq_MORA_2017_5172.npy,sequences\tgt_MORA_2017_5172.npy,MORA,2017,2017-05-28 17:00:00,train
sequences\seq_MORA_2017_5173.npy,sequences\tgt_MORA_2017_5173.npy,MORA,2017,2017-05-28 17:15:00,train
sequences\seq_MORA_2017_5174.npy,sequences\tgt_MORA_2017_5174.npy,MORA,2017,2017-05-28 17:30:00,train
sequences\seq_MORA_2017_5175.npy,sequences\tgt_MORA_2017_5175.npy,MORA,2017,2017-05-28 17:45:00,train
sequences\seq_MORA_2017_5176.npy,sequences\tgt_MORA_2017_5176.npy,MORA,2017,2017-05-28 18:00:00,train
sequences\seq_MORA_2017_5177.npy,sequences\tgt_MORA_2017_5177.npy,MORA,2017,2017-05-28 18:15:00,train
sequences\seq_MORA_2017_5178.npy,sequences\tgt_MORA_2017_5178.npy,MORA,2017,2017-05-28 18:30:00,train
sequences\seq_MORA_2017_5179.npy,sequences\tgt_MORA_2017_5179.npy,MORA,2017,2017-05-28 18:45:00,train
sequences\seq_MORA_2017_5180.npy,sequences\tgt_MORA_2017_5180.npy,MORA,2017,2017-05-28 19:00:00,train
sequences\seq_MORA_2017_5181.npy,sequences\tgt_MORA_2017_5181.npy,MORA,2017,2017-05-28 19:15:00,train
sequences\seq_MORA_2017_5182.npy,sequences\tgt_MORA_2017_5182.npy,MORA,2017,2017-05-28 19:45:00,train
sequences\seq_MORA_2017_5183.npy,sequences\tgt_MORA_2017_5183.npy,MORA,2017,2017-05-28 20:00:00,train
sequences\seq_MORA_2017_5184.npy,sequences\tgt_MORA_2017_5184.npy,MORA,2017,2017-05-28 20:15:00,train
sequences\seq_MORA_2017_5185.npy,sequences\tgt_MORA_2017_5185.npy,MORA,2017,2017-05-28 20:30:00,train
sequences\seq_MORA_2017_5186.npy,sequences\tgt_MORA_2017_5186.npy,MORA,2017,2017-05-28 20:45:00,train
sequences\seq_MORA_2017_5187.npy,sequences\tgt_MORA_2017_5187.npy,MORA,2017,2017-05-28 21:00:00,train
sequences\seq_MORA_2017_5188.npy,sequences\tgt_MORA_2017_5188.npy,MORA,2017,2017-05-28 21:15:00,train
sequences\seq_MORA_2017_5189.npy,sequences\tgt_MORA_2017_5189.npy,MORA,2017,2017-05-28 21:30:00,train
sequences\seq_MORA_2017_5190.npy,sequences\tgt_MORA_2017_5190.npy,MORA,2017,2017-05-28 21:45:00,train
sequences\seq_MORA_2017_5191.npy,sequences\tgt_MORA_2017_5191.npy,MORA,2017,2017-05-28 22:00:00,train
sequences\seq_MORA_2017_5192.npy,sequences\tgt_MORA_2017_5192.npy,MORA,2017,2017-05-28 22:15:00,train
sequences\seq_MORA_2017_5193.npy,sequences\tgt_MORA_2017_5193.npy,MORA,2017,2017-05-28 22:30:00,train
sequences\seq_MORA_2017_5194.npy,sequences\tgt_MORA_2017_5194.npy,MORA,2017,2017-05-28 22:45:00,train
sequences\seq_MORA_2017_5195.npy,sequences\tgt_MORA_2017_5195.npy,MORA,2017,2017-05-28 23:00:00,train
sequences\seq_MORA_2017_5196.npy,sequences\tgt_MORA_2017_5196.npy,MORA,2017,2017-05-28 23:15:00,train
sequences\seq_MORA_2017_5197.npy,sequences\tgt_MORA_2017_5197.npy,MORA,2017,2017-05-28 23:30:00,train
sequences\seq_MORA_2017_5198.npy,sequences\tgt_MORA_2017_5198.npy,MORA,2017,2017-05-28 23:45:00,train
sequences\seq_MORA_2017_5199.npy,sequences\tgt_MORA_2017_5199.npy,MORA,2017,2017-05-29 00:00:00,train
sequences\seq_MORA_2017_5200.npy,sequences\tgt_MORA_2017_5200.npy,MORA,2017,2017-05-29 00:15:00,train
sequences\seq_MORA_2017_5201.npy,sequences\tgt_MORA_2017_5201.npy,MORA,2017,2017-05-29 00:30:00,train
sequences\seq_MORA_2017_5202.npy,sequences\tgt_MORA_2017_5202.npy,MORA,2017,2017-05-29 00:45:00,train
sequences\seq_MORA_2017_5203.npy,sequences\tgt_MORA_2017_5203.npy,MORA,2017,2017-05-29 01:00:00,train
sequences\seq_MORA_2017_5204.npy,sequences\tgt_MORA_2017_5204.npy,MORA,2017,2017-05-29 01:15:00,train
sequences\seq_MORA_2017_5205.npy,sequences\tgt_MORA_2017_5205.npy,MORA,2017,2017-05-29 01:30:00,train
sequences\seq_MORA_2017_5206.npy,sequences\tgt_MORA_2017_5206.npy,MORA,2017,2017-05-29 01:45:00,train
sequences\seq_MORA_2017_5207.npy,sequences\tgt_MORA_2017_5207.npy,MORA,2017,2017-05-29 02:00:00,train
sequences\seq_MORA_2017_5208.npy,sequences\tgt_MORA_2017_5208.npy,MORA,2017,2017-05-29 02:15:00,train
sequences\seq_MORA_2017_5209.npy,sequences\tgt_MORA_2017_5209.npy,MORA,2017,2017-05-29 02:30:00,train
sequences\seq_MORA_2017_5210.npy,sequences\tgt_MORA_2017_5210.npy,MORA,2017,2017-05-29 02:45:00,train
sequences\seq_MORA_2017_5211.npy,sequences\tgt_MORA_2017_5211.npy,MORA,2017,2017-05-29 03:00:00,train
sequences\seq_MORA_2017_5212.npy,sequences\tgt_MORA_2017_5212.npy,MORA,2017,2017-05-29 03:15:00,train
sequences\seq_MORA_2017_5213.npy,sequences\tgt_MORA_2017_5213.npy,MORA,2017,2017-05-29 03:45:00,train
sequences\seq_MORA_2017_5214.npy,sequences\tgt_MORA_2017_5214.npy,MORA,2017,2017-05-29 04:15:00,train
sequences\seq_MORA_2017_5215.npy,sequences\tgt_MORA_2017_5215.npy,MORA,2017,2017-05-29 04:45:00,train
sequences\seq_MORA_2017_5216.npy,sequences\tgt_MORA_2017_5216.npy,MORA,2017,2017-05-29 05:00:00,train
sequences\seq_MORA_2017_5217.npy,sequences\tgt_MORA_2017_5217.npy,MORA,2017,2017-05-29 05:15:00,train
sequences\seq_MORA_2017_5218.npy,sequences\tgt_MORA_2017_5218.npy,MORA,2017,2017-05-29 05:30:00,train
sequences\seq_MORA_2017_5219.npy,sequences\tgt_MORA_2017_5219.npy,MORA,2017,2017-05-29 05:45:00,train
sequences\seq_MORA_2017_5220.npy,sequences\tgt_MORA_2017_5220.npy,MORA,2017,2017-05-29 06:00:00,train
sequences\seq_MORA_2017_5221.npy,sequences\tgt_MORA_2017_5221.npy,MORA,2017,2017-05-29 06:15:00,train
sequences\seq_MORA_2017_5222.npy,sequences\tgt_MORA_2017_5222.npy,MORA,2017,2017-05-29 06:30:00,train
sequences\seq_MORA_2017_5223.npy,sequences\tgt_MORA_2017_5223.npy,MORA,2017,2017-05-29 06:45:00,train
sequences\seq_MORA_2017_5224.npy,sequences\tgt_MORA_2017_5224.npy,MORA,2017,2017-05-29 07:00:00,train
sequences\seq_MORA_2017_5225.npy,sequences\tgt_MORA_2017_5225.npy,MORA,2017,2017-05-29 07:15:00,train
sequences\seq_MORA_2017_5226.npy,sequences\tgt_MORA_2017_5226.npy,MORA,2017,2017-05-29 07:30:00,train
sequences\seq_MORA_2017_5227.npy,sequences\tgt_MORA_2017_5227.npy,MORA,2017,2017-05-29 07:45:00,train
sequences\seq_MORA_2017_5228.npy,sequences\tgt_MORA_2017_5228.npy,MORA,2017,2017-05-29 08:00:00,train
sequences\seq_MORA_2017_5229.npy,sequences\tgt_MORA_2017_5229.npy,MORA,2017,2017-05-29 08:15:00,train
sequences\seq_MORA_2017_5230.npy,sequences\tgt_MORA_2017_5230.npy,MORA,2017,2017-05-29 08:30:00,train
sequences\seq_MORA_2017_5231.npy,sequences\tgt_MORA_2017_5231.npy,MORA,2017,2017-05-29 08:45:00,train
sequences\seq_MORA_2017_5232.npy,sequences\tgt_MORA_2017_5232.npy,MORA,2017,2017-05-29 09:00:00,train
sequences\seq_MORA_2017_5233.npy,sequences\tgt_MORA_2017_5233.npy,MORA,2017,2017-05-29 09:15:00,train
sequences\seq_MORA_2017_5234.npy,sequences\tgt_MORA_2017_5234.npy,MORA,2017,2017-05-29 09:30:00,train
sequences\seq_MORA_2017_5235.npy,sequences\tgt_MORA_2017_5235.npy,MORA,2017,2017-05-29 09:45:00,train
sequences\seq_MORA_2017_5236.npy,sequences\tgt_MORA_2017_5236.npy,MORA,2017,2017-05-29 10:00:00,train
sequences\seq_MORA_2017_5237.npy,sequences\tgt_MORA_2017_5237.npy,MORA,2017,2017-05-29 10:15:00,train
sequences\seq_MORA_2017_5238.npy,sequences\tgt_MORA_2017_5238.npy,MORA,2017,2017-05-29 10:30:00,train
sequences\seq_MORA_2017_5239.npy,sequences\tgt_MORA_2017_5239.npy,MORA,2017,2017-05-29 10:45:00,train
sequences\seq_MORA_2017_5240.npy,sequences\tgt_MORA_2017_5240.npy,MORA,2017,2017-05-29 11:00:00,train
sequences\seq_MORA_2017_5241.npy,sequences\tgt_MORA_2017_5241.npy,MORA,2017,2017-05-29 11:15:00,train
sequences\seq_MORA_2017_5242.npy,sequences\tgt_MORA_2017_5242.npy,MORA,2017,2017-05-29 11:30:00,train
sequences\seq_MORA_2017_5243.npy,sequences\tgt_MORA_2017_5243.npy,MORA,2017,2017-05-29 11:45:00,train
sequences\seq_MORA_2017_5244.npy,sequences\tgt_MORA_2017_5244.npy,MORA,2017,2017-05-29 12:00:00,train
sequences\seq_MORA_2017_5245.npy,sequences\tgt_MORA_2017_5245.npy,MORA,2017,2017-05-29 12:15:00,train
sequences\seq_MORA_2017_5246.npy,sequences\tgt_MORA_2017_5246.npy,MORA,2017,2017-05-29 12:30:00,train
sequences\seq_MORA_2017_5247.npy,sequences\tgt_MORA_2017_5247.npy,MORA,2017,2017-05-29 12:45:00,train
sequences\seq_MORA_2017_5248.npy,sequences\tgt_MORA_2017_5248.npy,MORA,2017,2017-05-29 13:00:00,train
sequences\seq_MORA_2017_5249.npy,sequences\tgt_MORA_2017_5249.npy,MORA,2017,2017-05-29 13:15:00,train
sequences\seq_MORA_2017_5250.npy,sequences\tgt_MORA_2017_5250.npy,MORA,2017,2017-05-29 13:30:00,train
sequences\seq_MORA_2017_5251.npy,sequences\tgt_MORA_2017_5251.npy,MORA,2017,2017-05-29 13:45:00,train
sequences\seq_MORA_2017_5252.npy,sequences\tgt_MORA_2017_5252.npy,MORA,2017,2017-05-29 14:00:00,train
sequences\seq_MORA_2017_5253.npy,sequences\tgt_MORA_2017_5253.npy,MORA,2017,2017-05-29 14:15:00,train
sequences\seq_MORA_2017_5254.npy,sequences\tgt_MORA_2017_5254.npy,MORA,2017,2017-05-29 14:30:00,train
sequences\seq_MORA_2017_5255.npy,sequences\tgt_MORA_2017_5255.npy,MORA,2017,2017-05-29 14:45:00,train
sequences\seq_MORA_2017_5256.npy,sequences\tgt_MORA_2017_5256.npy,MORA,2017,2017-05-29 15:00:00,train
sequences\seq_MORA_2017_5257.npy,sequences\tgt_MORA_2017_5257.npy,MORA,2017,2017-05-29 15:15:00,train
sequences\seq_MORA_2017_5258.npy,sequences\tgt_MORA_2017_5258.npy,MORA,2017,2017-05-29 15:30:00,train
sequences\seq_MORA_2017_5259.npy,sequences\tgt_MORA_2017_5259.npy,MORA,2017,2017-05-29 15:45:00,train
sequences\seq_MORA_2017_5260.npy,sequences\tgt_MORA_2017_5260.npy,MORA,2017,2017-05-29 16:00:00,train
sequences\seq_MORA_2017_5261.npy,sequences\tgt_MORA_2017_5261.npy,MORA,2017,2017-05-29 16:15:00,train
sequences\seq_MORA_2017_5262.npy,sequences\tgt_MORA_2017_5262.npy,MORA,2017,2017-05-29 16:30:00,train
sequences\seq_MORA_2017_5263.npy,sequences\tgt_MORA_2017_5263.npy,MORA,2017,2017-05-29 16:45:00,train
sequences\seq_MORA_2017_5264.npy,sequences\tgt_MORA_2017_5264.npy,MORA,2017,2017-05-29 17:00:00,train
sequences\seq_MORA_2017_5265.npy,sequences\tgt_MORA_2017_5265.npy,MORA,2017,2017-05-29 17:15:00,train
sequences\seq_MORA_2017_5266.npy,sequences\tgt_MORA_2017_5266.npy,MORA,2017,2017-05-29 17:30:00,train
sequences\seq_MORA_2017_5267.npy,sequences\tgt_MORA_2017_5267.npy,MORA,2017,2017-05-29 17:45:00,train
sequences\seq_MORA_2017_5268.npy,sequences\tgt_MORA_2017_5268.npy,MORA,2017,2017-05-29 18:00:00,train
sequences\seq_MORA_2017_5269.npy,sequences\tgt_MORA_2017_5269.npy,MORA,2017,2017-05-29 18:15:00,train
sequences\seq_MORA_2017_5270.npy,sequences\tgt_MORA_2017_5270.npy,MORA,2017,2017-05-29 18:30:00,train
sequences\seq_MORA_2017_5271.npy,sequences\tgt_MORA_2017_5271.npy,MORA,2017,2017-05-29 18:45:00,train
sequences\seq_MORA_2017_5272.npy,sequences\tgt_MORA_2017_5272.npy,MORA,2017,2017-05-29 19:00:00,train
sequences\seq_MORA_2017_5273.npy,sequences\tgt_MORA_2017_5273.npy,MORA,2017,2017-05-29 19:15:00,train
sequences\seq_MORA_2017_5274.npy,sequences\tgt_MORA_2017_5274.npy,MORA,2017,2017-05-29 19:30:00,train
sequences\seq_MORA_2017_5275.npy,sequences\tgt_MORA_2017_5275.npy,MORA,2017,2017-05-29 19:45:00,train
sequences\seq_MORA_2017_5276.npy,sequences\tgt_MORA_2017_5276.npy,MORA,2017,2017-05-29 20:00:00,train
sequences\seq_MORA_2017_5277.npy,sequences\tgt_MORA_2017_5277.npy,MORA,2017,2017-05-29 20:15:00,train
sequences\seq_MORA_2017_5278.npy,sequences\tgt_MORA_2017_5278.npy,MORA,2017,2017-05-29 20:30:00,train
sequences\seq_MORA_2017_5279.npy,sequences\tgt_MORA_2017_5279.npy,MORA,2017,2017-05-29 20:45:00,train
sequences\seq_MORA_2017_5280.npy,sequences\tgt_MORA_2017_5280.npy,MORA,2017,2017-05-29 21:00:00,train
sequences\seq_MORA_2017_5281.npy,sequences\tgt_MORA_2017_5281.npy,MORA,2017,2017-05-29 21:15:00,train
sequences\seq_MORA_2017_5282.npy,sequences\tgt_MORA_2017_5282.npy,MORA,2017,2017-05-29 21:30:00,train
sequences\seq_MORA_2017_5283.npy,sequences\tgt_MORA_2017_5283.npy,MORA,2017,2017-05-29 21:45:00,train
sequences\seq_MORA_2017_5284.npy,sequences\tgt_MORA_2017_5284.npy,MORA,2017,2017-05-29 22:00:00,train
sequences\seq_MORA_2017_5285.npy,sequences\tgt_MORA_2017_5285.npy,MORA,2017,2017-05-29 22:15:00,train
sequences\seq_MORA_2017_5286.npy,sequences\tgt_MORA_2017_5286.npy,MORA,2017,2017-05-29 22:30:00,train
sequences\seq_MORA_2017_5287.npy,sequences\tgt_MORA_2017_5287.npy,MORA,2017,2017-05-29 22:45:00,train
sequences\seq_MORA_2017_5288.npy,sequences\tgt_MORA_2017_5288.npy,MORA,2017,2017-05-29 23:00:00,train
sequences\seq_MORA_2017_5289.npy,sequences\tgt_MORA_2017_5289.npy,MORA,2017,2017-05-29 23:15:00,train
sequences\seq_MORA_2017_5290.npy,sequences\tgt_MORA_2017_5290.npy,MORA,2017,2017-05-29 23:30:00,train
sequences\seq_MORA_2017_5291.npy,sequences\tgt_MORA_2017_5291.npy,MORA,2017,2017-05-29 23:45:00,train
sequences\seq_MORA_2017_5292.npy,sequences\tgt_MORA_2017_5292.npy,MORA,2017,2017-05-30 00:00:00,train
sequences\seq_MORA_2017_5293.npy,sequences\tgt_MORA_2017_5293.npy,MORA,2017,2017-05-30 00:15:00,train
sequences\seq_MORA_2017_5294.npy,sequences\tgt_MORA_2017_5294.npy,MORA,2017,2017-05-30 00:30:00,train
sequences\seq_MORA_2017_5295.npy,sequences\tgt_MORA_2017_5295.npy,MORA,2017,2017-05-30 00:45:00,train
sequences\seq_MORA_2017_5296.npy,sequences\tgt_MORA_2017_5296.npy,MORA,2017,2017-05-30 01:00:00,train
sequences\seq_MORA_2017_5297.npy,sequences\tgt_MORA_2017_5297.npy,MORA,2017,2017-05-30 01:15:00,train
sequences\seq_MORA_2017_5298.npy,sequences\tgt_MORA_2017_5298.npy,MORA,2017,2017-05-30 01:30:00,train
sequences\seq_MORA_2017_5299.npy,sequences\tgt_MORA_2017_5299.npy,MORA,2017,2017-05-30 01:45:00,train
sequences\seq_MORA_2017_5300.npy,sequences\tgt_MORA_2017_5300.npy,MORA,2017,2017-05-30 02:00:00,train
sequences\seq_MORA_2017_5301.npy,sequences\tgt_MORA_2017_5301.npy,MORA,2017,2017-05-30 02:15:00,train
sequences\seq_MORA_2017_5302.npy,sequences\tgt_MORA_2017_5302.npy,MORA,2017,2017-05-30 02:30:00,train
sequences\seq_MORA_2017_5303.npy,sequences\tgt_MORA_2017_5303.npy,MORA,2017,2017-05-30 02:45:00,train
sequences\seq_MORA_2017_5304.npy,sequences\tgt_MORA_2017_5304.npy,MORA,2017,2017-05-30 03:00:00,train
sequences\seq_MORA_2017_5305.npy,sequences\tgt_MORA_2017_5305.npy,MORA,2017,2017-05-30 03:15:00,train
sequences\seq_MORA_2017_5306.npy,sequences\tgt_MORA_2017_5306.npy,MORA,2017,2017-05-30 03:30:00,train
sequences\seq_MORA_2017_5307.npy,sequences\tgt_MORA_2017_5307.npy,MORA,2017,2017-05-30 03:45:00,train
sequences\seq_MORA_2017_5308.npy,sequences\tgt_MORA_2017_5308.npy,MORA,2017,2017-05-30 04:00:00,train
sequences\seq_MORA_2017_5309.npy,sequences\tgt_MORA_2017_5309.npy,MORA,2017,2017-05-30 04:15:00,train
sequences\seq_MORA_2017_5310.npy,sequences\tgt_MORA_2017_5310.npy,MORA,2017,2017-05-30 04:30:00,train
sequences\seq_MORA_2017_5311.npy,sequences\tgt_MORA_2017_5311.npy,MORA,2017,2017-05-30 04:45:00,train
sequences\seq_MORA_2017_5312.npy,sequences\tgt_MORA_2017_5312.npy,MORA,2017,2017-05-30 05:00:00,train
sequences\seq_MORA_2017_5313.npy,sequences\tgt_MORA_2017_5313.npy,MORA,2017,2017-05-30 05:15:00,train
sequences\seq_MORA_2017_5314.npy,sequences\tgt_MORA_2017_5314.npy,MORA,2017,2017-05-30 05:30:00,train
sequences\seq_MORA_2017_5315.npy,sequences\tgt_MORA_2017_5315.npy,MORA,2017,2017-05-30 05:45:00,train
sequences\seq_MORA_2017_5316.npy,sequences\tgt_MORA_2017_5316.npy,MORA,2017,2017-05-30 06:00:00,train
sequences\seq_MORA_2017_5317.npy,sequences\tgt_MORA_2017_5317.npy,MORA,2017,2017-05-30 06:15:00,train
sequences\seq_MORA_2017_5318.npy,sequences\tgt_MORA_2017_5318.npy,MORA,2017,2017-05-30 06:30:00,train
sequences\seq_MORA_2017_5319.npy,sequences\tgt_MORA_2017_5319.npy,MORA,2017,2017-05-30 06:45:00,train
sequences\seq_MORA_2017_5320.npy,sequences\tgt_MORA_2017_5320.npy,MORA,2017,2017-05-30 07:00:00,train
sequences\seq_MORA_2017_5321.npy,sequences\tgt_MORA_2017_5321.npy,MORA,2017,2017-05-30 07:15:00,train
sequences\seq_MORA_2017_5322.npy,sequences\tgt_MORA_2017_5322.npy,MORA,2017,2017-05-30 07:30:00,train
sequences\seq_MORA_2017_5323.npy,sequences\tgt_MORA_2017_5323.npy,MORA,2017,2017-05-30 07:45:00,train
sequences\seq_MORA_2017_5324.npy,sequences\tgt_MORA_2017_5324.npy,MORA,2017,2017-05-30 08:00:00,train
sequences\seq_MORA_2017_5325.npy,sequences\tgt_MORA_2017_5325.npy,MORA,2017,2017-05-30 08:15:00,train
sequences\seq_MORA_2017_5326.npy,sequences\tgt_MORA_2017_5326.npy,MORA,2017,2017-05-30 08:30:00,train
sequences\seq_MORA_2017_5327.npy,sequences\tgt_MORA_2017_5327.npy,MORA,2017,2017-05-30 08:45:00,train
sequences\seq_MORA_2017_5328.npy,sequences\tgt_MORA_2017_5328.npy,MORA,2017,2017-05-30 09:00:00,train
sequences\seq_MORA_2017_5329.npy,sequences\tgt_MORA_2017_5329.npy,MORA,2017,2017-05-30 09:15:00,train
sequences\seq_MORA_2017_5330.npy,sequences\tgt_MORA_2017_5330.npy,MORA,2017,2017-05-30 09:30:00,train
sequences\seq_MORA_2017_5331.npy,sequences\tgt_MORA_2017_5331.npy,MORA,2017,2017-05-30 09:45:00,train
sequences\seq_MORA_2017_5332.npy,sequences\tgt_MORA_2017_5332.npy,MORA,2017,2017-05-30 10:00:00,train
sequences\seq_MORA_2017_5333.npy,sequences\tgt_MORA_2017_5333.npy,MORA,2017,2017-05-30 10:15:00,train
sequences\seq_MORA_2017_5334.npy,sequences\tgt_MORA_2017_5334.npy,MORA,2017,2017-05-30 10:30:00,train
sequences\seq_MORA_2017_5335.npy,sequences\tgt_MORA_2017_5335.npy,MORA,2017,2017-05-30 10:45:00,train
sequences\seq_MORA_2017_5336.npy,sequences\tgt_MORA_2017_5336.npy,MORA,2017,2017-05-30 11:00:00,train
sequences\seq_MORA_2017_5337.npy,sequences\tgt_MORA_2017_5337.npy,MORA,2017,2017-05-30 11:15:00,train
sequences\seq_MORA_2017_5338.npy,sequences\tgt_MORA_2017_5338.npy,MORA,2017,2017-05-30 11:30:00,train
sequences\seq_MORA_2017_5339.npy,sequences\tgt_MORA_2017_5339.npy,MORA,2017,2017-05-30 11:45:00,train
sequences\seq_MORA_2017_5340.npy,sequences\tgt_MORA_2017_5340.npy,MORA,2017,2017-05-30 12:00:00,train
sequences\seq_MORA_2017_5341.npy,sequences\tgt_MORA_2017_5341.npy,MORA,2017,2017-05-30 12:15:00,train
sequences\seq_MORA_2017_5342.npy,sequences\tgt_MORA_2017_5342.npy,MORA,2017,2017-05-30 12:30:00,train
sequences\seq_MORA_2017_5343.npy,sequences\tgt_MORA_2017_5343.npy,MORA,2017,2017-05-30 12:45:00,train
sequences\seq_MORA_2017_5344.npy,sequences\tgt_MORA_2017_5344.npy,MORA,2017,2017-05-30 13:00:00,train
sequences\seq_MORA_2017_5345.npy,sequences\tgt_MORA_2017_5345.npy,MORA,2017,2017-05-30 13:15:00,train
sequences\seq_MORA_2017_5346.npy,sequences\tgt_MORA_2017_5346.npy,MORA,2017,2017-05-30 13:30:00,train
sequences\seq_MORA_2017_5347.npy,sequences\tgt_MORA_2017_5347.npy,MORA,2017,2017-05-30 13:45:00,train
sequences\seq_MORA_2017_5348.npy,sequences\tgt_MORA_2017_5348.npy,MORA,2017,2017-05-30 14:00:00,train
sequences\seq_MORA_2017_5349.npy,sequences\tgt_MORA_2017_5349.npy,MORA,2017,2017-05-30 14:15:00,train
sequences\seq_MORA_2017_5350.npy,sequences\tgt_MORA_2017_5350.npy,MORA,2017,2017-05-30 14:30:00,train
sequences\seq_MORA_2017_5351.npy,sequences\tgt_MORA_2017_5351.npy,MORA,2017,2017-05-30 14:45:00,train
sequences\seq_MORA_2017_5352.npy,sequences\tgt_MORA_2017_5352.npy,MORA,2017,2017-05-30 15:00:00,train
sequences\seq_MORA_2017_5353.npy,sequences\tgt_MORA_2017_5353.npy,MORA,2017,2017-05-30 15:15:00,train
sequences\seq_MORA_2017_5354.npy,sequences\tgt_MORA_2017_5354.npy,MORA,2017,2017-05-30 15:30:00,train
sequences\seq_MORA_2017_5355.npy,sequences\tgt_MORA_2017_5355.npy,MORA,2017,2017-05-30 15:45:00,train
sequences\seq_MORA_2017_5356.npy,sequences\tgt_MORA_2017_5356.npy,MORA,2017,2017-05-30 16:00:00,train
sequences\seq_MORA_2017_5357.npy,sequences\tgt_MORA_2017_5357.npy,MORA,2017,2017-05-30 16:15:00,train
sequences\seq_MORA_2017_5358.npy,sequences\tgt_MORA_2017_5358.npy,MORA,2017,2017-05-30 16:30:00,train
sequences\seq_MORA_2017_5359.npy,sequences\tgt_MORA_2017_5359.npy,MORA,2017,2017-05-30 16:45:00,train
sequences\seq_MORA_2017_5360.npy,sequences\tgt_MORA_2017_5360.npy,MORA,2017,2017-05-30 17:00:00,train
sequences\seq_MORA_2017_5361.npy,sequences\tgt_MORA_2017_5361.npy,MORA,2017,2017-05-30 17:15:00,train
sequences\seq_MORA_2017_5362.npy,sequences\tgt_MORA_2017_5362.npy,MORA,2017,2017-05-30 17:30:00,train
sequences\seq_MORA_2017_5363.npy,sequences\tgt_MORA_2017_5363.npy,MORA,2017,2017-05-30 17:45:00,train
sequences\seq_MORA_2017_5364.npy,sequences\tgt_MORA_2017_5364.npy,MORA,2017,2017-05-30 18:00:00,train
sequences\seq_MORA_2017_5365.npy,sequences\tgt_MORA_2017_5365.npy,MORA,2017,2017-05-30 18:15:00,train
sequences\seq_MORA_2017_5366.npy,sequences\tgt_MORA_2017_5366.npy,MORA,2017,2017-05-30 18:30:00,train
sequences\seq_MORA_2017_5367.npy,sequences\tgt_MORA_2017_5367.npy,MORA,2017,2017-05-30 18:45:00,train
sequences\seq_MORA_2017_5368.npy,sequences\tgt_MORA_2017_5368.npy,MORA,2017,2017-05-30 19:00:00,train
sequences\seq_MORA_2017_5369.npy,sequences\tgt_MORA_2017_5369.npy,MORA,2017,2017-05-30 19:15:00,train
sequences\seq_MORA_2017_5370.npy,sequences\tgt_MORA_2017_5370.npy,MORA,2017,2017-05-30 19:30:00,train
sequences\seq_MORA_2017_5371.npy,sequences\tgt_MORA_2017_5371.npy,MORA,2017,2017-05-30 19:45:00,train
sequences\seq_MORA_2017_5372.npy,sequences\tgt_MORA_2017_5372.npy,MORA,2017,2017-05-30 20:00:00,train
sequences\seq_MORA_2017_5373.npy,sequences\tgt_MORA_2017_5373.npy,MORA,2017,2017-05-30 20:15:00,train
sequences\seq_MORA_2017_5374.npy,sequences\tgt_MORA_2017_5374.npy,MORA,2017,2017-05-30 20:30:00,train
sequences\seq_MORA_2017_5375.npy,sequences\tgt_MORA_2017_5375.npy,MORA,2017,2017-05-30 20:45:00,train
sequences\seq_MORA_2017_5376.npy,sequences\tgt_MORA_2017_5376.npy,MORA,2017,2017-05-30 21:00:00,train
sequences\seq_MORA_2017_5377.npy,sequences\tgt_MORA_2017_5377.npy,MORA,2017,2017-05-30 21:15:00,train
sequences\seq_MORA_2017_5378.npy,sequences\tgt_MORA_2017_5378.npy,MORA,2017,2017-05-30 21:30:00,train
sequences\seq_MORA_2017_5379.npy,sequences\tgt_MORA_2017_5379.npy,MORA,2017,2017-05-30 21:45:00,train
sequences\seq_NADA_2016_5380.npy,sequences\tgt_NADA_2016_5380.npy,NADA,2016,2016-11-29 17:30:00,train
sequences\seq_NADA_2016_5381.npy,sequences\tgt_NADA_2016_5381.npy,NADA,2016,2016-11-29 17:45:00,train
sequences\seq_NADA_2016_5382.npy,sequences\tgt_NADA_2016_5382.npy,NADA,2016,2016-11-29 18:00:00,train
sequences\seq_NADA_2016_5383.npy,sequences\tgt_NADA_2016_5383.npy,NADA,2016,2016-11-29 18:15:00,train
sequences\seq_NADA_2016_5384.npy,sequences\tgt_NADA_2016_5384.npy,NADA,2016,2016-11-29 18:30:00,train
sequences\seq_NADA_2016_5385.npy,sequences\tgt_NADA_2016_5385.npy,NADA,2016,2016-11-29 18:45:00,train
sequences\seq_NADA_2016_5386.npy,sequences\tgt_NADA_2016_5386.npy,NADA,2016,2016-11-29 19:00:00,train
sequences\seq_NADA_2016_5387.npy,sequences\tgt_NADA_2016_5387.npy,NADA,2016,2016-11-29 19:15:00,train
sequences\seq_NADA_2016_5388.npy,sequences\tgt_NADA_2016_5388.npy,NADA,2016,2016-11-29 19:30:00,train
sequences\seq_NADA_2016_5389.npy,sequences\tgt_NADA_2016_5389.npy,NADA,2016,2016-11-29 19:45:00,train
sequences\seq_NADA_2016_5390.npy,sequences\tgt_NADA_2016_5390.npy,NADA,2016,2016-11-29 20:00:00,train
sequences\seq_NADA_2016_5391.npy,sequences\tgt_NADA_2016_5391.npy,NADA,2016,2016-11-29 20:15:00,train
sequences\seq_NADA_2016_5392.npy,sequences\tgt_NADA_2016_5392.npy,NADA,2016,2016-11-29 20:30:00,train
sequences\seq_NADA_2016_5393.npy,sequences\tgt_NADA_2016_5393.npy,NADA,2016,2016-11-29 20:45:00,train
sequences\seq_NADA_2016_5394.npy,sequences\tgt_NADA_2016_5394.npy,NADA,2016,2016-11-29 21:00:00,train
sequences\seq_NADA_2016_5395.npy,sequences\tgt_NADA_2016_5395.npy,NADA,2016,2016-11-29 21:15:00,train
sequences\seq_NADA_2016_5396.npy,sequences\tgt_NADA_2016_5396.npy,NADA,2016,2016-11-29 21:30:00,train
sequences\seq_NADA_2016_5397.npy,sequences\tgt_NADA_2016_5397.npy,NADA,2016,2016-11-29 21:45:00,train
sequences\seq_NADA_2016_5398.npy,sequences\tgt_NADA_2016_5398.npy,NADA,2016,2016-11-29 22:00:00,train
sequences\seq_NADA_2016_5399.npy,sequences\tgt_NADA_2016_5399.npy,NADA,2016,2016-11-29 22:15:00,train
sequences\seq_NADA_2016_5400.npy,sequences\tgt_NADA_2016_5400.npy,NADA,2016,2016-11-29 22:30:00,train
sequences\seq_NADA_2016_5401.npy,sequences\tgt_NADA_2016_5401.npy,NADA,2016,2016-11-29 22:45:00,train
sequences\seq_NADA_2016_5402.npy,sequences\tgt_NADA_2016_5402.npy,NADA,2016,2016-11-29 23:00:00,train
sequences\seq_NADA_2016_5403.npy,sequences\tgt_NADA_2016_5403.npy,NADA,2016,2016-11-29 23:15:00,train
sequences\seq_NADA_2016_5404.npy,sequences\tgt_NADA_2016_5404.npy,NADA,2016,2016-11-29 23:30:00,train
sequences\seq_NADA_2016_5405.npy,sequences\tgt_NADA_2016_5405.npy,NADA,2016,2016-11-29 23:45:00,train
sequences\seq_NADA_2016_5406.npy,sequences\tgt_NADA_2016_5406.npy,NADA,2016,2016-11-30 00:00:00,train
sequences\seq_NADA_2016_5407.npy,sequences\tgt_NADA_2016_5407.npy,NADA,2016,2016-11-30 00:15:00,train
sequences\seq_NADA_2016_5408.npy,sequences\tgt_NADA_2016_5408.npy,NADA,2016,2016-11-30 00:30:00,train
sequences\seq_NADA_2016_5409.npy,sequences\tgt_NADA_2016_5409.npy,NADA,2016,2016-11-30 00:45:00,train
sequences\seq_NADA_2016_5410.npy,sequences\tgt_NADA_2016_5410.npy,NADA,2016,2016-11-30 01:00:00,train
sequences\seq_NADA_2016_5411.npy,sequences\tgt_NADA_2016_5411.npy,NADA,2016,2016-11-30 01:15:00,train
sequences\seq_NADA_2016_5412.npy,sequences\tgt_NADA_2016_5412.npy,NADA,2016,2016-11-30 01:30:00,train
sequences\seq_NADA_2016_5413.npy,sequences\tgt_NADA_2016_5413.npy,NADA,2016,2016-11-30 01:45:00,train
sequences\seq_NADA_2016_5414.npy,sequences\tgt_NADA_2016_5414.npy,NADA,2016,2016-11-30 02:00:00,train
sequences\seq_NADA_2016_5415.npy,sequences\tgt_NADA_2016_5415.npy,NADA,2016,2016-11-30 02:15:00,train
sequences\seq_NADA_2016_5416.npy,sequences\tgt_NADA_2016_5416.npy,NADA,2016,2016-11-30 02:30:00,train
sequences\seq_NADA_2016_5417.npy,sequences\tgt_NADA_2016_5417.npy,NADA,2016,2016-11-30 02:45:00,train
sequences\seq_NADA_2016_5418.npy,sequences\tgt_NADA_2016_5418.npy,NADA,2016,2016-11-30 03:15:00,train
sequences\seq_NADA_2016_5419.npy,sequences\tgt_NADA_2016_5419.npy,NADA,2016,2016-11-30 03:30:00,train
sequences\seq_NADA_2016_5420.npy,sequences\tgt_NADA_2016_5420.npy,NADA,2016,2016-11-30 03:45:00,train
sequences\seq_NADA_2016_5421.npy,sequences\tgt_NADA_2016_5421.npy,NADA,2016,2016-11-30 04:00:00,train
sequences\seq_NADA_2016_5422.npy,sequences\tgt_NADA_2016_5422.npy,NADA,2016,2016-11-30 04:15:00,train
sequences\seq_NADA_2016_5423.npy,sequences\tgt_NADA_2016_5423.npy,NADA,2016,2016-11-30 04:45:00,train
sequences\seq_NADA_2016_5424.npy,sequences\tgt_NADA_2016_5424.npy,NADA,2016,2016-11-30 05:00:00,train
sequences\seq_NADA_2016_5425.npy,sequences\tgt_NADA_2016_5425.npy,NADA,2016,2016-11-30 05:15:00,train
sequences\seq_NADA_2016_5426.npy,sequences\tgt_NADA_2016_5426.npy,NADA,2016,2016-11-30 05:30:00,train
sequences\seq_NADA_2016_5427.npy,sequences\tgt_NADA_2016_5427.npy,NADA,2016,2016-11-30 05:45:00,train
sequences\seq_NADA_2016_5428.npy,sequences\tgt_NADA_2016_5428.npy,NADA,2016,2016-11-30 06:00:00,train
sequences\seq_NADA_2016_5429.npy,sequences\tgt_NADA_2016_5429.npy,NADA,2016,2016-11-30 06:15:00,train
sequences\seq_NADA_2016_5430.npy,sequences\tgt_NADA_2016_5430.npy,NADA,2016,2016-11-30 06:30:00,train
sequences\seq_NADA_2016_5431.npy,sequences\tgt_NADA_2016_5431.npy,NADA,2016,2016-11-30 06:45:00,train
sequences\seq_NADA_2016_5432.npy,sequences\tgt_NADA_2016_5432.npy,NADA,2016,2016-11-30 07:00:00,train
sequences\seq_NADA_2016_5433.npy,sequences\tgt_NADA_2016_5433.npy,NADA,2016,2016-11-30 07:15:00,train
sequences\seq_NADA_2016_5434.npy,sequences\tgt_NADA_2016_5434.npy,NADA,2016,2016-11-30 07:45:00,train
sequences\seq_NADA_2016_5435.npy,sequences\tgt_NADA_2016_5435.npy,NADA,2016,2016-11-30 08:00:00,train
sequences\seq_NADA_2016_5436.npy,sequences\tgt_NADA_2016_5436.npy,NADA,2016,2016-11-30 08:15:00,train
sequences\seq_NADA_2016_5437.npy,sequences\tgt_NADA_2016_5437.npy,NADA,2016,2016-11-30 08:30:00,train
sequences\seq_NADA_2016_5438.npy,sequences\tgt_NADA_2016_5438.npy,NADA,2016,2016-11-30 08:45:00,train
sequences\seq_NADA_2016_5439.npy,sequences\tgt_NADA_2016_5439.npy,NADA,2016,2016-11-30 09:00:00,train
sequences\seq_NADA_2016_5440.npy,sequences\tgt_NADA_2016_5440.npy,NADA,2016,2016-11-30 09:15:00,train
sequences\seq_NADA_2016_5441.npy,sequences\tgt_NADA_2016_5441.npy,NADA,2016,2016-11-30 09:30:00,train
sequences\seq_NADA_2016_5442.npy,sequences\tgt_NADA_2016_5442.npy,NADA,2016,2016-11-30 09:45:00,train
sequences\seq_NADA_2016_5443.npy,sequences\tgt_NADA_2016_5443.npy,NADA,2016,2016-11-30 10:00:00,train
sequences\seq_NADA_2016_5444.npy,sequences\tgt_NADA_2016_5444.npy,NADA,2016,2016-11-30 10:15:00,train
sequences\seq_NADA_2016_5445.npy,sequences\tgt_NADA_2016_5445.npy,NADA,2016,2016-11-30 10:30:00,train
sequences\seq_NADA_2016_5446.npy,sequences\tgt_NADA_2016_5446.npy,NADA,2016,2016-11-30 10:45:00,train
sequences\seq_NADA_2016_5447.npy,sequences\tgt_NADA_2016_5447.npy,NADA,2016,2016-11-30 11:00:00,train
sequences\seq_NADA_2016_5448.npy,sequences\tgt_NADA_2016_5448.npy,NADA,2016,2016-11-30 11:15:00,train
sequences\seq_NADA_2016_5449.npy,sequences\tgt_NADA_2016_5449.npy,NADA,2016,2016-11-30 11:30:00,train
sequences\seq_NADA_2016_5450.npy,sequences\tgt_NADA_2016_5450.npy,NADA,2016,2016-11-30 11:45:00,train
sequences\seq_NADA_2016_5451.npy,sequences\tgt_NADA_2016_5451.npy,NADA,2016,2016-11-30 12:00:00,train
sequences\seq_NADA_2016_5452.npy,sequences\tgt_NADA_2016_5452.npy,NADA,2016,2016-11-30 12:15:00,train
sequences\seq_NADA_2016_5453.npy,sequences\tgt_NADA_2016_5453.npy,NADA,2016,2016-11-30 12:30:00,train
sequences\seq_NADA_2016_5454.npy,sequences\tgt_NADA_2016_5454.npy,NADA,2016,2016-11-30 12:45:00,train
sequences\seq_NADA_2016_5455.npy,sequences\tgt_NADA_2016_5455.npy,NADA,2016,2016-11-30 13:00:00,train
sequences\seq_NADA_2016_5456.npy,sequences\tgt_NADA_2016_5456.npy,NADA,2016,2016-11-30 13:15:00,train
sequences\seq_NADA_2016_5457.npy,sequences\tgt_NADA_2016_5457.npy,NADA,2016,2016-11-30 13:30:00,train
sequences\seq_NADA_2016_5458.npy,sequences\tgt_NADA_2016_5458.npy,NADA,2016,2016-11-30 13:45:00,train
sequences\seq_NADA_2016_5459.npy,sequences\tgt_NADA_2016_5459.npy,NADA,2016,2016-11-30 14:00:00,train
sequences\seq_NADA_2016_5460.npy,sequences\tgt_NADA_2016_5460.npy,NADA,2016,2016-11-30 14:15:00,train
sequences\seq_NADA_2016_5461.npy,sequences\tgt_NADA_2016_5461.npy,NADA,2016,2016-11-30 14:30:00,train
sequences\seq_NADA_2016_5462.npy,sequences\tgt_NADA_2016_5462.npy,NADA,2016,2016-11-30 14:45:00,train
sequences\seq_NADA_2016_5463.npy,sequences\tgt_NADA_2016_5463.npy,NADA,2016,2016-11-30 15:00:00,train
sequences\seq_NADA_2016_5464.npy,sequences\tgt_NADA_2016_5464.npy,NADA,2016,2016-11-30 15:15:00,train
sequences\seq_NADA_2016_5465.npy,sequences\tgt_NADA_2016_5465.npy,NADA,2016,2016-11-30 15:30:00,train
sequences\seq_NADA_2016_5466.npy,sequences\tgt_NADA_2016_5466.npy,NADA,2016,2016-11-30 15:45:00,train
sequences\seq_NADA_2016_5467.npy,sequences\tgt_NADA_2016_5467.npy,NADA,2016,2016-11-30 16:00:00,train
sequences\seq_NADA_2016_5468.npy,sequences\tgt_NADA_2016_5468.npy,NADA,2016,2016-11-30 16:15:00,train
sequences\seq_NADA_2016_5469.npy,sequences\tgt_NADA_2016_5469.npy,NADA,2016,2016-11-30 16:30:00,train
sequences\seq_NADA_2016_5470.npy,sequences\tgt_NADA_2016_5470.npy,NADA,2016,2016-11-30 16:45:00,train
sequences\seq_NADA_2016_5471.npy,sequences\tgt_NADA_2016_5471.npy,NADA,2016,2016-11-30 17:00:00,train
sequences\seq_NADA_2016_5472.npy,sequences\tgt_NADA_2016_5472.npy,NADA,2016,2016-11-30 17:15:00,train
sequences\seq_NADA_2016_5473.npy,sequences\tgt_NADA_2016_5473.npy,NADA,2016,2016-11-30 17:30:00,train
sequences\seq_NADA_2016_5474.npy,sequences\tgt_NADA_2016_5474.npy,NADA,2016,2016-11-30 17:45:00,train
sequences\seq_NADA_2016_5475.npy,sequences\tgt_NADA_2016_5475.npy,NADA,2016,2016-11-30 18:00:00,train
sequences\seq_NADA_2016_5476.npy,sequences\tgt_NADA_2016_5476.npy,NADA,2016,2016-11-30 18:15:00,train
sequences\seq_NADA_2016_5477.npy,sequences\tgt_NADA_2016_5477.npy,NADA,2016,2016-11-30 18:30:00,train
sequences\seq_NADA_2016_5478.npy,sequences\tgt_NADA_2016_5478.npy,NADA,2016,2016-11-30 18:45:00,train
sequences\seq_NADA_2016_5479.npy,sequences\tgt_NADA_2016_5479.npy,NADA,2016,2016-11-30 19:00:00,train
sequences\seq_NADA_2016_5480.npy,sequences\tgt_NADA_2016_5480.npy,NADA,2016,2016-11-30 19:15:00,train
sequences\seq_NADA_2016_5481.npy,sequences\tgt_NADA_2016_5481.npy,NADA,2016,2016-11-30 19:30:00,train
sequences\seq_NADA_2016_5482.npy,sequences\tgt_NADA_2016_5482.npy,NADA,2016,2016-11-30 19:45:00,train
sequences\seq_NADA_2016_5483.npy,sequences\tgt_NADA_2016_5483.npy,NADA,2016,2016-11-30 20:00:00,train
sequences\seq_NADA_2016_5484.npy,sequences\tgt_NADA_2016_5484.npy,NADA,2016,2016-11-30 20:15:00,train
sequences\seq_NADA_2016_5485.npy,sequences\tgt_NADA_2016_5485.npy,NADA,2016,2016-11-30 20:30:00,train
sequences\seq_NADA_2016_5486.npy,sequences\tgt_NADA_2016_5486.npy,NADA,2016,2016-11-30 20:45:00,train
sequences\seq_NADA_2016_5487.npy,sequences\tgt_NADA_2016_5487.npy,NADA,2016,2016-11-30 21:00:00,train
sequences\seq_NADA_2016_5488.npy,sequences\tgt_NADA_2016_5488.npy,NADA,2016,2016-11-30 21:15:00,train
sequences\seq_NADA_2016_5489.npy,sequences\tgt_NADA_2016_5489.npy,NADA,2016,2016-11-30 21:30:00,train
sequences\seq_NADA_2016_5490.npy,sequences\tgt_NADA_2016_5490.npy,NADA,2016,2016-11-30 21:45:00,train
sequences\seq_NADA_2016_5491.npy,sequences\tgt_NADA_2016_5491.npy,NADA,2016,2016-11-30 22:00:00,train
sequences\seq_NADA_2016_5492.npy,sequences\tgt_NADA_2016_5492.npy,NADA,2016,2016-11-30 22:15:00,train
sequences\seq_NADA_2016_5493.npy,sequences\tgt_NADA_2016_5493.npy,NADA,2016,2016-11-30 22:30:00,train
sequences\seq_NADA_2016_5494.npy,sequences\tgt_NADA_2016_5494.npy,NADA,2016,2016-11-30 22:45:00,train
sequences\seq_NADA_2016_5495.npy,sequences\tgt_NADA_2016_5495.npy,NADA,2016,2016-11-30 23:00:00,train
sequences\seq_NADA_2016_5496.npy,sequences\tgt_NADA_2016_5496.npy,NADA,2016,2016-11-30 23:15:00,train
sequences\seq_NADA_2016_5497.npy,sequences\tgt_NADA_2016_5497.npy,NADA,2016,2016-11-30 23:30:00,train
sequences\seq_NADA_2016_5498.npy,sequences\tgt_NADA_2016_5498.npy,NADA,2016,2016-11-30 23:45:00,train
sequences\seq_NADA_2016_5499.npy,sequences\tgt_NADA_2016_5499.npy,NADA,2016,2016-12-01 00:00:00,train
sequences\seq_NADA_2016_5500.npy,sequences\tgt_NADA_2016_5500.npy,NADA,2016,2016-12-01 00:15:00,train
sequences\seq_NADA_2016_5501.npy,sequences\tgt_NADA_2016_5501.npy,NADA,2016,2016-12-01 00:30:00,train
sequences\seq_NADA_2016_5502.npy,sequences\tgt_NADA_2016_5502.npy,NADA,2016,2016-12-01 00:45:00,train
sequences\seq_NADA_2016_5503.npy,sequences\tgt_NADA_2016_5503.npy,NADA,2016,2016-12-01 01:00:00,train
sequences\seq_NANAUK_2014_5504.npy,sequences\tgt_NANAUK_2014_5504.npy,NANAUK,2014,2014-06-12 19:00:00,validation
sequences\seq_NANAUK_2014_5505.npy,sequences\tgt_NANAUK_2014_5505.npy,NANAUK,2014,2014-06-12 19:30:00,validation
sequences\seq_NANAUK_2014_5506.npy,sequences\tgt_NANAUK_2014_5506.npy,NANAUK,2014,2014-06-12 20:00:00,validation
sequences\seq_NANAUK_2014_5507.npy,sequences\tgt_NANAUK_2014_5507.npy,NANAUK,2014,2014-06-12 20:30:00,validation
sequences\seq_NANAUK_2014_5508.npy,sequences\tgt_NANAUK_2014_5508.npy,NANAUK,2014,2014-06-12 21:00:00,validation
sequences\seq_NANAUK_2014_5509.npy,sequences\tgt_NANAUK_2014_5509.npy,NANAUK,2014,2014-06-12 21:30:00,validation
sequences\seq_NANAUK_2014_5510.npy,sequences\tgt_NANAUK_2014_5510.npy,NANAUK,2014,2014-06-12 22:00:00,validation
sequences\seq_NANAUK_2014_5511.npy,sequences\tgt_NANAUK_2014_5511.npy,NANAUK,2014,2014-06-12 22:30:00,validation
sequences\seq_NANAUK_2014_5512.npy,sequences\tgt_NANAUK_2014_5512.npy,NANAUK,2014,2014-06-12 23:00:00,validation
sequences\seq_NANAUK_2014_5513.npy,sequences\tgt_NANAUK_2014_5513.npy,NANAUK,2014,2014-06-12 23:30:00,validation
sequences\seq_NANAUK_2014_5514.npy,sequences\tgt_NANAUK_2014_5514.npy,NANAUK,2014,2014-06-13 00:00:00,validation
sequences\seq_NANAUK_2014_5515.npy,sequences\tgt_NANAUK_2014_5515.npy,NANAUK,2014,2014-06-13 00:30:00,validation
sequences\seq_NANAUK_2014_5516.npy,sequences\tgt_NANAUK_2014_5516.npy,NANAUK,2014,2014-06-13 01:00:00,validation
sequences\seq_NANAUK_2014_5517.npy,sequences\tgt_NANAUK_2014_5517.npy,NANAUK,2014,2014-06-13 01:30:00,validation
sequences\seq_NANAUK_2014_5518.npy,sequences\tgt_NANAUK_2014_5518.npy,NANAUK,2014,2014-06-13 02:00:00,validation
sequences\seq_NANAUK_2014_5519.npy,sequences\tgt_NANAUK_2014_5519.npy,NANAUK,2014,2014-06-13 02:30:00,validation
sequences\seq_NANAUK_2014_5520.npy,sequences\tgt_NANAUK_2014_5520.npy,NANAUK,2014,2014-06-13 03:00:00,validation
sequences\seq_NANAUK_2014_5521.npy,sequences\tgt_NANAUK_2014_5521.npy,NANAUK,2014,2014-06-13 03:30:00,validation
sequences\seq_NANAUK_2014_5522.npy,sequences\tgt_NANAUK_2014_5522.npy,NANAUK,2014,2014-06-13 04:30:00,validation
sequences\seq_NANAUK_2014_5523.npy,sequences\tgt_NANAUK_2014_5523.npy,NANAUK,2014,2014-06-13 05:00:00,validation
sequences\seq_NANAUK_2014_5524.npy,sequences\tgt_NANAUK_2014_5524.npy,NANAUK,2014,2014-06-13 05:30:00,validation
sequences\seq_NANAUK_2014_5525.npy,sequences\tgt_NANAUK_2014_5525.npy,NANAUK,2014,2014-06-13 06:00:00,validation
sequences\seq_NANAUK_2014_5526.npy,sequences\tgt_NANAUK_2014_5526.npy,NANAUK,2014,2014-06-13 06:30:00,validation
sequences\seq_NANAUK_2014_5527.npy,sequences\tgt_NANAUK_2014_5527.npy,NANAUK,2014,2014-06-13 07:00:00,validation
sequences\seq_NANAUK_2014_5528.npy,sequences\tgt_NANAUK_2014_5528.npy,NANAUK,2014,2014-06-13 07:30:00,validation
sequences\seq_NANAUK_2014_5529.npy,sequences\tgt_NANAUK_2014_5529.npy,NANAUK,2014,2014-06-13 08:00:00,validation
sequences\seq_NANAUK_2014_5530.npy,sequences\tgt_NANAUK_2014_5530.npy,NANAUK,2014,2014-06-13 08:30:00,validation
sequences\seq_NANAUK_2014_5531.npy,sequences\tgt_NANAUK_2014_5531.npy,NANAUK,2014,2014-06-13 09:00:00,validation
sequences\seq_NANAUK_2014_5532.npy,sequences\tgt_NANAUK_2014_5532.npy,NANAUK,2014,2014-06-13 09:30:00,validation
sequences\seq_NANAUK_2014_5533.npy,sequences\tgt_NANAUK_2014_5533.npy,NANAUK,2014,2014-06-13 10:00:00,validation
sequences\seq_NANAUK_2014_5534.npy,sequences\tgt_NANAUK_2014_5534.npy,NANAUK,2014,2014-06-13 10:30:00,validation
sequences\seq_NANAUK_2014_5535.npy,sequences\tgt_NANAUK_2014_5535.npy,NANAUK,2014,2014-06-13 11:00:00,validation
sequences\seq_NANAUK_2014_5536.npy,sequences\tgt_NANAUK_2014_5536.npy,NANAUK,2014,2014-06-13 11:30:00,validation
sequences\seq_NANAUK_2014_5537.npy,sequences\tgt_NANAUK_2014_5537.npy,NANAUK,2014,2014-06-13 12:00:00,validation
sequences\seq_NANAUK_2014_5538.npy,sequences\tgt_NANAUK_2014_5538.npy,NANAUK,2014,2014-06-13 12:30:00,validation
sequences\seq_NANAUK_2014_5539.npy,sequences\tgt_NANAUK_2014_5539.npy,NANAUK,2014,2014-06-13 13:00:00,validation
sequences\seq_NANAUK_2014_5540.npy,sequences\tgt_NANAUK_2014_5540.npy,NANAUK,2014,2014-06-13 13:30:00,validation
sequences\seq_NANAUK_2014_5541.npy,sequences\tgt_NANAUK_2014_5541.npy,NANAUK,2014,2014-06-13 14:00:00,validation
sequences\seq_NANAUK_2014_5542.npy,sequences\tgt_NANAUK_2014_5542.npy,NANAUK,2014,2014-06-13 14:30:00,validation
sequences\seq_NANAUK_2014_5543.npy,sequences\tgt_NANAUK_2014_5543.npy,NANAUK,2014,2014-06-13 15:00:00,validation
sequences\seq_NANAUK_2014_5544.npy,sequences\tgt_NANAUK_2014_5544.npy,NANAUK,2014,2014-06-13 15:30:00,validation
sequences\seq_NANAUK_2014_5545.npy,sequences\tgt_NANAUK_2014_5545.npy,NANAUK,2014,2014-06-13 16:00:00,validation
sequences\seq_NANAUK_2014_5546.npy,sequences\tgt_NANAUK_2014_5546.npy,NANAUK,2014,2014-06-13 16:30:00,validation
sequences\seq_NANAUK_2014_5547.npy,sequences\tgt_NANAUK_2014_5547.npy,NANAUK,2014,2014-06-13 17:00:00,validation
sequences\seq_NANAUK_2014_5548.npy,sequences\tgt_NANAUK_2014_5548.npy,NANAUK,2014,2014-06-13 19:00:00,validation
sequences\seq_NANAUK_2014_5549.npy,sequences\tgt_NANAUK_2014_5549.npy,NANAUK,2014,2014-06-13 19:30:00,validation
sequences\seq_NANAUK_2014_5550.npy,sequences\tgt_NANAUK_2014_5550.npy,NANAUK,2014,2014-06-13 20:00:00,validation
sequences\seq_NANAUK_2014_5551.npy,sequences\tgt_NANAUK_2014_5551.npy,NANAUK,2014,2014-06-13 20:30:00,validation
sequences\seq_NANAUK_2014_5552.npy,sequences\tgt_NANAUK_2014_5552.npy,NANAUK,2014,2014-06-13 21:00:00,validation
sequences\seq_NANAUK_2014_5553.npy,sequences\tgt_NANAUK_2014_5553.npy,NANAUK,2014,2014-06-13 21:30:00,validation
sequences\seq_NANAUK_2014_5554.npy,sequences\tgt_NANAUK_2014_5554.npy,NANAUK,2014,2014-06-13 22:00:00,validation
sequences\seq_NANAUK_2014_5555.npy,sequences\tgt_NANAUK_2014_5555.npy,NANAUK,2014,2014-06-13 22:30:00,validation
sequences\seq_NANAUK_2014_5556.npy,sequences\tgt_NANAUK_2014_5556.npy,NANAUK,2014,2014-06-13 23:00:00,validation
sequences\seq_NANAUK_2014_5557.npy,sequences\tgt_NANAUK_2014_5557.npy,NANAUK,2014,2014-06-13 23:30:00,validation
sequences\seq_NANAUK_2014_5558.npy,sequences\tgt_NANAUK_2014_5558.npy,NANAUK,2014,2014-06-14 00:00:00,validation
sequences\seq_NANAUK_2014_5559.npy,sequences\tgt_NANAUK_2014_5559.npy,NANAUK,2014,2014-06-14 00:30:00,validation
sequences\seq_NANAUK_2014_5560.npy,sequences\tgt_NANAUK_2014_5560.npy,NANAUK,2014,2014-06-14 01:00:00,validation
sequences\seq_NANAUK_2014_5561.npy,sequences\tgt_NANAUK_2014_5561.npy,NANAUK,2014,2014-06-14 01:30:00,validation
sequences\seq_NANAUK_2014_5562.npy,sequences\tgt_NANAUK_2014_5562.npy,NANAUK,2014,2014-06-14 02:00:00,validation
sequences\seq_NILOFAR_2014_5563.npy,sequences\tgt_NILOFAR_2014_5563.npy,NILOFAR,2014,2014-10-25 05:30:00,test
sequences\seq_NILOFAR_2014_5564.npy,sequences\tgt_NILOFAR_2014_5564.npy,NILOFAR,2014,2014-10-25 06:00:00,test
sequences\seq_NILOFAR_2014_5565.npy,sequences\tgt_NILOFAR_2014_5565.npy,NILOFAR,2014,2014-10-25 06:30:00,test
sequences\seq_NILOFAR_2014_5566.npy,sequences\tgt_NILOFAR_2014_5566.npy,NILOFAR,2014,2014-10-25 07:00:00,test
sequences\seq_NILOFAR_2014_5567.npy,sequences\tgt_NILOFAR_2014_5567.npy,NILOFAR,2014,2014-10-25 07:30:00,test
sequences\seq_NILOFAR_2014_5568.npy,sequences\tgt_NILOFAR_2014_5568.npy,NILOFAR,2014,2014-10-25 08:00:00,test
sequences\seq_NILOFAR_2014_5569.npy,sequences\tgt_NILOFAR_2014_5569.npy,NILOFAR,2014,2014-10-25 08:30:00,test
sequences\seq_NILOFAR_2014_5570.npy,sequences\tgt_NILOFAR_2014_5570.npy,NILOFAR,2014,2014-10-25 09:00:00,test
sequences\seq_NILOFAR_2014_5571.npy,sequences\tgt_NILOFAR_2014_5571.npy,NILOFAR,2014,2014-10-25 09:30:00,test
sequences\seq_NILOFAR_2014_5572.npy,sequences\tgt_NILOFAR_2014_5572.npy,NILOFAR,2014,2014-10-25 10:00:00,test
sequences\seq_NILOFAR_2014_5573.npy,sequences\tgt_NILOFAR_2014_5573.npy,NILOFAR,2014,2014-10-25 10:30:00,test
sequences\seq_NILOFAR_2014_5574.npy,sequences\tgt_NILOFAR_2014_5574.npy,NILOFAR,2014,2014-10-25 11:00:00,test
sequences\seq_NILOFAR_2014_5575.npy,sequences\tgt_NILOFAR_2014_5575.npy,NILOFAR,2014,2014-10-25 11:30:00,test
sequences\seq_NILOFAR_2014_5576.npy,sequences\tgt_NILOFAR_2014_5576.npy,NILOFAR,2014,2014-10-25 12:00:00,test
sequences\seq_NILOFAR_2014_5577.npy,sequences\tgt_NILOFAR_2014_5577.npy,NILOFAR,2014,2014-10-25 12:30:00,test
sequences\seq_NILOFAR_2014_5578.npy,sequences\tgt_NILOFAR_2014_5578.npy,NILOFAR,2014,2014-10-25 13:00:00,test
sequences\seq_NILOFAR_2014_5579.npy,sequences\tgt_NILOFAR_2014_5579.npy,NILOFAR,2014,2014-10-25 13:30:00,test
sequences\seq_NILOFAR_2014_5580.npy,sequences\tgt_NILOFAR_2014_5580.npy,NILOFAR,2014,2014-10-25 14:00:00,test
sequences\seq_NILOFAR_2014_5581.npy,sequences\tgt_NILOFAR_2014_5581.npy,NILOFAR,2014,2014-10-25 14:30:00,test
sequences\seq_NILOFAR_2014_5582.npy,sequences\tgt_NILOFAR_2014_5582.npy,NILOFAR,2014,2014-10-25 15:00:00,test
sequences\seq_NILOFAR_2014_5583.npy,sequences\tgt_NILOFAR_2014_5583.npy,NILOFAR,2014,2014-10-25 15:30:00,test
sequences\seq_NILOFAR_2014_5584.npy,sequences\tgt_NILOFAR_2014_5584.npy,NILOFAR,2014,2014-10-25 16:30:00,test
sequences\seq_NILOFAR_2014_5585.npy,sequences\tgt_NILOFAR_2014_5585.npy,NILOFAR,2014,2014-10-25 20:00:00,test
sequences\seq_NILOFAR_2014_5586.npy,sequences\tgt_NILOFAR_2014_5586.npy,NILOFAR,2014,2014-10-25 20:30:00,test
sequences\seq_NILOFAR_2014_5587.npy,sequences\tgt_NILOFAR_2014_5587.npy,NILOFAR,2014,2014-10-25 21:00:00,test
sequences\seq_NILOFAR_2014_5588.npy,sequences\tgt_NILOFAR_2014_5588.npy,NILOFAR,2014,2014-10-25 21:30:00,test
sequences\seq_NILOFAR_2014_5589.npy,sequences\tgt_NILOFAR_2014_5589.npy,NILOFAR,2014,2014-10-25 22:00:00,test
sequences\seq_NILOFAR_2014_5590.npy,sequences\tgt_NILOFAR_2014_5590.npy,NILOFAR,2014,2014-10-25 22:30:00,test
sequences\seq_NILOFAR_2014_5591.npy,sequences\tgt_NILOFAR_2014_5591.npy,NILOFAR,2014,2014-10-25 23:00:00,test
sequences\seq_NILOFAR_2014_5592.npy,sequences\tgt_NILOFAR_2014_5592.npy,NILOFAR,2014,2014-10-25 23:30:00,test
sequences\seq_NILOFAR_2014_5593.npy,sequences\tgt_NILOFAR_2014_5593.npy,NILOFAR,2014,2014-10-26 00:00:00,test
sequences\seq_NILOFAR_2014_5594.npy,sequences\tgt_NILOFAR_2014_5594.npy,NILOFAR,2014,2014-10-26 00:30:00,test
sequences\seq_NILOFAR_2014_5595.npy,sequences\tgt_NILOFAR_2014_5595.npy,NILOFAR,2014,2014-10-26 01:00:00,test
sequences\seq_NILOFAR_2014_5596.npy,sequences\tgt_NILOFAR_2014_5596.npy,NILOFAR,2014,2014-10-26 01:30:00,test
sequences\seq_NILOFAR_2014_5597.npy,sequences\tgt_NILOFAR_2014_5597.npy,NILOFAR,2014,2014-10-26 02:00:00,test
sequences\seq_NILOFAR_2014_5598.npy,sequences\tgt_NILOFAR_2014_5598.npy,NILOFAR,2014,2014-10-26 02:30:00,test
sequences\seq_NILOFAR_2014_5599.npy,sequences\tgt_NILOFAR_2014_5599.npy,NILOFAR,2014,2014-10-26 03:00:00,test
sequences\seq_NILOFAR_2014_5600.npy,sequences\tgt_NILOFAR_2014_5600.npy,NILOFAR,2014,2014-10-26 03:30:00,test
sequences\seq_NILOFAR_2014_5601.npy,sequences\tgt_NILOFAR_2014_5601.npy,NILOFAR,2014,2014-10-26 04:30:00,test
sequences\seq_NILOFAR_2014_5602.npy,sequences\tgt_NILOFAR_2014_5602.npy,NILOFAR,2014,2014-10-26 05:00:00,test
sequences\seq_NILOFAR_2014_5603.npy,sequences\tgt_NILOFAR_2014_5603.npy,NILOFAR,2014,2014-10-26 05:30:00,test
sequences\seq_NILOFAR_2014_5604.npy,sequences\tgt_NILOFAR_2014_5604.npy,NILOFAR,2014,2014-10-26 06:00:00,test
sequences\seq_NILOFAR_2014_5605.npy,sequences\tgt_NILOFAR_2014_5605.npy,NILOFAR,2014,2014-10-26 06:30:00,test
sequences\seq_NILOFAR_2014_5606.npy,sequences\tgt_NILOFAR_2014_5606.npy,NILOFAR,2014,2014-10-26 07:00:00,test
sequences\seq_NILOFAR_2014_5607.npy,sequences\tgt_NILOFAR_2014_5607.npy,NILOFAR,2014,2014-10-26 07:30:00,test
sequences\seq_NILOFAR_2014_5608.npy,sequences\tgt_NILOFAR_2014_5608.npy,NILOFAR,2014,2014-10-26 08:00:00,test
sequences\seq_NILOFAR_2014_5609.npy,sequences\tgt_NILOFAR_2014_5609.npy,NILOFAR,2014,2014-10-26 08:30:00,test
sequences\seq_NILOFAR_2014_5610.npy,sequences\tgt_NILOFAR_2014_5610.npy,NILOFAR,2014,2014-10-26 09:00:00,test
sequences\seq_NILOFAR_2014_5611.npy,sequences\tgt_NILOFAR_2014_5611.npy,NILOFAR,2014,2014-10-26 09:30:00,test
sequences\seq_NILOFAR_2014_5612.npy,sequences\tgt_NILOFAR_2014_5612.npy,NILOFAR,2014,2014-10-26 10:00:00,test
sequences\seq_NILOFAR_2014_5613.npy,sequences\tgt_NILOFAR_2014_5613.npy,NILOFAR,2014,2014-10-26 10:30:00,test
sequences\seq_NILOFAR_2014_5614.npy,sequences\tgt_NILOFAR_2014_5614.npy,NILOFAR,2014,2014-10-26 11:00:00,test
sequences\seq_NILOFAR_2014_5615.npy,sequences\tgt_NILOFAR_2014_5615.npy,NILOFAR,2014,2014-10-26 11:30:00,test
sequences\seq_NILOFAR_2014_5616.npy,sequences\tgt_NILOFAR_2014_5616.npy,NILOFAR,2014,2014-10-26 12:00:00,test
sequences\seq_NILOFAR_2014_5617.npy,sequences\tgt_NILOFAR_2014_5617.npy,NILOFAR,2014,2014-10-26 12:30:00,test
sequences\seq_NILOFAR_2014_5618.npy,sequences\tgt_NILOFAR_2014_5618.npy,NILOFAR,2014,2014-10-26 13:00:00,test
sequences\seq_NILOFAR_2014_5619.npy,sequences\tgt_NILOFAR_2014_5619.npy,NILOFAR,2014,2014-10-26 13:30:00,test
sequences\seq_NILOFAR_2014_5620.npy,sequences\tgt_NILOFAR_2014_5620.npy,NILOFAR,2014,2014-10-26 14:00:00,test
sequences\seq_NILOFAR_2014_5621.npy,sequences\tgt_NILOFAR_2014_5621.npy,NILOFAR,2014,2014-10-26 14:30:00,test
sequences\seq_NILOFAR_2014_5622.npy,sequences\tgt_NILOFAR_2014_5622.npy,NILOFAR,2014,2014-10-26 15:00:00,test
sequences\seq_NILOFAR_2014_5623.npy,sequences\tgt_NILOFAR_2014_5623.npy,NILOFAR,2014,2014-10-26 15:30:00,test
sequences\seq_NILOFAR_2014_5624.npy,sequences\tgt_NILOFAR_2014_5624.npy,NILOFAR,2014,2014-10-26 16:00:00,test
sequences\seq_NILOFAR_2014_5625.npy,sequences\tgt_NILOFAR_2014_5625.npy,NILOFAR,2014,2014-10-26 16:30:00,test
sequences\seq_NILOFAR_2014_5626.npy,sequences\tgt_NILOFAR_2014_5626.npy,NILOFAR,2014,2014-10-26 20:00:00,test
sequences\seq_NILOFAR_2014_5627.npy,sequences\tgt_NILOFAR_2014_5627.npy,NILOFAR,2014,2014-10-26 20:30:00,test
sequences\seq_NILOFAR_2014_5628.npy,sequences\tgt_NILOFAR_2014_5628.npy,NILOFAR,2014,2014-10-26 21:00:00,test
sequences\seq_NILOFAR_2014_5629.npy,sequences\tgt_NILOFAR_2014_5629.npy,NILOFAR,2014,2014-10-26 21:30:00,test
sequences\seq_NILOFAR_2014_5630.npy,sequences\tgt_NILOFAR_2014_5630.npy,NILOFAR,2014,2014-10-26 22:00:00,test
sequences\seq_NILOFAR_2014_5631.npy,sequences\tgt_NILOFAR_2014_5631.npy,NILOFAR,2014,2014-10-26 22:30:00,test
sequences\seq_NILOFAR_2014_5632.npy,sequences\tgt_NILOFAR_2014_5632.npy,NILOFAR,2014,2014-10-26 23:00:00,test
sequences\seq_NILOFAR_2014_5633.npy,sequences\tgt_NILOFAR_2014_5633.npy,NILOFAR,2014,2014-10-26 23:30:00,test
sequences\seq_NILOFAR_2014_5634.npy,sequences\tgt_NILOFAR_2014_5634.npy,NILOFAR,2014,2014-10-27 00:00:00,test
sequences\seq_NILOFAR_2014_5635.npy,sequences\tgt_NILOFAR_2014_5635.npy,NILOFAR,2014,2014-10-27 00:30:00,test
sequences\seq_NILOFAR_2014_5636.npy,sequences\tgt_NILOFAR_2014_5636.npy,NILOFAR,2014,2014-10-27 01:00:00,test
sequences\seq_NILOFAR_2014_5637.npy,sequences\tgt_NILOFAR_2014_5637.npy,NILOFAR,2014,2014-10-27 01:30:00,test
sequences\seq_NILOFAR_2014_5638.npy,sequences\tgt_NILOFAR_2014_5638.npy,NILOFAR,2014,2014-10-27 02:00:00,test
sequences\seq_NILOFAR_2014_5639.npy,sequences\tgt_NILOFAR_2014_5639.npy,NILOFAR,2014,2014-10-27 02:30:00,test
sequences\seq_NILOFAR_2014_5640.npy,sequences\tgt_NILOFAR_2014_5640.npy,NILOFAR,2014,2014-10-27 03:00:00,test
sequences\seq_NILOFAR_2014_5641.npy,sequences\tgt_NILOFAR_2014_5641.npy,NILOFAR,2014,2014-10-27 05:00:00,test
sequences\seq_NILOFAR_2014_5642.npy,sequences\tgt_NILOFAR_2014_5642.npy,NILOFAR,2014,2014-10-27 05:30:00,test
sequences\seq_NILOFAR_2014_5643.npy,sequences\tgt_NILOFAR_2014_5643.npy,NILOFAR,2014,2014-10-27 06:00:00,test
sequences\seq_NILOFAR_2014_5644.npy,sequences\tgt_NILOFAR_2014_5644.npy,NILOFAR,2014,2014-10-27 06:30:00,test
sequences\seq_NILOFAR_2014_5645.npy,sequences\tgt_NILOFAR_2014_5645.npy,NILOFAR,2014,2014-10-27 07:00:00,test
sequences\seq_NILOFAR_2014_5646.npy,sequences\tgt_NILOFAR_2014_5646.npy,NILOFAR,2014,2014-10-27 07:30:00,test
sequences\seq_NILOFAR_2014_5647.npy,sequences\tgt_NILOFAR_2014_5647.npy,NILOFAR,2014,2014-10-27 08:00:00,test
sequences\seq_NILOFAR_2014_5648.npy,sequences\tgt_NILOFAR_2014_5648.npy,NILOFAR,2014,2014-10-27 08:30:00,test
sequences\seq_NILOFAR_2014_5649.npy,sequences\tgt_NILOFAR_2014_5649.npy,NILOFAR,2014,2014-10-27 09:00:00,test
sequences\seq_NILOFAR_2014_5650.npy,sequences\tgt_NILOFAR_2014_5650.npy,NILOFAR,2014,2014-10-27 09:30:00,test
sequences\seq_NILOFAR_2014_5651.npy,sequences\tgt_NILOFAR_2014_5651.npy,NILOFAR,2014,2014-10-27 10:00:00,test
sequences\seq_NILOFAR_2014_5652.npy,sequences\tgt_NILOFAR_2014_5652.npy,NILOFAR,2014,2014-10-27 10:30:00,test
sequences\seq_NILOFAR_2014_5653.npy,sequences\tgt_NILOFAR_2014_5653.npy,NILOFAR,2014,2014-10-27 11:00:00,test
sequences\seq_NILOFAR_2014_5654.npy,sequences\tgt_NILOFAR_2014_5654.npy,NILOFAR,2014,2014-10-27 11:30:00,test
sequences\seq_NILOFAR_2014_5655.npy,sequences\tgt_NILOFAR_2014_5655.npy,NILOFAR,2014,2014-10-27 12:00:00,test
sequences\seq_NILOFAR_2014_5656.npy,sequences\tgt_NILOFAR_2014_5656.npy,NILOFAR,2014,2014-10-27 12:30:00,test
sequences\seq_NILOFAR_2014_5657.npy,sequences\tgt_NILOFAR_2014_5657.npy,NILOFAR,2014,2014-10-27 13:00:00,test
sequences\seq_NILOFAR_2014_5658.npy,sequences\tgt_NILOFAR_2014_5658.npy,NILOFAR,2014,2014-10-27 13:30:00,test
sequences\seq_NILOFAR_2014_5659.npy,sequences\tgt_NILOFAR_2014_5659.npy,NILOFAR,2014,2014-10-27 14:30:00,test
sequences\seq_NILOFAR_2014_5660.npy,sequences\tgt_NILOFAR_2014_5660.npy,NILOFAR,2014,2014-10-27 15:00:00,test
sequences\seq_NILOFAR_2014_5661.npy,sequences\tgt_NILOFAR_2014_5661.npy,NILOFAR,2014,2014-10-27 15:30:00,test
sequences\seq_NILOFAR_2014_5662.npy,sequences\tgt_NILOFAR_2014_5662.npy,NILOFAR,2014,2014-10-27 16:00:00,test
sequences\seq_NILOFAR_2014_5663.npy,sequences\tgt_NILOFAR_2014_5663.npy,NILOFAR,2014,2014-10-27 16:30:00,test
sequences\seq_NILOFAR_2014_5664.npy,sequences\tgt_NILOFAR_2014_5664.npy,NILOFAR,2014,2014-10-27 20:00:00,test
sequences\seq_NILOFAR_2014_5665.npy,sequences\tgt_NILOFAR_2014_5665.npy,NILOFAR,2014,2014-10-27 20:30:00,test
sequences\seq_NILOFAR_2014_5666.npy,sequences\tgt_NILOFAR_2014_5666.npy,NILOFAR,2014,2014-10-27 21:00:00,test
sequences\seq_NILOFAR_2014_5667.npy,sequences\tgt_NILOFAR_2014_5667.npy,NILOFAR,2014,2014-10-27 21:30:00,test
sequences\seq_NILOFAR_2014_5668.npy,sequences\tgt_NILOFAR_2014_5668.npy,NILOFAR,2014,2014-10-27 22:00:00,test
sequences\seq_NILOFAR_2014_5669.npy,sequences\tgt_NILOFAR_2014_5669.npy,NILOFAR,2014,2014-10-27 22:30:00,test
sequences\seq_NILOFAR_2014_5670.npy,sequences\tgt_NILOFAR_2014_5670.npy,NILOFAR,2014,2014-10-27 23:00:00,test
sequences\seq_NILOFAR_2014_5671.npy,sequences\tgt_NILOFAR_2014_5671.npy,NILOFAR,2014,2014-10-27 23:30:00,test
sequences\seq_NILOFAR_2014_5672.npy,sequences\tgt_NILOFAR_2014_5672.npy,NILOFAR,2014,2014-10-28 00:00:00,test
sequences\seq_NILOFAR_2014_5673.npy,sequences\tgt_NILOFAR_2014_5673.npy,NILOFAR,2014,2014-10-28 00:30:00,test
sequences\seq_NILOFAR_2014_5674.npy,sequences\tgt_NILOFAR_2014_5674.npy,NILOFAR,2014,2014-10-28 01:00:00,test
sequences\seq_NILOFAR_2014_5675.npy,sequences\tgt_NILOFAR_2014_5675.npy,NILOFAR,2014,2014-10-28 01:30:00,test
sequences\seq_NILOFAR_2014_5676.npy,sequences\tgt_NILOFAR_2014_5676.npy,NILOFAR,2014,2014-10-28 02:00:00,test
sequences\seq_NILOFAR_2014_5677.npy,sequences\tgt_NILOFAR_2014_5677.npy,NILOFAR,2014,2014-10-28 03:00:00,test
sequences\seq_NILOFAR_2014_5678.npy,sequences\tgt_NILOFAR_2014_5678.npy,NILOFAR,2014,2014-10-28 03:30:00,test
sequences\seq_NILOFAR_2014_5679.npy,sequences\tgt_NILOFAR_2014_5679.npy,NILOFAR,2014,2014-10-28 04:00:00,test
sequences\seq_NILOFAR_2014_5680.npy,sequences\tgt_NILOFAR_2014_5680.npy,NILOFAR,2014,2014-10-28 04:30:00,test
sequences\seq_NILOFAR_2014_5681.npy,sequences\tgt_NILOFAR_2014_5681.npy,NILOFAR,2014,2014-10-28 05:00:00,test
sequences\seq_NILOFAR_2014_5682.npy,sequences\tgt_NILOFAR_2014_5682.npy,NILOFAR,2014,2014-10-28 05:30:00,test
sequences\seq_NILOFAR_2014_5683.npy,sequences\tgt_NILOFAR_2014_5683.npy,NILOFAR,2014,2014-10-28 06:00:00,test
sequences\seq_NILOFAR_2014_5684.npy,sequences\tgt_NILOFAR_2014_5684.npy,NILOFAR,2014,2014-10-28 06:30:00,test
sequences\seq_NILOFAR_2014_5685.npy,sequences\tgt_NILOFAR_2014_5685.npy,NILOFAR,2014,2014-10-28 07:00:00,test
sequences\seq_NILOFAR_2014_5686.npy,sequences\tgt_NILOFAR_2014_5686.npy,NILOFAR,2014,2014-10-28 07:30:00,test
sequences\seq_NILOFAR_2014_5687.npy,sequences\tgt_NILOFAR_2014_5687.npy,NILOFAR,2014,2014-10-28 08:00:00,test
sequences\seq_NILOFAR_2014_5688.npy,sequences\tgt_NILOFAR_2014_5688.npy,NILOFAR,2014,2014-10-28 08:30:00,test
sequences\seq_NILOFAR_2014_5689.npy,sequences\tgt_NILOFAR_2014_5689.npy,NILOFAR,2014,2014-10-28 09:00:00,test
sequences\seq_NILOFAR_2014_5690.npy,sequences\tgt_NILOFAR_2014_5690.npy,NILOFAR,2014,2014-10-28 09:30:00,test
sequences\seq_NILOFAR_2014_5691.npy,sequences\tgt_NILOFAR_2014_5691.npy,NILOFAR,2014,2014-10-28 10:00:00,test
sequences\seq_NILOFAR_2014_5692.npy,sequences\tgt_NILOFAR_2014_5692.npy,NILOFAR,2014,2014-10-28 10:30:00,test
sequences\seq_NILOFAR_2014_5693.npy,sequences\tgt_NILOFAR_2014_5693.npy,NILOFAR,2014,2014-10-28 11:00:00,test
sequences\seq_NILOFAR_2014_5694.npy,sequences\tgt_NILOFAR_2014_5694.npy,NILOFAR,2014,2014-10-28 11:30:00,test
sequences\seq_NILOFAR_2014_5695.npy,sequences\tgt_NILOFAR_2014_5695.npy,NILOFAR,2014,2014-10-28 12:00:00,test
sequences\seq_NILOFAR_2014_5696.npy,sequences\tgt_NILOFAR_2014_5696.npy,NILOFAR,2014,2014-10-28 12:30:00,test
sequences\seq_NILOFAR_2014_5697.npy,sequences\tgt_NILOFAR_2014_5697.npy,NILOFAR,2014,2014-10-28 13:00:00,test
sequences\seq_NILOFAR_2014_5698.npy,sequences\tgt_NILOFAR_2014_5698.npy,NILOFAR,2014,2014-10-28 13:30:00,test
sequences\seq_NILOFAR_2014_5699.npy,sequences\tgt_NILOFAR_2014_5699.npy,NILOFAR,2014,2014-10-28 14:00:00,test
sequences\seq_NILOFAR_2014_5700.npy,sequences\tgt_NILOFAR_2014_5700.npy,NILOFAR,2014,2014-10-28 14:30:00,test
sequences\seq_NILOFAR_2014_5701.npy,sequences\tgt_NILOFAR_2014_5701.npy,NILOFAR,2014,2014-10-28 15:00:00,test
sequences\seq_NILOFAR_2014_5702.npy,sequences\tgt_NILOFAR_2014_5702.npy,NILOFAR,2014,2014-10-28 15:30:00,test
sequences\seq_NILOFAR_2014_5703.npy,sequences\tgt_NILOFAR_2014_5703.npy,NILOFAR,2014,2014-10-28 16:00:00,test
sequences\seq_NILOFAR_2014_5704.npy,sequences\tgt_NILOFAR_2014_5704.npy,NILOFAR,2014,2014-10-28 16:30:00,test
sequences\seq_NILOFAR_2014_5705.npy,sequences\tgt_NILOFAR_2014_5705.npy,NILOFAR,2014,2014-10-28 20:00:00,test
sequences\seq_NILOFAR_2014_5706.npy,sequences\tgt_NILOFAR_2014_5706.npy,NILOFAR,2014,2014-10-28 20:30:00,test
sequences\seq_NILOFAR_2014_5707.npy,sequences\tgt_NILOFAR_2014_5707.npy,NILOFAR,2014,2014-10-28 21:00:00,test
sequences\seq_NILOFAR_2014_5708.npy,sequences\tgt_NILOFAR_2014_5708.npy,NILOFAR,2014,2014-10-28 21:30:00,test
sequences\seq_NILOFAR_2014_5709.npy,sequences\tgt_NILOFAR_2014_5709.npy,NILOFAR,2014,2014-10-28 22:00:00,test
sequences\seq_NILOFAR_2014_5710.npy,sequences\tgt_NILOFAR_2014_5710.npy,NILOFAR,2014,2014-10-28 22:30:00,test
sequences\seq_NILOFAR_2014_5711.npy,sequences\tgt_NILOFAR_2014_5711.npy,NILOFAR,2014,2014-10-28 23:00:00,test
sequences\seq_NILOFAR_2014_5712.npy,sequences\tgt_NILOFAR_2014_5712.npy,NILOFAR,2014,2014-10-28 23:30:00,test
sequences\seq_NILOFAR_2014_5713.npy,sequences\tgt_NILOFAR_2014_5713.npy,NILOFAR,2014,2014-10-29 00:00:00,test
sequences\seq_NILOFAR_2014_5714.npy,sequences\tgt_NILOFAR_2014_5714.npy,NILOFAR,2014,2014-10-29 00:30:00,test
sequences\seq_NILOFAR_2014_5715.npy,sequences\tgt_NILOFAR_2014_5715.npy,NILOFAR,2014,2014-10-29 01:00:00,test
sequences\seq_NILOFAR_2014_5716.npy,sequences\tgt_NILOFAR_2014_5716.npy,NILOFAR,2014,2014-10-29 01:30:00,test
sequences\seq_NILOFAR_2014_5717.npy,sequences\tgt_NILOFAR_2014_5717.npy,NILOFAR,2014,2014-10-29 02:00:00,test
sequences\seq_NILOFAR_2014_5718.npy,sequences\tgt_NILOFAR_2014_5718.npy,NILOFAR,2014,2014-10-29 02:30:00,test
sequences\seq_NILOFAR_2014_5719.npy,sequences\tgt_NILOFAR_2014_5719.npy,NILOFAR,2014,2014-10-29 03:00:00,test
sequences\seq_NILOFAR_2014_5720.npy,sequences\tgt_NILOFAR_2014_5720.npy,NILOFAR,2014,2014-10-29 03:30:00,test
sequences\seq_NILOFAR_2014_5721.npy,sequences\tgt_NILOFAR_2014_5721.npy,NILOFAR,2014,2014-10-29 04:00:00,test
sequences\seq_NILOFAR_2014_5722.npy,sequences\tgt_NILOFAR_2014_5722.npy,NILOFAR,2014,2014-10-29 04:30:00,test
sequences\seq_NILOFAR_2014_5723.npy,sequences\tgt_NILOFAR_2014_5723.npy,NILOFAR,2014,2014-10-29 05:00:00,test
sequences\seq_NILOFAR_2014_5724.npy,sequences\tgt_NILOFAR_2014_5724.npy,NILOFAR,2014,2014-10-29 05:30:00,test
sequences\seq_NILOFAR_2014_5725.npy,sequences\tgt_NILOFAR_2014_5725.npy,NILOFAR,2014,2014-10-29 06:00:00,test
sequences\seq_NILOFAR_2014_5726.npy,sequences\tgt_NILOFAR_2014_5726.npy,NILOFAR,2014,2014-10-29 06:30:00,test
sequences\seq_NILOFAR_2014_5727.npy,sequences\tgt_NILOFAR_2014_5727.npy,NILOFAR,2014,2014-10-29 07:00:00,test
sequences\seq_NILOFAR_2014_5728.npy,sequences\tgt_NILOFAR_2014_5728.npy,NILOFAR,2014,2014-10-29 07:30:00,test
sequences\seq_NILOFAR_2014_5729.npy,sequences\tgt_NILOFAR_2014_5729.npy,NILOFAR,2014,2014-10-29 08:00:00,test
sequences\seq_NILOFAR_2014_5730.npy,sequences\tgt_NILOFAR_2014_5730.npy,NILOFAR,2014,2014-10-29 08:30:00,test
sequences\seq_NILOFAR_2014_5731.npy,sequences\tgt_NILOFAR_2014_5731.npy,NILOFAR,2014,2014-10-29 09:00:00,test
sequences\seq_NILOFAR_2014_5732.npy,sequences\tgt_NILOFAR_2014_5732.npy,NILOFAR,2014,2014-10-29 10:30:00,test
sequences\seq_NILOFAR_2014_5733.npy,sequences\tgt_NILOFAR_2014_5733.npy,NILOFAR,2014,2014-10-29 11:00:00,test
sequences\seq_NILOFAR_2014_5734.npy,sequences\tgt_NILOFAR_2014_5734.npy,NILOFAR,2014,2014-10-29 11:30:00,test
sequences\seq_NILOFAR_2014_5735.npy,sequences\tgt_NILOFAR_2014_5735.npy,NILOFAR,2014,2014-10-29 12:00:00,test
sequences\seq_NILOFAR_2014_5736.npy,sequences\tgt_NILOFAR_2014_5736.npy,NILOFAR,2014,2014-10-29 12:30:00,test
sequences\seq_NILOFAR_2014_5737.npy,sequences\tgt_NILOFAR_2014_5737.npy,NILOFAR,2014,2014-10-29 13:00:00,test
sequences\seq_NILOFAR_2014_5738.npy,sequences\tgt_NILOFAR_2014_5738.npy,NILOFAR,2014,2014-10-29 13:30:00,test
sequences\seq_NILOFAR_2014_5739.npy,sequences\tgt_NILOFAR_2014_5739.npy,NILOFAR,2014,2014-10-29 14:00:00,test
sequences\seq_NILOFAR_2014_5740.npy,sequences\tgt_NILOFAR_2014_5740.npy,NILOFAR,2014,2014-10-29 14:30:00,test
sequences\seq_NILOFAR_2014_5741.npy,sequences\tgt_NILOFAR_2014_5741.npy,NILOFAR,2014,2014-10-29 15:00:00,test
sequences\seq_NILOFAR_2014_5742.npy,sequences\tgt_NILOFAR_2014_5742.npy,NILOFAR,2014,2014-10-29 15:30:00,test
sequences\seq_NILOFAR_2014_5743.npy,sequences\tgt_NILOFAR_2014_5743.npy,NILOFAR,2014,2014-10-29 16:00:00,test
sequences\seq_NILOFAR_2014_5744.npy,sequences\tgt_NILOFAR_2014_5744.npy,NILOFAR,2014,2014-10-29 16:30:00,test
sequences\seq_NILOFAR_2014_5745.npy,sequences\tgt_NILOFAR_2014_5745.npy,NILOFAR,2014,2014-10-29 20:00:00,test
sequences\seq_NILOFAR_2014_5746.npy,sequences\tgt_NILOFAR_2014_5746.npy,NILOFAR,2014,2014-10-29 20:30:00,test
sequences\seq_NILOFAR_2014_5747.npy,sequences\tgt_NILOFAR_2014_5747.npy,NILOFAR,2014,2014-10-29 21:00:00,test
sequences\seq_NILOFAR_2014_5748.npy,sequences\tgt_NILOFAR_2014_5748.npy,NILOFAR,2014,2014-10-29 21:30:00,test
sequences\seq_NILOFAR_2014_5749.npy,sequences\tgt_NILOFAR_2014_5749.npy,NILOFAR,2014,2014-10-29 22:00:00,test
sequences\seq_NILOFAR_2014_5750.npy,sequences\tgt_NILOFAR_2014_5750.npy,NILOFAR,2014,2014-10-29 22:30:00,test
sequences\seq_NILOFAR_2014_5751.npy,sequences\tgt_NILOFAR_2014_5751.npy,NILOFAR,2014,2014-10-29 23:00:00,test
sequences\seq_NILOFAR_2014_5752.npy,sequences\tgt_NILOFAR_2014_5752.npy,NILOFAR,2014,2014-10-29 23:30:00,test
sequences\seq_NILOFAR_2014_5753.npy,sequences\tgt_NILOFAR_2014_5753.npy,NILOFAR,2014,2014-10-30 00:00:00,test
sequences\seq_NILOFAR_2014_5754.npy,sequences\tgt_NILOFAR_2014_5754.npy,NILOFAR,2014,2014-10-30 00:30:00,test
sequences\seq_NILOFAR_2014_5755.npy,sequences\tgt_NILOFAR_2014_5755.npy,NILOFAR,2014,2014-10-30 01:00:00,test
sequences\seq_NILOFAR_2014_5756.npy,sequences\tgt_NILOFAR_2014_5756.npy,NILOFAR,2014,2014-10-30 01:30:00,test
sequences\seq_NILOFAR_2014_5757.npy,sequences\tgt_NILOFAR_2014_5757.npy,NILOFAR,2014,2014-10-30 02:00:00,test
sequences\seq_NILOFAR_2014_5758.npy,sequences\tgt_NILOFAR_2014_5758.npy,NILOFAR,2014,2014-10-30 02:30:00,test
sequences\seq_NILOFAR_2014_5759.npy,sequences\tgt_NILOFAR_2014_5759.npy,NILOFAR,2014,2014-10-30 03:00:00,test
sequences\seq_NILOFAR_2014_5760.npy,sequences\tgt_NILOFAR_2014_5760.npy,NILOFAR,2014,2014-10-30 03:30:00,test
sequences\seq_NILOFAR_2014_5761.npy,sequences\tgt_NILOFAR_2014_5761.npy,NILOFAR,2014,2014-10-30 04:00:00,test
sequences\seq_NILOFAR_2014_5762.npy,sequences\tgt_NILOFAR_2014_5762.npy,NILOFAR,2014,2014-10-30 04:30:00,test
sequences\seq_NILOFAR_2014_5763.npy,sequences\tgt_NILOFAR_2014_5763.npy,NILOFAR,2014,2014-10-30 05:00:00,test
sequences\seq_NILOFAR_2014_5764.npy,sequences\tgt_NILOFAR_2014_5764.npy,NILOFAR,2014,2014-10-30 05:30:00,test
sequences\seq_NILOFAR_2014_5765.npy,sequences\tgt_NILOFAR_2014_5765.npy,NILOFAR,2014,2014-10-30 06:00:00,test
sequences\seq_NILOFAR_2014_5766.npy,sequences\tgt_NILOFAR_2014_5766.npy,NILOFAR,2014,2014-10-30 06:30:00,test
sequences\seq_NILOFAR_2014_5767.npy,sequences\tgt_NILOFAR_2014_5767.npy,NILOFAR,2014,2014-10-30 07:00:00,test
sequences\seq_NILOFAR_2014_5768.npy,sequences\tgt_NILOFAR_2014_5768.npy,NILOFAR,2014,2014-10-30 07:30:00,test
sequences\seq_NILOFAR_2014_5769.npy,sequences\tgt_NILOFAR_2014_5769.npy,NILOFAR,2014,2014-10-30 08:00:00,test
sequences\seq_NILOFAR_2014_5770.npy,sequences\tgt_NILOFAR_2014_5770.npy,NILOFAR,2014,2014-10-30 08:30:00,test
sequences\seq_NILOFAR_2014_5771.npy,sequences\tgt_NILOFAR_2014_5771.npy,NILOFAR,2014,2014-10-30 09:00:00,test
sequences\seq_NILOFAR_2014_5772.npy,sequences\tgt_NILOFAR_2014_5772.npy,NILOFAR,2014,2014-10-30 09:30:00,test
sequences\seq_NILOFAR_2014_5773.npy,sequences\tgt_NILOFAR_2014_5773.npy,NILOFAR,2014,2014-10-30 10:00:00,test
sequences\seq_NILOFAR_2014_5774.npy,sequences\tgt_NILOFAR_2014_5774.npy,NILOFAR,2014,2014-10-30 10:30:00,test
sequences\seq_NILOFAR_2014_5775.npy,sequences\tgt_NILOFAR_2014_5775.npy,NILOFAR,2014,2014-10-30 11:00:00,test
sequences\seq_NILOFAR_2014_5776.npy,sequences\tgt_NILOFAR_2014_5776.npy,NILOFAR,2014,2014-10-30 11:30:00,test
sequences\seq_NILOFAR_2014_5777.npy,sequences\tgt_NILOFAR_2014_5777.npy,NILOFAR,2014,2014-10-30 12:00:00,test
sequences\seq_NILOFAR_2014_5778.npy,sequences\tgt_NILOFAR_2014_5778.npy,NILOFAR,2014,2014-10-30 12:30:00,test
sequences\seq_NILOFAR_2014_5779.npy,sequences\tgt_NILOFAR_2014_5779.npy,NILOFAR,2014,2014-10-30 13:00:00,test
sequences\seq_NILOFAR_2014_5780.npy,sequences\tgt_NILOFAR_2014_5780.npy,NILOFAR,2014,2014-10-30 13:30:00,test
sequences\seq_NILOFAR_2014_5781.npy,sequences\tgt_NILOFAR_2014_5781.npy,NILOFAR,2014,2014-10-30 14:00:00,test
sequences\seq_NILOFAR_2014_5782.npy,sequences\tgt_NILOFAR_2014_5782.npy,NILOFAR,2014,2014-10-30 14:30:00,test
sequences\seq_NILOFAR_2014_5783.npy,sequences\tgt_NILOFAR_2014_5783.npy,NILOFAR,2014,2014-10-30 15:00:00,test
sequences\seq_NILOFAR_2014_5784.npy,sequences\tgt_NILOFAR_2014_5784.npy,NILOFAR,2014,2014-10-30 15:30:00,test
sequences\seq_NILOFAR_2014_5785.npy,sequences\tgt_NILOFAR_2014_5785.npy,NILOFAR,2014,2014-10-30 16:00:00,test
sequences\seq_NILOFAR_2014_5786.npy,sequences\tgt_NILOFAR_2014_5786.npy,NILOFAR,2014,2014-10-30 16:30:00,test
sequences\seq_NILOFAR_2014_5787.npy,sequences\tgt_NILOFAR_2014_5787.npy,NILOFAR,2014,2014-10-30 20:00:00,test
sequences\seq_NILOFAR_2014_5788.npy,sequences\tgt_NILOFAR_2014_5788.npy,NILOFAR,2014,2014-10-30 20:30:00,test
sequences\seq_NILOFAR_2014_5789.npy,sequences\tgt_NILOFAR_2014_5789.npy,NILOFAR,2014,2014-10-30 21:00:00,test
sequences\seq_NILOFAR_2014_5790.npy,sequences\tgt_NILOFAR_2014_5790.npy,NILOFAR,2014,2014-10-30 21:30:00,test
sequences\seq_NILOFAR_2014_5791.npy,sequences\tgt_NILOFAR_2014_5791.npy,NILOFAR,2014,2014-10-30 22:00:00,test
sequences\seq_NILOFAR_2014_5792.npy,sequences\tgt_NILOFAR_2014_5792.npy,NILOFAR,2014,2014-10-30 22:30:00,test
sequences\seq_NILOFAR_2014_5793.npy,sequences\tgt_NILOFAR_2014_5793.npy,NILOFAR,2014,2014-10-30 23:00:00,test
sequences\seq_NILOFAR_2014_5794.npy,sequences\tgt_NILOFAR_2014_5794.npy,NILOFAR,2014,2014-10-30 23:30:00,test
sequences\seq_NILOFAR_2014_5795.npy,sequences\tgt_NILOFAR_2014_5795.npy,NILOFAR,2014,2014-10-31 00:00:00,test
sequences\seq_NILOFAR_2014_5796.npy,sequences\tgt_NILOFAR_2014_5796.npy,NILOFAR,2014,2014-10-31 00:30:00,test
sequences\seq_NILOFAR_2014_5797.npy,sequences\tgt_NILOFAR_2014_5797.npy,NILOFAR,2014,2014-10-31 01:00:00,test
sequences\seq_NILOFAR_2014_5798.npy,sequences\tgt_NILOFAR_2014_5798.npy,NILOFAR,2014,2014-10-31 01:30:00,test
sequences\seq_NIVAR’_2020_5799.npy,sequences\tgt_NIVAR’_2020_5799.npy,NIVAR’,2020,2020-11-23 02:30:00,train
sequences\seq_NIVAR’_2020_5800.npy,sequences\tgt_NIVAR’_2020_5800.npy,NIVAR’,2020,2020-11-23 02:45:00,train
sequences\seq_NIVAR’_2020_5801.npy,sequences\tgt_NIVAR’_2020_5801.npy,NIVAR’,2020,2020-11-23 03:00:00,train
sequences\seq_NIVAR’_2020_5802.npy,sequences\tgt_NIVAR’_2020_5802.npy,NIVAR’,2020,2020-11-23 03:15:00,train
sequences\seq_NIVAR’_2020_5803.npy,sequences\tgt_NIVAR’_2020_5803.npy,NIVAR’,2020,2020-11-23 03:30:00,train
sequences\seq_NIVAR’_2020_5804.npy,sequences\tgt_NIVAR’_2020_5804.npy,NIVAR’,2020,2020-11-23 03:45:00,train
sequences\seq_NIVAR’_2020_5805.npy,sequences\tgt_NIVAR’_2020_5805.npy,NIVAR’,2020,2020-11-23 04:00:00,train
sequences\seq_NIVAR’_2020_5806.npy,sequences\tgt_NIVAR’_2020_5806.npy,NIVAR’,2020,2020-11-23 04:15:00,train
sequences\seq_NIVAR’_2020_5807.npy,sequences\tgt_NIVAR’_2020_5807.npy,NIVAR’,2020,2020-11-23 04:30:00,train
sequences\seq_NIVAR’_2020_5808.npy,sequences\tgt_NIVAR’_2020_5808.npy,NIVAR’,2020,2020-11-23 04:45:00,train
sequences\seq_NIVAR’_2020_5809.npy,sequences\tgt_NIVAR’_2020_5809.npy,NIVAR’,2020,2020-11-23 05:00:00,train
sequences\seq_NIVAR’_2020_5810.npy,sequences\tgt_NIVAR’_2020_5810.npy,NIVAR’,2020,2020-11-23 05:15:00,train
sequences\seq_NIVAR’_2020_5811.npy,sequences\tgt_NIVAR’_2020_5811.npy,NIVAR’,2020,2020-11-23 05:30:00,train
sequences\seq_NIVAR’_2020_5812.npy,sequences\tgt_NIVAR’_2020_5812.npy,NIVAR’,2020,2020-11-23 05:45:00,train
sequences\seq_NIVAR’_2020_5813.npy,sequences\tgt_NIVAR’_2020_5813.npy,NIVAR’,2020,2020-11-23 06:00:00,train
sequences\seq_NIVAR’_2020_5814.npy,sequences\tgt_NIVAR’_2020_5814.npy,NIVAR’,2020,2020-11-23 06:15:00,train
sequences\seq_NIVAR’_2020_5815.npy,sequences\tgt_NIVAR’_2020_5815.npy,NIVAR’,2020,2020-11-23 06:30:00,train
sequences\seq_NIVAR’_2020_5816.npy,sequences\tgt_NIVAR’_2020_5816.npy,NIVAR’,2020,2020-11-23 06:45:00,train
sequences\seq_NIVAR’_2020_5817.npy,sequences\tgt_NIVAR’_2020_5817.npy,NIVAR’,2020,2020-11-23 07:00:00,train
sequences\seq_NIVAR’_2020_5818.npy,sequences\tgt_NIVAR’_2020_5818.npy,NIVAR’,2020,2020-11-23 07:15:00,train
sequences\seq_NIVAR’_2020_5819.npy,sequences\tgt_NIVAR’_2020_5819.npy,NIVAR’,2020,2020-11-23 07:30:00,train
sequences\seq_NIVAR’_2020_5820.npy,sequences\tgt_NIVAR’_2020_5820.npy,NIVAR’,2020,2020-11-23 07:45:00,train
sequences\seq_NIVAR’_2020_5821.npy,sequences\tgt_NIVAR’_2020_5821.npy,NIVAR’,2020,2020-11-23 08:00:00,train
sequences\seq_NIVAR’_2020_5822.npy,sequences\tgt_NIVAR’_2020_5822.npy,NIVAR’,2020,2020-11-23 08:15:00,train
sequences\seq_NIVAR’_2020_5823.npy,sequences\tgt_NIVAR’_2020_5823.npy,NIVAR’,2020,2020-11-23 08:45:00,train
sequences\seq_NIVAR’_2020_5824.npy,sequences\tgt_NIVAR’_2020_5824.npy,NIVAR’,2020,2020-11-23 09:00:00,train
sequences\seq_NIVAR’_2020_5825.npy,sequences\tgt_NIVAR’_2020_5825.npy,NIVAR’,2020,2020-11-23 09:15:00,train
sequences\seq_NIVAR’_2020_5826.npy,sequences\tgt_NIVAR’_2020_5826.npy,NIVAR’,2020,2020-11-23 09:30:00,train
sequences\seq_NIVAR’_2020_5827.npy,sequences\tgt_NIVAR’_2020_5827.npy,NIVAR’,2020,2020-11-23 09:45:00,train
sequences\seq_NIVAR’_2020_5828.npy,sequences\tgt_NIVAR’_2020_5828.npy,NIVAR’,2020,2020-11-23 10:00:00,train
sequences\seq_NIVAR’_2020_5829.npy,sequences\tgt_NIVAR’_2020_5829.npy,NIVAR’,2020,2020-11-23 10:15:00,train
sequences\seq_NIVAR’_2020_5830.npy,sequences\tgt_NIVAR’_2020_5830.npy,NIVAR’,2020,2020-11-23 10:30:00,train
sequences\seq_NIVAR’_2020_5831.npy,sequences\tgt_NIVAR’_2020_5831.npy,NIVAR’,2020,2020-11-23 10:45:00,train
sequences\seq_NIVAR’_2020_5832.npy,sequences\tgt_NIVAR’_2020_5832.npy,NIVAR’,2020,2020-11-23 11:00:00,train
sequences\seq_NIVAR’_2020_5833.npy,sequences\tgt_NIVAR’_2020_5833.npy,NIVAR’,2020,2020-11-23 11:15:00,train
sequences\seq_NIVAR’_2020_5834.npy,sequences\tgt_NIVAR’_2020_5834.npy,NIVAR’,2020,2020-11-23 11:30:00,train
sequences\seq_NIVAR’_2020_5835.npy,sequences\tgt_NIVAR’_2020_5835.npy,NIVAR’,2020,2020-11-23 11:45:00,train
sequences\seq_NIVAR’_2020_5836.npy,sequences\tgt_NIVAR’_2020_5836.npy,NIVAR’,2020,2020-11-23 12:00:00,train
sequences\seq_NIVAR’_2020_5837.npy,sequences\tgt_NIVAR’_2020_5837.npy,NIVAR’,2020,2020-11-23 12:15:00,train
sequences\seq_NIVAR’_2020_5838.npy,sequences\tgt_NIVAR’_2020_5838.npy,NIVAR’,2020,2020-11-23 12:30:00,train
sequences\seq_NIVAR’_2020_5839.npy,sequences\tgt_NIVAR’_2020_5839.npy,NIVAR’,2020,2020-11-23 12:45:00,train
sequences\seq_NIVAR’_2020_5840.npy,sequences\tgt_NIVAR’_2020_5840.npy,NIVAR’,2020,2020-11-23 13:00:00,train
sequences\seq_NIVAR’_2020_5841.npy,sequences\tgt_NIVAR’_2020_5841.npy,NIVAR’,2020,2020-11-23 13:15:00,train
sequences\seq_NIVAR’_2020_5842.npy,sequences\tgt_NIVAR’_2020_5842.npy,NIVAR’,2020,2020-11-23 13:30:00,train
sequences\seq_NIVAR’_2020_5843.npy,sequences\tgt_NIVAR’_2020_5843.npy,NIVAR’,2020,2020-11-23 13:45:00,train
sequences\seq_NIVAR’_2020_5844.npy,sequences\tgt_NIVAR’_2020_5844.npy,NIVAR’,2020,2020-11-23 14:00:00,train
sequences\seq_NIVAR’_2020_5845.npy,sequences\tgt_NIVAR’_2020_5845.npy,NIVAR’,2020,2020-11-23 14:15:00,train
sequences\seq_NIVAR’_2020_5846.npy,sequences\tgt_NIVAR’_2020_5846.npy,NIVAR’,2020,2020-11-23 14:30:00,train
sequences\seq_NIVAR’_2020_5847.npy,sequences\tgt_NIVAR’_2020_5847.npy,NIVAR’,2020,2020-11-23 14:45:00,train
sequences\seq_NIVAR’_2020_5848.npy,sequences\tgt_NIVAR’_2020_5848.npy,NIVAR’,2020,2020-11-23 15:00:00,train
sequences\seq_NIVAR’_2020_5849.npy,sequences\tgt_NIVAR’_2020_5849.npy,NIVAR’,2020,2020-11-23 15:15:00,train
sequences\seq_NIVAR’_2020_5850.npy,sequences\tgt_NIVAR’_2020_5850.npy,NIVAR’,2020,2020-11-23 15:30:00,train
sequences\seq_NIVAR’_2020_5851.npy,sequences\tgt_NIVAR’_2020_5851.npy,NIVAR’,2020,2020-11-23 15:45:00,train
sequences\seq_NIVAR’_2020_5852.npy,sequences\tgt_NIVAR’_2020_5852.npy,NIVAR’,2020,2020-11-23 16:00:00,train
sequences\seq_NIVAR’_2020_5853.npy,sequences\tgt_NIVAR’_2020_5853.npy,NIVAR’,2020,2020-11-23 16:15:00,train
sequences\seq_NIVAR’_2020_5854.npy,sequences\tgt_NIVAR’_2020_5854.npy,NIVAR’,2020,2020-11-23 16:30:00,train
sequences\seq_NIVAR’_2020_5855.npy,sequences\tgt_NIVAR’_2020_5855.npy,NIVAR’,2020,2020-11-23 16:45:00,train
sequences\seq_NIVAR’_2020_5856.npy,sequences\tgt_NIVAR’_2020_5856.npy,NIVAR’,2020,2020-11-23 17:00:00,train
sequences\seq_NIVAR’_2020_5857.npy,sequences\tgt_NIVAR’_2020_5857.npy,NIVAR’,2020,2020-11-23 17:15:00,train
sequences\seq_NIVAR’_2020_5858.npy,sequences\tgt_NIVAR’_2020_5858.npy,NIVAR’,2020,2020-11-23 17:30:00,train
sequences\seq_NIVAR’_2020_5859.npy,sequences\tgt_NIVAR’_2020_5859.npy,NIVAR’,2020,2020-11-23 17:45:00,train
sequences\seq_NIVAR’_2020_5860.npy,sequences\tgt_NIVAR’_2020_5860.npy,NIVAR’,2020,2020-11-23 18:00:00,train
sequences\seq_NIVAR’_2020_5861.npy,sequences\tgt_NIVAR’_2020_5861.npy,NIVAR’,2020,2020-11-23 18:15:00,train
sequences\seq_NIVAR’_2020_5862.npy,sequences\tgt_NIVAR’_2020_5862.npy,NIVAR’,2020,2020-11-23 18:30:00,train
sequences\seq_NIVAR’_2020_5863.npy,sequences\tgt_NIVAR’_2020_5863.npy,NIVAR’,2020,2020-11-23 18:45:00,train
sequences\seq_NIVAR’_2020_5864.npy,sequences\tgt_NIVAR’_2020_5864.npy,NIVAR’,2020,2020-11-23 19:00:00,train
sequences\seq_NIVAR’_2020_5865.npy,sequences\tgt_NIVAR’_2020_5865.npy,NIVAR’,2020,2020-11-23 19:15:00,train
sequences\seq_NIVAR’_2020_5866.npy,sequences\tgt_NIVAR’_2020_5866.npy,NIVAR’,2020,2020-11-23 19:30:00,train
sequences\seq_NIVAR’_2020_5867.npy,sequences\tgt_NIVAR’_2020_5867.npy,NIVAR’,2020,2020-11-23 19:45:00,train
sequences\seq_NIVAR’_2020_5868.npy,sequences\tgt_NIVAR’_2020_5868.npy,NIVAR’,2020,2020-11-23 20:00:00,train
sequences\seq_NIVAR’_2020_5869.npy,sequences\tgt_NIVAR’_2020_5869.npy,NIVAR’,2020,2020-11-23 20:15:00,train
sequences\seq_NIVAR’_2020_5870.npy,sequences\tgt_NIVAR’_2020_5870.npy,NIVAR’,2020,2020-11-23 20:30:00,train
sequences\seq_NIVAR’_2020_5871.npy,sequences\tgt_NIVAR’_2020_5871.npy,NIVAR’,2020,2020-11-23 20:45:00,train
sequences\seq_NIVAR’_2020_5872.npy,sequences\tgt_NIVAR’_2020_5872.npy,NIVAR’,2020,2020-11-23 21:00:00,train
sequences\seq_NIVAR’_2020_5873.npy,sequences\tgt_NIVAR’_2020_5873.npy,NIVAR’,2020,2020-11-23 21:15:00,train
sequences\seq_NIVAR’_2020_5874.npy,sequences\tgt_NIVAR’_2020_5874.npy,NIVAR’,2020,2020-11-23 21:30:00,train
sequences\seq_NIVAR’_2020_5875.npy,sequences\tgt_NIVAR’_2020_5875.npy,NIVAR’,2020,2020-11-23 21:45:00,train
sequences\seq_NIVAR’_2020_5876.npy,sequences\tgt_NIVAR’_2020_5876.npy,NIVAR’,2020,2020-11-23 22:00:00,train
sequences\seq_NIVAR’_2020_5877.npy,sequences\tgt_NIVAR’_2020_5877.npy,NIVAR’,2020,2020-11-23 22:15:00,train
sequences\seq_NIVAR’_2020_5878.npy,sequences\tgt_NIVAR’_2020_5878.npy,NIVAR’,2020,2020-11-23 22:30:00,train
sequences\seq_NIVAR’_2020_5879.npy,sequences\tgt_NIVAR’_2020_5879.npy,NIVAR’,2020,2020-11-23 22:45:00,train
sequences\seq_NIVAR’_2020_5880.npy,sequences\tgt_NIVAR’_2020_5880.npy,NIVAR’,2020,2020-11-23 23:00:00,train
sequences\seq_NIVAR’_2020_5881.npy,sequences\tgt_NIVAR’_2020_5881.npy,NIVAR’,2020,2020-11-23 23:15:00,train
sequences\seq_NIVAR’_2020_5882.npy,sequences\tgt_NIVAR’_2020_5882.npy,NIVAR’,2020,2020-11-23 23:30:00,train
sequences\seq_NIVAR’_2020_5883.npy,sequences\tgt_NIVAR’_2020_5883.npy,NIVAR’,2020,2020-11-23 23:45:00,train
sequences\seq_NIVAR’_2020_5884.npy,sequences\tgt_NIVAR’_2020_5884.npy,NIVAR’,2020,2020-11-24 00:00:00,train
sequences\seq_NIVAR’_2020_5885.npy,sequences\tgt_NIVAR’_2020_5885.npy,NIVAR’,2020,2020-11-24 00:15:00,train
sequences\seq_NIVAR’_2020_5886.npy,sequences\tgt_NIVAR’_2020_5886.npy,NIVAR’,2020,2020-11-24 00:30:00,train
sequences\seq_NIVAR’_2020_5887.npy,sequences\tgt_NIVAR’_2020_5887.npy,NIVAR’,2020,2020-11-24 00:45:00,train
sequences\seq_NIVAR’_2020_5888.npy,sequences\tgt_NIVAR’_2020_5888.npy,NIVAR’,2020,2020-11-24 01:00:00,train
sequences\seq_NIVAR’_2020_5889.npy,sequences\tgt_NIVAR’_2020_5889.npy,NIVAR’,2020,2020-11-24 01:15:00,train
sequences\seq_NIVAR’_2020_5890.npy,sequences\tgt_NIVAR’_2020_5890.npy,NIVAR’,2020,2020-11-24 01:30:00,train
sequences\seq_NIVAR’_2020_5891.npy,sequences\tgt_NIVAR’_2020_5891.npy,NIVAR’,2020,2020-11-24 01:45:00,train
sequences\seq_NIVAR’_2020_5892.npy,sequences\tgt_NIVAR’_2020_5892.npy,NIVAR’,2020,2020-11-24 02:00:00,train
sequences\seq_NIVAR’_2020_5893.npy,sequences\tgt_NIVAR’_2020_5893.npy,NIVAR’,2020,2020-11-24 02:15:00,train
sequences\seq_NIVAR’_2020_5894.npy,sequences\tgt_NIVAR’_2020_5894.npy,NIVAR’,2020,2020-11-24 02:30:00,train
sequences\seq_NIVAR’_2020_5895.npy,sequences\tgt_NIVAR’_2020_5895.npy,NIVAR’,2020,2020-11-24 02:45:00,train
sequences\seq_NIVAR’_2020_5896.npy,sequences\tgt_NIVAR’_2020_5896.npy,NIVAR’,2020,2020-11-24 03:00:00,train
sequences\seq_NIVAR’_2020_5897.npy,sequences\tgt_NIVAR’_2020_5897.npy,NIVAR’,2020,2020-11-24 03:15:00,train
sequences\seq_NIVAR’_2020_5898.npy,sequences\tgt_NIVAR’_2020_5898.npy,NIVAR’,2020,2020-11-24 03:30:00,train
sequences\seq_NIVAR’_2020_5899.npy,sequences\tgt_NIVAR’_2020_5899.npy,NIVAR’,2020,2020-11-24 03:45:00,train
sequences\seq_NIVAR’_2020_5900.npy,sequences\tgt_NIVAR’_2020_5900.npy,NIVAR’,2020,2020-11-24 04:00:00,train
sequences\seq_NIVAR’_2020_5901.npy,sequences\tgt_NIVAR’_2020_5901.npy,NIVAR’,2020,2020-11-24 04:15:00,train
sequences\seq_NIVAR’_2020_5902.npy,sequences\tgt_NIVAR’_2020_5902.npy,NIVAR’,2020,2020-11-24 04:30:00,train
sequences\seq_NIVAR’_2020_5903.npy,sequences\tgt_NIVAR’_2020_5903.npy,NIVAR’,2020,2020-11-24 04:45:00,train
sequences\seq_NIVAR’_2020_5904.npy,sequences\tgt_NIVAR’_2020_5904.npy,NIVAR’,2020,2020-11-24 05:00:00,train
sequences\seq_NIVAR’_2020_5905.npy,sequences\tgt_NIVAR’_2020_5905.npy,NIVAR’,2020,2020-11-24 05:15:00,train
sequences\seq_NIVAR’_2020_5906.npy,sequences\tgt_NIVAR’_2020_5906.npy,NIVAR’,2020,2020-11-24 05:30:00,train
sequences\seq_NIVAR’_2020_5907.npy,sequences\tgt_NIVAR’_2020_5907.npy,NIVAR’,2020,2020-11-24 05:45:00,train
sequences\seq_NIVAR’_2020_5908.npy,sequences\tgt_NIVAR’_2020_5908.npy,NIVAR’,2020,2020-11-24 06:00:00,train
sequences\seq_NIVAR’_2020_5909.npy,sequences\tgt_NIVAR’_2020_5909.npy,NIVAR’,2020,2020-11-24 06:15:00,train
sequences\seq_NIVAR’_2020_5910.npy,sequences\tgt_NIVAR’_2020_5910.npy,NIVAR’,2020,2020-11-24 06:30:00,train
sequences\seq_NIVAR’_2020_5911.npy,sequences\tgt_NIVAR’_2020_5911.npy,NIVAR’,2020,2020-11-24 06:45:00,train
sequences\seq_NIVAR’_2020_5912.npy,sequences\tgt_NIVAR’_2020_5912.npy,NIVAR’,2020,2020-11-24 07:00:00,train
sequences\seq_NIVAR’_2020_5913.npy,sequences\tgt_NIVAR’_2020_5913.npy,NIVAR’,2020,2020-11-24 07:15:00,train
sequences\seq_NIVAR’_2020_5914.npy,sequences\tgt_NIVAR’_2020_5914.npy,NIVAR’,2020,2020-11-24 07:30:00,train
sequences\seq_NIVAR’_2020_5915.npy,sequences\tgt_NIVAR’_2020_5915.npy,NIVAR’,2020,2020-11-24 07:45:00,train
sequences\seq_NIVAR’_2020_5916.npy,sequences\tgt_NIVAR’_2020_5916.npy,NIVAR’,2020,2020-11-24 08:00:00,train
sequences\seq_NIVAR’_2020_5917.npy,sequences\tgt_NIVAR’_2020_5917.npy,NIVAR’,2020,2020-11-24 08:15:00,train
sequences\seq_NIVAR’_2020_5918.npy,sequences\tgt_NIVAR’_2020_5918.npy,NIVAR’,2020,2020-11-24 08:30:00,train
sequences\seq_NIVAR’_2020_5919.npy,sequences\tgt_NIVAR’_2020_5919.npy,NIVAR’,2020,2020-11-24 08:45:00,train
sequences\seq_NIVAR’_2020_5920.npy,sequences\tgt_NIVAR’_2020_5920.npy,NIVAR’,2020,2020-11-24 09:00:00,train
sequences\seq_NIVAR’_2020_5921.npy,sequences\tgt_NIVAR’_2020_5921.npy,NIVAR’,2020,2020-11-24 09:15:00,train
sequences\seq_NIVAR’_2020_5922.npy,sequences\tgt_NIVAR’_2020_5922.npy,NIVAR’,2020,2020-11-24 09:30:00,train
sequences\seq_NIVAR’_2020_5923.npy,sequences\tgt_NIVAR’_2020_5923.npy,NIVAR’,2020,2020-11-24 09:45:00,train
sequences\seq_NIVAR’_2020_5924.npy,sequences\tgt_NIVAR’_2020_5924.npy,NIVAR’,2020,2020-11-24 10:00:00,train
sequences\seq_NIVAR’_2020_5925.npy,sequences\tgt_NIVAR’_2020_5925.npy,NIVAR’,2020,2020-11-24 10:15:00,train
sequences\seq_NIVAR’_2020_5926.npy,sequences\tgt_NIVAR’_2020_5926.npy,NIVAR’,2020,2020-11-24 10:30:00,train
sequences\seq_NIVAR’_2020_5927.npy,sequences\tgt_NIVAR’_2020_5927.npy,NIVAR’,2020,2020-11-24 10:45:00,train
sequences\seq_NIVAR’_2020_5928.npy,sequences\tgt_NIVAR’_2020_5928.npy,NIVAR’,2020,2020-11-24 11:00:00,train
sequences\seq_NIVAR’_2020_5929.npy,sequences\tgt_NIVAR’_2020_5929.npy,NIVAR’,2020,2020-11-24 11:15:00,train
sequences\seq_NIVAR’_2020_5930.npy,sequences\tgt_NIVAR’_2020_5930.npy,NIVAR’,2020,2020-11-24 11:30:00,train
sequences\seq_NIVAR’_2020_5931.npy,sequences\tgt_NIVAR’_2020_5931.npy,NIVAR’,2020,2020-11-24 11:45:00,train
sequences\seq_NIVAR’_2020_5932.npy,sequences\tgt_NIVAR’_2020_5932.npy,NIVAR’,2020,2020-11-24 12:00:00,train
sequences\seq_NIVAR’_2020_5933.npy,sequences\tgt_NIVAR’_2020_5933.npy,NIVAR’,2020,2020-11-24 12:15:00,train
sequences\seq_NIVAR’_2020_5934.npy,sequences\tgt_NIVAR’_2020_5934.npy,NIVAR’,2020,2020-11-24 12:30:00,train
sequences\seq_NIVAR’_2020_5935.npy,sequences\tgt_NIVAR’_2020_5935.npy,NIVAR’,2020,2020-11-24 12:45:00,train
sequences\seq_NIVAR’_2020_5936.npy,sequences\tgt_NIVAR’_2020_5936.npy,NIVAR’,2020,2020-11-24 13:00:00,train
sequences\seq_NIVAR’_2020_5937.npy,sequences\tgt_NIVAR’_2020_5937.npy,NIVAR’,2020,2020-11-24 13:15:00,train
sequences\seq_NIVAR’_2020_5938.npy,sequences\tgt_NIVAR’_2020_5938.npy,NIVAR’,2020,2020-11-24 13:30:00,train
sequences\seq_NIVAR’_2020_5939.npy,sequences\tgt_NIVAR’_2020_5939.npy,NIVAR’,2020,2020-11-24 13:45:00,train
sequences\seq_NIVAR’_2020_5940.npy,sequences\tgt_NIVAR’_2020_5940.npy,NIVAR’,2020,2020-11-24 14:00:00,train
sequences\seq_NIVAR’_2020_5941.npy,sequences\tgt_NIVAR’_2020_5941.npy,NIVAR’,2020,2020-11-24 14:15:00,train
sequences\seq_NIVAR’_2020_5942.npy,sequences\tgt_NIVAR’_2020_5942.npy,NIVAR’,2020,2020-11-24 14:30:00,train
sequences\seq_NIVAR’_2020_5943.npy,sequences\tgt_NIVAR’_2020_5943.npy,NIVAR’,2020,2020-11-24 14:45:00,train
sequences\seq_NIVAR’_2020_5944.npy,sequences\tgt_NIVAR’_2020_5944.npy,NIVAR’,2020,2020-11-24 15:00:00,train
sequences\seq_NIVAR’_2020_5945.npy,sequences\tgt_NIVAR’_2020_5945.npy,NIVAR’,2020,2020-11-24 15:15:00,train
sequences\seq_NIVAR’_2020_5946.npy,sequences\tgt_NIVAR’_2020_5946.npy,NIVAR’,2020,2020-11-24 15:30:00,train
sequences\seq_NIVAR’_2020_5947.npy,sequences\tgt_NIVAR’_2020_5947.npy,NIVAR’,2020,2020-11-24 15:45:00,train
sequences\seq_NIVAR’_2020_5948.npy,sequences\tgt_NIVAR’_2020_5948.npy,NIVAR’,2020,2020-11-24 16:00:00,train
sequences\seq_NIVAR’_2020_5949.npy,sequences\tgt_NIVAR’_2020_5949.npy,NIVAR’,2020,2020-11-24 16:15:00,train
sequences\seq_NIVAR’_2020_5950.npy,sequences\tgt_NIVAR’_2020_5950.npy,NIVAR’,2020,2020-11-24 16:30:00,train
sequences\seq_NIVAR’_2020_5951.npy,sequences\tgt_NIVAR’_2020_5951.npy,NIVAR’,2020,2020-11-24 16:45:00,train
sequences\seq_NIVAR’_2020_5952.npy,sequences\tgt_NIVAR’_2020_5952.npy,NIVAR’,2020,2020-11-24 17:00:00,train
sequences\seq_NIVAR’_2020_5953.npy,sequences\tgt_NIVAR’_2020_5953.npy,NIVAR’,2020,2020-11-24 17:15:00,train
sequences\seq_NIVAR’_2020_5954.npy,sequences\tgt_NIVAR’_2020_5954.npy,NIVAR’,2020,2020-11-24 17:30:00,train
sequences\seq_NIVAR’_2020_5955.npy,sequences\tgt_NIVAR’_2020_5955.npy,NIVAR’,2020,2020-11-24 17:45:00,train
sequences\seq_NIVAR’_2020_5956.npy,sequences\tgt_NIVAR’_2020_5956.npy,NIVAR’,2020,2020-11-24 18:00:00,train
sequences\seq_NIVAR’_2020_5957.npy,sequences\tgt_NIVAR’_2020_5957.npy,NIVAR’,2020,2020-11-24 18:15:00,train
sequences\seq_NIVAR’_2020_5958.npy,sequences\tgt_NIVAR’_2020_5958.npy,NIVAR’,2020,2020-11-24 18:30:00,train
sequences\seq_NIVAR’_2020_5959.npy,sequences\tgt_NIVAR’_2020_5959.npy,NIVAR’,2020,2020-11-24 18:45:00,train
sequences\seq_NIVAR’_2020_5960.npy,sequences\tgt_NIVAR’_2020_5960.npy,NIVAR’,2020,2020-11-24 19:00:00,train
sequences\seq_NIVAR’_2020_5961.npy,sequences\tgt_NIVAR’_2020_5961.npy,NIVAR’,2020,2020-11-24 19:15:00,train
sequences\seq_NIVAR’_2020_5962.npy,sequences\tgt_NIVAR’_2020_5962.npy,NIVAR’,2020,2020-11-24 19:30:00,train
sequences\seq_NIVAR’_2020_5963.npy,sequences\tgt_NIVAR’_2020_5963.npy,NIVAR’,2020,2020-11-24 19:45:00,train
sequences\seq_NIVAR’_2020_5964.npy,sequences\tgt_NIVAR’_2020_5964.npy,NIVAR’,2020,2020-11-24 20:00:00,train
sequences\seq_NIVAR’_2020_5965.npy,sequences\tgt_NIVAR’_2020_5965.npy,NIVAR’,2020,2020-11-24 20:15:00,train
sequences\seq_NIVAR’_2020_5966.npy,sequences\tgt_NIVAR’_2020_5966.npy,NIVAR’,2020,2020-11-24 20:30:00,train
sequences\seq_NIVAR’_2020_5967.npy,sequences\tgt_NIVAR’_2020_5967.npy,NIVAR’,2020,2020-11-24 20:45:00,train
sequences\seq_NIVAR’_2020_5968.npy,sequences\tgt_NIVAR’_2020_5968.npy,NIVAR’,2020,2020-11-24 21:00:00,train
sequences\seq_NIVAR’_2020_5969.npy,sequences\tgt_NIVAR’_2020_5969.npy,NIVAR’,2020,2020-11-24 21:15:00,train
sequences\seq_NIVAR’_2020_5970.npy,sequences\tgt_NIVAR’_2020_5970.npy,NIVAR’,2020,2020-11-24 21:30:00,train
sequences\seq_NIVAR’_2020_5971.npy,sequences\tgt_NIVAR’_2020_5971.npy,NIVAR’,2020,2020-11-24 21:45:00,train
sequences\seq_NIVAR’_2020_5972.npy,sequences\tgt_NIVAR’_2020_5972.npy,NIVAR’,2020,2020-11-24 22:00:00,train
sequences\seq_NIVAR’_2020_5973.npy,sequences\tgt_NIVAR’_2020_5973.npy,NIVAR’,2020,2020-11-24 22:15:00,train
sequences\seq_NIVAR’_2020_5974.npy,sequences\tgt_NIVAR’_2020_5974.npy,NIVAR’,2020,2020-11-24 22:30:00,train
sequences\seq_NIVAR’_2020_5975.npy,sequences\tgt_NIVAR’_2020_5975.npy,NIVAR’,2020,2020-11-24 22:45:00,train
sequences\seq_NIVAR’_2020_5976.npy,sequences\tgt_NIVAR’_2020_5976.npy,NIVAR’,2020,2020-11-24 23:00:00,train
sequences\seq_NIVAR’_2020_5977.npy,sequences\tgt_NIVAR’_2020_5977.npy,NIVAR’,2020,2020-11-24 23:15:00,train
sequences\seq_NIVAR’_2020_5978.npy,sequences\tgt_NIVAR’_2020_5978.npy,NIVAR’,2020,2020-11-24 23:30:00,train
sequences\seq_NIVAR’_2020_5979.npy,sequences\tgt_NIVAR’_2020_5979.npy,NIVAR’,2020,2020-11-24 23:45:00,train
sequences\seq_NIVAR’_2020_5980.npy,sequences\tgt_NIVAR’_2020_5980.npy,NIVAR’,2020,2020-11-25 00:00:00,train
sequences\seq_NIVAR’_2020_5981.npy,sequences\tgt_NIVAR’_2020_5981.npy,NIVAR’,2020,2020-11-25 00:15:00,train
sequences\seq_NIVAR’_2020_5982.npy,sequences\tgt_NIVAR’_2020_5982.npy,NIVAR’,2020,2020-11-25 00:30:00,train
sequences\seq_NIVAR’_2020_5983.npy,sequences\tgt_NIVAR’_2020_5983.npy,NIVAR’,2020,2020-11-25 00:45:00,train
sequences\seq_NIVAR’_2020_5984.npy,sequences\tgt_NIVAR’_2020_5984.npy,NIVAR’,2020,2020-11-25 01:00:00,train
sequences\seq_NIVAR’_2020_5985.npy,sequences\tgt_NIVAR’_2020_5985.npy,NIVAR’,2020,2020-11-25 01:15:00,train
sequences\seq_NIVAR’_2020_5986.npy,sequences\tgt_NIVAR’_2020_5986.npy,NIVAR’,2020,2020-11-25 01:30:00,train
sequences\seq_NIVAR’_2020_5987.npy,sequences\tgt_NIVAR’_2020_5987.npy,NIVAR’,2020,2020-11-25 01:45:00,train
sequences\seq_NIVAR’_2020_5988.npy,sequences\tgt_NIVAR’_2020_5988.npy,NIVAR’,2020,2020-11-25 02:00:00,train
sequences\seq_NIVAR’_2020_5989.npy,sequences\tgt_NIVAR’_2020_5989.npy,NIVAR’,2020,2020-11-25 02:15:00,train
sequences\seq_NIVAR’_2020_5990.npy,sequences\tgt_NIVAR’_2020_5990.npy,NIVAR’,2020,2020-11-25 02:30:00,train
sequences\seq_NIVAR’_2020_5991.npy,sequences\tgt_NIVAR’_2020_5991.npy,NIVAR’,2020,2020-11-25 02:45:00,train
sequences\seq_NIVAR’_2020_5992.npy,sequences\tgt_NIVAR’_2020_5992.npy,NIVAR’,2020,2020-11-25 03:00:00,train
sequences\seq_NIVAR’_2020_5993.npy,sequences\tgt_NIVAR’_2020_5993.npy,NIVAR’,2020,2020-11-25 03:15:00,train
sequences\seq_NIVAR’_2020_5994.npy,sequences\tgt_NIVAR’_2020_5994.npy,NIVAR’,2020,2020-11-25 03:30:00,train
sequences\seq_NIVAR’_2020_5995.npy,sequences\tgt_NIVAR’_2020_5995.npy,NIVAR’,2020,2020-11-25 03:45:00,train
sequences\seq_NIVAR’_2020_5996.npy,sequences\tgt_NIVAR’_2020_5996.npy,NIVAR’,2020,2020-11-25 04:00:00,train
sequences\seq_NIVAR’_2020_5997.npy,sequences\tgt_NIVAR’_2020_5997.npy,NIVAR’,2020,2020-11-25 04:15:00,train
sequences\seq_NIVAR’_2020_5998.npy,sequences\tgt_NIVAR’_2020_5998.npy,NIVAR’,2020,2020-11-25 04:30:00,train
sequences\seq_NIVAR’_2020_5999.npy,sequences\tgt_NIVAR’_2020_5999.npy,NIVAR’,2020,2020-11-25 04:45:00,train
sequences\seq_NIVAR’_2020_6000.npy,sequences\tgt_NIVAR’_2020_6000.npy,NIVAR’,2020,2020-11-25 05:00:00,train
sequences\seq_NIVAR’_2020_6001.npy,sequences\tgt_NIVAR’_2020_6001.npy,NIVAR’,2020,2020-11-25 05:15:00,train
sequences\seq_NIVAR’_2020_6002.npy,sequences\tgt_NIVAR’_2020_6002.npy,NIVAR’,2020,2020-11-25 05:30:00,train
sequences\seq_NIVAR’_2020_6003.npy,sequences\tgt_NIVAR’_2020_6003.npy,NIVAR’,2020,2020-11-25 05:45:00,train
sequences\seq_NIVAR’_2020_6004.npy,sequences\tgt_NIVAR’_2020_6004.npy,NIVAR’,2020,2020-11-25 06:00:00,train
sequences\seq_NIVAR’_2020_6005.npy,sequences\tgt_NIVAR’_2020_6005.npy,NIVAR’,2020,2020-11-25 06:15:00,train
sequences\seq_NIVAR’_2020_6006.npy,sequences\tgt_NIVAR’_2020_6006.npy,NIVAR’,2020,2020-11-25 06:30:00,train
sequences\seq_NIVAR’_2020_6007.npy,sequences\tgt_NIVAR’_2020_6007.npy,NIVAR’,2020,2020-11-25 06:45:00,train
sequences\seq_NIVAR’_2020_6008.npy,sequences\tgt_NIVAR’_2020_6008.npy,NIVAR’,2020,2020-11-25 07:00:00,train
sequences\seq_NIVAR’_2020_6009.npy,sequences\tgt_NIVAR’_2020_6009.npy,NIVAR’,2020,2020-11-25 07:15:00,train
sequences\seq_NIVAR’_2020_6010.npy,sequences\tgt_NIVAR’_2020_6010.npy,NIVAR’,2020,2020-11-25 07:30:00,train
sequences\seq_NIVAR’_2020_6011.npy,sequences\tgt_NIVAR’_2020_6011.npy,NIVAR’,2020,2020-11-25 07:45:00,train
sequences\seq_NIVAR’_2020_6012.npy,sequences\tgt_NIVAR’_2020_6012.npy,NIVAR’,2020,2020-11-25 08:00:00,train
sequences\seq_NIVAR’_2020_6013.npy,sequences\tgt_NIVAR’_2020_6013.npy,NIVAR’,2020,2020-11-25 08:15:00,train
sequences\seq_NIVAR’_2020_6014.npy,sequences\tgt_NIVAR’_2020_6014.npy,NIVAR’,2020,2020-11-25 08:30:00,train
sequences\seq_NIVAR’_2020_6015.npy,sequences\tgt_NIVAR’_2020_6015.npy,NIVAR’,2020,2020-11-25 08:45:00,train
sequences\seq_NIVAR’_2020_6016.npy,sequences\tgt_NIVAR’_2020_6016.npy,NIVAR’,2020,2020-11-25 09:00:00,train
sequences\seq_NIVAR’_2020_6017.npy,sequences\tgt_NIVAR’_2020_6017.npy,NIVAR’,2020,2020-11-25 09:15:00,train
sequences\seq_NIVAR’_2020_6018.npy,sequences\tgt_NIVAR’_2020_6018.npy,NIVAR’,2020,2020-11-25 09:30:00,train
sequences\seq_NIVAR’_2020_6019.npy,sequences\tgt_NIVAR’_2020_6019.npy,NIVAR’,2020,2020-11-25 09:45:00,train
sequences\seq_NIVAR’_2020_6020.npy,sequences\tgt_NIVAR’_2020_6020.npy,NIVAR’,2020,2020-11-25 10:00:00,train
sequences\seq_NIVAR’_2020_6021.npy,sequences\tgt_NIVAR’_2020_6021.npy,NIVAR’,2020,2020-11-25 10:15:00,train
sequences\seq_NIVAR’_2020_6022.npy,sequences\tgt_NIVAR’_2020_6022.npy,NIVAR’,2020,2020-11-25 10:30:00,train
sequences\seq_NIVAR’_2020_6023.npy,sequences\tgt_NIVAR’_2020_6023.npy,NIVAR’,2020,2020-11-25 10:45:00,train
sequences\seq_NIVAR’_2020_6024.npy,sequences\tgt_NIVAR’_2020_6024.npy,NIVAR’,2020,2020-11-25 11:00:00,train
sequences\seq_NIVAR’_2020_6025.npy,sequences\tgt_NIVAR’_2020_6025.npy,NIVAR’,2020,2020-11-25 11:15:00,train
sequences\seq_NIVAR’_2020_6026.npy,sequences\tgt_NIVAR’_2020_6026.npy,NIVAR’,2020,2020-11-25 11:30:00,train
sequences\seq_NIVAR’_2020_6027.npy,sequences\tgt_NIVAR’_2020_6027.npy,NIVAR’,2020,2020-11-25 11:45:00,train
sequences\seq_NIVAR’_2020_6028.npy,sequences\tgt_NIVAR’_2020_6028.npy,NIVAR’,2020,2020-11-25 12:00:00,train
sequences\seq_NIVAR’_2020_6029.npy,sequences\tgt_NIVAR’_2020_6029.npy,NIVAR’,2020,2020-11-25 12:15:00,train
sequences\seq_NIVAR’_2020_6030.npy,sequences\tgt_NIVAR’_2020_6030.npy,NIVAR’,2020,2020-11-25 12:30:00,train
sequences\seq_NIVAR’_2020_6031.npy,sequences\tgt_NIVAR’_2020_6031.npy,NIVAR’,2020,2020-11-25 12:45:00,train
sequences\seq_NIVAR’_2020_6032.npy,sequences\tgt_NIVAR’_2020_6032.npy,NIVAR’,2020,2020-11-25 13:00:00,train
sequences\seq_NIVAR’_2020_6033.npy,sequences\tgt_NIVAR’_2020_6033.npy,NIVAR’,2020,2020-11-25 13:15:00,train
sequences\seq_NIVAR’_2020_6034.npy,sequences\tgt_NIVAR’_2020_6034.npy,NIVAR’,2020,2020-11-25 13:30:00,train
sequences\seq_NIVAR’_2020_6035.npy,sequences\tgt_NIVAR’_2020_6035.npy,NIVAR’,2020,2020-11-25 13:45:00,train
sequences\seq_NIVAR’_2020_6036.npy,sequences\tgt_NIVAR’_2020_6036.npy,NIVAR’,2020,2020-11-25 14:00:00,train
sequences\seq_NIVAR’_2020_6037.npy,sequences\tgt_NIVAR’_2020_6037.npy,NIVAR’,2020,2020-11-25 14:15:00,train
sequences\seq_NIVAR’_2020_6038.npy,sequences\tgt_NIVAR’_2020_6038.npy,NIVAR’,2020,2020-11-25 14:30:00,train
sequences\seq_NIVAR’_2020_6039.npy,sequences\tgt_NIVAR’_2020_6039.npy,NIVAR’,2020,2020-11-25 14:45:00,train
sequences\seq_NIVAR’_2020_6040.npy,sequences\tgt_NIVAR’_2020_6040.npy,NIVAR’,2020,2020-11-25 15:00:00,train
sequences\seq_NIVAR’_2020_6041.npy,sequences\tgt_NIVAR’_2020_6041.npy,NIVAR’,2020,2020-11-25 15:15:00,train
sequences\seq_NIVAR’_2020_6042.npy,sequences\tgt_NIVAR’_2020_6042.npy,NIVAR’,2020,2020-11-25 15:30:00,train
sequences\seq_NIVAR’_2020_6043.npy,sequences\tgt_NIVAR’_2020_6043.npy,NIVAR’,2020,2020-11-25 15:45:00,train
sequences\seq_NIVAR’_2020_6044.npy,sequences\tgt_NIVAR’_2020_6044.npy,NIVAR’,2020,2020-11-25 16:15:00,train
sequences\seq_NIVAR’_2020_6045.npy,sequences\tgt_NIVAR’_2020_6045.npy,NIVAR’,2020,2020-11-25 16:30:00,train
sequences\seq_NIVAR’_2020_6046.npy,sequences\tgt_NIVAR’_2020_6046.npy,NIVAR’,2020,2020-11-25 16:45:00,train
sequences\seq_NIVAR’_2020_6047.npy,sequences\tgt_NIVAR’_2020_6047.npy,NIVAR’,2020,2020-11-25 17:00:00,train
sequences\seq_NIVAR’_2020_6048.npy,sequences\tgt_NIVAR’_2020_6048.npy,NIVAR’,2020,2020-11-25 17:15:00,train
sequences\seq_NIVAR’_2020_6049.npy,sequences\tgt_NIVAR’_2020_6049.npy,NIVAR’,2020,2020-11-25 17:30:00,train
sequences\seq_NIVAR’_2020_6050.npy,sequences\tgt_NIVAR’_2020_6050.npy,NIVAR’,2020,2020-11-25 18:00:00,train
sequences\seq_NIVAR’_2020_6051.npy,sequences\tgt_NIVAR’_2020_6051.npy,NIVAR’,2020,2020-11-25 18:15:00,train
sequences\seq_NIVAR’_2020_6052.npy,sequences\tgt_NIVAR’_2020_6052.npy,NIVAR’,2020,2020-11-25 18:30:00,train
sequences\seq_NIVAR’_2020_6053.npy,sequences\tgt_NIVAR’_2020_6053.npy,NIVAR’,2020,2020-11-25 18:45:00,train
sequences\seq_NIVAR’_2020_6054.npy,sequences\tgt_NIVAR’_2020_6054.npy,NIVAR’,2020,2020-11-25 19:00:00,train
sequences\seq_NIVAR’_2020_6055.npy,sequences\tgt_NIVAR’_2020_6055.npy,NIVAR’,2020,2020-11-25 19:15:00,train
sequences\seq_NIVAR’_2020_6056.npy,sequences\tgt_NIVAR’_2020_6056.npy,NIVAR’,2020,2020-11-25 19:30:00,train
sequences\seq_NIVAR’_2020_6057.npy,sequences\tgt_NIVAR’_2020_6057.npy,NIVAR’,2020,2020-11-25 19:45:00,train
sequences\seq_NIVAR’_2020_6058.npy,sequences\tgt_NIVAR’_2020_6058.npy,NIVAR’,2020,2020-11-25 20:00:00,train
sequences\seq_NIVAR’_2020_6059.npy,sequences\tgt_NIVAR’_2020_6059.npy,NIVAR’,2020,2020-11-25 20:15:00,train
sequences\seq_NIVAR’_2020_6060.npy,sequences\tgt_NIVAR’_2020_6060.npy,NIVAR’,2020,2020-11-25 20:30:00,train
sequences\seq_NIVAR’_2020_6061.npy,sequences\tgt_NIVAR’_2020_6061.npy,NIVAR’,2020,2020-11-25 20:45:00,train
sequences\seq_NIVAR’_2020_6062.npy,sequences\tgt_NIVAR’_2020_6062.npy,NIVAR’,2020,2020-11-25 21:00:00,train
sequences\seq_NIVAR’_2020_6063.npy,sequences\tgt_NIVAR’_2020_6063.npy,NIVAR’,2020,2020-11-25 21:15:00,train
sequences\seq_NIVAR’_2020_6064.npy,sequences\tgt_NIVAR’_2020_6064.npy,NIVAR’,2020,2020-11-25 21:30:00,train
sequences\seq_NIVAR’_2020_6065.npy,sequences\tgt_NIVAR’_2020_6065.npy,NIVAR’,2020,2020-11-25 21:45:00,train
sequences\seq_NIVAR’_2020_6066.npy,sequences\tgt_NIVAR’_2020_6066.npy,NIVAR’,2020,2020-11-25 22:00:00,train
sequences\seq_NIVAR’_2020_6067.npy,sequences\tgt_NIVAR’_2020_6067.npy,NIVAR’,2020,2020-11-25 22:15:00,train
sequences\seq_NIVAR’_2020_6068.npy,sequences\tgt_NIVAR’_2020_6068.npy,NIVAR’,2020,2020-11-25 22:30:00,train
sequences\seq_NIVAR’_2020_6069.npy,sequences\tgt_NIVAR’_2020_6069.npy,NIVAR’,2020,2020-11-25 22:45:00,train
sequences\seq_NIVAR’_2020_6070.npy,sequences\tgt_NIVAR’_2020_6070.npy,NIVAR’,2020,2020-11-25 23:00:00,train
sequences\seq_NIVAR’_2020_6071.npy,sequences\tgt_NIVAR’_2020_6071.npy,NIVAR’,2020,2020-11-25 23:15:00,train
sequences\seq_NIVAR’_2020_6072.npy,sequences\tgt_NIVAR’_2020_6072.npy,NIVAR’,2020,2020-11-25 23:30:00,train
sequences\seq_NIVAR’_2020_6073.npy,sequences\tgt_NIVAR’_2020_6073.npy,NIVAR’,2020,2020-11-25 23:45:00,train
sequences\seq_NIVAR’_2020_6074.npy,sequences\tgt_NIVAR’_2020_6074.npy,NIVAR’,2020,2020-11-26 00:00:00,train
sequences\seq_NIVAR’_2020_6075.npy,sequences\tgt_NIVAR’_2020_6075.npy,NIVAR’,2020,2020-11-26 00:15:00,train
sequences\seq_NIVAR’_2020_6076.npy,sequences\tgt_NIVAR’_2020_6076.npy,NIVAR’,2020,2020-11-26 00:30:00,train
sequences\seq_NIVAR’_2020_6077.npy,sequences\tgt_NIVAR’_2020_6077.npy,NIVAR’,2020,2020-11-26 00:45:00,train
sequences\seq_NIVAR’_2020_6078.npy,sequences\tgt_NIVAR’_2020_6078.npy,NIVAR’,2020,2020-11-26 01:00:00,train
sequences\seq_NIVAR’_2020_6079.npy,sequences\tgt_NIVAR’_2020_6079.npy,NIVAR’,2020,2020-11-26 01:15:00,train
sequences\seq_NIVAR’_2020_6080.npy,sequences\tgt_NIVAR’_2020_6080.npy,NIVAR’,2020,2020-11-26 01:30:00,train
sequences\seq_NIVAR’_2020_6081.npy,sequences\tgt_NIVAR’_2020_6081.npy,NIVAR’,2020,2020-11-26 01:45:00,train
sequences\seq_NIVAR’_2020_6082.npy,sequences\tgt_NIVAR’_2020_6082.npy,NIVAR’,2020,2020-11-26 02:00:00,train
sequences\seq_NIVAR’_2020_6083.npy,sequences\tgt_NIVAR’_2020_6083.npy,NIVAR’,2020,2020-11-26 02:15:00,train
sequences\seq_NIVAR’_2020_6084.npy,sequences\tgt_NIVAR’_2020_6084.npy,NIVAR’,2020,2020-11-26 02:30:00,train
sequences\seq_NIVAR’_2020_6085.npy,sequences\tgt_NIVAR’_2020_6085.npy,NIVAR’,2020,2020-11-26 02:45:00,train
sequences\seq_NIVAR’_2020_6086.npy,sequences\tgt_NIVAR’_2020_6086.npy,NIVAR’,2020,2020-11-26 03:00:00,train
sequences\seq_NIVAR’_2020_6087.npy,sequences\tgt_NIVAR’_2020_6087.npy,NIVAR’,2020,2020-11-26 03:15:00,train
sequences\seq_NIVAR’_2020_6088.npy,sequences\tgt_NIVAR’_2020_6088.npy,NIVAR’,2020,2020-11-26 03:30:00,train
sequences\seq_NIVAR’_2020_6089.npy,sequences\tgt_NIVAR’_2020_6089.npy,NIVAR’,2020,2020-11-26 03:45:00,train
sequences\seq_NIVAR’_2020_6090.npy,sequences\tgt_NIVAR’_2020_6090.npy,NIVAR’,2020,2020-11-26 04:00:00,train
sequences\seq_NIVAR’_2020_6091.npy,sequences\tgt_NIVAR’_2020_6091.npy,NIVAR’,2020,2020-11-26 04:15:00,train
sequences\seq_NIVAR’_2020_6092.npy,sequences\tgt_NIVAR’_2020_6092.npy,NIVAR’,2020,2020-11-26 04:30:00,train
sequences\seq_NIVAR’_2020_6093.npy,sequences\tgt_NIVAR’_2020_6093.npy,NIVAR’,2020,2020-11-26 04:45:00,train
sequences\seq_NIVAR’_2020_6094.npy,sequences\tgt_NIVAR’_2020_6094.npy,NIVAR’,2020,2020-11-26 05:00:00,train
sequences\seq_NIVAR’_2020_6095.npy,sequences\tgt_NIVAR’_2020_6095.npy,NIVAR’,2020,2020-11-26 05:15:00,train
sequences\seq_NIVAR’_2020_6096.npy,sequences\tgt_NIVAR’_2020_6096.npy,NIVAR’,2020,2020-11-26 05:30:00,train
sequences\seq_NIVAR’_2020_6097.npy,sequences\tgt_NIVAR’_2020_6097.npy,NIVAR’,2020,2020-11-26 05:45:00,train
sequences\seq_NIVAR’_2020_6098.npy,sequences\tgt_NIVAR’_2020_6098.npy,NIVAR’,2020,2020-11-26 06:00:00,train
sequences\seq_NIVAR’_2020_6099.npy,sequences\tgt_NIVAR’_2020_6099.npy,NIVAR’,2020,2020-11-26 06:15:00,train
sequences\seq_NIVAR’_2020_6100.npy,sequences\tgt_NIVAR’_2020_6100.npy,NIVAR’,2020,2020-11-26 06:30:00,train
sequences\seq_NIVAR’_2020_6101.npy,sequences\tgt_NIVAR’_2020_6101.npy,NIVAR’,2020,2020-11-26 06:45:00,train
sequences\seq_NIVAR’_2020_6102.npy,sequences\tgt_NIVAR’_2020_6102.npy,NIVAR’,2020,2020-11-26 07:00:00,train
sequences\seq_NIVAR’_2020_6103.npy,sequences\tgt_NIVAR’_2020_6103.npy,NIVAR’,2020,2020-11-26 07:15:00,train
sequences\seq_NIVAR’_2020_6104.npy,sequences\tgt_NIVAR’_2020_6104.npy,NIVAR’,2020,2020-11-26 07:30:00,train
sequences\seq_NIVAR’_2020_6105.npy,sequences\tgt_NIVAR’_2020_6105.npy,NIVAR’,2020,2020-11-26 07:45:00,train
sequences\seq_NIVAR’_2020_6106.npy,sequences\tgt_NIVAR’_2020_6106.npy,NIVAR’,2020,2020-11-26 08:00:00,train
sequences\seq_NIVAR’_2020_6107.npy,sequences\tgt_NIVAR’_2020_6107.npy,NIVAR’,2020,2020-11-26 08:15:00,train
sequences\seq_NIVAR’_2020_6108.npy,sequences\tgt_NIVAR’_2020_6108.npy,NIVAR’,2020,2020-11-26 08:30:00,train
sequences\seq_NIVAR’_2020_6109.npy,sequences\tgt_NIVAR’_2020_6109.npy,NIVAR’,2020,2020-11-26 08:45:00,train
sequences\seq_NIVAR’_2020_6110.npy,sequences\tgt_NIVAR’_2020_6110.npy,NIVAR’,2020,2020-11-26 09:00:00,train
sequences\seq_NIVAR’_2020_6111.npy,sequences\tgt_NIVAR’_2020_6111.npy,NIVAR’,2020,2020-11-26 09:15:00,train
sequences\seq_NIVAR’_2020_6112.npy,sequences\tgt_NIVAR’_2020_6112.npy,NIVAR’,2020,2020-11-26 09:30:00,train
sequences\seq_NIVAR’_2020_6113.npy,sequences\tgt_NIVAR’_2020_6113.npy,NIVAR’,2020,2020-11-26 09:45:00,train
sequences\seq_NIVAR’_2020_6114.npy,sequences\tgt_NIVAR’_2020_6114.npy,NIVAR’,2020,2020-11-26 10:00:00,train
sequences\seq_NIVAR’_2020_6115.npy,sequences\tgt_NIVAR’_2020_6115.npy,NIVAR’,2020,2020-11-26 10:15:00,train
sequences\seq_NIVAR’_2020_6116.npy,sequences\tgt_NIVAR’_2020_6116.npy,NIVAR’,2020,2020-11-26 10:30:00,train
sequences\seq_NIVAR’_2020_6117.npy,sequences\tgt_NIVAR’_2020_6117.npy,NIVAR’,2020,2020-11-26 10:45:00,train
sequences\seq_NIVAR’_2020_6118.npy,sequences\tgt_NIVAR’_2020_6118.npy,NIVAR’,2020,2020-11-26 11:00:00,train
sequences\seq_NIVAR’_2020_6119.npy,sequences\tgt_NIVAR’_2020_6119.npy,NIVAR’,2020,2020-11-26 11:15:00,train
sequences\seq_NIVAR’_2020_6120.npy,sequences\tgt_NIVAR’_2020_6120.npy,NIVAR’,2020,2020-11-26 11:30:00,train
sequences\seq_NIVAR’_2020_6121.npy,sequences\tgt_NIVAR’_2020_6121.npy,NIVAR’,2020,2020-11-26 11:45:00,train
sequences\seq_NIVAR’_2020_6122.npy,sequences\tgt_NIVAR’_2020_6122.npy,NIVAR’,2020,2020-11-26 12:00:00,train
sequences\seq_NIVAR’_2020_6123.npy,sequences\tgt_NIVAR’_2020_6123.npy,NIVAR’,2020,2020-11-26 12:15:00,train
sequences\seq_NIVAR’_2020_6124.npy,sequences\tgt_NIVAR’_2020_6124.npy,NIVAR’,2020,2020-11-26 12:30:00,train
sequences\seq_NIVAR’_2020_6125.npy,sequences\tgt_NIVAR’_2020_6125.npy,NIVAR’,2020,2020-11-26 12:45:00,train
sequences\seq_NIVAR’_2020_6126.npy,sequences\tgt_NIVAR’_2020_6126.npy,NIVAR’,2020,2020-11-26 13:00:00,train
sequences\seq_NIVAR’_2020_6127.npy,sequences\tgt_NIVAR’_2020_6127.npy,NIVAR’,2020,2020-11-26 13:15:00,train
sequences\seq_NIVAR’_2020_6128.npy,sequences\tgt_NIVAR’_2020_6128.npy,NIVAR’,2020,2020-11-26 13:30:00,train
sequences\seq_NIVAR’_2020_6129.npy,sequences\tgt_NIVAR’_2020_6129.npy,NIVAR’,2020,2020-11-26 13:45:00,train
sequences\seq_NIVAR’_2020_6130.npy,sequences\tgt_NIVAR’_2020_6130.npy,NIVAR’,2020,2020-11-26 14:00:00,train
sequences\seq_NIVAR’_2020_6131.npy,sequences\tgt_NIVAR’_2020_6131.npy,NIVAR’,2020,2020-11-26 14:15:00,train
sequences\seq_NIVAR’_2020_6132.npy,sequences\tgt_NIVAR’_2020_6132.npy,NIVAR’,2020,2020-11-26 14:30:00,train
sequences\seq_NIVAR’_2020_6133.npy,sequences\tgt_NIVAR’_2020_6133.npy,NIVAR’,2020,2020-11-26 14:45:00,train
sequences\seq_NIVAR’_2020_6134.npy,sequences\tgt_NIVAR’_2020_6134.npy,NIVAR’,2020,2020-11-26 15:00:00,train
sequences\seq_NIVAR’_2020_6135.npy,sequences\tgt_NIVAR’_2020_6135.npy,NIVAR’,2020,2020-11-26 15:15:00,train
sequences\seq_NIVAR’_2020_6136.npy,sequences\tgt_NIVAR’_2020_6136.npy,NIVAR’,2020,2020-11-26 15:30:00,train
sequences\seq_NIVAR’_2020_6137.npy,sequences\tgt_NIVAR’_2020_6137.npy,NIVAR’,2020,2020-11-26 15:45:00,train
sequences\seq_NIVAR’_2020_6138.npy,sequences\tgt_NIVAR’_2020_6138.npy,NIVAR’,2020,2020-11-26 16:00:00,train
sequences\seq_NIVAR’_2020_6139.npy,sequences\tgt_NIVAR’_2020_6139.npy,NIVAR’,2020,2020-11-26 16:15:00,train
sequences\seq_NIVAR’_2020_6140.npy,sequences\tgt_NIVAR’_2020_6140.npy,NIVAR’,2020,2020-11-26 16:30:00,train
sequences\seq_NIVAR’_2020_6141.npy,sequences\tgt_NIVAR’_2020_6141.npy,NIVAR’,2020,2020-11-26 16:45:00,train
sequences\seq_NIVAR’_2020_6142.npy,sequences\tgt_NIVAR’_2020_6142.npy,NIVAR’,2020,2020-11-26 17:00:00,train
sequences\seq_NIVAR’_2020_6143.npy,sequences\tgt_NIVAR’_2020_6143.npy,NIVAR’,2020,2020-11-26 17:15:00,train
sequences\seq_NIVAR’_2020_6144.npy,sequences\tgt_NIVAR’_2020_6144.npy,NIVAR’,2020,2020-11-26 17:30:00,train
sequences\seq_NIVAR’_2020_6145.npy,sequences\tgt_NIVAR’_2020_6145.npy,NIVAR’,2020,2020-11-26 17:45:00,train
sequences\seq_NIVAR’_2020_6146.npy,sequences\tgt_NIVAR’_2020_6146.npy,NIVAR’,2020,2020-11-26 18:00:00,train
sequences\seq_NIVAR’_2020_6147.npy,sequences\tgt_NIVAR’_2020_6147.npy,NIVAR’,2020,2020-11-26 18:15:00,train
sequences\seq_NIVAR’_2020_6148.npy,sequences\tgt_NIVAR’_2020_6148.npy,NIVAR’,2020,2020-11-26 18:30:00,train
sequences\seq_NIVAR’_2020_6149.npy,sequences\tgt_NIVAR’_2020_6149.npy,NIVAR’,2020,2020-11-26 18:45:00,train
sequences\seq_NIVAR’_2020_6150.npy,sequences\tgt_NIVAR’_2020_6150.npy,NIVAR’,2020,2020-11-26 19:00:00,train
sequences\seq_NIVAR’_2020_6151.npy,sequences\tgt_NIVAR’_2020_6151.npy,NIVAR’,2020,2020-11-26 19:15:00,train
sequences\seq_NIVAR’_2020_6152.npy,sequences\tgt_NIVAR’_2020_6152.npy,NIVAR’,2020,2020-11-26 19:30:00,train
sequences\seq_NIVAR’_2020_6153.npy,sequences\tgt_NIVAR’_2020_6153.npy,NIVAR’,2020,2020-11-26 19:45:00,train
sequences\seq_NIVAR’_2020_6154.npy,sequences\tgt_NIVAR’_2020_6154.npy,NIVAR’,2020,2020-11-26 20:00:00,train
sequences\seq_NIVAR’_2020_6155.npy,sequences\tgt_NIVAR’_2020_6155.npy,NIVAR’,2020,2020-11-26 20:15:00,train
sequences\seq_NIVAR’_2020_6156.npy,sequences\tgt_NIVAR’_2020_6156.npy,NIVAR’,2020,2020-11-26 20:30:00,train
sequences\seq_NIVAR’_2020_6157.npy,sequences\tgt_NIVAR’_2020_6157.npy,NIVAR’,2020,2020-11-26 20:45:00,train
sequences\seq_NIVAR’_2020_6158.npy,sequences\tgt_NIVAR’_2020_6158.npy,NIVAR’,2020,2020-11-26 21:00:00,train
sequences\seq_NIVAR’_2020_6159.npy,sequences\tgt_NIVAR’_2020_6159.npy,NIVAR’,2020,2020-11-26 21:15:00,train
sequences\seq_NIVAR’_2020_6160.npy,sequences\tgt_NIVAR’_2020_6160.npy,NIVAR’,2020,2020-11-26 21:30:00,train
sequences\seq_NIVAR’_2020_6161.npy,sequences\tgt_NIVAR’_2020_6161.npy,NIVAR’,2020,2020-11-26 21:45:00,train
sequences\seq_OCKHI_2017_6162.npy,sequences\tgt_OCKHI_2017_6162.npy,OCKHI,2017,2017-11-29 08:30:00,train
sequences\seq_OCKHI_2017_6163.npy,sequences\tgt_OCKHI_2017_6163.npy,OCKHI,2017,2017-11-29 08:45:00,train
sequences\seq_OCKHI_2017_6164.npy,sequences\tgt_OCKHI_2017_6164.npy,OCKHI,2017,2017-11-29 09:00:00,train
sequences\seq_OCKHI_2017_6165.npy,sequences\tgt_OCKHI_2017_6165.npy,OCKHI,2017,2017-11-29 09:15:00,train
sequences\seq_OCKHI_2017_6166.npy,sequences\tgt_OCKHI_2017_6166.npy,OCKHI,2017,2017-11-29 09:45:00,train
sequences\seq_OCKHI_2017_6167.npy,sequences\tgt_OCKHI_2017_6167.npy,OCKHI,2017,2017-11-29 10:00:00,train
sequences\seq_OCKHI_2017_6168.npy,sequences\tgt_OCKHI_2017_6168.npy,OCKHI,2017,2017-11-29 10:15:00,train
sequences\seq_OCKHI_2017_6169.npy,sequences\tgt_OCKHI_2017_6169.npy,OCKHI,2017,2017-11-29 10:30:00,train
sequences\seq_OCKHI_2017_6170.npy,sequences\tgt_OCKHI_2017_6170.npy,OCKHI,2017,2017-11-29 11:00:00,train
sequences\seq_OCKHI_2017_6171.npy,sequences\tgt_OCKHI_2017_6171.npy,OCKHI,2017,2017-11-29 11:15:00,train
sequences\seq_OCKHI_2017_6172.npy,sequences\tgt_OCKHI_2017_6172.npy,OCKHI,2017,2017-11-29 11:30:00,train
sequences\seq_OCKHI_2017_6173.npy,sequences\tgt_OCKHI_2017_6173.npy,OCKHI,2017,2017-11-29 11:45:00,train
sequences\seq_OCKHI_2017_6174.npy,sequences\tgt_OCKHI_2017_6174.npy,OCKHI,2017,2017-11-29 12:00:00,train
sequences\seq_OCKHI_2017_6175.npy,sequences\tgt_OCKHI_2017_6175.npy,OCKHI,2017,2017-11-29 12:15:00,train
sequences\seq_OCKHI_2017_6176.npy,sequences\tgt_OCKHI_2017_6176.npy,OCKHI,2017,2017-11-29 12:30:00,train
sequences\seq_OCKHI_2017_6177.npy,sequences\tgt_OCKHI_2017_6177.npy,OCKHI,2017,2017-11-29 12:45:00,train
sequences\seq_OCKHI_2017_6178.npy,sequences\tgt_OCKHI_2017_6178.npy,OCKHI,2017,2017-11-29 13:00:00,train
sequences\seq_OCKHI_2017_6179.npy,sequences\tgt_OCKHI_2017_6179.npy,OCKHI,2017,2017-11-29 13:15:00,train
sequences\seq_OCKHI_2017_6180.npy,sequences\tgt_OCKHI_2017_6180.npy,OCKHI,2017,2017-11-29 13:30:00,train
sequences\seq_OCKHI_2017_6181.npy,sequences\tgt_OCKHI_2017_6181.npy,OCKHI,2017,2017-11-29 13:45:00,train
sequences\seq_OCKHI_2017_6182.npy,sequences\tgt_OCKHI_2017_6182.npy,OCKHI,2017,2017-11-29 14:00:00,train
sequences\seq_OCKHI_2017_6183.npy,sequences\tgt_OCKHI_2017_6183.npy,OCKHI,2017,2017-11-29 14:15:00,train
sequences\seq_OCKHI_2017_6184.npy,sequences\tgt_OCKHI_2017_6184.npy,OCKHI,2017,2017-11-29 14:30:00,train
sequences\seq_OCKHI_2017_6185.npy,sequences\tgt_OCKHI_2017_6185.npy,OCKHI,2017,2017-11-29 14:45:00,train
sequences\seq_OCKHI_2017_6186.npy,sequences\tgt_OCKHI_2017_6186.npy,OCKHI,2017,2017-11-29 15:00:00,train
sequences\seq_OCKHI_2017_6187.npy,sequences\tgt_OCKHI_2017_6187.npy,OCKHI,2017,2017-11-29 15:15:00,train
sequences\seq_OCKHI_2017_6188.npy,sequences\tgt_OCKHI_2017_6188.npy,OCKHI,2017,2017-11-29 15:30:00,train
sequences\seq_OCKHI_2017_6189.npy,sequences\tgt_OCKHI_2017_6189.npy,OCKHI,2017,2017-11-29 15:45:00,train
sequences\seq_OCKHI_2017_6190.npy,sequences\tgt_OCKHI_2017_6190.npy,OCKHI,2017,2017-11-29 16:00:00,train
sequences\seq_OCKHI_2017_6191.npy,sequences\tgt_OCKHI_2017_6191.npy,OCKHI,2017,2017-11-29 16:15:00,train
sequences\seq_OCKHI_2017_6192.npy,sequences\tgt_OCKHI_2017_6192.npy,OCKHI,2017,2017-11-29 16:30:00,train
sequences\seq_OCKHI_2017_6193.npy,sequences\tgt_OCKHI_2017_6193.npy,OCKHI,2017,2017-11-29 16:45:00,train
sequences\seq_OCKHI_2017_6194.npy,sequences\tgt_OCKHI_2017_6194.npy,OCKHI,2017,2017-11-29 17:00:00,train
sequences\seq_OCKHI_2017_6195.npy,sequences\tgt_OCKHI_2017_6195.npy,OCKHI,2017,2017-11-29 17:15:00,train
sequences\seq_OCKHI_2017_6196.npy,sequences\tgt_OCKHI_2017_6196.npy,OCKHI,2017,2017-11-29 17:30:00,train
sequences\seq_OCKHI_2017_6197.npy,sequences\tgt_OCKHI_2017_6197.npy,OCKHI,2017,2017-11-29 17:45:00,train
sequences\seq_OCKHI_2017_6198.npy,sequences\tgt_OCKHI_2017_6198.npy,OCKHI,2017,2017-11-29 18:00:00,train
sequences\seq_OCKHI_2017_6199.npy,sequences\tgt_OCKHI_2017_6199.npy,OCKHI,2017,2017-11-29 18:15:00,train
sequences\seq_OCKHI_2017_6200.npy,sequences\tgt_OCKHI_2017_6200.npy,OCKHI,2017,2017-11-29 18:30:00,train
sequences\seq_OCKHI_2017_6201.npy,sequences\tgt_OCKHI_2017_6201.npy,OCKHI,2017,2017-11-29 18:45:00,train
sequences\seq_OCKHI_2017_6202.npy,sequences\tgt_OCKHI_2017_6202.npy,OCKHI,2017,2017-11-29 19:00:00,train
sequences\seq_OCKHI_2017_6203.npy,sequences\tgt_OCKHI_2017_6203.npy,OCKHI,2017,2017-11-29 19:15:00,train
sequences\seq_OCKHI_2017_6204.npy,sequences\tgt_OCKHI_2017_6204.npy,OCKHI,2017,2017-11-29 19:30:00,train
sequences\seq_OCKHI_2017_6205.npy,sequences\tgt_OCKHI_2017_6205.npy,OCKHI,2017,2017-11-29 19:45:00,train
sequences\seq_OCKHI_2017_6206.npy,sequences\tgt_OCKHI_2017_6206.npy,OCKHI,2017,2017-11-29 20:00:00,train
sequences\seq_OCKHI_2017_6207.npy,sequences\tgt_OCKHI_2017_6207.npy,OCKHI,2017,2017-11-29 20:15:00,train
sequences\seq_OCKHI_2017_6208.npy,sequences\tgt_OCKHI_2017_6208.npy,OCKHI,2017,2017-11-29 20:30:00,train
sequences\seq_OCKHI_2017_6209.npy,sequences\tgt_OCKHI_2017_6209.npy,OCKHI,2017,2017-11-29 20:45:00,train
sequences\seq_OCKHI_2017_6210.npy,sequences\tgt_OCKHI_2017_6210.npy,OCKHI,2017,2017-11-29 21:00:00,train
sequences\seq_OCKHI_2017_6211.npy,sequences\tgt_OCKHI_2017_6211.npy,OCKHI,2017,2017-11-29 21:15:00,train
sequences\seq_OCKHI_2017_6212.npy,sequences\tgt_OCKHI_2017_6212.npy,OCKHI,2017,2017-11-29 21:30:00,train
sequences\seq_OCKHI_2017_6213.npy,sequences\tgt_OCKHI_2017_6213.npy,OCKHI,2017,2017-11-29 21:45:00,train
sequences\seq_OCKHI_2017_6214.npy,sequences\tgt_OCKHI_2017_6214.npy,OCKHI,2017,2017-11-29 22:00:00,train
sequences\seq_OCKHI_2017_6215.npy,sequences\tgt_OCKHI_2017_6215.npy,OCKHI,2017,2017-11-29 22:15:00,train
sequences\seq_OCKHI_2017_6216.npy,sequences\tgt_OCKHI_2017_6216.npy,OCKHI,2017,2017-11-29 22:30:00,train
sequences\seq_OCKHI_2017_6217.npy,sequences\tgt_OCKHI_2017_6217.npy,OCKHI,2017,2017-11-29 22:45:00,train
sequences\seq_OCKHI_2017_6218.npy,sequences\tgt_OCKHI_2017_6218.npy,OCKHI,2017,2017-11-29 23:00:00,train
sequences\seq_OCKHI_2017_6219.npy,sequences\tgt_OCKHI_2017_6219.npy,OCKHI,2017,2017-11-29 23:15:00,train
sequences\seq_OCKHI_2017_6220.npy,sequences\tgt_OCKHI_2017_6220.npy,OCKHI,2017,2017-11-29 23:30:00,train
sequences\seq_OCKHI_2017_6221.npy,sequences\tgt_OCKHI_2017_6221.npy,OCKHI,2017,2017-11-29 23:45:00,train
sequences\seq_OCKHI_2017_6222.npy,sequences\tgt_OCKHI_2017_6222.npy,OCKHI,2017,2017-11-30 00:00:00,train
sequences\seq_OCKHI_2017_6223.npy,sequences\tgt_OCKHI_2017_6223.npy,OCKHI,2017,2017-11-30 00:15:00,train
sequences\seq_OCKHI_2017_6224.npy,sequences\tgt_OCKHI_2017_6224.npy,OCKHI,2017,2017-11-30 00:30:00,train
sequences\seq_OCKHI_2017_6225.npy,sequences\tgt_OCKHI_2017_6225.npy,OCKHI,2017,2017-11-30 00:45:00,train
sequences\seq_OCKHI_2017_6226.npy,sequences\tgt_OCKHI_2017_6226.npy,OCKHI,2017,2017-11-30 01:00:00,train
sequences\seq_OCKHI_2017_6227.npy,sequences\tgt_OCKHI_2017_6227.npy,OCKHI,2017,2017-11-30 01:15:00,train
sequences\seq_OCKHI_2017_6228.npy,sequences\tgt_OCKHI_2017_6228.npy,OCKHI,2017,2017-11-30 01:30:00,train
sequences\seq_OCKHI_2017_6229.npy,sequences\tgt_OCKHI_2017_6229.npy,OCKHI,2017,2017-11-30 01:45:00,train
sequences\seq_OCKHI_2017_6230.npy,sequences\tgt_OCKHI_2017_6230.npy,OCKHI,2017,2017-11-30 02:00:00,train
sequences\seq_OCKHI_2017_6231.npy,sequences\tgt_OCKHI_2017_6231.npy,OCKHI,2017,2017-11-30 02:15:00,train
sequences\seq_OCKHI_2017_6232.npy,sequences\tgt_OCKHI_2017_6232.npy,OCKHI,2017,2017-11-30 02:30:00,train
sequences\seq_OCKHI_2017_6233.npy,sequences\tgt_OCKHI_2017_6233.npy,OCKHI,2017,2017-11-30 02:45:00,train
sequences\seq_OCKHI_2017_6234.npy,sequences\tgt_OCKHI_2017_6234.npy,OCKHI,2017,2017-11-30 03:00:00,train
sequences\seq_OCKHI_2017_6235.npy,sequences\tgt_OCKHI_2017_6235.npy,OCKHI,2017,2017-11-30 03:15:00,train
sequences\seq_OCKHI_2017_6236.npy,sequences\tgt_OCKHI_2017_6236.npy,OCKHI,2017,2017-11-30 03:30:00,train
sequences\seq_OCKHI_2017_6237.npy,sequences\tgt_OCKHI_2017_6237.npy,OCKHI,2017,2017-11-30 03:45:00,train
sequences\seq_OCKHI_2017_6238.npy,sequences\tgt_OCKHI_2017_6238.npy,OCKHI,2017,2017-11-30 04:15:00,train
sequences\seq_OCKHI_2017_6239.npy,sequences\tgt_OCKHI_2017_6239.npy,OCKHI,2017,2017-11-30 04:45:00,train
sequences\seq_OCKHI_2017_6240.npy,sequences\tgt_OCKHI_2017_6240.npy,OCKHI,2017,2017-11-30 05:15:00,train
sequences\seq_OCKHI_2017_6241.npy,sequences\tgt_OCKHI_2017_6241.npy,OCKHI,2017,2017-11-30 05:30:00,train
sequences\seq_OCKHI_2017_6242.npy,sequences\tgt_OCKHI_2017_6242.npy,OCKHI,2017,2017-11-30 05:45:00,train
sequences\seq_OCKHI_2017_6243.npy,sequences\tgt_OCKHI_2017_6243.npy,OCKHI,2017,2017-11-30 06:00:00,train
sequences\seq_OCKHI_2017_6244.npy,sequences\tgt_OCKHI_2017_6244.npy,OCKHI,2017,2017-11-30 06:15:00,train
sequences\seq_OCKHI_2017_6245.npy,sequences\tgt_OCKHI_2017_6245.npy,OCKHI,2017,2017-11-30 06:30:00,train
sequences\seq_OCKHI_2017_6246.npy,sequences\tgt_OCKHI_2017_6246.npy,OCKHI,2017,2017-11-30 06:45:00,train
sequences\seq_OCKHI_2017_6247.npy,sequences\tgt_OCKHI_2017_6247.npy,OCKHI,2017,2017-11-30 07:00:00,train
sequences\seq_OCKHI_2017_6248.npy,sequences\tgt_OCKHI_2017_6248.npy,OCKHI,2017,2017-11-30 07:15:00,train
sequences\seq_OCKHI_2017_6249.npy,sequences\tgt_OCKHI_2017_6249.npy,OCKHI,2017,2017-11-30 07:30:00,train
sequences\seq_OCKHI_2017_6250.npy,sequences\tgt_OCKHI_2017_6250.npy,OCKHI,2017,2017-11-30 07:45:00,train
sequences\seq_OCKHI_2017_6251.npy,sequences\tgt_OCKHI_2017_6251.npy,OCKHI,2017,2017-11-30 08:00:00,train
sequences\seq_OCKHI_2017_6252.npy,sequences\tgt_OCKHI_2017_6252.npy,OCKHI,2017,2017-11-30 08:15:00,train
sequences\seq_OCKHI_2017_6253.npy,sequences\tgt_OCKHI_2017_6253.npy,OCKHI,2017,2017-11-30 08:30:00,train
sequences\seq_OCKHI_2017_6254.npy,sequences\tgt_OCKHI_2017_6254.npy,OCKHI,2017,2017-11-30 08:45:00,train
sequences\seq_OCKHI_2017_6255.npy,sequences\tgt_OCKHI_2017_6255.npy,OCKHI,2017,2017-11-30 09:00:00,train
sequences\seq_OCKHI_2017_6256.npy,sequences\tgt_OCKHI_2017_6256.npy,OCKHI,2017,2017-11-30 09:15:00,train
sequences\seq_OCKHI_2017_6257.npy,sequences\tgt_OCKHI_2017_6257.npy,OCKHI,2017,2017-11-30 09:30:00,train
sequences\seq_OCKHI_2017_6258.npy,sequences\tgt_OCKHI_2017_6258.npy,OCKHI,2017,2017-11-30 09:45:00,train
sequences\seq_OCKHI_2017_6259.npy,sequences\tgt_OCKHI_2017_6259.npy,OCKHI,2017,2017-11-30 10:00:00,train
sequences\seq_OCKHI_2017_6260.npy,sequences\tgt_OCKHI_2017_6260.npy,OCKHI,2017,2017-11-30 10:15:00,train
sequences\seq_OCKHI_2017_6261.npy,sequences\tgt_OCKHI_2017_6261.npy,OCKHI,2017,2017-11-30 10:30:00,train
sequences\seq_OCKHI_2017_6262.npy,sequences\tgt_OCKHI_2017_6262.npy,OCKHI,2017,2017-11-30 11:00:00,train
sequences\seq_OCKHI_2017_6263.npy,sequences\tgt_OCKHI_2017_6263.npy,OCKHI,2017,2017-11-30 11:15:00,train
sequences\seq_OCKHI_2017_6264.npy,sequences\tgt_OCKHI_2017_6264.npy,OCKHI,2017,2017-11-30 11:30:00,train
sequences\seq_OCKHI_2017_6265.npy,sequences\tgt_OCKHI_2017_6265.npy,OCKHI,2017,2017-11-30 11:45:00,train
sequences\seq_OCKHI_2017_6266.npy,sequences\tgt_OCKHI_2017_6266.npy,OCKHI,2017,2017-11-30 12:00:00,train
sequences\seq_OCKHI_2017_6267.npy,sequences\tgt_OCKHI_2017_6267.npy,OCKHI,2017,2017-11-30 12:15:00,train
sequences\seq_OCKHI_2017_6268.npy,sequences\tgt_OCKHI_2017_6268.npy,OCKHI,2017,2017-11-30 12:30:00,train
sequences\seq_OCKHI_2017_6269.npy,sequences\tgt_OCKHI_2017_6269.npy,OCKHI,2017,2017-11-30 12:45:00,train
sequences\seq_OCKHI_2017_6270.npy,sequences\tgt_OCKHI_2017_6270.npy,OCKHI,2017,2017-11-30 13:00:00,train
sequences\seq_OCKHI_2017_6271.npy,sequences\tgt_OCKHI_2017_6271.npy,OCKHI,2017,2017-11-30 13:15:00,train
sequences\seq_OCKHI_2017_6272.npy,sequences\tgt_OCKHI_2017_6272.npy,OCKHI,2017,2017-11-30 13:30:00,train
sequences\seq_OCKHI_2017_6273.npy,sequences\tgt_OCKHI_2017_6273.npy,OCKHI,2017,2017-11-30 13:45:00,train
sequences\seq_OCKHI_2017_6274.npy,sequences\tgt_OCKHI_2017_6274.npy,OCKHI,2017,2017-11-30 14:00:00,train
sequences\seq_OCKHI_2017_6275.npy,sequences\tgt_OCKHI_2017_6275.npy,OCKHI,2017,2017-11-30 14:15:00,train
sequences\seq_OCKHI_2017_6276.npy,sequences\tgt_OCKHI_2017_6276.npy,OCKHI,2017,2017-11-30 14:30:00,train
sequences\seq_OCKHI_2017_6277.npy,sequences\tgt_OCKHI_2017_6277.npy,OCKHI,2017,2017-11-30 14:45:00,train
sequences\seq_OCKHI_2017_6278.npy,sequences\tgt_OCKHI_2017_6278.npy,OCKHI,2017,2017-11-30 15:00:00,train
sequences\seq_OCKHI_2017_6279.npy,sequences\tgt_OCKHI_2017_6279.npy,OCKHI,2017,2017-11-30 15:15:00,train
sequences\seq_OCKHI_2017_6280.npy,sequences\tgt_OCKHI_2017_6280.npy,OCKHI,2017,2017-11-30 15:30:00,train
sequences\seq_OCKHI_2017_6281.npy,sequences\tgt_OCKHI_2017_6281.npy,OCKHI,2017,2017-11-30 15:45:00,train
sequences\seq_OCKHI_2017_6282.npy,sequences\tgt_OCKHI_2017_6282.npy,OCKHI,2017,2017-11-30 16:00:00,train
sequences\seq_OCKHI_2017_6283.npy,sequences\tgt_OCKHI_2017_6283.npy,OCKHI,2017,2017-11-30 16:15:00,train
sequences\seq_OCKHI_2017_6284.npy,sequences\tgt_OCKHI_2017_6284.npy,OCKHI,2017,2017-11-30 16:30:00,train
sequences\seq_OCKHI_2017_6285.npy,sequences\tgt_OCKHI_2017_6285.npy,OCKHI,2017,2017-11-30 16:45:00,train
sequences\seq_OCKHI_2017_6286.npy,sequences\tgt_OCKHI_2017_6286.npy,OCKHI,2017,2017-11-30 17:00:00,train
sequences\seq_OCKHI_2017_6287.npy,sequences\tgt_OCKHI_2017_6287.npy,OCKHI,2017,2017-11-30 17:15:00,train
sequences\seq_OCKHI_2017_6288.npy,sequences\tgt_OCKHI_2017_6288.npy,OCKHI,2017,2017-11-30 17:30:00,train
sequences\seq_OCKHI_2017_6289.npy,sequences\tgt_OCKHI_2017_6289.npy,OCKHI,2017,2017-12-01 00:00:00,train
sequences\seq_OCKHI_2017_6290.npy,sequences\tgt_OCKHI_2017_6290.npy,OCKHI,2017,2017-12-01 00:15:00,train
sequences\seq_OCKHI_2017_6291.npy,sequences\tgt_OCKHI_2017_6291.npy,OCKHI,2017,2017-12-01 00:30:00,train
sequences\seq_OCKHI_2017_6292.npy,sequences\tgt_OCKHI_2017_6292.npy,OCKHI,2017,2017-12-01 00:45:00,train
sequences\seq_OCKHI_2017_6293.npy,sequences\tgt_OCKHI_2017_6293.npy,OCKHI,2017,2017-12-01 01:00:00,train
sequences\seq_OCKHI_2017_6294.npy,sequences\tgt_OCKHI_2017_6294.npy,OCKHI,2017,2017-12-01 01:15:00,train
sequences\seq_PHAILIN_2013_6295.npy,sequences\tgt_PHAILIN_2013_6295.npy,PHAILIN,2013,2013-10-09 21:00:00,train
sequences\seq_PHAILIN_2013_6296.npy,sequences\tgt_PHAILIN_2013_6296.npy,PHAILIN,2013,2013-10-09 23:30:00,train
sequences\seq_PHAILIN_2013_6297.npy,sequences\tgt_PHAILIN_2013_6297.npy,PHAILIN,2013,2013-10-10 00:00:00,train
sequences\seq_PHAILIN_2013_6298.npy,sequences\tgt_PHAILIN_2013_6298.npy,PHAILIN,2013,2013-10-10 00:30:00,train
sequences\seq_PHAILIN_2013_6299.npy,sequences\tgt_PHAILIN_2013_6299.npy,PHAILIN,2013,2013-10-10 03:30:00,train
sequences\seq_PHAILIN_2013_6300.npy,sequences\tgt_PHAILIN_2013_6300.npy,PHAILIN,2013,2013-10-10 05:00:00,train
sequences\seq_PHAILIN_2013_6301.npy,sequences\tgt_PHAILIN_2013_6301.npy,PHAILIN,2013,2013-10-10 05:30:00,train
sequences\seq_PHAILIN_2013_6302.npy,sequences\tgt_PHAILIN_2013_6302.npy,PHAILIN,2013,2013-10-10 06:00:00,train
sequences\seq_PHAILIN_2013_6303.npy,sequences\tgt_PHAILIN_2013_6303.npy,PHAILIN,2013,2013-10-10 06:30:00,train
sequences\seq_PHAILIN_2013_6304.npy,sequences\tgt_PHAILIN_2013_6304.npy,PHAILIN,2013,2013-10-10 07:00:00,train
sequences\seq_PHAILIN_2013_6305.npy,sequences\tgt_PHAILIN_2013_6305.npy,PHAILIN,2013,2013-10-10 07:30:00,train
sequences\seq_PHAILIN_2013_6306.npy,sequences\tgt_PHAILIN_2013_6306.npy,PHAILIN,2013,2013-10-10 08:00:00,train
sequences\seq_PHAILIN_2013_6307.npy,sequences\tgt_PHAILIN_2013_6307.npy,PHAILIN,2013,2013-10-10 08:30:00,train
sequences\seq_PHAILIN_2013_6308.npy,sequences\tgt_PHAILIN_2013_6308.npy,PHAILIN,2013,2013-10-10 11:30:00,train
sequences\seq_PHAILIN_2013_6309.npy,sequences\tgt_PHAILIN_2013_6309.npy,PHAILIN,2013,2013-10-10 12:00:00,train
sequences\seq_PHAILIN_2013_6310.npy,sequences\tgt_PHAILIN_2013_6310.npy,PHAILIN,2013,2013-10-10 12:30:00,train
sequences\seq_PHAILIN_2013_6311.npy,sequences\tgt_PHAILIN_2013_6311.npy,PHAILIN,2013,2013-10-10 15:30:00,train
sequences\seq_PHAILIN_2013_6312.npy,sequences\tgt_PHAILIN_2013_6312.npy,PHAILIN,2013,2013-10-10 21:00:00,train
sequences\seq_PHAILIN_2013_6313.npy,sequences\tgt_PHAILIN_2013_6313.npy,PHAILIN,2013,2013-10-10 23:30:00,train
sequences\seq_PHAILIN_2013_6314.npy,sequences\tgt_PHAILIN_2013_6314.npy,PHAILIN,2013,2013-10-11 00:00:00,train
sequences\seq_PHAILIN_2013_6315.npy,sequences\tgt_PHAILIN_2013_6315.npy,PHAILIN,2013,2013-10-11 00:30:00,train
sequences\seq_PHAILIN_2013_6316.npy,sequences\tgt_PHAILIN_2013_6316.npy,PHAILIN,2013,2013-10-11 01:30:00,train
sequences\seq_PHAILIN_2013_6317.npy,sequences\tgt_PHAILIN_2013_6317.npy,PHAILIN,2013,2013-10-11 02:30:00,train
sequences\seq_PHAILIN_2013_6318.npy,sequences\tgt_PHAILIN_2013_6318.npy,PHAILIN,2013,2013-10-12 20:30:00,train
sequences\seq_PHAILIN_2013_6319.npy,sequences\tgt_PHAILIN_2013_6319.npy,PHAILIN,2013,2013-10-12 21:00:00,train
sequences\seq_PHAILIN_2013_6320.npy,sequences\tgt_PHAILIN_2013_6320.npy,PHAILIN,2013,2013-10-12 22:00:00,train
sequences\seq_PHAILIN_2013_6321.npy,sequences\tgt_PHAILIN_2013_6321.npy,PHAILIN,2013,2013-10-12 22:30:00,train
sequences\seq_PHAILIN_2013_6322.npy,sequences\tgt_PHAILIN_2013_6322.npy,PHAILIN,2013,2013-10-12 23:30:00,train
sequences\seq_PHAILIN_2013_6323.npy,sequences\tgt_PHAILIN_2013_6323.npy,PHAILIN,2013,2013-10-13 00:00:00,train
sequences\seq_PHAILIN_2013_6324.npy,sequences\tgt_PHAILIN_2013_6324.npy,PHAILIN,2013,2013-10-13 00:30:00,train
sequences\seq_PHAILIN_2013_6325.npy,sequences\tgt_PHAILIN_2013_6325.npy,PHAILIN,2013,2013-10-13 01:30:00,train
sequences\seq_PHAILIN_2013_6326.npy,sequences\tgt_PHAILIN_2013_6326.npy,PHAILIN,2013,2013-10-13 02:00:00,train
sequences\seq_PHAILIN_2013_6327.npy,sequences\tgt_PHAILIN_2013_6327.npy,PHAILIN,2013,2013-10-13 02:30:00,train
sequences\seq_PHAILIN_2013_6328.npy,sequences\tgt_PHAILIN_2013_6328.npy,PHAILIN,2013,2013-10-13 03:00:00,train
sequences\seq_PHAILIN_2013_6329.npy,sequences\tgt_PHAILIN_2013_6329.npy,PHAILIN,2013,2013-10-13 03:30:00,train
sequences\seq_PHAILIN_2013_6330.npy,sequences\tgt_PHAILIN_2013_6330.npy,PHAILIN,2013,2013-10-13 04:00:00,train
sequences\seq_PHAILIN_2013_6331.npy,sequences\tgt_PHAILIN_2013_6331.npy,PHAILIN,2013,2013-10-13 04:30:00,train
sequences\seq_PHAILIN_2013_6332.npy,sequences\tgt_PHAILIN_2013_6332.npy,PHAILIN,2013,2013-10-13 05:00:00,train
sequences\seq_PHAILIN_2013_6333.npy,sequences\tgt_PHAILIN_2013_6333.npy,PHAILIN,2013,2013-10-13 05:30:00,train
sequences\seq_PHAILIN_2013_6334.npy,sequences\tgt_PHAILIN_2013_6334.npy,PHAILIN,2013,2013-10-13 06:00:00,train
sequences\seq_PHAILIN_2013_6335.npy,sequences\tgt_PHAILIN_2013_6335.npy,PHAILIN,2013,2013-10-13 06:30:00,train
sequences\seq_PHAILIN_2013_6336.npy,sequences\tgt_PHAILIN_2013_6336.npy,PHAILIN,2013,2013-10-13 07:00:00,train
sequences\seq_PHAILIN_2013_6337.npy,sequences\tgt_PHAILIN_2013_6337.npy,PHAILIN,2013,2013-10-13 07:30:00,train
sequences\seq_PHAILIN_2013_6338.npy,sequences\tgt_PHAILIN_2013_6338.npy,PHAILIN,2013,2013-10-13 08:00:00,train
sequences\seq_PHETHAI_2018_6339.npy,sequences\tgt_PHETHAI_2018_6339.npy,PHETHAI,2018,2018-12-13 09:45:00,train
sequences\seq_PHETHAI_2018_6340.npy,sequences\tgt_PHETHAI_2018_6340.npy,PHETHAI,2018,2018-12-13 10:00:00,train
sequences\seq_PHETHAI_2018_6341.npy,sequences\tgt_PHETHAI_2018_6341.npy,PHETHAI,2018,2018-12-13 10:15:00,train
sequences\seq_PHETHAI_2018_6342.npy,sequences\tgt_PHETHAI_2018_6342.npy,PHETHAI,2018,2018-12-13 10:30:00,train
sequences\seq_PHETHAI_2018_6343.npy,sequences\tgt_PHETHAI_2018_6343.npy,PHETHAI,2018,2018-12-13 10:45:00,train
sequences\seq_PHETHAI_2018_6344.npy,sequences\tgt_PHETHAI_2018_6344.npy,PHETHAI,2018,2018-12-13 11:00:00,train
sequences\seq_PHETHAI_2018_6345.npy,sequences\tgt_PHETHAI_2018_6345.npy,PHETHAI,2018,2018-12-13 11:15:00,train
sequences\seq_PHETHAI_2018_6346.npy,sequences\tgt_PHETHAI_2018_6346.npy,PHETHAI,2018,2018-12-13 11:30:00,train
sequences\seq_PHETHAI_2018_6347.npy,sequences\tgt_PHETHAI_2018_6347.npy,PHETHAI,2018,2018-12-13 11:45:00,train
sequences\seq_PHETHAI_2018_6348.npy,sequences\tgt_PHETHAI_2018_6348.npy,PHETHAI,2018,2018-12-13 12:00:00,train
sequences\seq_PHETHAI_2018_6349.npy,sequences\tgt_PHETHAI_2018_6349.npy,PHETHAI,2018,2018-12-13 12:15:00,train
sequences\seq_PHETHAI_2018_6350.npy,sequences\tgt_PHETHAI_2018_6350.npy,PHETHAI,2018,2018-12-13 12:30:00,train
sequences\seq_PHETHAI_2018_6351.npy,sequences\tgt_PHETHAI_2018_6351.npy,PHETHAI,2018,2018-12-13 12:45:00,train
sequences\seq_PHETHAI_2018_6352.npy,sequences\tgt_PHETHAI_2018_6352.npy,PHETHAI,2018,2018-12-13 13:00:00,train
sequences\seq_PHETHAI_2018_6353.npy,sequences\tgt_PHETHAI_2018_6353.npy,PHETHAI,2018,2018-12-13 13:15:00,train
sequences\seq_PHETHAI_2018_6354.npy,sequences\tgt_PHETHAI_2018_6354.npy,PHETHAI,2018,2018-12-13 13:30:00,train
sequences\seq_PHETHAI_2018_6355.npy,sequences\tgt_PHETHAI_2018_6355.npy,PHETHAI,2018,2018-12-13 13:45:00,train
sequences\seq_PHETHAI_2018_6356.npy,sequences\tgt_PHETHAI_2018_6356.npy,PHETHAI,2018,2018-12-13 14:00:00,train
sequences\seq_PHETHAI_2018_6357.npy,sequences\tgt_PHETHAI_2018_6357.npy,PHETHAI,2018,2018-12-13 14:15:00,train
sequences\seq_PHETHAI_2018_6358.npy,sequences\tgt_PHETHAI_2018_6358.npy,PHETHAI,2018,2018-12-13 14:30:00,train
sequences\seq_PHETHAI_2018_6359.npy,sequences\tgt_PHETHAI_2018_6359.npy,PHETHAI,2018,2018-12-13 14:45:00,train
sequences\seq_PHETHAI_2018_6360.npy,sequences\tgt_PHETHAI_2018_6360.npy,PHETHAI,2018,2018-12-13 15:00:00,train
sequences\seq_PHETHAI_2018_6361.npy,sequences\tgt_PHETHAI_2018_6361.npy,PHETHAI,2018,2018-12-13 15:15:00,train
sequences\seq_PHETHAI_2018_6362.npy,sequences\tgt_PHETHAI_2018_6362.npy,PHETHAI,2018,2018-12-13 15:30:00,train
sequences\seq_PHETHAI_2018_6363.npy,sequences\tgt_PHETHAI_2018_6363.npy,PHETHAI,2018,2018-12-13 15:45:00,train
sequences\seq_PHETHAI_2018_6364.npy,sequences\tgt_PHETHAI_2018_6364.npy,PHETHAI,2018,2018-12-13 16:00:00,train
sequences\seq_PHETHAI_2018_6365.npy,sequences\tgt_PHETHAI_2018_6365.npy,PHETHAI,2018,2018-12-13 16:15:00,train
sequences\seq_PHETHAI_2018_6366.npy,sequences\tgt_PHETHAI_2018_6366.npy,PHETHAI,2018,2018-12-13 16:30:00,train
sequences\seq_PHETHAI_2018_6367.npy,sequences\tgt_PHETHAI_2018_6367.npy,PHETHAI,2018,2018-12-13 16:45:00,train
sequences\seq_PHETHAI_2018_6368.npy,sequences\tgt_PHETHAI_2018_6368.npy,PHETHAI,2018,2018-12-13 17:00:00,train
sequences\seq_PHETHAI_2018_6369.npy,sequences\tgt_PHETHAI_2018_6369.npy,PHETHAI,2018,2018-12-13 17:15:00,train
sequences\seq_PHETHAI_2018_6370.npy,sequences\tgt_PHETHAI_2018_6370.npy,PHETHAI,2018,2018-12-13 17:30:00,train
sequences\seq_PHETHAI_2018_6371.npy,sequences\tgt_PHETHAI_2018_6371.npy,PHETHAI,2018,2018-12-13 17:45:00,train
sequences\seq_PHETHAI_2018_6372.npy,sequences\tgt_PHETHAI_2018_6372.npy,PHETHAI,2018,2018-12-13 18:00:00,train
sequences\seq_PHETHAI_2018_6373.npy,sequences\tgt_PHETHAI_2018_6373.npy,PHETHAI,2018,2018-12-13 18:15:00,train
sequences\seq_PHETHAI_2018_6374.npy,sequences\tgt_PHETHAI_2018_6374.npy,PHETHAI,2018,2018-12-13 18:30:00,train
sequences\seq_PHETHAI_2018_6375.npy,sequences\tgt_PHETHAI_2018_6375.npy,PHETHAI,2018,2018-12-13 18:45:00,train
sequences\seq_PHETHAI_2018_6376.npy,sequences\tgt_PHETHAI_2018_6376.npy,PHETHAI,2018,2018-12-13 19:00:00,train
sequences\seq_PHETHAI_2018_6377.npy,sequences\tgt_PHETHAI_2018_6377.npy,PHETHAI,2018,2018-12-13 19:15:00,train
sequences\seq_PHETHAI_2018_6378.npy,sequences\tgt_PHETHAI_2018_6378.npy,PHETHAI,2018,2018-12-13 19:30:00,train
sequences\seq_PHETHAI_2018_6379.npy,sequences\tgt_PHETHAI_2018_6379.npy,PHETHAI,2018,2018-12-13 19:45:00,train
sequences\seq_PHETHAI_2018_6380.npy,sequences\tgt_PHETHAI_2018_6380.npy,PHETHAI,2018,2018-12-13 20:00:00,train
sequences\seq_PHETHAI_2018_6381.npy,sequences\tgt_PHETHAI_2018_6381.npy,PHETHAI,2018,2018-12-13 20:15:00,train
sequences\seq_PHETHAI_2018_6382.npy,sequences\tgt_PHETHAI_2018_6382.npy,PHETHAI,2018,2018-12-13 20:30:00,train
sequences\seq_PHETHAI_2018_6383.npy,sequences\tgt_PHETHAI_2018_6383.npy,PHETHAI,2018,2018-12-13 20:45:00,train
sequences\seq_PHETHAI_2018_6384.npy,sequences\tgt_PHETHAI_2018_6384.npy,PHETHAI,2018,2018-12-13 21:00:00,train
sequences\seq_PHETHAI_2018_6385.npy,sequences\tgt_PHETHAI_2018_6385.npy,PHETHAI,2018,2018-12-13 21:15:00,train
sequences\seq_PHETHAI_2018_6386.npy,sequences\tgt_PHETHAI_2018_6386.npy,PHETHAI,2018,2018-12-13 21:30:00,train
sequences\seq_PHETHAI_2018_6387.npy,sequences\tgt_PHETHAI_2018_6387.npy,PHETHAI,2018,2018-12-13 21:45:00,train
sequences\seq_PHETHAI_2018_6388.npy,sequences\tgt_PHETHAI_2018_6388.npy,PHETHAI,2018,2018-12-13 22:00:00,train
sequences\seq_PHETHAI_2018_6389.npy,sequences\tgt_PHETHAI_2018_6389.npy,PHETHAI,2018,2018-12-13 22:15:00,train
sequences\seq_PHETHAI_2018_6390.npy,sequences\tgt_PHETHAI_2018_6390.npy,PHETHAI,2018,2018-12-13 22:30:00,train
sequences\seq_PHETHAI_2018_6391.npy,sequences\tgt_PHETHAI_2018_6391.npy,PHETHAI,2018,2018-12-13 22:45:00,train
sequences\seq_PHETHAI_2018_6392.npy,sequences\tgt_PHETHAI_2018_6392.npy,PHETHAI,2018,2018-12-13 23:00:00,train
sequences\seq_PHETHAI_2018_6393.npy,sequences\tgt_PHETHAI_2018_6393.npy,PHETHAI,2018,2018-12-13 23:15:00,train
sequences\seq_PHETHAI_2018_6394.npy,sequences\tgt_PHETHAI_2018_6394.npy,PHETHAI,2018,2018-12-13 23:30:00,train
sequences\seq_PHETHAI_2018_6395.npy,sequences\tgt_PHETHAI_2018_6395.npy,PHETHAI,2018,2018-12-13 23:45:00,train
sequences\seq_PHETHAI_2018_6396.npy,sequences\tgt_PHETHAI_2018_6396.npy,PHETHAI,2018,2018-12-14 00:00:00,train
sequences\seq_PHETHAI_2018_6397.npy,sequences\tgt_PHETHAI_2018_6397.npy,PHETHAI,2018,2018-12-14 00:15:00,train
sequences\seq_PHETHAI_2018_6398.npy,sequences\tgt_PHETHAI_2018_6398.npy,PHETHAI,2018,2018-12-14 00:30:00,train
sequences\seq_PHETHAI_2018_6399.npy,sequences\tgt_PHETHAI_2018_6399.npy,PHETHAI,2018,2018-12-14 00:45:00,train
sequences\seq_PHETHAI_2018_6400.npy,sequences\tgt_PHETHAI_2018_6400.npy,PHETHAI,2018,2018-12-14 01:00:00,train
sequences\seq_PHETHAI_2018_6401.npy,sequences\tgt_PHETHAI_2018_6401.npy,PHETHAI,2018,2018-12-14 01:15:00,train
sequences\seq_PHETHAI_2018_6402.npy,sequences\tgt_PHETHAI_2018_6402.npy,PHETHAI,2018,2018-12-14 01:30:00,train
sequences\seq_PHETHAI_2018_6403.npy,sequences\tgt_PHETHAI_2018_6403.npy,PHETHAI,2018,2018-12-14 01:45:00,train
sequences\seq_PHETHAI_2018_6404.npy,sequences\tgt_PHETHAI_2018_6404.npy,PHETHAI,2018,2018-12-14 02:00:00,train
sequences\seq_PHETHAI_2018_6405.npy,sequences\tgt_PHETHAI_2018_6405.npy,PHETHAI,2018,2018-12-14 02:15:00,train
sequences\seq_PHETHAI_2018_6406.npy,sequences\tgt_PHETHAI_2018_6406.npy,PHETHAI,2018,2018-12-14 02:30:00,train
sequences\seq_PHETHAI_2018_6407.npy,sequences\tgt_PHETHAI_2018_6407.npy,PHETHAI,2018,2018-12-14 02:45:00,train
sequences\seq_PHETHAI_2018_6408.npy,sequences\tgt_PHETHAI_2018_6408.npy,PHETHAI,2018,2018-12-14 03:15:00,train
sequences\seq_PHETHAI_2018_6409.npy,sequences\tgt_PHETHAI_2018_6409.npy,PHETHAI,2018,2018-12-14 03:45:00,train
sequences\seq_PHETHAI_2018_6410.npy,sequences\tgt_PHETHAI_2018_6410.npy,PHETHAI,2018,2018-12-14 04:00:00,train
sequences\seq_PHETHAI_2018_6411.npy,sequences\tgt_PHETHAI_2018_6411.npy,PHETHAI,2018,2018-12-14 04:15:00,train
sequences\seq_PHETHAI_2018_6412.npy,sequences\tgt_PHETHAI_2018_6412.npy,PHETHAI,2018,2018-12-14 04:30:00,train
sequences\seq_PHETHAI_2018_6413.npy,sequences\tgt_PHETHAI_2018_6413.npy,PHETHAI,2018,2018-12-14 04:45:00,train
sequences\seq_PHETHAI_2018_6414.npy,sequences\tgt_PHETHAI_2018_6414.npy,PHETHAI,2018,2018-12-14 05:00:00,train
sequences\seq_PHETHAI_2018_6415.npy,sequences\tgt_PHETHAI_2018_6415.npy,PHETHAI,2018,2018-12-14 05:15:00,train
sequences\seq_PHETHAI_2018_6416.npy,sequences\tgt_PHETHAI_2018_6416.npy,PHETHAI,2018,2018-12-14 08:30:00,train
sequences\seq_PHETHAI_2018_6417.npy,sequences\tgt_PHETHAI_2018_6417.npy,PHETHAI,2018,2018-12-14 08:45:00,train
sequences\seq_PHETHAI_2018_6418.npy,sequences\tgt_PHETHAI_2018_6418.npy,PHETHAI,2018,2018-12-14 09:00:00,train
sequences\seq_PHETHAI_2018_6419.npy,sequences\tgt_PHETHAI_2018_6419.npy,PHETHAI,2018,2018-12-14 09:15:00,train
sequences\seq_PHETHAI_2018_6420.npy,sequences\tgt_PHETHAI_2018_6420.npy,PHETHAI,2018,2018-12-14 09:30:00,train
sequences\seq_PHETHAI_2018_6421.npy,sequences\tgt_PHETHAI_2018_6421.npy,PHETHAI,2018,2018-12-14 09:45:00,train
sequences\seq_PHETHAI_2018_6422.npy,sequences\tgt_PHETHAI_2018_6422.npy,PHETHAI,2018,2018-12-14 10:00:00,train
sequences\seq_PHETHAI_2018_6423.npy,sequences\tgt_PHETHAI_2018_6423.npy,PHETHAI,2018,2018-12-14 10:15:00,train
sequences\seq_PHETHAI_2018_6424.npy,sequences\tgt_PHETHAI_2018_6424.npy,PHETHAI,2018,2018-12-14 10:30:00,train
sequences\seq_PHETHAI_2018_6425.npy,sequences\tgt_PHETHAI_2018_6425.npy,PHETHAI,2018,2018-12-14 10:45:00,train
sequences\seq_PHETHAI_2018_6426.npy,sequences\tgt_PHETHAI_2018_6426.npy,PHETHAI,2018,2018-12-14 11:00:00,train
sequences\seq_PHETHAI_2018_6427.npy,sequences\tgt_PHETHAI_2018_6427.npy,PHETHAI,2018,2018-12-14 11:15:00,train
sequences\seq_PHETHAI_2018_6428.npy,sequences\tgt_PHETHAI_2018_6428.npy,PHETHAI,2018,2018-12-14 11:30:00,train
sequences\seq_PHETHAI_2018_6429.npy,sequences\tgt_PHETHAI_2018_6429.npy,PHETHAI,2018,2018-12-14 11:45:00,train
sequences\seq_PHETHAI_2018_6430.npy,sequences\tgt_PHETHAI_2018_6430.npy,PHETHAI,2018,2018-12-14 12:00:00,train
sequences\seq_PHETHAI_2018_6431.npy,sequences\tgt_PHETHAI_2018_6431.npy,PHETHAI,2018,2018-12-14 12:15:00,train
sequences\seq_PHETHAI_2018_6432.npy,sequences\tgt_PHETHAI_2018_6432.npy,PHETHAI,2018,2018-12-14 12:30:00,train
sequences\seq_PHETHAI_2018_6433.npy,sequences\tgt_PHETHAI_2018_6433.npy,PHETHAI,2018,2018-12-14 12:45:00,train
sequences\seq_PHETHAI_2018_6434.npy,sequences\tgt_PHETHAI_2018_6434.npy,PHETHAI,2018,2018-12-14 13:00:00,train
sequences\seq_PHETHAI_2018_6435.npy,sequences\tgt_PHETHAI_2018_6435.npy,PHETHAI,2018,2018-12-14 13:15:00,train
sequences\seq_PHETHAI_2018_6436.npy,sequences\tgt_PHETHAI_2018_6436.npy,PHETHAI,2018,2018-12-14 13:30:00,train
sequences\seq_PHETHAI_2018_6437.npy,sequences\tgt_PHETHAI_2018_6437.npy,PHETHAI,2018,2018-12-14 13:45:00,train
sequences\seq_PHETHAI_2018_6438.npy,sequences\tgt_PHETHAI_2018_6438.npy,PHETHAI,2018,2018-12-14 14:00:00,train
sequences\seq_PHETHAI_2018_6439.npy,sequences\tgt_PHETHAI_2018_6439.npy,PHETHAI,2018,2018-12-14 14:15:00,train
sequences\seq_PHETHAI_2018_6440.npy,sequences\tgt_PHETHAI_2018_6440.npy,PHETHAI,2018,2018-12-14 14:30:00,train
sequences\seq_PHETHAI_2018_6441.npy,sequences\tgt_PHETHAI_2018_6441.npy,PHETHAI,2018,2018-12-14 14:45:00,train
sequences\seq_PHETHAI_2018_6442.npy,sequences\tgt_PHETHAI_2018_6442.npy,PHETHAI,2018,2018-12-14 15:00:00,train
sequences\seq_PHETHAI_2018_6443.npy,sequences\tgt_PHETHAI_2018_6443.npy,PHETHAI,2018,2018-12-14 15:15:00,train
sequences\seq_PHETHAI_2018_6444.npy,sequences\tgt_PHETHAI_2018_6444.npy,PHETHAI,2018,2018-12-14 15:30:00,train
sequences\seq_PHETHAI_2018_6445.npy,sequences\tgt_PHETHAI_2018_6445.npy,PHETHAI,2018,2018-12-14 15:45:00,train
sequences\seq_PHETHAI_2018_6446.npy,sequences\tgt_PHETHAI_2018_6446.npy,PHETHAI,2018,2018-12-14 16:00:00,train
sequences\seq_PHETHAI_2018_6447.npy,sequences\tgt_PHETHAI_2018_6447.npy,PHETHAI,2018,2018-12-14 16:15:00,train
sequences\seq_PHETHAI_2018_6448.npy,sequences\tgt_PHETHAI_2018_6448.npy,PHETHAI,2018,2018-12-14 16:30:00,train
sequences\seq_PHETHAI_2018_6449.npy,sequences\tgt_PHETHAI_2018_6449.npy,PHETHAI,2018,2018-12-14 16:45:00,train
sequences\seq_PHETHAI_2018_6450.npy,sequences\tgt_PHETHAI_2018_6450.npy,PHETHAI,2018,2018-12-14 17:00:00,train
sequences\seq_PHETHAI_2018_6451.npy,sequences\tgt_PHETHAI_2018_6451.npy,PHETHAI,2018,2018-12-14 17:15:00,train
sequences\seq_PHETHAI_2018_6452.npy,sequences\tgt_PHETHAI_2018_6452.npy,PHETHAI,2018,2018-12-14 17:30:00,train
sequences\seq_PHETHAI_2018_6453.npy,sequences\tgt_PHETHAI_2018_6453.npy,PHETHAI,2018,2018-12-14 17:45:00,train
sequences\seq_PHETHAI_2018_6454.npy,sequences\tgt_PHETHAI_2018_6454.npy,PHETHAI,2018,2018-12-14 18:00:00,train
sequences\seq_PHETHAI_2018_6455.npy,sequences\tgt_PHETHAI_2018_6455.npy,PHETHAI,2018,2018-12-14 18:15:00,train
sequences\seq_PHETHAI_2018_6456.npy,sequences\tgt_PHETHAI_2018_6456.npy,PHETHAI,2018,2018-12-14 18:30:00,train
sequences\seq_PHETHAI_2018_6457.npy,sequences\tgt_PHETHAI_2018_6457.npy,PHETHAI,2018,2018-12-14 18:45:00,train
sequences\seq_PHETHAI_2018_6458.npy,sequences\tgt_PHETHAI_2018_6458.npy,PHETHAI,2018,2018-12-14 19:00:00,train
sequences\seq_PHETHAI_2018_6459.npy,sequences\tgt_PHETHAI_2018_6459.npy,PHETHAI,2018,2018-12-14 19:15:00,train
sequences\seq_PHETHAI_2018_6460.npy,sequences\tgt_PHETHAI_2018_6460.npy,PHETHAI,2018,2018-12-14 19:30:00,train
sequences\seq_PHETHAI_2018_6461.npy,sequences\tgt_PHETHAI_2018_6461.npy,PHETHAI,2018,2018-12-14 19:45:00,train
sequences\seq_PHETHAI_2018_6462.npy,sequences\tgt_PHETHAI_2018_6462.npy,PHETHAI,2018,2018-12-14 20:00:00,train
sequences\seq_PHETHAI_2018_6463.npy,sequences\tgt_PHETHAI_2018_6463.npy,PHETHAI,2018,2018-12-14 20:15:00,train
sequences\seq_PHETHAI_2018_6464.npy,sequences\tgt_PHETHAI_2018_6464.npy,PHETHAI,2018,2018-12-14 20:30:00,train
sequences\seq_PHETHAI_2018_6465.npy,sequences\tgt_PHETHAI_2018_6465.npy,PHETHAI,2018,2018-12-14 20:45:00,train
sequences\seq_PHETHAI_2018_6466.npy,sequences\tgt_PHETHAI_2018_6466.npy,PHETHAI,2018,2018-12-14 21:00:00,train
sequences\seq_PHETHAI_2018_6467.npy,sequences\tgt_PHETHAI_2018_6467.npy,PHETHAI,2018,2018-12-14 21:15:00,train
sequences\seq_PHETHAI_2018_6468.npy,sequences\tgt_PHETHAI_2018_6468.npy,PHETHAI,2018,2018-12-14 21:30:00,train
sequences\seq_PHETHAI_2018_6469.npy,sequences\tgt_PHETHAI_2018_6469.npy,PHETHAI,2018,2018-12-14 21:45:00,train
sequences\seq_PHETHAI_2018_6470.npy,sequences\tgt_PHETHAI_2018_6470.npy,PHETHAI,2018,2018-12-14 22:00:00,train
sequences\seq_PHETHAI_2018_6471.npy,sequences\tgt_PHETHAI_2018_6471.npy,PHETHAI,2018,2018-12-14 22:15:00,train
sequences\seq_PHETHAI_2018_6472.npy,sequences\tgt_PHETHAI_2018_6472.npy,PHETHAI,2018,2018-12-14 22:30:00,train
sequences\seq_PHETHAI_2018_6473.npy,sequences\tgt_PHETHAI_2018_6473.npy,PHETHAI,2018,2018-12-14 22:45:00,train
sequences\seq_PHETHAI_2018_6474.npy,sequences\tgt_PHETHAI_2018_6474.npy,PHETHAI,2018,2018-12-14 23:00:00,train
sequences\seq_PHETHAI_2018_6475.npy,sequences\tgt_PHETHAI_2018_6475.npy,PHETHAI,2018,2018-12-14 23:15:00,train
sequences\seq_PHETHAI_2018_6476.npy,sequences\tgt_PHETHAI_2018_6476.npy,PHETHAI,2018,2018-12-14 23:45:00,train
sequences\seq_PHETHAI_2018_6477.npy,sequences\tgt_PHETHAI_2018_6477.npy,PHETHAI,2018,2018-12-15 00:00:00,train
sequences\seq_PHETHAI_2018_6478.npy,sequences\tgt_PHETHAI_2018_6478.npy,PHETHAI,2018,2018-12-15 00:15:00,train
sequences\seq_PHETHAI_2018_6479.npy,sequences\tgt_PHETHAI_2018_6479.npy,PHETHAI,2018,2018-12-15 00:30:00,train
sequences\seq_PHETHAI_2018_6480.npy,sequences\tgt_PHETHAI_2018_6480.npy,PHETHAI,2018,2018-12-15 00:45:00,train
sequences\seq_PHETHAI_2018_6481.npy,sequences\tgt_PHETHAI_2018_6481.npy,PHETHAI,2018,2018-12-15 01:00:00,train
sequences\seq_PHETHAI_2018_6482.npy,sequences\tgt_PHETHAI_2018_6482.npy,PHETHAI,2018,2018-12-15 01:15:00,train
sequences\seq_PHETHAI_2018_6483.npy,sequences\tgt_PHETHAI_2018_6483.npy,PHETHAI,2018,2018-12-15 01:30:00,train
sequences\seq_PHETHAI_2018_6484.npy,sequences\tgt_PHETHAI_2018_6484.npy,PHETHAI,2018,2018-12-15 01:45:00,train
sequences\seq_PHETHAI_2018_6485.npy,sequences\tgt_PHETHAI_2018_6485.npy,PHETHAI,2018,2018-12-15 02:00:00,train
sequences\seq_PHETHAI_2018_6486.npy,sequences\tgt_PHETHAI_2018_6486.npy,PHETHAI,2018,2018-12-15 02:15:00,train
sequences\seq_PHETHAI_2018_6487.npy,sequences\tgt_PHETHAI_2018_6487.npy,PHETHAI,2018,2018-12-15 02:30:00,train
sequences\seq_PHETHAI_2018_6488.npy,sequences\tgt_PHETHAI_2018_6488.npy,PHETHAI,2018,2018-12-15 02:45:00,train
sequences\seq_PHETHAI_2018_6489.npy,sequences\tgt_PHETHAI_2018_6489.npy,PHETHAI,2018,2018-12-15 03:00:00,train
sequences\seq_PHETHAI_2018_6490.npy,sequences\tgt_PHETHAI_2018_6490.npy,PHETHAI,2018,2018-12-15 03:15:00,train
sequences\seq_PHETHAI_2018_6491.npy,sequences\tgt_PHETHAI_2018_6491.npy,PHETHAI,2018,2018-12-15 03:30:00,train
sequences\seq_PHETHAI_2018_6492.npy,sequences\tgt_PHETHAI_2018_6492.npy,PHETHAI,2018,2018-12-15 03:45:00,train
sequences\seq_PHETHAI_2018_6493.npy,sequences\tgt_PHETHAI_2018_6493.npy,PHETHAI,2018,2018-12-15 04:00:00,train
sequences\seq_PHETHAI_2018_6494.npy,sequences\tgt_PHETHAI_2018_6494.npy,PHETHAI,2018,2018-12-15 04:15:00,train
sequences\seq_PHETHAI_2018_6495.npy,sequences\tgt_PHETHAI_2018_6495.npy,PHETHAI,2018,2018-12-15 04:30:00,train
sequences\seq_PHETHAI_2018_6496.npy,sequences\tgt_PHETHAI_2018_6496.npy,PHETHAI,2018,2018-12-15 04:45:00,train
sequences\seq_PHETHAI_2018_6497.npy,sequences\tgt_PHETHAI_2018_6497.npy,PHETHAI,2018,2018-12-15 05:00:00,train
sequences\seq_PHETHAI_2018_6498.npy,sequences\tgt_PHETHAI_2018_6498.npy,PHETHAI,2018,2018-12-15 05:15:00,train
sequences\seq_PHETHAI_2018_6499.npy,sequences\tgt_PHETHAI_2018_6499.npy,PHETHAI,2018,2018-12-15 05:30:00,train
sequences\seq_PHETHAI_2018_6500.npy,sequences\tgt_PHETHAI_2018_6500.npy,PHETHAI,2018,2018-12-15 05:45:00,train
sequences\seq_PHETHAI_2018_6501.npy,sequences\tgt_PHETHAI_2018_6501.npy,PHETHAI,2018,2018-12-15 06:00:00,train
sequences\seq_PHETHAI_2018_6502.npy,sequences\tgt_PHETHAI_2018_6502.npy,PHETHAI,2018,2018-12-15 06:15:00,train
sequences\seq_PHETHAI_2018_6503.npy,sequences\tgt_PHETHAI_2018_6503.npy,PHETHAI,2018,2018-12-15 06:30:00,train
sequences\seq_PHETHAI_2018_6504.npy,sequences\tgt_PHETHAI_2018_6504.npy,PHETHAI,2018,2018-12-15 06:45:00,train
sequences\seq_PHETHAI_2018_6505.npy,sequences\tgt_PHETHAI_2018_6505.npy,PHETHAI,2018,2018-12-15 07:00:00,train
sequences\seq_PHETHAI_2018_6506.npy,sequences\tgt_PHETHAI_2018_6506.npy,PHETHAI,2018,2018-12-15 07:15:00,train
sequences\seq_PHETHAI_2018_6507.npy,sequences\tgt_PHETHAI_2018_6507.npy,PHETHAI,2018,2018-12-15 07:30:00,train
sequences\seq_PHETHAI_2018_6508.npy,sequences\tgt_PHETHAI_2018_6508.npy,PHETHAI,2018,2018-12-15 07:45:00,train
sequences\seq_PHETHAI_2018_6509.npy,sequences\tgt_PHETHAI_2018_6509.npy,PHETHAI,2018,2018-12-15 08:00:00,train
sequences\seq_PHETHAI_2018_6510.npy,sequences\tgt_PHETHAI_2018_6510.npy,PHETHAI,2018,2018-12-15 08:15:00,train
sequences\seq_PHETHAI_2018_6511.npy,sequences\tgt_PHETHAI_2018_6511.npy,PHETHAI,2018,2018-12-15 08:30:00,train
sequences\seq_PHETHAI_2018_6512.npy,sequences\tgt_PHETHAI_2018_6512.npy,PHETHAI,2018,2018-12-15 08:45:00,train
sequences\seq_PHETHAI_2018_6513.npy,sequences\tgt_PHETHAI_2018_6513.npy,PHETHAI,2018,2018-12-15 09:00:00,train
sequences\seq_PHETHAI_2018_6514.npy,sequences\tgt_PHETHAI_2018_6514.npy,PHETHAI,2018,2018-12-15 09:15:00,train
sequences\seq_PHETHAI_2018_6515.npy,sequences\tgt_PHETHAI_2018_6515.npy,PHETHAI,2018,2018-12-15 09:30:00,train
sequences\seq_PHETHAI_2018_6516.npy,sequences\tgt_PHETHAI_2018_6516.npy,PHETHAI,2018,2018-12-15 09:45:00,train
sequences\seq_PHETHAI_2018_6517.npy,sequences\tgt_PHETHAI_2018_6517.npy,PHETHAI,2018,2018-12-15 10:00:00,train
sequences\seq_PHETHAI_2018_6518.npy,sequences\tgt_PHETHAI_2018_6518.npy,PHETHAI,2018,2018-12-15 10:15:00,train
sequences\seq_PHETHAI_2018_6519.npy,sequences\tgt_PHETHAI_2018_6519.npy,PHETHAI,2018,2018-12-15 10:30:00,train
sequences\seq_PHETHAI_2018_6520.npy,sequences\tgt_PHETHAI_2018_6520.npy,PHETHAI,2018,2018-12-15 10:45:00,train
sequences\seq_PHETHAI_2018_6521.npy,sequences\tgt_PHETHAI_2018_6521.npy,PHETHAI,2018,2018-12-15 11:00:00,train
sequences\seq_PHETHAI_2018_6522.npy,sequences\tgt_PHETHAI_2018_6522.npy,PHETHAI,2018,2018-12-15 11:15:00,train
sequences\seq_PHETHAI_2018_6523.npy,sequences\tgt_PHETHAI_2018_6523.npy,PHETHAI,2018,2018-12-15 11:30:00,train
sequences\seq_PHETHAI_2018_6524.npy,sequences\tgt_PHETHAI_2018_6524.npy,PHETHAI,2018,2018-12-15 11:45:00,train
sequences\seq_PHETHAI_2018_6525.npy,sequences\tgt_PHETHAI_2018_6525.npy,PHETHAI,2018,2018-12-15 12:00:00,train
sequences\seq_PHETHAI_2018_6526.npy,sequences\tgt_PHETHAI_2018_6526.npy,PHETHAI,2018,2018-12-15 12:15:00,train
sequences\seq_PHETHAI_2018_6527.npy,sequences\tgt_PHETHAI_2018_6527.npy,PHETHAI,2018,2018-12-15 12:30:00,train
sequences\seq_PHETHAI_2018_6528.npy,sequences\tgt_PHETHAI_2018_6528.npy,PHETHAI,2018,2018-12-15 12:45:00,train
sequences\seq_PHETHAI_2018_6529.npy,sequences\tgt_PHETHAI_2018_6529.npy,PHETHAI,2018,2018-12-15 13:00:00,train
sequences\seq_PHETHAI_2018_6530.npy,sequences\tgt_PHETHAI_2018_6530.npy,PHETHAI,2018,2018-12-15 13:15:00,train
sequences\seq_PHETHAI_2018_6531.npy,sequences\tgt_PHETHAI_2018_6531.npy,PHETHAI,2018,2018-12-15 13:30:00,train
sequences\seq_PHETHAI_2018_6532.npy,sequences\tgt_PHETHAI_2018_6532.npy,PHETHAI,2018,2018-12-15 13:45:00,train
sequences\seq_PHETHAI_2018_6533.npy,sequences\tgt_PHETHAI_2018_6533.npy,PHETHAI,2018,2018-12-15 14:00:00,train
sequences\seq_PHETHAI_2018_6534.npy,sequences\tgt_PHETHAI_2018_6534.npy,PHETHAI,2018,2018-12-15 14:15:00,train
sequences\seq_PHETHAI_2018_6535.npy,sequences\tgt_PHETHAI_2018_6535.npy,PHETHAI,2018,2018-12-15 14:30:00,train
sequences\seq_PHETHAI_2018_6536.npy,sequences\tgt_PHETHAI_2018_6536.npy,PHETHAI,2018,2018-12-15 14:45:00,train
sequences\seq_PHETHAI_2018_6537.npy,sequences\tgt_PHETHAI_2018_6537.npy,PHETHAI,2018,2018-12-15 15:00:00,train
sequences\seq_PHETHAI_2018_6538.npy,sequences\tgt_PHETHAI_2018_6538.npy,PHETHAI,2018,2018-12-15 15:15:00,train
sequences\seq_PHETHAI_2018_6539.npy,sequences\tgt_PHETHAI_2018_6539.npy,PHETHAI,2018,2018-12-15 15:30:00,train
sequences\seq_PHETHAI_2018_6540.npy,sequences\tgt_PHETHAI_2018_6540.npy,PHETHAI,2018,2018-12-15 15:45:00,train
sequences\seq_PHETHAI_2018_6541.npy,sequences\tgt_PHETHAI_2018_6541.npy,PHETHAI,2018,2018-12-15 16:00:00,train
sequences\seq_PHETHAI_2018_6542.npy,sequences\tgt_PHETHAI_2018_6542.npy,PHETHAI,2018,2018-12-15 16:15:00,train
sequences\seq_PHETHAI_2018_6543.npy,sequences\tgt_PHETHAI_2018_6543.npy,PHETHAI,2018,2018-12-15 16:30:00,train
sequences\seq_PHETHAI_2018_6544.npy,sequences\tgt_PHETHAI_2018_6544.npy,PHETHAI,2018,2018-12-15 16:45:00,train
sequences\seq_PHETHAI_2018_6545.npy,sequences\tgt_PHETHAI_2018_6545.npy,PHETHAI,2018,2018-12-15 17:00:00,train
sequences\seq_PHETHAI_2018_6546.npy,sequences\tgt_PHETHAI_2018_6546.npy,PHETHAI,2018,2018-12-15 17:15:00,train
sequences\seq_PHETHAI_2018_6547.npy,sequences\tgt_PHETHAI_2018_6547.npy,PHETHAI,2018,2018-12-15 17:30:00,train
sequences\seq_PHETHAI_2018_6548.npy,sequences\tgt_PHETHAI_2018_6548.npy,PHETHAI,2018,2018-12-15 17:45:00,train
sequences\seq_PHETHAI_2018_6549.npy,sequences\tgt_PHETHAI_2018_6549.npy,PHETHAI,2018,2018-12-15 18:00:00,train
sequences\seq_PHETHAI_2018_6550.npy,sequences\tgt_PHETHAI_2018_6550.npy,PHETHAI,2018,2018-12-15 18:15:00,train
sequences\seq_PHETHAI_2018_6551.npy,sequences\tgt_PHETHAI_2018_6551.npy,PHETHAI,2018,2018-12-15 18:30:00,train
sequences\seq_PHETHAI_2018_6552.npy,sequences\tgt_PHETHAI_2018_6552.npy,PHETHAI,2018,2018-12-15 18:45:00,train
sequences\seq_PHETHAI_2018_6553.npy,sequences\tgt_PHETHAI_2018_6553.npy,PHETHAI,2018,2018-12-15 19:00:00,train
sequences\seq_PHETHAI_2018_6554.npy,sequences\tgt_PHETHAI_2018_6554.npy,PHETHAI,2018,2018-12-15 19:15:00,train
sequences\seq_PHETHAI_2018_6555.npy,sequences\tgt_PHETHAI_2018_6555.npy,PHETHAI,2018,2018-12-15 19:30:00,train
sequences\seq_PHETHAI_2018_6556.npy,sequences\tgt_PHETHAI_2018_6556.npy,PHETHAI,2018,2018-12-15 19:45:00,train
sequences\seq_PHETHAI_2018_6557.npy,sequences\tgt_PHETHAI_2018_6557.npy,PHETHAI,2018,2018-12-15 20:15:00,train
sequences\seq_PHETHAI_2018_6558.npy,sequences\tgt_PHETHAI_2018_6558.npy,PHETHAI,2018,2018-12-15 20:30:00,train
sequences\seq_PHETHAI_2018_6559.npy,sequences\tgt_PHETHAI_2018_6559.npy,PHETHAI,2018,2018-12-15 20:45:00,train
sequences\seq_PHETHAI_2018_6560.npy,sequences\tgt_PHETHAI_2018_6560.npy,PHETHAI,2018,2018-12-15 21:00:00,train
sequences\seq_PHETHAI_2018_6561.npy,sequences\tgt_PHETHAI_2018_6561.npy,PHETHAI,2018,2018-12-15 21:15:00,train
sequences\seq_PHETHAI_2018_6562.npy,sequences\tgt_PHETHAI_2018_6562.npy,PHETHAI,2018,2018-12-15 21:30:00,train
sequences\seq_PHETHAI_2018_6563.npy,sequences\tgt_PHETHAI_2018_6563.npy,PHETHAI,2018,2018-12-15 21:45:00,train
sequences\seq_PHETHAI_2018_6564.npy,sequences\tgt_PHETHAI_2018_6564.npy,PHETHAI,2018,2018-12-15 22:00:00,train
sequences\seq_PHETHAI_2018_6565.npy,sequences\tgt_PHETHAI_2018_6565.npy,PHETHAI,2018,2018-12-15 22:15:00,train
sequences\seq_PHETHAI_2018_6566.npy,sequences\tgt_PHETHAI_2018_6566.npy,PHETHAI,2018,2018-12-15 22:30:00,train
sequences\seq_PHETHAI_2018_6567.npy,sequences\tgt_PHETHAI_2018_6567.npy,PHETHAI,2018,2018-12-15 22:45:00,train
sequences\seq_PHETHAI_2018_6568.npy,sequences\tgt_PHETHAI_2018_6568.npy,PHETHAI,2018,2018-12-15 23:00:00,train
sequences\seq_PHETHAI_2018_6569.npy,sequences\tgt_PHETHAI_2018_6569.npy,PHETHAI,2018,2018-12-15 23:15:00,train
sequences\seq_PHETHAI_2018_6570.npy,sequences\tgt_PHETHAI_2018_6570.npy,PHETHAI,2018,2018-12-15 23:30:00,train
sequences\seq_PHETHAI_2018_6571.npy,sequences\tgt_PHETHAI_2018_6571.npy,PHETHAI,2018,2018-12-15 23:45:00,train
sequences\seq_PHETHAI_2018_6572.npy,sequences\tgt_PHETHAI_2018_6572.npy,PHETHAI,2018,2018-12-16 00:00:00,train
sequences\seq_PHETHAI_2018_6573.npy,sequences\tgt_PHETHAI_2018_6573.npy,PHETHAI,2018,2018-12-16 00:15:00,train
sequences\seq_PHETHAI_2018_6574.npy,sequences\tgt_PHETHAI_2018_6574.npy,PHETHAI,2018,2018-12-16 00:30:00,train
sequences\seq_PHETHAI_2018_6575.npy,sequences\tgt_PHETHAI_2018_6575.npy,PHETHAI,2018,2018-12-16 00:45:00,train
sequences\seq_PHETHAI_2018_6576.npy,sequences\tgt_PHETHAI_2018_6576.npy,PHETHAI,2018,2018-12-16 01:00:00,train
sequences\seq_PHETHAI_2018_6577.npy,sequences\tgt_PHETHAI_2018_6577.npy,PHETHAI,2018,2018-12-16 01:15:00,train
sequences\seq_PHETHAI_2018_6578.npy,sequences\tgt_PHETHAI_2018_6578.npy,PHETHAI,2018,2018-12-16 01:30:00,train
sequences\seq_PHETHAI_2018_6579.npy,sequences\tgt_PHETHAI_2018_6579.npy,PHETHAI,2018,2018-12-16 01:45:00,train
sequences\seq_PHETHAI_2018_6580.npy,sequences\tgt_PHETHAI_2018_6580.npy,PHETHAI,2018,2018-12-16 02:00:00,train
sequences\seq_PHETHAI_2018_6581.npy,sequences\tgt_PHETHAI_2018_6581.npy,PHETHAI,2018,2018-12-16 02:15:00,train
sequences\seq_PHETHAI_2018_6582.npy,sequences\tgt_PHETHAI_2018_6582.npy,PHETHAI,2018,2018-12-16 02:30:00,train
sequences\seq_PHETHAI_2018_6583.npy,sequences\tgt_PHETHAI_2018_6583.npy,PHETHAI,2018,2018-12-16 02:45:00,train
sequences\seq_PHETHAI_2018_6584.npy,sequences\tgt_PHETHAI_2018_6584.npy,PHETHAI,2018,2018-12-16 03:00:00,train
sequences\seq_PHETHAI_2018_6585.npy,sequences\tgt_PHETHAI_2018_6585.npy,PHETHAI,2018,2018-12-16 03:15:00,train
sequences\seq_PHETHAI_2018_6586.npy,sequences\tgt_PHETHAI_2018_6586.npy,PHETHAI,2018,2018-12-16 03:30:00,train
sequences\seq_PHETHAI_2018_6587.npy,sequences\tgt_PHETHAI_2018_6587.npy,PHETHAI,2018,2018-12-16 03:45:00,train
sequences\seq_PHETHAI_2018_6588.npy,sequences\tgt_PHETHAI_2018_6588.npy,PHETHAI,2018,2018-12-16 04:00:00,train
sequences\seq_PHETHAI_2018_6589.npy,sequences\tgt_PHETHAI_2018_6589.npy,PHETHAI,2018,2018-12-16 04:15:00,train
sequences\seq_PHETHAI_2018_6590.npy,sequences\tgt_PHETHAI_2018_6590.npy,PHETHAI,2018,2018-12-16 04:30:00,train
sequences\seq_PHETHAI_2018_6591.npy,sequences\tgt_PHETHAI_2018_6591.npy,PHETHAI,2018,2018-12-16 04:45:00,train
sequences\seq_PHETHAI_2018_6592.npy,sequences\tgt_PHETHAI_2018_6592.npy,PHETHAI,2018,2018-12-16 05:00:00,train
sequences\seq_PHETHAI_2018_6593.npy,sequences\tgt_PHETHAI_2018_6593.npy,PHETHAI,2018,2018-12-16 05:15:00,train
sequences\seq_PHETHAI_2018_6594.npy,sequences\tgt_PHETHAI_2018_6594.npy,PHETHAI,2018,2018-12-16 05:30:00,train
sequences\seq_PHETHAI_2018_6595.npy,sequences\tgt_PHETHAI_2018_6595.npy,PHETHAI,2018,2018-12-16 05:45:00,train
sequences\seq_PHETHAI_2018_6596.npy,sequences\tgt_PHETHAI_2018_6596.npy,PHETHAI,2018,2018-12-16 06:00:00,train
sequences\seq_PHETHAI_2018_6597.npy,sequences\tgt_PHETHAI_2018_6597.npy,PHETHAI,2018,2018-12-16 06:15:00,train
sequences\seq_PHETHAI_2018_6598.npy,sequences\tgt_PHETHAI_2018_6598.npy,PHETHAI,2018,2018-12-16 06:30:00,train
sequences\seq_PHETHAI_2018_6599.npy,sequences\tgt_PHETHAI_2018_6599.npy,PHETHAI,2018,2018-12-16 06:45:00,train
sequences\seq_PHETHAI_2018_6600.npy,sequences\tgt_PHETHAI_2018_6600.npy,PHETHAI,2018,2018-12-16 07:00:00,train
sequences\seq_PHETHAI_2018_6601.npy,sequences\tgt_PHETHAI_2018_6601.npy,PHETHAI,2018,2018-12-16 07:15:00,train
sequences\seq_PHETHAI_2018_6602.npy,sequences\tgt_PHETHAI_2018_6602.npy,PHETHAI,2018,2018-12-16 07:30:00,train
sequences\seq_PHETHAI_2018_6603.npy,sequences\tgt_PHETHAI_2018_6603.npy,PHETHAI,2018,2018-12-16 07:45:00,train
sequences\seq_PHETHAI_2018_6604.npy,sequences\tgt_PHETHAI_2018_6604.npy,PHETHAI,2018,2018-12-16 08:00:00,train
sequences\seq_PHETHAI_2018_6605.npy,sequences\tgt_PHETHAI_2018_6605.npy,PHETHAI,2018,2018-12-16 08:15:00,train
sequences\seq_PHETHAI_2018_6606.npy,sequences\tgt_PHETHAI_2018_6606.npy,PHETHAI,2018,2018-12-16 08:30:00,train
sequences\seq_PHETHAI_2018_6607.npy,sequences\tgt_PHETHAI_2018_6607.npy,PHETHAI,2018,2018-12-16 08:45:00,train
sequences\seq_PHETHAI_2018_6608.npy,sequences\tgt_PHETHAI_2018_6608.npy,PHETHAI,2018,2018-12-16 09:00:00,train
sequences\seq_PHETHAI_2018_6609.npy,sequences\tgt_PHETHAI_2018_6609.npy,PHETHAI,2018,2018-12-16 09:15:00,train
sequences\seq_PHETHAI_2018_6610.npy,sequences\tgt_PHETHAI_2018_6610.npy,PHETHAI,2018,2018-12-16 09:30:00,train
sequences\seq_PHETHAI_2018_6611.npy,sequences\tgt_PHETHAI_2018_6611.npy,PHETHAI,2018,2018-12-16 09:45:00,train
sequences\seq_PHETHAI_2018_6612.npy,sequences\tgt_PHETHAI_2018_6612.npy,PHETHAI,2018,2018-12-16 10:00:00,train
sequences\seq_PHETHAI_2018_6613.npy,sequences\tgt_PHETHAI_2018_6613.npy,PHETHAI,2018,2018-12-16 10:15:00,train
sequences\seq_PHETHAI_2018_6614.npy,sequences\tgt_PHETHAI_2018_6614.npy,PHETHAI,2018,2018-12-16 10:30:00,train
sequences\seq_PHETHAI_2018_6615.npy,sequences\tgt_PHETHAI_2018_6615.npy,PHETHAI,2018,2018-12-16 10:45:00,train
sequences\seq_PHETHAI_2018_6616.npy,sequences\tgt_PHETHAI_2018_6616.npy,PHETHAI,2018,2018-12-16 11:00:00,train
sequences\seq_PHETHAI_2018_6617.npy,sequences\tgt_PHETHAI_2018_6617.npy,PHETHAI,2018,2018-12-16 11:15:00,train
sequences\seq_PHETHAI_2018_6618.npy,sequences\tgt_PHETHAI_2018_6618.npy,PHETHAI,2018,2018-12-16 11:30:00,train
sequences\seq_PHETHAI_2018_6619.npy,sequences\tgt_PHETHAI_2018_6619.npy,PHETHAI,2018,2018-12-16 11:45:00,train
sequences\seq_PHETHAI_2018_6620.npy,sequences\tgt_PHETHAI_2018_6620.npy,PHETHAI,2018,2018-12-16 12:00:00,train
sequences\seq_PHETHAI_2018_6621.npy,sequences\tgt_PHETHAI_2018_6621.npy,PHETHAI,2018,2018-12-16 12:15:00,train
sequences\seq_PHETHAI_2018_6622.npy,sequences\tgt_PHETHAI_2018_6622.npy,PHETHAI,2018,2018-12-16 12:30:00,train
sequences\seq_PHETHAI_2018_6623.npy,sequences\tgt_PHETHAI_2018_6623.npy,PHETHAI,2018,2018-12-16 12:45:00,train
sequences\seq_PHETHAI_2018_6624.npy,sequences\tgt_PHETHAI_2018_6624.npy,PHETHAI,2018,2018-12-16 13:00:00,train
sequences\seq_PHETHAI_2018_6625.npy,sequences\tgt_PHETHAI_2018_6625.npy,PHETHAI,2018,2018-12-16 13:15:00,train
sequences\seq_PHETHAI_2018_6626.npy,sequences\tgt_PHETHAI_2018_6626.npy,PHETHAI,2018,2018-12-16 13:30:00,train
sequences\seq_PHETHAI_2018_6627.npy,sequences\tgt_PHETHAI_2018_6627.npy,PHETHAI,2018,2018-12-16 13:45:00,train
sequences\seq_PHETHAI_2018_6628.npy,sequences\tgt_PHETHAI_2018_6628.npy,PHETHAI,2018,2018-12-16 14:00:00,train
sequences\seq_PHETHAI_2018_6629.npy,sequences\tgt_PHETHAI_2018_6629.npy,PHETHAI,2018,2018-12-16 14:15:00,train
sequences\seq_PHETHAI_2018_6630.npy,sequences\tgt_PHETHAI_2018_6630.npy,PHETHAI,2018,2018-12-16 14:30:00,train
sequences\seq_PHETHAI_2018_6631.npy,sequences\tgt_PHETHAI_2018_6631.npy,PHETHAI,2018,2018-12-16 14:45:00,train
sequences\seq_PHETHAI_2018_6632.npy,sequences\tgt_PHETHAI_2018_6632.npy,PHETHAI,2018,2018-12-16 15:00:00,train
sequences\seq_PHETHAI_2018_6633.npy,sequences\tgt_PHETHAI_2018_6633.npy,PHETHAI,2018,2018-12-16 15:15:00,train
sequences\seq_PHETHAI_2018_6634.npy,sequences\tgt_PHETHAI_2018_6634.npy,PHETHAI,2018,2018-12-16 15:30:00,train
sequences\seq_PHETHAI_2018_6635.npy,sequences\tgt_PHETHAI_2018_6635.npy,PHETHAI,2018,2018-12-16 15:45:00,train
sequences\seq_PHETHAI_2018_6636.npy,sequences\tgt_PHETHAI_2018_6636.npy,PHETHAI,2018,2018-12-16 16:00:00,train
sequences\seq_PHETHAI_2018_6637.npy,sequences\tgt_PHETHAI_2018_6637.npy,PHETHAI,2018,2018-12-16 16:15:00,train
sequences\seq_PHETHAI_2018_6638.npy,sequences\tgt_PHETHAI_2018_6638.npy,PHETHAI,2018,2018-12-16 16:30:00,train
sequences\seq_PHETHAI_2018_6639.npy,sequences\tgt_PHETHAI_2018_6639.npy,PHETHAI,2018,2018-12-16 16:45:00,train
sequences\seq_PHETHAI_2018_6640.npy,sequences\tgt_PHETHAI_2018_6640.npy,PHETHAI,2018,2018-12-16 17:00:00,train
sequences\seq_PHETHAI_2018_6641.npy,sequences\tgt_PHETHAI_2018_6641.npy,PHETHAI,2018,2018-12-16 17:15:00,train
sequences\seq_PHETHAI_2018_6642.npy,sequences\tgt_PHETHAI_2018_6642.npy,PHETHAI,2018,2018-12-16 17:30:00,train
sequences\seq_PHETHAI_2018_6643.npy,sequences\tgt_PHETHAI_2018_6643.npy,PHETHAI,2018,2018-12-16 17:45:00,train
sequences\seq_PHETHAI_2018_6644.npy,sequences\tgt_PHETHAI_2018_6644.npy,PHETHAI,2018,2018-12-16 18:00:00,train
sequences\seq_PHETHAI_2018_6645.npy,sequences\tgt_PHETHAI_2018_6645.npy,PHETHAI,2018,2018-12-16 18:15:00,train
sequences\seq_PHETHAI_2018_6646.npy,sequences\tgt_PHETHAI_2018_6646.npy,PHETHAI,2018,2018-12-16 18:30:00,train
sequences\seq_PHETHAI_2018_6647.npy,sequences\tgt_PHETHAI_2018_6647.npy,PHETHAI,2018,2018-12-16 18:45:00,train
sequences\seq_PHETHAI_2018_6648.npy,sequences\tgt_PHETHAI_2018_6648.npy,PHETHAI,2018,2018-12-16 19:00:00,train
sequences\seq_PHETHAI_2018_6649.npy,sequences\tgt_PHETHAI_2018_6649.npy,PHETHAI,2018,2018-12-16 19:15:00,train
sequences\seq_PHETHAI_2018_6650.npy,sequences\tgt_PHETHAI_2018_6650.npy,PHETHAI,2018,2018-12-16 19:30:00,train
sequences\seq_PHETHAI_2018_6651.npy,sequences\tgt_PHETHAI_2018_6651.npy,PHETHAI,2018,2018-12-16 19:45:00,train
sequences\seq_PHETHAI_2018_6652.npy,sequences\tgt_PHETHAI_2018_6652.npy,PHETHAI,2018,2018-12-16 20:00:00,train
sequences\seq_PHETHAI_2018_6653.npy,sequences\tgt_PHETHAI_2018_6653.npy,PHETHAI,2018,2018-12-16 20:15:00,train
sequences\seq_PHETHAI_2018_6654.npy,sequences\tgt_PHETHAI_2018_6654.npy,PHETHAI,2018,2018-12-16 20:30:00,train
sequences\seq_PHETHAI_2018_6655.npy,sequences\tgt_PHETHAI_2018_6655.npy,PHETHAI,2018,2018-12-16 20:45:00,train
sequences\seq_PHETHAI_2018_6656.npy,sequences\tgt_PHETHAI_2018_6656.npy,PHETHAI,2018,2018-12-16 21:00:00,train
sequences\seq_PHETHAI_2018_6657.npy,sequences\tgt_PHETHAI_2018_6657.npy,PHETHAI,2018,2018-12-16 21:15:00,train
sequences\seq_PHETHAI_2018_6658.npy,sequences\tgt_PHETHAI_2018_6658.npy,PHETHAI,2018,2018-12-16 21:30:00,train
sequences\seq_PHETHAI_2018_6659.npy,sequences\tgt_PHETHAI_2018_6659.npy,PHETHAI,2018,2018-12-16 21:45:00,train
sequences\seq_PHETHAI_2018_6660.npy,sequences\tgt_PHETHAI_2018_6660.npy,PHETHAI,2018,2018-12-16 22:00:00,train
sequences\seq_PHETHAI_2018_6661.npy,sequences\tgt_PHETHAI_2018_6661.npy,PHETHAI,2018,2018-12-16 22:15:00,train
sequences\seq_PHETHAI_2018_6662.npy,sequences\tgt_PHETHAI_2018_6662.npy,PHETHAI,2018,2018-12-16 22:30:00,train
sequences\seq_PHETHAI_2018_6663.npy,sequences\tgt_PHETHAI_2018_6663.npy,PHETHAI,2018,2018-12-16 22:45:00,train
sequences\seq_PHETHAI_2018_6664.npy,sequences\tgt_PHETHAI_2018_6664.npy,PHETHAI,2018,2018-12-16 23:00:00,train
sequences\seq_PHETHAI_2018_6665.npy,sequences\tgt_PHETHAI_2018_6665.npy,PHETHAI,2018,2018-12-16 23:15:00,train
sequences\seq_PHETHAI_2018_6666.npy,sequences\tgt_PHETHAI_2018_6666.npy,PHETHAI,2018,2018-12-16 23:30:00,train
sequences\seq_PHETHAI_2018_6667.npy,sequences\tgt_PHETHAI_2018_6667.npy,PHETHAI,2018,2018-12-16 23:45:00,train
sequences\seq_PHETHAI_2018_6668.npy,sequences\tgt_PHETHAI_2018_6668.npy,PHETHAI,2018,2018-12-17 00:00:00,train
sequences\seq_PHETHAI_2018_6669.npy,sequences\tgt_PHETHAI_2018_6669.npy,PHETHAI,2018,2018-12-17 00:15:00,train
sequences\seq_PHETHAI_2018_6670.npy,sequences\tgt_PHETHAI_2018_6670.npy,PHETHAI,2018,2018-12-17 00:30:00,train
sequences\seq_PHETHAI_2018_6671.npy,sequences\tgt_PHETHAI_2018_6671.npy,PHETHAI,2018,2018-12-17 00:45:00,train
sequences\seq_PHETHAI_2018_6672.npy,sequences\tgt_PHETHAI_2018_6672.npy,PHETHAI,2018,2018-12-17 01:00:00,train
sequences\seq_PHETHAI_2018_6673.npy,sequences\tgt_PHETHAI_2018_6673.npy,PHETHAI,2018,2018-12-17 01:15:00,train
sequences\seq_PHETHAI_2018_6674.npy,sequences\tgt_PHETHAI_2018_6674.npy,PHETHAI,2018,2018-12-17 01:30:00,train
sequences\seq_PHETHAI_2018_6675.npy,sequences\tgt_PHETHAI_2018_6675.npy,PHETHAI,2018,2018-12-17 01:45:00,train
sequences\seq_PHETHAI_2018_6676.npy,sequences\tgt_PHETHAI_2018_6676.npy,PHETHAI,2018,2018-12-17 02:00:00,train
sequences\seq_PHETHAI_2018_6677.npy,sequences\tgt_PHETHAI_2018_6677.npy,PHETHAI,2018,2018-12-17 02:15:00,train
sequences\seq_PHETHAI_2018_6678.npy,sequences\tgt_PHETHAI_2018_6678.npy,PHETHAI,2018,2018-12-17 02:30:00,train
sequences\seq_PHETHAI_2018_6679.npy,sequences\tgt_PHETHAI_2018_6679.npy,PHETHAI,2018,2018-12-17 02:45:00,train
sequences\seq_PHETHAI_2018_6680.npy,sequences\tgt_PHETHAI_2018_6680.npy,PHETHAI,2018,2018-12-17 03:00:00,train
sequences\seq_PHETHAI_2018_6681.npy,sequences\tgt_PHETHAI_2018_6681.npy,PHETHAI,2018,2018-12-17 03:15:00,train
sequences\seq_PHETHAI_2018_6682.npy,sequences\tgt_PHETHAI_2018_6682.npy,PHETHAI,2018,2018-12-17 03:30:00,train
sequences\seq_PHETHAI_2018_6683.npy,sequences\tgt_PHETHAI_2018_6683.npy,PHETHAI,2018,2018-12-17 03:45:00,train
sequences\seq_PHETHAI_2018_6684.npy,sequences\tgt_PHETHAI_2018_6684.npy,PHETHAI,2018,2018-12-17 04:00:00,train
sequences\seq_PHETHAI_2018_6685.npy,sequences\tgt_PHETHAI_2018_6685.npy,PHETHAI,2018,2018-12-17 04:15:00,train
sequences\seq_PHETHAI_2018_6686.npy,sequences\tgt_PHETHAI_2018_6686.npy,PHETHAI,2018,2018-12-17 04:30:00,train
sequences\seq_PHETHAI_2018_6687.npy,sequences\tgt_PHETHAI_2018_6687.npy,PHETHAI,2018,2018-12-17 04:45:00,train
sequences\seq_PHETHAI_2018_6688.npy,sequences\tgt_PHETHAI_2018_6688.npy,PHETHAI,2018,2018-12-17 05:00:00,train
sequences\seq_PHETHAI_2018_6689.npy,sequences\tgt_PHETHAI_2018_6689.npy,PHETHAI,2018,2018-12-17 05:15:00,train
sequences\seq_PHETHAI_2018_6690.npy,sequences\tgt_PHETHAI_2018_6690.npy,PHETHAI,2018,2018-12-17 05:30:00,train
sequences\seq_PHETHAI_2018_6691.npy,sequences\tgt_PHETHAI_2018_6691.npy,PHETHAI,2018,2018-12-17 05:45:00,train
sequences\seq_PHETHAI_2018_6692.npy,sequences\tgt_PHETHAI_2018_6692.npy,PHETHAI,2018,2018-12-17 06:00:00,train
sequences\seq_PHETHAI_2018_6693.npy,sequences\tgt_PHETHAI_2018_6693.npy,PHETHAI,2018,2018-12-17 06:15:00,train
sequences\seq_PHETHAI_2018_6694.npy,sequences\tgt_PHETHAI_2018_6694.npy,PHETHAI,2018,2018-12-17 06:30:00,train
sequences\seq_PHETHAI_2018_6695.npy,sequences\tgt_PHETHAI_2018_6695.npy,PHETHAI,2018,2018-12-17 06:45:00,train
sequences\seq_PHETHAI_2018_6696.npy,sequences\tgt_PHETHAI_2018_6696.npy,PHETHAI,2018,2018-12-17 07:00:00,train
sequences\seq_PHETHAI_2018_6697.npy,sequences\tgt_PHETHAI_2018_6697.npy,PHETHAI,2018,2018-12-17 07:15:00,train
sequences\seq_PHETHAI_2018_6698.npy,sequences\tgt_PHETHAI_2018_6698.npy,PHETHAI,2018,2018-12-17 07:30:00,train
sequences\seq_PHETHAI_2018_6699.npy,sequences\tgt_PHETHAI_2018_6699.npy,PHETHAI,2018,2018-12-17 07:45:00,train
sequences\seq_PHETHAI_2018_6700.npy,sequences\tgt_PHETHAI_2018_6700.npy,PHETHAI,2018,2018-12-17 08:00:00,train
sequences\seq_PHETHAI_2018_6701.npy,sequences\tgt_PHETHAI_2018_6701.npy,PHETHAI,2018,2018-12-17 08:15:00,train
sequences\seq_PHETHAI_2018_6702.npy,sequences\tgt_PHETHAI_2018_6702.npy,PHETHAI,2018,2018-12-17 08:30:00,train
sequences\seq_PHETHAI_2018_6703.npy,sequences\tgt_PHETHAI_2018_6703.npy,PHETHAI,2018,2018-12-17 08:45:00,train
sequences\seq_PHETHAI_2018_6704.npy,sequences\tgt_PHETHAI_2018_6704.npy,PHETHAI,2018,2018-12-17 09:00:00,train
sequences\seq_PHETHAI_2018_6705.npy,sequences\tgt_PHETHAI_2018_6705.npy,PHETHAI,2018,2018-12-17 09:15:00,train
sequences\seq_PHETHAI_2018_6706.npy,sequences\tgt_PHETHAI_2018_6706.npy,PHETHAI,2018,2018-12-17 09:30:00,train
sequences\seq_PHETHAI_2018_6707.npy,sequences\tgt_PHETHAI_2018_6707.npy,PHETHAI,2018,2018-12-17 09:45:00,train
sequences\seq_PHETHAI_2018_6708.npy,sequences\tgt_PHETHAI_2018_6708.npy,PHETHAI,2018,2018-12-17 10:00:00,train
sequences\seq_PHETHAI_2018_6709.npy,sequences\tgt_PHETHAI_2018_6709.npy,PHETHAI,2018,2018-12-17 10:15:00,train
sequences\seq_PHETHAI_2018_6710.npy,sequences\tgt_PHETHAI_2018_6710.npy,PHETHAI,2018,2018-12-17 10:30:00,train
sequences\seq_PHETHAI_2018_6711.npy,sequences\tgt_PHETHAI_2018_6711.npy,PHETHAI,2018,2018-12-17 10:45:00,train
sequences\seq_PHETHAI_2018_6712.npy,sequences\tgt_PHETHAI_2018_6712.npy,PHETHAI,2018,2018-12-17 11:00:00,train
sequences\seq_PHETHAI_2018_6713.npy,sequences\tgt_PHETHAI_2018_6713.npy,PHETHAI,2018,2018-12-17 11:15:00,train
sequences\seq_PHETHAI_2018_6714.npy,sequences\tgt_PHETHAI_2018_6714.npy,PHETHAI,2018,2018-12-17 11:30:00,train
sequences\seq_PHETHAI_2018_6715.npy,sequences\tgt_PHETHAI_2018_6715.npy,PHETHAI,2018,2018-12-17 11:45:00,train
sequences\seq_PHETHAI_2018_6716.npy,sequences\tgt_PHETHAI_2018_6716.npy,PHETHAI,2018,2018-12-17 12:15:00,train
sequences\seq_PHETHAI_2018_6717.npy,sequences\tgt_PHETHAI_2018_6717.npy,PHETHAI,2018,2018-12-17 12:30:00,train
sequences\seq_PHETHAI_2018_6718.npy,sequences\tgt_PHETHAI_2018_6718.npy,PHETHAI,2018,2018-12-17 12:45:00,train
sequences\seq_PHETHAI_2018_6719.npy,sequences\tgt_PHETHAI_2018_6719.npy,PHETHAI,2018,2018-12-17 13:00:00,train
sequences\seq_PHETHAI_2018_6720.npy,sequences\tgt_PHETHAI_2018_6720.npy,PHETHAI,2018,2018-12-17 13:15:00,train
sequences\seq_PHETHAI_2018_6721.npy,sequences\tgt_PHETHAI_2018_6721.npy,PHETHAI,2018,2018-12-17 13:30:00,train
sequences\seq_PHETHAI_2018_6722.npy,sequences\tgt_PHETHAI_2018_6722.npy,PHETHAI,2018,2018-12-17 13:45:00,train
sequences\seq_PHETHAI_2018_6723.npy,sequences\tgt_PHETHAI_2018_6723.npy,PHETHAI,2018,2018-12-17 14:00:00,train
sequences\seq_PHETHAI_2018_6724.npy,sequences\tgt_PHETHAI_2018_6724.npy,PHETHAI,2018,2018-12-17 14:15:00,train
sequences\seq_PHETHAI_2018_6725.npy,sequences\tgt_PHETHAI_2018_6725.npy,PHETHAI,2018,2018-12-17 14:30:00,train
sequences\seq_PHETHAI_2018_6726.npy,sequences\tgt_PHETHAI_2018_6726.npy,PHETHAI,2018,2018-12-17 14:45:00,train
sequences\seq_PHETHAI_2018_6727.npy,sequences\tgt_PHETHAI_2018_6727.npy,PHETHAI,2018,2018-12-17 15:00:00,train
sequences\seq_PHETHAI_2018_6728.npy,sequences\tgt_PHETHAI_2018_6728.npy,PHETHAI,2018,2018-12-17 15:15:00,train
sequences\seq_PHETHAI_2018_6729.npy,sequences\tgt_PHETHAI_2018_6729.npy,PHETHAI,2018,2018-12-17 15:30:00,train
sequences\seq_PHETHAI_2018_6730.npy,sequences\tgt_PHETHAI_2018_6730.npy,PHETHAI,2018,2018-12-17 15:45:00,train
sequences\seq_PHETHAI_2018_6731.npy,sequences\tgt_PHETHAI_2018_6731.npy,PHETHAI,2018,2018-12-17 16:00:00,train
sequences\seq_PHETHAI_2018_6732.npy,sequences\tgt_PHETHAI_2018_6732.npy,PHETHAI,2018,2018-12-17 16:15:00,train
sequences\seq_PHETHAI_2018_6733.npy,sequences\tgt_PHETHAI_2018_6733.npy,PHETHAI,2018,2018-12-17 16:30:00,train
sequences\seq_PHETHAI_2018_6734.npy,sequences\tgt_PHETHAI_2018_6734.npy,PHETHAI,2018,2018-12-17 16:45:00,train
sequences\seq_PHETHAI_2018_6735.npy,sequences\tgt_PHETHAI_2018_6735.npy,PHETHAI,2018,2018-12-17 17:00:00,train
sequences\seq_PHETHAI_2018_6736.npy,sequences\tgt_PHETHAI_2018_6736.npy,PHETHAI,2018,2018-12-17 17:15:00,train
sequences\seq_PHETHAI_2018_6737.npy,sequences\tgt_PHETHAI_2018_6737.npy,PHETHAI,2018,2018-12-17 17:30:00,train
sequences\seq_PHETHAI_2018_6738.npy,sequences\tgt_PHETHAI_2018_6738.npy,PHETHAI,2018,2018-12-17 17:45:00,train
sequences\seq_PHETHAI_2018_6739.npy,sequences\tgt_PHETHAI_2018_6739.npy,PHETHAI,2018,2018-12-17 18:00:00,train
sequences\seq_PHETHAI_2018_6740.npy,sequences\tgt_PHETHAI_2018_6740.npy,PHETHAI,2018,2018-12-17 18:15:00,train
sequences\seq_PHETHAI_2018_6741.npy,sequences\tgt_PHETHAI_2018_6741.npy,PHETHAI,2018,2018-12-17 18:30:00,train
sequences\seq_PHETHAI_2018_6742.npy,sequences\tgt_PHETHAI_2018_6742.npy,PHETHAI,2018,2018-12-17 18:45:00,train
sequences\seq_PHETHAI_2018_6743.npy,sequences\tgt_PHETHAI_2018_6743.npy,PHETHAI,2018,2018-12-17 19:00:00,train
sequences\seq_PHETHAI_2018_6744.npy,sequences\tgt_PHETHAI_2018_6744.npy,PHETHAI,2018,2018-12-17 19:15:00,train
sequences\seq_PHETHAI_2018_6745.npy,sequences\tgt_PHETHAI_2018_6745.npy,PHETHAI,2018,2018-12-17 19:30:00,train
sequences\seq_PHETHAI_2018_6746.npy,sequences\tgt_PHETHAI_2018_6746.npy,PHETHAI,2018,2018-12-17 19:45:00,train
sequences\seq_PHETHAI_2018_6747.npy,sequences\tgt_PHETHAI_2018_6747.npy,PHETHAI,2018,2018-12-17 20:00:00,train
sequences\seq_PHETHAI_2018_6748.npy,sequences\tgt_PHETHAI_2018_6748.npy,PHETHAI,2018,2018-12-17 20:15:00,train
sequences\seq_PHETHAI_2018_6749.npy,sequences\tgt_PHETHAI_2018_6749.npy,PHETHAI,2018,2018-12-17 20:30:00,train
sequences\seq_PHETHAI_2018_6750.npy,sequences\tgt_PHETHAI_2018_6750.npy,PHETHAI,2018,2018-12-17 20:45:00,train
sequences\seq_PHETHAI_2018_6751.npy,sequences\tgt_PHETHAI_2018_6751.npy,PHETHAI,2018,2018-12-17 21:00:00,train
sequences\seq_PHETHAI_2018_6752.npy,sequences\tgt_PHETHAI_2018_6752.npy,PHETHAI,2018,2018-12-17 21:15:00,train
sequences\seq_PHETHAI_2018_6753.npy,sequences\tgt_PHETHAI_2018_6753.npy,PHETHAI,2018,2018-12-17 21:30:00,train
sequences\seq_ROANU_2016_6754.npy,sequences\tgt_ROANU_2016_6754.npy,ROANU,2016,2016-05-17 08:30:00,train
sequences\seq_ROANU_2016_6755.npy,sequences\tgt_ROANU_2016_6755.npy,ROANU,2016,2016-05-17 09:00:00,train
sequences\seq_ROANU_2016_6756.npy,sequences\tgt_ROANU_2016_6756.npy,ROANU,2016,2016-05-17 09:30:00,train
sequences\seq_ROANU_2016_6757.npy,sequences\tgt_ROANU_2016_6757.npy,ROANU,2016,2016-05-17 10:00:00,train
sequences\seq_ROANU_2016_6758.npy,sequences\tgt_ROANU_2016_6758.npy,ROANU,2016,2016-05-17 10:30:00,train
sequences\seq_ROANU_2016_6759.npy,sequences\tgt_ROANU_2016_6759.npy,ROANU,2016,2016-05-17 11:00:00,train
sequences\seq_ROANU_2016_6760.npy,sequences\tgt_ROANU_2016_6760.npy,ROANU,2016,2016-05-17 11:30:00,train
sequences\seq_ROANU_2016_6761.npy,sequences\tgt_ROANU_2016_6761.npy,ROANU,2016,2016-05-17 12:00:00,train
sequences\seq_ROANU_2016_6762.npy,sequences\tgt_ROANU_2016_6762.npy,ROANU,2016,2016-05-17 12:30:00,train
sequences\seq_ROANU_2016_6763.npy,sequences\tgt_ROANU_2016_6763.npy,ROANU,2016,2016-05-17 13:00:00,train
sequences\seq_ROANU_2016_6764.npy,sequences\tgt_ROANU_2016_6764.npy,ROANU,2016,2016-05-17 13:30:00,train
sequences\seq_ROANU_2016_6765.npy,sequences\tgt_ROANU_2016_6765.npy,ROANU,2016,2016-05-17 14:00:00,train
sequences\seq_ROANU_2016_6766.npy,sequences\tgt_ROANU_2016_6766.npy,ROANU,2016,2016-05-17 14:30:00,train
sequences\seq_ROANU_2016_6767.npy,sequences\tgt_ROANU_2016_6767.npy,ROANU,2016,2016-05-17 15:00:00,train
sequences\seq_ROANU_2016_6768.npy,sequences\tgt_ROANU_2016_6768.npy,ROANU,2016,2016-05-17 15:30:00,train
sequences\seq_ROANU_2016_6769.npy,sequences\tgt_ROANU_2016_6769.npy,ROANU,2016,2016-05-17 16:00:00,train
sequences\seq_ROANU_2016_6770.npy,sequences\tgt_ROANU_2016_6770.npy,ROANU,2016,2016-05-17 16:30:00,train
sequences\seq_ROANU_2016_6771.npy,sequences\tgt_ROANU_2016_6771.npy,ROANU,2016,2016-05-17 17:00:00,train
sequences\seq_ROANU_2016_6772.npy,sequences\tgt_ROANU_2016_6772.npy,ROANU,2016,2016-05-17 19:00:00,train
sequences\seq_ROANU_2016_6773.npy,sequences\tgt_ROANU_2016_6773.npy,ROANU,2016,2016-05-17 19:30:00,train
sequences\seq_ROANU_2016_6774.npy,sequences\tgt_ROANU_2016_6774.npy,ROANU,2016,2016-05-17 20:00:00,train
sequences\seq_ROANU_2016_6775.npy,sequences\tgt_ROANU_2016_6775.npy,ROANU,2016,2016-05-17 20:30:00,train
sequences\seq_ROANU_2016_6776.npy,sequences\tgt_ROANU_2016_6776.npy,ROANU,2016,2016-05-17 21:00:00,train
sequences\seq_ROANU_2016_6777.npy,sequences\tgt_ROANU_2016_6777.npy,ROANU,2016,2016-05-17 21:30:00,train
sequences\seq_ROANU_2016_6778.npy,sequences\tgt_ROANU_2016_6778.npy,ROANU,2016,2016-05-17 22:00:00,train
sequences\seq_ROANU_2016_6779.npy,sequences\tgt_ROANU_2016_6779.npy,ROANU,2016,2016-05-17 22:30:00,train
sequences\seq_ROANU_2016_6780.npy,sequences\tgt_ROANU_2016_6780.npy,ROANU,2016,2016-05-17 23:00:00,train
sequences\seq_ROANU_2016_6781.npy,sequences\tgt_ROANU_2016_6781.npy,ROANU,2016,2016-05-17 23:30:00,train
sequences\seq_ROANU_2016_6782.npy,sequences\tgt_ROANU_2016_6782.npy,ROANU,2016,2016-05-18 00:00:00,train
sequences\seq_ROANU_2016_6783.npy,sequences\tgt_ROANU_2016_6783.npy,ROANU,2016,2016-05-18 00:30:00,train
sequences\seq_ROANU_2016_6784.npy,sequences\tgt_ROANU_2016_6784.npy,ROANU,2016,2016-05-18 01:00:00,train
sequences\seq_ROANU_2016_6785.npy,sequences\tgt_ROANU_2016_6785.npy,ROANU,2016,2016-05-18 01:30:00,train
sequences\seq_ROANU_2016_6786.npy,sequences\tgt_ROANU_2016_6786.npy,ROANU,2016,2016-05-18 02:00:00,train
sequences\seq_ROANU_2016_6787.npy,sequences\tgt_ROANU_2016_6787.npy,ROANU,2016,2016-05-18 02:30:00,train
sequences\seq_ROANU_2016_6788.npy,sequences\tgt_ROANU_2016_6788.npy,ROANU,2016,2016-05-18 03:00:00,train
sequences\seq_ROANU_2016_6789.npy,sequences\tgt_ROANU_2016_6789.npy,ROANU,2016,2016-05-18 03:30:00,train
sequences\seq_ROANU_2016_6790.npy,sequences\tgt_ROANU_2016_6790.npy,ROANU,2016,2016-05-18 04:00:00,train
sequences\seq_ROANU_2016_6791.npy,sequences\tgt_ROANU_2016_6791.npy,ROANU,2016,2016-05-18 04:30:00,train
sequences\seq_ROANU_2016_6792.npy,sequences\tgt_ROANU_2016_6792.npy,ROANU,2016,2016-05-18 05:00:00,train
sequences\seq_ROANU_2016_6793.npy,sequences\tgt_ROANU_2016_6793.npy,ROANU,2016,2016-05-18 06:00:00,train
sequences\seq_ROANU_2016_6794.npy,sequences\tgt_ROANU_2016_6794.npy,ROANU,2016,2016-05-18 06:30:00,train
sequences\seq_ROANU_2016_6795.npy,sequences\tgt_ROANU_2016_6795.npy,ROANU,2016,2016-05-18 07:00:00,train
sequences\seq_ROANU_2016_6796.npy,sequences\tgt_ROANU_2016_6796.npy,ROANU,2016,2016-05-18 07:30:00,train
sequences\seq_ROANU_2016_6797.npy,sequences\tgt_ROANU_2016_6797.npy,ROANU,2016,2016-05-18 08:00:00,train
sequences\seq_ROANU_2016_6798.npy,sequences\tgt_ROANU_2016_6798.npy,ROANU,2016,2016-05-18 08:30:00,train
sequences\seq_ROANU_2016_6799.npy,sequences\tgt_ROANU_2016_6799.npy,ROANU,2016,2016-05-18 09:00:00,train
sequences\seq_ROANU_2016_6800.npy,sequences\tgt_ROANU_2016_6800.npy,ROANU,2016,2016-05-18 09:30:00,train
sequences\seq_ROANU_2016_6801.npy,sequences\tgt_ROANU_2016_6801.npy,ROANU,2016,2016-05-18 10:00:00,train
sequences\seq_ROANU_2016_6802.npy,sequences\tgt_ROANU_2016_6802.npy,ROANU,2016,2016-05-18 10:30:00,train
sequences\seq_ROANU_2016_6803.npy,sequences\tgt_ROANU_2016_6803.npy,ROANU,2016,2016-05-18 11:00:00,train
sequences\seq_ROANU_2016_6804.npy,sequences\tgt_ROANU_2016_6804.npy,ROANU,2016,2016-05-18 11:30:00,train
sequences\seq_ROANU_2016_6805.npy,sequences\tgt_ROANU_2016_6805.npy,ROANU,2016,2016-05-18 12:00:00,train
sequences\seq_ROANU_2016_6806.npy,sequences\tgt_ROANU_2016_6806.npy,ROANU,2016,2016-05-18 12:30:00,train
sequences\seq_ROANU_2016_6807.npy,sequences\tgt_ROANU_2016_6807.npy,ROANU,2016,2016-05-18 13:00:00,train
sequences\seq_ROANU_2016_6808.npy,sequences\tgt_ROANU_2016_6808.npy,ROANU,2016,2016-05-18 13:30:00,train
sequences\seq_ROANU_2016_6809.npy,sequences\tgt_ROANU_2016_6809.npy,ROANU,2016,2016-05-18 14:00:00,train
sequences\seq_ROANU_2016_6810.npy,sequences\tgt_ROANU_2016_6810.npy,ROANU,2016,2016-05-18 14:30:00,train
sequences\seq_ROANU_2016_6811.npy,sequences\tgt_ROANU_2016_6811.npy,ROANU,2016,2016-05-18 15:00:00,train
sequences\seq_ROANU_2016_6812.npy,sequences\tgt_ROANU_2016_6812.npy,ROANU,2016,2016-05-18 15:30:00,train
sequences\seq_ROANU_2016_6813.npy,sequences\tgt_ROANU_2016_6813.npy,ROANU,2016,2016-05-18 16:00:00,train
sequences\seq_ROANU_2016_6814.npy,sequences\tgt_ROANU_2016_6814.npy,ROANU,2016,2016-05-18 16:30:00,train
sequences\seq_ROANU_2016_6815.npy,sequences\tgt_ROANU_2016_6815.npy,ROANU,2016,2016-05-18 17:00:00,train
sequences\seq_ROANU_2016_6816.npy,sequences\tgt_ROANU_2016_6816.npy,ROANU,2016,2016-05-18 19:00:00,train
sequences\seq_ROANU_2016_6817.npy,sequences\tgt_ROANU_2016_6817.npy,ROANU,2016,2016-05-18 19:30:00,train
sequences\seq_ROANU_2016_6818.npy,sequences\tgt_ROANU_2016_6818.npy,ROANU,2016,2016-05-18 20:00:00,train
sequences\seq_ROANU_2016_6819.npy,sequences\tgt_ROANU_2016_6819.npy,ROANU,2016,2016-05-18 20:30:00,train
sequences\seq_ROANU_2016_6820.npy,sequences\tgt_ROANU_2016_6820.npy,ROANU,2016,2016-05-18 21:00:00,train
sequences\seq_ROANU_2016_6821.npy,sequences\tgt_ROANU_2016_6821.npy,ROANU,2016,2016-05-18 21:30:00,train
sequences\seq_ROANU_2016_6822.npy,sequences\tgt_ROANU_2016_6822.npy,ROANU,2016,2016-05-18 22:00:00,train
sequences\seq_ROANU_2016_6823.npy,sequences\tgt_ROANU_2016_6823.npy,ROANU,2016,2016-05-18 22:30:00,train
sequences\seq_ROANU_2016_6824.npy,sequences\tgt_ROANU_2016_6824.npy,ROANU,2016,2016-05-18 23:00:00,train
sequences\seq_ROANU_2016_6825.npy,sequences\tgt_ROANU_2016_6825.npy,ROANU,2016,2016-05-18 23:30:00,train
sequences\seq_ROANU_2016_6826.npy,sequences\tgt_ROANU_2016_6826.npy,ROANU,2016,2016-05-19 00:00:00,train
sequences\seq_ROANU_2016_6827.npy,sequences\tgt_ROANU_2016_6827.npy,ROANU,2016,2016-05-19 00:30:00,train
sequences\seq_ROANU_2016_6828.npy,sequences\tgt_ROANU_2016_6828.npy,ROANU,2016,2016-05-19 01:00:00,train
sequences\seq_ROANU_2016_6829.npy,sequences\tgt_ROANU_2016_6829.npy,ROANU,2016,2016-05-19 01:30:00,train
sequences\seq_ROANU_2016_6830.npy,sequences\tgt_ROANU_2016_6830.npy,ROANU,2016,2016-05-19 02:00:00,train
sequences\seq_ROANU_2016_6831.npy,sequences\tgt_ROANU_2016_6831.npy,ROANU,2016,2016-05-19 02:30:00,train
sequences\seq_ROANU_2016_6832.npy,sequences\tgt_ROANU_2016_6832.npy,ROANU,2016,2016-05-19 03:00:00,train
sequences\seq_ROANU_2016_6833.npy,sequences\tgt_ROANU_2016_6833.npy,ROANU,2016,2016-05-19 03:30:00,train
sequences\seq_ROANU_2016_6834.npy,sequences\tgt_ROANU_2016_6834.npy,ROANU,2016,2016-05-19 04:00:00,train
sequences\seq_ROANU_2016_6835.npy,sequences\tgt_ROANU_2016_6835.npy,ROANU,2016,2016-05-19 04:30:00,train
sequences\seq_ROANU_2016_6836.npy,sequences\tgt_ROANU_2016_6836.npy,ROANU,2016,2016-05-19 05:00:00,train
sequences\seq_ROANU_2016_6837.npy,sequences\tgt_ROANU_2016_6837.npy,ROANU,2016,2016-05-19 05:30:00,train
sequences\seq_ROANU_2016_6838.npy,sequences\tgt_ROANU_2016_6838.npy,ROANU,2016,2016-05-19 06:00:00,train
sequences\seq_ROANU_2016_6839.npy,sequences\tgt_ROANU_2016_6839.npy,ROANU,2016,2016-05-19 06:30:00,train
sequences\seq_ROANU_2016_6840.npy,sequences\tgt_ROANU_2016_6840.npy,ROANU,2016,2016-05-19 07:00:00,train
sequences\seq_ROANU_2016_6841.npy,sequences\tgt_ROANU_2016_6841.npy,ROANU,2016,2016-05-19 07:30:00,train
sequences\seq_ROANU_2016_6842.npy,sequences\tgt_ROANU_2016_6842.npy,ROANU,2016,2016-05-19 08:00:00,train
sequences\seq_ROANU_2016_6843.npy,sequences\tgt_ROANU_2016_6843.npy,ROANU,2016,2016-05-19 08:30:00,train
sequences\seq_ROANU_2016_6844.npy,sequences\tgt_ROANU_2016_6844.npy,ROANU,2016,2016-05-19 09:00:00,train
sequences\seq_ROANU_2016_6845.npy,sequences\tgt_ROANU_2016_6845.npy,ROANU,2016,2016-05-19 09:30:00,train
sequences\seq_ROANU_2016_6846.npy,sequences\tgt_ROANU_2016_6846.npy,ROANU,2016,2016-05-19 10:00:00,train
sequences\seq_ROANU_2016_6847.npy,sequences\tgt_ROANU_2016_6847.npy,ROANU,2016,2016-05-19 10:30:00,train
sequences\seq_ROANU_2016_6848.npy,sequences\tgt_ROANU_2016_6848.npy,ROANU,2016,2016-05-19 11:00:00,train
sequences\seq_ROANU_2016_6849.npy,sequences\tgt_ROANU_2016_6849.npy,ROANU,2016,2016-05-19 11:30:00,train
sequences\seq_ROANU_2016_6850.npy,sequences\tgt_ROANU_2016_6850.npy,ROANU,2016,2016-05-19 12:00:00,train
sequences\seq_ROANU_2016_6851.npy,sequences\tgt_ROANU_2016_6851.npy,ROANU,2016,2016-05-19 12:30:00,train
sequences\seq_ROANU_2016_6852.npy,sequences\tgt_ROANU_2016_6852.npy,ROANU,2016,2016-05-19 13:00:00,train
sequences\seq_ROANU_2016_6853.npy,sequences\tgt_ROANU_2016_6853.npy,ROANU,2016,2016-05-19 13:30:00,train
sequences\seq_ROANU_2016_6854.npy,sequences\tgt_ROANU_2016_6854.npy,ROANU,2016,2016-05-19 14:00:00,train
sequences\seq_ROANU_2016_6855.npy,sequences\tgt_ROANU_2016_6855.npy,ROANU,2016,2016-05-19 14:30:00,train
sequences\seq_ROANU_2016_6856.npy,sequences\tgt_ROANU_2016_6856.npy,ROANU,2016,2016-05-19 15:00:00,train
sequences\seq_ROANU_2016_6857.npy,sequences\tgt_ROANU_2016_6857.npy,ROANU,2016,2016-05-19 15:30:00,train
sequences\seq_ROANU_2016_6858.npy,sequences\tgt_ROANU_2016_6858.npy,ROANU,2016,2016-05-19 16:00:00,train
sequences\seq_ROANU_2016_6859.npy,sequences\tgt_ROANU_2016_6859.npy,ROANU,2016,2016-05-19 16:30:00,train
sequences\seq_ROANU_2016_6860.npy,sequences\tgt_ROANU_2016_6860.npy,ROANU,2016,2016-05-19 17:00:00,train
sequences\seq_ROANU_2016_6861.npy,sequences\tgt_ROANU_2016_6861.npy,ROANU,2016,2016-05-19 17:30:00,train
sequences\seq_ROANU_2016_6862.npy,sequences\tgt_ROANU_2016_6862.npy,ROANU,2016,2016-05-19 18:00:00,train
sequences\seq_ROANU_2016_6863.npy,sequences\tgt_ROANU_2016_6863.npy,ROANU,2016,2016-05-19 18:30:00,train
sequences\seq_ROANU_2016_6864.npy,sequences\tgt_ROANU_2016_6864.npy,ROANU,2016,2016-05-19 19:00:00,train
sequences\seq_ROANU_2016_6865.npy,sequences\tgt_ROANU_2016_6865.npy,ROANU,2016,2016-05-19 19:30:00,train
sequences\seq_ROANU_2016_6866.npy,sequences\tgt_ROANU_2016_6866.npy,ROANU,2016,2016-05-19 20:00:00,train
sequences\seq_ROANU_2016_6867.npy,sequences\tgt_ROANU_2016_6867.npy,ROANU,2016,2016-05-19 20:30:00,train
sequences\seq_ROANU_2016_6868.npy,sequences\tgt_ROANU_2016_6868.npy,ROANU,2016,2016-05-19 21:00:00,train
sequences\seq_ROANU_2016_6869.npy,sequences\tgt_ROANU_2016_6869.npy,ROANU,2016,2016-05-19 21:30:00,train
sequences\seq_ROANU_2016_6870.npy,sequences\tgt_ROANU_2016_6870.npy,ROANU,2016,2016-05-19 22:00:00,train
sequences\seq_ROANU_2016_6871.npy,sequences\tgt_ROANU_2016_6871.npy,ROANU,2016,2016-05-19 22:30:00,train
sequences\seq_ROANU_2016_6872.npy,sequences\tgt_ROANU_2016_6872.npy,ROANU,2016,2016-05-19 23:00:00,train
sequences\seq_ROANU_2016_6873.npy,sequences\tgt_ROANU_2016_6873.npy,ROANU,2016,2016-05-19 23:30:00,train
sequences\seq_ROANU_2016_6874.npy,sequences\tgt_ROANU_2016_6874.npy,ROANU,2016,2016-05-20 00:00:00,train
sequences\seq_ROANU_2016_6875.npy,sequences\tgt_ROANU_2016_6875.npy,ROANU,2016,2016-05-20 00:30:00,train
sequences\seq_ROANU_2016_6876.npy,sequences\tgt_ROANU_2016_6876.npy,ROANU,2016,2016-05-20 01:00:00,train
sequences\seq_ROANU_2016_6877.npy,sequences\tgt_ROANU_2016_6877.npy,ROANU,2016,2016-05-20 01:30:00,train
sequences\seq_ROANU_2016_6878.npy,sequences\tgt_ROANU_2016_6878.npy,ROANU,2016,2016-05-20 02:00:00,train
sequences\seq_ROANU_2016_6879.npy,sequences\tgt_ROANU_2016_6879.npy,ROANU,2016,2016-05-20 02:30:00,train
sequences\seq_ROANU_2016_6880.npy,sequences\tgt_ROANU_2016_6880.npy,ROANU,2016,2016-05-20 03:00:00,train
sequences\seq_ROANU_2016_6881.npy,sequences\tgt_ROANU_2016_6881.npy,ROANU,2016,2016-05-20 03:30:00,train
sequences\seq_ROANU_2016_6882.npy,sequences\tgt_ROANU_2016_6882.npy,ROANU,2016,2016-05-20 04:00:00,train
sequences\seq_ROANU_2016_6883.npy,sequences\tgt_ROANU_2016_6883.npy,ROANU,2016,2016-05-20 04:30:00,train
sequences\seq_ROANU_2016_6884.npy,sequences\tgt_ROANU_2016_6884.npy,ROANU,2016,2016-05-20 05:00:00,train
sequences\seq_ROANU_2016_6885.npy,sequences\tgt_ROANU_2016_6885.npy,ROANU,2016,2016-05-20 06:00:00,train
sequences\seq_ROANU_2016_6886.npy,sequences\tgt_ROANU_2016_6886.npy,ROANU,2016,2016-05-20 06:30:00,train
sequences\seq_ROANU_2016_6887.npy,sequences\tgt_ROANU_2016_6887.npy,ROANU,2016,2016-05-20 07:00:00,train
sequences\seq_ROANU_2016_6888.npy,sequences\tgt_ROANU_2016_6888.npy,ROANU,2016,2016-05-20 07:30:00,train
sequences\seq_ROANU_2016_6889.npy,sequences\tgt_ROANU_2016_6889.npy,ROANU,2016,2016-05-20 08:00:00,train
sequences\seq_ROANU_2016_6890.npy,sequences\tgt_ROANU_2016_6890.npy,ROANU,2016,2016-05-20 08:30:00,train
sequences\seq_ROANU_2016_6891.npy,sequences\tgt_ROANU_2016_6891.npy,ROANU,2016,2016-05-20 09:00:00,train
sequences\seq_ROANU_2016_6892.npy,sequences\tgt_ROANU_2016_6892.npy,ROANU,2016,2016-05-20 09:30:00,train
sequences\seq_ROANU_2016_6893.npy,sequences\tgt_ROANU_2016_6893.npy,ROANU,2016,2016-05-20 10:00:00,train
sequences\seq_ROANU_2016_6894.npy,sequences\tgt_ROANU_2016_6894.npy,ROANU,2016,2016-05-20 10:30:00,train
sequences\seq_ROANU_2016_6895.npy,sequences\tgt_ROANU_2016_6895.npy,ROANU,2016,2016-05-20 11:00:00,train
sequences\seq_ROANU_2016_6896.npy,sequences\tgt_ROANU_2016_6896.npy,ROANU,2016,2016-05-20 11:30:00,train
sequences\seq_ROANU_2016_6897.npy,sequences\tgt_ROANU_2016_6897.npy,ROANU,2016,2016-05-20 12:00:00,train
sequences\seq_ROANU_2016_6898.npy,sequences\tgt_ROANU_2016_6898.npy,ROANU,2016,2016-05-20 12:30:00,train
sequences\seq_ROANU_2016_6899.npy,sequences\tgt_ROANU_2016_6899.npy,ROANU,2016,2016-05-20 13:00:00,train
sequences\seq_ROANU_2016_6900.npy,sequences\tgt_ROANU_2016_6900.npy,ROANU,2016,2016-05-20 13:30:00,train
sequences\seq_ROANU_2016_6901.npy,sequences\tgt_ROANU_2016_6901.npy,ROANU,2016,2016-05-20 14:00:00,train
sequences\seq_ROANU_2016_6902.npy,sequences\tgt_ROANU_2016_6902.npy,ROANU,2016,2016-05-20 14:30:00,train
sequences\seq_ROANU_2016_6903.npy,sequences\tgt_ROANU_2016_6903.npy,ROANU,2016,2016-05-20 15:00:00,train
sequences\seq_ROANU_2016_6904.npy,sequences\tgt_ROANU_2016_6904.npy,ROANU,2016,2016-05-20 15:30:00,train
sequences\seq_ROANU_2016_6905.npy,sequences\tgt_ROANU_2016_6905.npy,ROANU,2016,2016-05-20 16:00:00,train
sequences\seq_ROANU_2016_6906.npy,sequences\tgt_ROANU_2016_6906.npy,ROANU,2016,2016-05-20 16:30:00,train
sequences\seq_ROANU_2016_6907.npy,sequences\tgt_ROANU_2016_6907.npy,ROANU,2016,2016-05-20 17:00:00,train
sequences\seq_ROANU_2016_6908.npy,sequences\tgt_ROANU_2016_6908.npy,ROANU,2016,2016-05-20 17:30:00,train
sequences\seq_ROANU_2016_6909.npy,sequences\tgt_ROANU_2016_6909.npy,ROANU,2016,2016-05-20 18:00:00,train
sequences\seq_ROANU_2016_6910.npy,sequences\tgt_ROANU_2016_6910.npy,ROANU,2016,2016-05-20 18:30:00,train
sequences\seq_ROANU_2016_6911.npy,sequences\tgt_ROANU_2016_6911.npy,ROANU,2016,2016-05-20 19:00:00,train
sequences\seq_ROANU_2016_6912.npy,sequences\tgt_ROANU_2016_6912.npy,ROANU,2016,2016-05-20 19:30:00,train
sequences\seq_ROANU_2016_6913.npy,sequences\tgt_ROANU_2016_6913.npy,ROANU,2016,2016-05-20 20:00:00,train
sequences\seq_ROANU_2016_6914.npy,sequences\tgt_ROANU_2016_6914.npy,ROANU,2016,2016-05-20 20:30:00,train
sequences\seq_ROANU_2016_6915.npy,sequences\tgt_ROANU_2016_6915.npy,ROANU,2016,2016-05-20 21:00:00,train
sequences\seq_ROANU_2016_6916.npy,sequences\tgt_ROANU_2016_6916.npy,ROANU,2016,2016-05-20 21:30:00,train
sequences\seq_ROANU_2016_6917.npy,sequences\tgt_ROANU_2016_6917.npy,ROANU,2016,2016-05-20 22:00:00,train
sequences\seq_ROANU_2016_6918.npy,sequences\tgt_ROANU_2016_6918.npy,ROANU,2016,2016-05-20 22:30:00,train
sequences\seq_ROANU_2016_6919.npy,sequences\tgt_ROANU_2016_6919.npy,ROANU,2016,2016-05-20 23:00:00,train
sequences\seq_ROANU_2016_6920.npy,sequences\tgt_ROANU_2016_6920.npy,ROANU,2016,2016-05-20 23:30:00,train
sequences\seq_ROANU_2016_6921.npy,sequences\tgt_ROANU_2016_6921.npy,ROANU,2016,2016-05-21 00:00:00,train
sequences\seq_ROANU_2016_6922.npy,sequences\tgt_ROANU_2016_6922.npy,ROANU,2016,2016-05-21 00:30:00,train
sequences\seq_ROANU_2016_6923.npy,sequences\tgt_ROANU_2016_6923.npy,ROANU,2016,2016-05-21 01:00:00,train
sequences\seq_ROANU_2016_6924.npy,sequences\tgt_ROANU_2016_6924.npy,ROANU,2016,2016-05-21 01:30:00,train
sequences\seq_ROANU_2016_6925.npy,sequences\tgt_ROANU_2016_6925.npy,ROANU,2016,2016-05-21 02:00:00,train
sequences\seq_ROANU_2016_6926.npy,sequences\tgt_ROANU_2016_6926.npy,ROANU,2016,2016-05-21 02:30:00,train
sequences\seq_ROANU_2016_6927.npy,sequences\tgt_ROANU_2016_6927.npy,ROANU,2016,2016-05-21 03:00:00,train
sequences\seq_ROANU_2016_6928.npy,sequences\tgt_ROANU_2016_6928.npy,ROANU,2016,2016-05-21 03:30:00,train
sequences\seq_ROANU_2016_6929.npy,sequences\tgt_ROANU_2016_6929.npy,ROANU,2016,2016-05-21 04:00:00,train
sequences\seq_ROANU_2016_6930.npy,sequences\tgt_ROANU_2016_6930.npy,ROANU,2016,2016-05-21 04:30:00,train
sequences\seq_ROANU_2016_6931.npy,sequences\tgt_ROANU_2016_6931.npy,ROANU,2016,2016-05-21 05:00:00,train
sequences\seq_ROANU_2016_6932.npy,sequences\tgt_ROANU_2016_6932.npy,ROANU,2016,2016-05-21 05:30:00,train
sequences\seq_ROANU_2016_6933.npy,sequences\tgt_ROANU_2016_6933.npy,ROANU,2016,2016-05-21 06:00:00,train
sequences\seq_ROANU_2016_6934.npy,sequences\tgt_ROANU_2016_6934.npy,ROANU,2016,2016-05-21 06:30:00,train
sequences\seq_ROANU_2016_6935.npy,sequences\tgt_ROANU_2016_6935.npy,ROANU,2016,2016-05-21 07:00:00,train
sequences\seq_ROANU_2016_6936.npy,sequences\tgt_ROANU_2016_6936.npy,ROANU,2016,2016-05-21 07:30:00,train
sequences\seq_ROANU_2016_6937.npy,sequences\tgt_ROANU_2016_6937.npy,ROANU,2016,2016-05-21 08:00:00,train
sequences\seq_ROANU_2016_6938.npy,sequences\tgt_ROANU_2016_6938.npy,ROANU,2016,2016-05-21 08:30:00,train
sequences\seq_ROANU_2016_6939.npy,sequences\tgt_ROANU_2016_6939.npy,ROANU,2016,2016-05-21 09:00:00,train
sequences\seq_ROANU_2016_6940.npy,sequences\tgt_ROANU_2016_6940.npy,ROANU,2016,2016-05-21 09:30:00,train
sequences\seq_ROANU_2016_6941.npy,sequences\tgt_ROANU_2016_6941.npy,ROANU,2016,2016-05-21 10:00:00,train
sequences\seq_SAGAR_2018_6942.npy,sequences\tgt_SAGAR_2018_6942.npy,SAGAR,2018,2018-05-16 17:45:00,train
sequences\seq_SAGAR_2018_6943.npy,sequences\tgt_SAGAR_2018_6943.npy,SAGAR,2018,2018-05-16 18:15:00,train
sequences\seq_SAGAR_2018_6944.npy,sequences\tgt_SAGAR_2018_6944.npy,SAGAR,2018,2018-05-16 19:00:00,train
sequences\seq_SAGAR_2018_6945.npy,sequences\tgt_SAGAR_2018_6945.npy,SAGAR,2018,2018-05-16 19:30:00,train
sequences\seq_SAGAR_2018_6946.npy,sequences\tgt_SAGAR_2018_6946.npy,SAGAR,2018,2018-05-16 20:00:00,train
sequences\seq_SAGAR_2018_6947.npy,sequences\tgt_SAGAR_2018_6947.npy,SAGAR,2018,2018-05-16 20:30:00,train
sequences\seq_SAGAR_2018_6948.npy,sequences\tgt_SAGAR_2018_6948.npy,SAGAR,2018,2018-05-16 21:00:00,train
sequences\seq_SAGAR_2018_6949.npy,sequences\tgt_SAGAR_2018_6949.npy,SAGAR,2018,2018-05-16 21:15:00,train
sequences\seq_SAGAR_2018_6950.npy,sequences\tgt_SAGAR_2018_6950.npy,SAGAR,2018,2018-05-16 21:30:00,train
sequences\seq_SAGAR_2018_6951.npy,sequences\tgt_SAGAR_2018_6951.npy,SAGAR,2018,2018-05-16 21:45:00,train
sequences\seq_SAGAR_2018_6952.npy,sequences\tgt_SAGAR_2018_6952.npy,SAGAR,2018,2018-05-16 22:00:00,train
sequences\seq_SAGAR_2018_6953.npy,sequences\tgt_SAGAR_2018_6953.npy,SAGAR,2018,2018-05-16 22:15:00,train
sequences\seq_SAGAR_2018_6954.npy,sequences\tgt_SAGAR_2018_6954.npy,SAGAR,2018,2018-05-16 22:30:00,train
sequences\seq_SAGAR_2018_6955.npy,sequences\tgt_SAGAR_2018_6955.npy,SAGAR,2018,2018-05-16 22:45:00,train
sequences\seq_SAGAR_2018_6956.npy,sequences\tgt_SAGAR_2018_6956.npy,SAGAR,2018,2018-05-16 23:00:00,train
sequences\seq_SAGAR_2018_6957.npy,sequences\tgt_SAGAR_2018_6957.npy,SAGAR,2018,2018-05-16 23:15:00,train
sequences\seq_SAGAR_2018_6958.npy,sequences\tgt_SAGAR_2018_6958.npy,SAGAR,2018,2018-05-16 23:30:00,train
sequences\seq_SAGAR_2018_6959.npy,sequences\tgt_SAGAR_2018_6959.npy,SAGAR,2018,2018-05-16 23:45:00,train
sequences\seq_SAGAR_2018_6960.npy,sequences\tgt_SAGAR_2018_6960.npy,SAGAR,2018,2018-05-17 00:00:00,train
sequences\seq_SAGAR_2018_6961.npy,sequences\tgt_SAGAR_2018_6961.npy,SAGAR,2018,2018-05-17 00:15:00,train
sequences\seq_SAGAR_2018_6962.npy,sequences\tgt_SAGAR_2018_6962.npy,SAGAR,2018,2018-05-17 00:30:00,train
sequences\seq_SAGAR_2018_6963.npy,sequences\tgt_SAGAR_2018_6963.npy,SAGAR,2018,2018-05-17 00:45:00,train
sequences\seq_SAGAR_2018_6964.npy,sequences\tgt_SAGAR_2018_6964.npy,SAGAR,2018,2018-05-17 01:00:00,train
sequences\seq_SAGAR_2018_6965.npy,sequences\tgt_SAGAR_2018_6965.npy,SAGAR,2018,2018-05-17 01:15:00,train
sequences\seq_SAGAR_2018_6966.npy,sequences\tgt_SAGAR_2018_6966.npy,SAGAR,2018,2018-05-17 01:30:00,train
sequences\seq_SAGAR_2018_6967.npy,sequences\tgt_SAGAR_2018_6967.npy,SAGAR,2018,2018-05-17 01:45:00,train
sequences\seq_SAGAR_2018_6968.npy,sequences\tgt_SAGAR_2018_6968.npy,SAGAR,2018,2018-05-17 02:00:00,train
sequences\seq_SAGAR_2018_6969.npy,sequences\tgt_SAGAR_2018_6969.npy,SAGAR,2018,2018-05-17 02:15:00,train
sequences\seq_SAGAR_2018_6970.npy,sequences\tgt_SAGAR_2018_6970.npy,SAGAR,2018,2018-05-17 02:30:00,train
sequences\seq_SAGAR_2018_6971.npy,sequences\tgt_SAGAR_2018_6971.npy,SAGAR,2018,2018-05-17 02:45:00,train
sequences\seq_SAGAR_2018_6972.npy,sequences\tgt_SAGAR_2018_6972.npy,SAGAR,2018,2018-05-17 03:00:00,train
sequences\seq_SAGAR_2018_6973.npy,sequences\tgt_SAGAR_2018_6973.npy,SAGAR,2018,2018-05-17 03:15:00,train
sequences\seq_SAGAR_2018_6974.npy,sequences\tgt_SAGAR_2018_6974.npy,SAGAR,2018,2018-05-17 03:30:00,train
sequences\seq_SAGAR_2018_6975.npy,sequences\tgt_SAGAR_2018_6975.npy,SAGAR,2018,2018-05-17 03:45:00,train
sequences\seq_SAGAR_2018_6976.npy,sequences\tgt_SAGAR_2018_6976.npy,SAGAR,2018,2018-05-17 04:00:00,train
sequences\seq_SAGAR_2018_6977.npy,sequences\tgt_SAGAR_2018_6977.npy,SAGAR,2018,2018-05-17 04:15:00,train
sequences\seq_SAGAR_2018_6978.npy,sequences\tgt_SAGAR_2018_6978.npy,SAGAR,2018,2018-05-17 04:30:00,train
sequences\seq_SAGAR_2018_6979.npy,sequences\tgt_SAGAR_2018_6979.npy,SAGAR,2018,2018-05-17 04:45:00,train
sequences\seq_SAGAR_2018_6980.npy,sequences\tgt_SAGAR_2018_6980.npy,SAGAR,2018,2018-05-17 05:00:00,train
sequences\seq_SAGAR_2018_6981.npy,sequences\tgt_SAGAR_2018_6981.npy,SAGAR,2018,2018-05-17 05:15:00,train
sequences\seq_SAGAR_2018_6982.npy,sequences\tgt_SAGAR_2018_6982.npy,SAGAR,2018,2018-05-17 05:30:00,train
sequences\seq_SAGAR_2018_6983.npy,sequences\tgt_SAGAR_2018_6983.npy,SAGAR,2018,2018-05-17 05:45:00,train
sequences\seq_SAGAR_2018_6984.npy,sequences\tgt_SAGAR_2018_6984.npy,SAGAR,2018,2018-05-17 06:00:00,train
sequences\seq_SAGAR_2018_6985.npy,sequences\tgt_SAGAR_2018_6985.npy,SAGAR,2018,2018-05-17 06:15:00,train
sequences\seq_SAGAR_2018_6986.npy,sequences\tgt_SAGAR_2018_6986.npy,SAGAR,2018,2018-05-17 06:30:00,train
sequences\seq_SAGAR_2018_6987.npy,sequences\tgt_SAGAR_2018_6987.npy,SAGAR,2018,2018-05-17 06:45:00,train
sequences\seq_SAGAR_2018_6988.npy,sequences\tgt_SAGAR_2018_6988.npy,SAGAR,2018,2018-05-17 07:00:00,train
sequences\seq_SAGAR_2018_6989.npy,sequences\tgt_SAGAR_2018_6989.npy,SAGAR,2018,2018-05-17 07:15:00,train
sequences\seq_SAGAR_2018_6990.npy,sequences\tgt_SAGAR_2018_6990.npy,SAGAR,2018,2018-05-17 07:30:00,train
sequences\seq_SAGAR_2018_6991.npy,sequences\tgt_SAGAR_2018_6991.npy,SAGAR,2018,2018-05-17 07:45:00,train
sequences\seq_SAGAR_2018_6992.npy,sequences\tgt_SAGAR_2018_6992.npy,SAGAR,2018,2018-05-17 08:00:00,train
sequences\seq_SAGAR_2018_6993.npy,sequences\tgt_SAGAR_2018_6993.npy,SAGAR,2018,2018-05-17 08:15:00,train
sequences\seq_SAGAR_2018_6994.npy,sequences\tgt_SAGAR_2018_6994.npy,SAGAR,2018,2018-05-17 08:30:00,train
sequences\seq_SAGAR_2018_6995.npy,sequences\tgt_SAGAR_2018_6995.npy,SAGAR,2018,2018-05-17 08:45:00,train
sequences\seq_SAGAR_2018_6996.npy,sequences\tgt_SAGAR_2018_6996.npy,SAGAR,2018,2018-05-17 09:00:00,train
sequences\seq_SAGAR_2018_6997.npy,sequences\tgt_SAGAR_2018_6997.npy,SAGAR,2018,2018-05-17 09:15:00,train
sequences\seq_SAGAR_2018_6998.npy,sequences\tgt_SAGAR_2018_6998.npy,SAGAR,2018,2018-05-17 09:30:00,train
sequences\seq_SAGAR_2018_6999.npy,sequences\tgt_SAGAR_2018_6999.npy,SAGAR,2018,2018-05-17 09:45:00,train
sequences\seq_SAGAR_2018_7000.npy,sequences\tgt_SAGAR_2018_7000.npy,SAGAR,2018,2018-05-17 10:00:00,train
sequences\seq_SAGAR_2018_7001.npy,sequences\tgt_SAGAR_2018_7001.npy,SAGAR,2018,2018-05-17 10:15:00,train
sequences\seq_SAGAR_2018_7002.npy,sequences\tgt_SAGAR_2018_7002.npy,SAGAR,2018,2018-05-17 10:30:00,train
sequences\seq_SAGAR_2018_7003.npy,sequences\tgt_SAGAR_2018_7003.npy,SAGAR,2018,2018-05-17 10:45:00,train
sequences\seq_SAGAR_2018_7004.npy,sequences\tgt_SAGAR_2018_7004.npy,SAGAR,2018,2018-05-17 11:00:00,train
sequences\seq_SAGAR_2018_7005.npy,sequences\tgt_SAGAR_2018_7005.npy,SAGAR,2018,2018-05-17 11:15:00,train
sequences\seq_SAGAR_2018_7006.npy,sequences\tgt_SAGAR_2018_7006.npy,SAGAR,2018,2018-05-17 11:45:00,train
sequences\seq_SAGAR_2018_7007.npy,sequences\tgt_SAGAR_2018_7007.npy,SAGAR,2018,2018-05-17 12:00:00,train
sequences\seq_SAGAR_2018_7008.npy,sequences\tgt_SAGAR_2018_7008.npy,SAGAR,2018,2018-05-17 12:15:00,train
sequences\seq_SAGAR_2018_7009.npy,sequences\tgt_SAGAR_2018_7009.npy,SAGAR,2018,2018-05-17 12:30:00,train
sequences\seq_SAGAR_2018_7010.npy,sequences\tgt_SAGAR_2018_7010.npy,SAGAR,2018,2018-05-17 12:45:00,train
sequences\seq_SAGAR_2018_7011.npy,sequences\tgt_SAGAR_2018_7011.npy,SAGAR,2018,2018-05-17 13:00:00,train
sequences\seq_SAGAR_2018_7012.npy,sequences\tgt_SAGAR_2018_7012.npy,SAGAR,2018,2018-05-17 13:15:00,train
sequences\seq_SAGAR_2018_7013.npy,sequences\tgt_SAGAR_2018_7013.npy,SAGAR,2018,2018-05-17 13:30:00,train
sequences\seq_SAGAR_2018_7014.npy,sequences\tgt_SAGAR_2018_7014.npy,SAGAR,2018,2018-05-17 13:45:00,train
sequences\seq_SAGAR_2018_7015.npy,sequences\tgt_SAGAR_2018_7015.npy,SAGAR,2018,2018-05-17 14:00:00,train
sequences\seq_SAGAR_2018_7016.npy,sequences\tgt_SAGAR_2018_7016.npy,SAGAR,2018,2018-05-17 14:15:00,train
sequences\seq_SAGAR_2018_7017.npy,sequences\tgt_SAGAR_2018_7017.npy,SAGAR,2018,2018-05-17 14:30:00,train
sequences\seq_SAGAR_2018_7018.npy,sequences\tgt_SAGAR_2018_7018.npy,SAGAR,2018,2018-05-17 14:45:00,train
sequences\seq_SAGAR_2018_7019.npy,sequences\tgt_SAGAR_2018_7019.npy,SAGAR,2018,2018-05-17 15:00:00,train
sequences\seq_SAGAR_2018_7020.npy,sequences\tgt_SAGAR_2018_7020.npy,SAGAR,2018,2018-05-17 15:15:00,train
sequences\seq_SAGAR_2018_7021.npy,sequences\tgt_SAGAR_2018_7021.npy,SAGAR,2018,2018-05-17 15:30:00,train
sequences\seq_SAGAR_2018_7022.npy,sequences\tgt_SAGAR_2018_7022.npy,SAGAR,2018,2018-05-17 15:45:00,train
sequences\seq_SAGAR_2018_7023.npy,sequences\tgt_SAGAR_2018_7023.npy,SAGAR,2018,2018-05-17 16:00:00,train
sequences\seq_SAGAR_2018_7024.npy,sequences\tgt_SAGAR_2018_7024.npy,SAGAR,2018,2018-05-17 16:15:00,train
sequences\seq_SAGAR_2018_7025.npy,sequences\tgt_SAGAR_2018_7025.npy,SAGAR,2018,2018-05-17 16:30:00,train
sequences\seq_SAGAR_2018_7026.npy,sequences\tgt_SAGAR_2018_7026.npy,SAGAR,2018,2018-05-17 16:45:00,train
sequences\seq_SAGAR_2018_7027.npy,sequences\tgt_SAGAR_2018_7027.npy,SAGAR,2018,2018-05-17 17:00:00,train
sequences\seq_SAGAR_2018_7028.npy,sequences\tgt_SAGAR_2018_7028.npy,SAGAR,2018,2018-05-17 17:15:00,train
sequences\seq_SAGAR_2018_7029.npy,sequences\tgt_SAGAR_2018_7029.npy,SAGAR,2018,2018-05-17 17:45:00,train
sequences\seq_SAGAR_2018_7030.npy,sequences\tgt_SAGAR_2018_7030.npy,SAGAR,2018,2018-05-17 18:15:00,train
sequences\seq_SAGAR_2018_7031.npy,sequences\tgt_SAGAR_2018_7031.npy,SAGAR,2018,2018-05-17 19:00:00,train
sequences\seq_SAGAR_2018_7032.npy,sequences\tgt_SAGAR_2018_7032.npy,SAGAR,2018,2018-05-17 19:30:00,train
sequences\seq_SAGAR_2018_7033.npy,sequences\tgt_SAGAR_2018_7033.npy,SAGAR,2018,2018-05-17 19:45:00,train
sequences\seq_SAGAR_2018_7034.npy,sequences\tgt_SAGAR_2018_7034.npy,SAGAR,2018,2018-05-17 20:00:00,train
sequences\seq_SAGAR_2018_7035.npy,sequences\tgt_SAGAR_2018_7035.npy,SAGAR,2018,2018-05-17 20:15:00,train
sequences\seq_SAGAR_2018_7036.npy,sequences\tgt_SAGAR_2018_7036.npy,SAGAR,2018,2018-05-17 20:30:00,train
sequences\seq_SAGAR_2018_7037.npy,sequences\tgt_SAGAR_2018_7037.npy,SAGAR,2018,2018-05-17 20:45:00,train
sequences\seq_SAGAR_2018_7038.npy,sequences\tgt_SAGAR_2018_7038.npy,SAGAR,2018,2018-05-17 21:15:00,train
sequences\seq_SAGAR_2018_7039.npy,sequences\tgt_SAGAR_2018_7039.npy,SAGAR,2018,2018-05-17 21:30:00,train
sequences\seq_SAGAR_2018_7040.npy,sequences\tgt_SAGAR_2018_7040.npy,SAGAR,2018,2018-05-17 21:45:00,train
sequences\seq_SAGAR_2018_7041.npy,sequences\tgt_SAGAR_2018_7041.npy,SAGAR,2018,2018-05-17 22:00:00,train
sequences\seq_SAGAR_2018_7042.npy,sequences\tgt_SAGAR_2018_7042.npy,SAGAR,2018,2018-05-17 22:15:00,train
sequences\seq_SAGAR_2018_7043.npy,sequences\tgt_SAGAR_2018_7043.npy,SAGAR,2018,2018-05-17 22:30:00,train
sequences\seq_SAGAR_2018_7044.npy,sequences\tgt_SAGAR_2018_7044.npy,SAGAR,2018,2018-05-17 22:45:00,train
sequences\seq_SAGAR_2018_7045.npy,sequences\tgt_SAGAR_2018_7045.npy,SAGAR,2018,2018-05-17 23:00:00,train
sequences\seq_SAGAR_2018_7046.npy,sequences\tgt_SAGAR_2018_7046.npy,SAGAR,2018,2018-05-17 23:15:00,train
sequences\seq_SAGAR_2018_7047.npy,sequences\tgt_SAGAR_2018_7047.npy,SAGAR,2018,2018-05-17 23:45:00,train
sequences\seq_SAGAR_2018_7048.npy,sequences\tgt_SAGAR_2018_7048.npy,SAGAR,2018,2018-05-18 00:00:00,train
sequences\seq_SAGAR_2018_7049.npy,sequences\tgt_SAGAR_2018_7049.npy,SAGAR,2018,2018-05-18 00:15:00,train
sequences\seq_SAGAR_2018_7050.npy,sequences\tgt_SAGAR_2018_7050.npy,SAGAR,2018,2018-05-18 00:30:00,train
sequences\seq_SAGAR_2018_7051.npy,sequences\tgt_SAGAR_2018_7051.npy,SAGAR,2018,2018-05-18 00:45:00,train
sequences\seq_SAGAR_2018_7052.npy,sequences\tgt_SAGAR_2018_7052.npy,SAGAR,2018,2018-05-18 01:00:00,train
sequences\seq_SAGAR_2018_7053.npy,sequences\tgt_SAGAR_2018_7053.npy,SAGAR,2018,2018-05-18 01:15:00,train
sequences\seq_SAGAR_2018_7054.npy,sequences\tgt_SAGAR_2018_7054.npy,SAGAR,2018,2018-05-18 01:30:00,train
sequences\seq_SAGAR_2018_7055.npy,sequences\tgt_SAGAR_2018_7055.npy,SAGAR,2018,2018-05-18 01:45:00,train
sequences\seq_SAGAR_2018_7056.npy,sequences\tgt_SAGAR_2018_7056.npy,SAGAR,2018,2018-05-18 02:00:00,train
sequences\seq_SAGAR_2018_7057.npy,sequences\tgt_SAGAR_2018_7057.npy,SAGAR,2018,2018-05-18 02:15:00,train
sequences\seq_SAGAR_2018_7058.npy,sequences\tgt_SAGAR_2018_7058.npy,SAGAR,2018,2018-05-18 02:30:00,train
sequences\seq_SAGAR_2018_7059.npy,sequences\tgt_SAGAR_2018_7059.npy,SAGAR,2018,2018-05-18 02:45:00,train
sequences\seq_SAGAR_2018_7060.npy,sequences\tgt_SAGAR_2018_7060.npy,SAGAR,2018,2018-05-18 03:00:00,train
sequences\seq_SAGAR_2018_7061.npy,sequences\tgt_SAGAR_2018_7061.npy,SAGAR,2018,2018-05-18 03:15:00,train
sequences\seq_SAGAR_2018_7062.npy,sequences\tgt_SAGAR_2018_7062.npy,SAGAR,2018,2018-05-18 03:30:00,train
sequences\seq_SAGAR_2018_7063.npy,sequences\tgt_SAGAR_2018_7063.npy,SAGAR,2018,2018-05-18 03:45:00,train
sequences\seq_SAGAR_2018_7064.npy,sequences\tgt_SAGAR_2018_7064.npy,SAGAR,2018,2018-05-18 04:00:00,train
sequences\seq_SAGAR_2018_7065.npy,sequences\tgt_SAGAR_2018_7065.npy,SAGAR,2018,2018-05-18 04:15:00,train
sequences\seq_SAGAR_2018_7066.npy,sequences\tgt_SAGAR_2018_7066.npy,SAGAR,2018,2018-05-18 04:30:00,train
sequences\seq_SAGAR_2018_7067.npy,sequences\tgt_SAGAR_2018_7067.npy,SAGAR,2018,2018-05-18 04:45:00,train
sequences\seq_SAGAR_2018_7068.npy,sequences\tgt_SAGAR_2018_7068.npy,SAGAR,2018,2018-05-18 05:00:00,train
sequences\seq_SAGAR_2018_7069.npy,sequences\tgt_SAGAR_2018_7069.npy,SAGAR,2018,2018-05-18 05:15:00,train
sequences\seq_SAGAR_2018_7070.npy,sequences\tgt_SAGAR_2018_7070.npy,SAGAR,2018,2018-05-18 05:45:00,train
sequences\seq_SAGAR_2018_7071.npy,sequences\tgt_SAGAR_2018_7071.npy,SAGAR,2018,2018-05-18 06:00:00,train
sequences\seq_SAGAR_2018_7072.npy,sequences\tgt_SAGAR_2018_7072.npy,SAGAR,2018,2018-05-18 06:15:00,train
sequences\seq_SAGAR_2018_7073.npy,sequences\tgt_SAGAR_2018_7073.npy,SAGAR,2018,2018-05-18 06:30:00,train
sequences\seq_SAGAR_2018_7074.npy,sequences\tgt_SAGAR_2018_7074.npy,SAGAR,2018,2018-05-18 06:45:00,train
sequences\seq_SAGAR_2018_7075.npy,sequences\tgt_SAGAR_2018_7075.npy,SAGAR,2018,2018-05-18 07:00:00,train
sequences\seq_SAGAR_2018_7076.npy,sequences\tgt_SAGAR_2018_7076.npy,SAGAR,2018,2018-05-18 07:15:00,train
sequences\seq_SAGAR_2018_7077.npy,sequences\tgt_SAGAR_2018_7077.npy,SAGAR,2018,2018-05-18 07:30:00,train
sequences\seq_SAGAR_2018_7078.npy,sequences\tgt_SAGAR_2018_7078.npy,SAGAR,2018,2018-05-18 07:45:00,train
sequences\seq_SAGAR_2018_7079.npy,sequences\tgt_SAGAR_2018_7079.npy,SAGAR,2018,2018-05-18 08:00:00,train
sequences\seq_SAGAR_2018_7080.npy,sequences\tgt_SAGAR_2018_7080.npy,SAGAR,2018,2018-05-18 08:15:00,train
sequences\seq_SAGAR_2018_7081.npy,sequences\tgt_SAGAR_2018_7081.npy,SAGAR,2018,2018-05-18 08:30:00,train
sequences\seq_SAGAR_2018_7082.npy,sequences\tgt_SAGAR_2018_7082.npy,SAGAR,2018,2018-05-18 08:45:00,train
sequences\seq_SAGAR_2018_7083.npy,sequences\tgt_SAGAR_2018_7083.npy,SAGAR,2018,2018-05-18 09:15:00,train
sequences\seq_SAGAR_2018_7084.npy,sequences\tgt_SAGAR_2018_7084.npy,SAGAR,2018,2018-05-18 10:00:00,train
sequences\seq_SAGAR_2018_7085.npy,sequences\tgt_SAGAR_2018_7085.npy,SAGAR,2018,2018-05-18 10:15:00,train
sequences\seq_SAGAR_2018_7086.npy,sequences\tgt_SAGAR_2018_7086.npy,SAGAR,2018,2018-05-18 10:45:00,train
sequences\seq_SAGAR_2018_7087.npy,sequences\tgt_SAGAR_2018_7087.npy,SAGAR,2018,2018-05-18 11:15:00,train
sequences\seq_SAGAR_2018_7088.npy,sequences\tgt_SAGAR_2018_7088.npy,SAGAR,2018,2018-05-18 11:30:00,train
sequences\seq_SAGAR_2018_7089.npy,sequences\tgt_SAGAR_2018_7089.npy,SAGAR,2018,2018-05-18 11:45:00,train
sequences\seq_SAGAR_2018_7090.npy,sequences\tgt_SAGAR_2018_7090.npy,SAGAR,2018,2018-05-18 12:00:00,train
sequences\seq_SAGAR_2018_7091.npy,sequences\tgt_SAGAR_2018_7091.npy,SAGAR,2018,2018-05-18 12:15:00,train
sequences\seq_SAGAR_2018_7092.npy,sequences\tgt_SAGAR_2018_7092.npy,SAGAR,2018,2018-05-18 12:30:00,train
sequences\seq_SAGAR_2018_7093.npy,sequences\tgt_SAGAR_2018_7093.npy,SAGAR,2018,2018-05-18 12:45:00,train
sequences\seq_SAGAR_2018_7094.npy,sequences\tgt_SAGAR_2018_7094.npy,SAGAR,2018,2018-05-18 13:00:00,train
sequences\seq_SAGAR_2018_7095.npy,sequences\tgt_SAGAR_2018_7095.npy,SAGAR,2018,2018-05-18 13:15:00,train
sequences\seq_SAGAR_2018_7096.npy,sequences\tgt_SAGAR_2018_7096.npy,SAGAR,2018,2018-05-18 13:30:00,train
sequences\seq_SAGAR_2018_7097.npy,sequences\tgt_SAGAR_2018_7097.npy,SAGAR,2018,2018-05-18 13:45:00,train
sequences\seq_SAGAR_2018_7098.npy,sequences\tgt_SAGAR_2018_7098.npy,SAGAR,2018,2018-05-18 14:00:00,train
sequences\seq_SAGAR_2018_7099.npy,sequences\tgt_SAGAR_2018_7099.npy,SAGAR,2018,2018-05-18 14:15:00,train
sequences\seq_SAGAR_2018_7100.npy,sequences\tgt_SAGAR_2018_7100.npy,SAGAR,2018,2018-05-18 14:30:00,train
sequences\seq_SAGAR_2018_7101.npy,sequences\tgt_SAGAR_2018_7101.npy,SAGAR,2018,2018-05-18 14:45:00,train
sequences\seq_SAGAR_2018_7102.npy,sequences\tgt_SAGAR_2018_7102.npy,SAGAR,2018,2018-05-18 15:00:00,train
sequences\seq_SAGAR_2018_7103.npy,sequences\tgt_SAGAR_2018_7103.npy,SAGAR,2018,2018-05-18 15:15:00,train
sequences\seq_SAGAR_2018_7104.npy,sequences\tgt_SAGAR_2018_7104.npy,SAGAR,2018,2018-05-18 15:30:00,train
sequences\seq_SAGAR_2018_7105.npy,sequences\tgt_SAGAR_2018_7105.npy,SAGAR,2018,2018-05-18 15:45:00,train
sequences\seq_SAGAR_2018_7106.npy,sequences\tgt_SAGAR_2018_7106.npy,SAGAR,2018,2018-05-18 16:00:00,train
sequences\seq_SAGAR_2018_7107.npy,sequences\tgt_SAGAR_2018_7107.npy,SAGAR,2018,2018-05-18 16:15:00,train
sequences\seq_SAGAR_2018_7108.npy,sequences\tgt_SAGAR_2018_7108.npy,SAGAR,2018,2018-05-18 16:30:00,train
sequences\seq_SAGAR_2018_7109.npy,sequences\tgt_SAGAR_2018_7109.npy,SAGAR,2018,2018-05-18 16:45:00,train
sequences\seq_SAGAR_2018_7110.npy,sequences\tgt_SAGAR_2018_7110.npy,SAGAR,2018,2018-05-18 17:00:00,train
sequences\seq_SAGAR_2018_7111.npy,sequences\tgt_SAGAR_2018_7111.npy,SAGAR,2018,2018-05-18 17:15:00,train
sequences\seq_SAGAR_2018_7112.npy,sequences\tgt_SAGAR_2018_7112.npy,SAGAR,2018,2018-05-18 17:30:00,train
sequences\seq_SAGAR_2018_7113.npy,sequences\tgt_SAGAR_2018_7113.npy,SAGAR,2018,2018-05-18 17:45:00,train
sequences\seq_SAGAR_2018_7114.npy,sequences\tgt_SAGAR_2018_7114.npy,SAGAR,2018,2018-05-18 18:00:00,train
sequences\seq_SAGAR_2018_7115.npy,sequences\tgt_SAGAR_2018_7115.npy,SAGAR,2018,2018-05-18 18:15:00,train
sequences\seq_SAGAR_2018_7116.npy,sequences\tgt_SAGAR_2018_7116.npy,SAGAR,2018,2018-05-18 18:30:00,train
sequences\seq_SAGAR_2018_7117.npy,sequences\tgt_SAGAR_2018_7117.npy,SAGAR,2018,2018-05-18 19:00:00,train
sequences\seq_SAGAR_2018_7118.npy,sequences\tgt_SAGAR_2018_7118.npy,SAGAR,2018,2018-05-18 19:30:00,train
sequences\seq_SAGAR_2018_7119.npy,sequences\tgt_SAGAR_2018_7119.npy,SAGAR,2018,2018-05-18 19:45:00,train
sequences\seq_SAGAR_2018_7120.npy,sequences\tgt_SAGAR_2018_7120.npy,SAGAR,2018,2018-05-18 20:00:00,train
sequences\seq_SAGAR_2018_7121.npy,sequences\tgt_SAGAR_2018_7121.npy,SAGAR,2018,2018-05-18 20:15:00,train
sequences\seq_SAGAR_2018_7122.npy,sequences\tgt_SAGAR_2018_7122.npy,SAGAR,2018,2018-05-18 20:30:00,train
sequences\seq_SAGAR_2018_7123.npy,sequences\tgt_SAGAR_2018_7123.npy,SAGAR,2018,2018-05-18 20:45:00,train
sequences\seq_SAGAR_2018_7124.npy,sequences\tgt_SAGAR_2018_7124.npy,SAGAR,2018,2018-05-18 21:00:00,train
sequences\seq_SAGAR_2018_7125.npy,sequences\tgt_SAGAR_2018_7125.npy,SAGAR,2018,2018-05-18 21:15:00,train
sequences\seq_SAGAR_2018_7126.npy,sequences\tgt_SAGAR_2018_7126.npy,SAGAR,2018,2018-05-18 21:30:00,train
sequences\seq_SAGAR_2018_7127.npy,sequences\tgt_SAGAR_2018_7127.npy,SAGAR,2018,2018-05-18 21:45:00,train
sequences\seq_SAGAR_2018_7128.npy,sequences\tgt_SAGAR_2018_7128.npy,SAGAR,2018,2018-05-18 22:00:00,train
sequences\seq_SAGAR_2018_7129.npy,sequences\tgt_SAGAR_2018_7129.npy,SAGAR,2018,2018-05-18 22:15:00,train
sequences\seq_SAGAR_2018_7130.npy,sequences\tgt_SAGAR_2018_7130.npy,SAGAR,2018,2018-05-18 22:30:00,train
sequences\seq_SAGAR_2018_7131.npy,sequences\tgt_SAGAR_2018_7131.npy,SAGAR,2018,2018-05-18 22:45:00,train
sequences\seq_SAGAR_2018_7132.npy,sequences\tgt_SAGAR_2018_7132.npy,SAGAR,2018,2018-05-18 23:00:00,train
sequences\seq_SAGAR_2018_7133.npy,sequences\tgt_SAGAR_2018_7133.npy,SAGAR,2018,2018-05-18 23:15:00,train
sequences\seq_SAGAR_2018_7134.npy,sequences\tgt_SAGAR_2018_7134.npy,SAGAR,2018,2018-05-18 23:30:00,train
sequences\seq_SAGAR_2018_7135.npy,sequences\tgt_SAGAR_2018_7135.npy,SAGAR,2018,2018-05-18 23:45:00,train
sequences\seq_SAGAR_2018_7136.npy,sequences\tgt_SAGAR_2018_7136.npy,SAGAR,2018,2018-05-19 00:00:00,train
sequences\seq_SAGAR_2018_7137.npy,sequences\tgt_SAGAR_2018_7137.npy,SAGAR,2018,2018-05-19 00:15:00,train
sequences\seq_SAGAR_2018_7138.npy,sequences\tgt_SAGAR_2018_7138.npy,SAGAR,2018,2018-05-19 00:30:00,train
sequences\seq_SAGAR_2018_7139.npy,sequences\tgt_SAGAR_2018_7139.npy,SAGAR,2018,2018-05-19 00:45:00,train
sequences\seq_SAGAR_2018_7140.npy,sequences\tgt_SAGAR_2018_7140.npy,SAGAR,2018,2018-05-19 01:00:00,train
sequences\seq_SAGAR_2018_7141.npy,sequences\tgt_SAGAR_2018_7141.npy,SAGAR,2018,2018-05-19 01:15:00,train
sequences\seq_SAGAR_2018_7142.npy,sequences\tgt_SAGAR_2018_7142.npy,SAGAR,2018,2018-05-19 01:30:00,train
sequences\seq_SAGAR_2018_7143.npy,sequences\tgt_SAGAR_2018_7143.npy,SAGAR,2018,2018-05-19 01:45:00,train
sequences\seq_SAGAR_2018_7144.npy,sequences\tgt_SAGAR_2018_7144.npy,SAGAR,2018,2018-05-19 02:00:00,train
sequences\seq_SAGAR_2018_7145.npy,sequences\tgt_SAGAR_2018_7145.npy,SAGAR,2018,2018-05-19 02:15:00,train
sequences\seq_SAGAR_2018_7146.npy,sequences\tgt_SAGAR_2018_7146.npy,SAGAR,2018,2018-05-19 02:30:00,train
sequences\seq_SAGAR_2018_7147.npy,sequences\tgt_SAGAR_2018_7147.npy,SAGAR,2018,2018-05-19 02:45:00,train
sequences\seq_SAGAR_2018_7148.npy,sequences\tgt_SAGAR_2018_7148.npy,SAGAR,2018,2018-05-19 03:00:00,train
sequences\seq_SAGAR_2018_7149.npy,sequences\tgt_SAGAR_2018_7149.npy,SAGAR,2018,2018-05-19 03:15:00,train
sequences\seq_SAGAR_2018_7150.npy,sequences\tgt_SAGAR_2018_7150.npy,SAGAR,2018,2018-05-19 03:30:00,train
sequences\seq_SAGAR_2018_7151.npy,sequences\tgt_SAGAR_2018_7151.npy,SAGAR,2018,2018-05-19 03:45:00,train
sequences\seq_SAGAR_2018_7152.npy,sequences\tgt_SAGAR_2018_7152.npy,SAGAR,2018,2018-05-19 04:00:00,train
sequences\seq_SAGAR_2018_7153.npy,sequences\tgt_SAGAR_2018_7153.npy,SAGAR,2018,2018-05-19 04:15:00,train
sequences\seq_SAGAR_2018_7154.npy,sequences\tgt_SAGAR_2018_7154.npy,SAGAR,2018,2018-05-19 04:30:00,train
sequences\seq_SAGAR_2018_7155.npy,sequences\tgt_SAGAR_2018_7155.npy,SAGAR,2018,2018-05-19 04:45:00,train
sequences\seq_SAGAR_2018_7156.npy,sequences\tgt_SAGAR_2018_7156.npy,SAGAR,2018,2018-05-19 05:00:00,train
sequences\seq_SAGAR_2018_7157.npy,sequences\tgt_SAGAR_2018_7157.npy,SAGAR,2018,2018-05-19 05:15:00,train
sequences\seq_SAGAR_2018_7158.npy,sequences\tgt_SAGAR_2018_7158.npy,SAGAR,2018,2018-05-19 05:30:00,train
sequences\seq_SAGAR_2018_7159.npy,sequences\tgt_SAGAR_2018_7159.npy,SAGAR,2018,2018-05-19 05:45:00,train
sequences\seq_SAGAR_2018_7160.npy,sequences\tgt_SAGAR_2018_7160.npy,SAGAR,2018,2018-05-19 06:00:00,train
sequences\seq_SAGAR_2018_7161.npy,sequences\tgt_SAGAR_2018_7161.npy,SAGAR,2018,2018-05-19 06:15:00,train
sequences\seq_SAGAR_2018_7162.npy,sequences\tgt_SAGAR_2018_7162.npy,SAGAR,2018,2018-05-19 06:30:00,train
sequences\seq_SAGAR_2018_7163.npy,sequences\tgt_SAGAR_2018_7163.npy,SAGAR,2018,2018-05-19 06:45:00,train
sequences\seq_SAGAR_2018_7164.npy,sequences\tgt_SAGAR_2018_7164.npy,SAGAR,2018,2018-05-19 07:00:00,train
sequences\seq_SAGAR_2018_7165.npy,sequences\tgt_SAGAR_2018_7165.npy,SAGAR,2018,2018-05-19 07:15:00,train
sequences\seq_SAGAR_2018_7166.npy,sequences\tgt_SAGAR_2018_7166.npy,SAGAR,2018,2018-05-19 07:30:00,train
sequences\seq_SAGAR_2018_7167.npy,sequences\tgt_SAGAR_2018_7167.npy,SAGAR,2018,2018-05-19 07:45:00,train
sequences\seq_SAGAR_2018_7168.npy,sequences\tgt_SAGAR_2018_7168.npy,SAGAR,2018,2018-05-19 08:00:00,train
sequences\seq_SAGAR_2018_7169.npy,sequences\tgt_SAGAR_2018_7169.npy,SAGAR,2018,2018-05-19 08:15:00,train
sequences\seq_SAGAR_2018_7170.npy,sequences\tgt_SAGAR_2018_7170.npy,SAGAR,2018,2018-05-19 08:30:00,train
sequences\seq_SAGAR_2018_7171.npy,sequences\tgt_SAGAR_2018_7171.npy,SAGAR,2018,2018-05-19 08:45:00,train
sequences\seq_SAGAR_2018_7172.npy,sequences\tgt_SAGAR_2018_7172.npy,SAGAR,2018,2018-05-19 09:00:00,train
sequences\seq_SAGAR_2018_7173.npy,sequences\tgt_SAGAR_2018_7173.npy,SAGAR,2018,2018-05-19 09:15:00,train
sequences\seq_SAGAR_2018_7174.npy,sequences\tgt_SAGAR_2018_7174.npy,SAGAR,2018,2018-05-19 09:30:00,train
sequences\seq_SAGAR_2018_7175.npy,sequences\tgt_SAGAR_2018_7175.npy,SAGAR,2018,2018-05-19 09:45:00,train
sequences\seq_SAGAR_2018_7176.npy,sequences\tgt_SAGAR_2018_7176.npy,SAGAR,2018,2018-05-19 10:00:00,train
sequences\seq_SAGAR_2018_7177.npy,sequences\tgt_SAGAR_2018_7177.npy,SAGAR,2018,2018-05-19 10:15:00,train
sequences\seq_SAGAR_2018_7178.npy,sequences\tgt_SAGAR_2018_7178.npy,SAGAR,2018,2018-05-19 10:30:00,train
sequences\seq_SAGAR_2018_7179.npy,sequences\tgt_SAGAR_2018_7179.npy,SAGAR,2018,2018-05-19 10:45:00,train
sequences\seq_SAGAR_2018_7180.npy,sequences\tgt_SAGAR_2018_7180.npy,SAGAR,2018,2018-05-19 11:00:00,train
sequences\seq_SAGAR_2018_7181.npy,sequences\tgt_SAGAR_2018_7181.npy,SAGAR,2018,2018-05-19 11:15:00,train
sequences\seq_SAGAR_2018_7182.npy,sequences\tgt_SAGAR_2018_7182.npy,SAGAR,2018,2018-05-19 11:30:00,train
sequences\seq_SAGAR_2018_7183.npy,sequences\tgt_SAGAR_2018_7183.npy,SAGAR,2018,2018-05-19 11:45:00,train
sequences\seq_SAGAR_2018_7184.npy,sequences\tgt_SAGAR_2018_7184.npy,SAGAR,2018,2018-05-19 12:00:00,train
sequences\seq_SAGAR_2018_7185.npy,sequences\tgt_SAGAR_2018_7185.npy,SAGAR,2018,2018-05-19 12:15:00,train
sequences\seq_SAGAR_2018_7186.npy,sequences\tgt_SAGAR_2018_7186.npy,SAGAR,2018,2018-05-19 12:30:00,train
sequences\seq_SAGAR_2018_7187.npy,sequences\tgt_SAGAR_2018_7187.npy,SAGAR,2018,2018-05-19 12:45:00,train
sequences\seq_SAGAR_2018_7188.npy,sequences\tgt_SAGAR_2018_7188.npy,SAGAR,2018,2018-05-19 13:00:00,train
sequences\seq_SAGAR_2018_7189.npy,sequences\tgt_SAGAR_2018_7189.npy,SAGAR,2018,2018-05-19 13:15:00,train
sequences\seq_SAGAR_2018_7190.npy,sequences\tgt_SAGAR_2018_7190.npy,SAGAR,2018,2018-05-19 13:30:00,train
sequences\seq_SAGAR_2018_7191.npy,sequences\tgt_SAGAR_2018_7191.npy,SAGAR,2018,2018-05-19 13:45:00,train
sequences\seq_SAGAR_2018_7192.npy,sequences\tgt_SAGAR_2018_7192.npy,SAGAR,2018,2018-05-19 14:00:00,train
sequences\seq_SAGAR_2018_7193.npy,sequences\tgt_SAGAR_2018_7193.npy,SAGAR,2018,2018-05-19 14:15:00,train
sequences\seq_SAGAR_2018_7194.npy,sequences\tgt_SAGAR_2018_7194.npy,SAGAR,2018,2018-05-19 14:30:00,train
sequences\seq_SAGAR_2018_7195.npy,sequences\tgt_SAGAR_2018_7195.npy,SAGAR,2018,2018-05-19 14:45:00,train
sequences\seq_SAGAR_2018_7196.npy,sequences\tgt_SAGAR_2018_7196.npy,SAGAR,2018,2018-05-19 15:00:00,train
sequences\seq_SAGAR_2018_7197.npy,sequences\tgt_SAGAR_2018_7197.npy,SAGAR,2018,2018-05-19 15:15:00,train
sequences\seq_SAGAR_2018_7198.npy,sequences\tgt_SAGAR_2018_7198.npy,SAGAR,2018,2018-05-19 15:30:00,train
sequences\seq_SAGAR_2018_7199.npy,sequences\tgt_SAGAR_2018_7199.npy,SAGAR,2018,2018-05-19 15:45:00,train
sequences\seq_SAGAR_2018_7200.npy,sequences\tgt_SAGAR_2018_7200.npy,SAGAR,2018,2018-05-19 16:00:00,train
sequences\seq_SAGAR_2018_7201.npy,sequences\tgt_SAGAR_2018_7201.npy,SAGAR,2018,2018-05-19 16:15:00,train
sequences\seq_SAGAR_2018_7202.npy,sequences\tgt_SAGAR_2018_7202.npy,SAGAR,2018,2018-05-19 16:30:00,train
sequences\seq_SAGAR_2018_7203.npy,sequences\tgt_SAGAR_2018_7203.npy,SAGAR,2018,2018-05-19 16:45:00,train
sequences\seq_SAGAR_2018_7204.npy,sequences\tgt_SAGAR_2018_7204.npy,SAGAR,2018,2018-05-19 17:00:00,train
sequences\seq_SAGAR_2018_7205.npy,sequences\tgt_SAGAR_2018_7205.npy,SAGAR,2018,2018-05-19 17:15:00,train
sequences\seq_SAGAR_2018_7206.npy,sequences\tgt_SAGAR_2018_7206.npy,SAGAR,2018,2018-05-19 17:30:00,train
sequences\seq_SAGAR_2018_7207.npy,sequences\tgt_SAGAR_2018_7207.npy,SAGAR,2018,2018-05-19 17:45:00,train
sequences\seq_SAGAR_2018_7208.npy,sequences\tgt_SAGAR_2018_7208.npy,SAGAR,2018,2018-05-19 18:00:00,train
sequences\seq_SAGAR_2018_7209.npy,sequences\tgt_SAGAR_2018_7209.npy,SAGAR,2018,2018-05-19 18:15:00,train
sequences\seq_SAGAR_2018_7210.npy,sequences\tgt_SAGAR_2018_7210.npy,SAGAR,2018,2018-05-19 18:30:00,train
sequences\seq_SAGAR_2018_7211.npy,sequences\tgt_SAGAR_2018_7211.npy,SAGAR,2018,2018-05-19 19:00:00,train
sequences\seq_SAGAR_2018_7212.npy,sequences\tgt_SAGAR_2018_7212.npy,SAGAR,2018,2018-05-19 19:30:00,train
sequences\seq_SAGAR_2018_7213.npy,sequences\tgt_SAGAR_2018_7213.npy,SAGAR,2018,2018-05-19 19:45:00,train
sequences\seq_SAGAR_2018_7214.npy,sequences\tgt_SAGAR_2018_7214.npy,SAGAR,2018,2018-05-19 20:00:00,train
sequences\seq_SAGAR_2018_7215.npy,sequences\tgt_SAGAR_2018_7215.npy,SAGAR,2018,2018-05-19 20:15:00,train
sequences\seq_SAGAR_2018_7216.npy,sequences\tgt_SAGAR_2018_7216.npy,SAGAR,2018,2018-05-19 20:30:00,train
sequences\seq_SAGAR_2018_7217.npy,sequences\tgt_SAGAR_2018_7217.npy,SAGAR,2018,2018-05-19 20:45:00,train
sequences\seq_SAGAR_2018_7218.npy,sequences\tgt_SAGAR_2018_7218.npy,SAGAR,2018,2018-05-19 21:00:00,train
sequences\seq_SAGAR_2018_7219.npy,sequences\tgt_SAGAR_2018_7219.npy,SAGAR,2018,2018-05-19 21:15:00,train
sequences\seq_SAGAR_2018_7220.npy,sequences\tgt_SAGAR_2018_7220.npy,SAGAR,2018,2018-05-19 21:30:00,train
sequences\seq_SAGAR_2018_7221.npy,sequences\tgt_SAGAR_2018_7221.npy,SAGAR,2018,2018-05-19 21:45:00,train
sequences\seq_SAGAR_2018_7222.npy,sequences\tgt_SAGAR_2018_7222.npy,SAGAR,2018,2018-05-19 22:00:00,train
sequences\seq_SAGAR_2018_7223.npy,sequences\tgt_SAGAR_2018_7223.npy,SAGAR,2018,2018-05-19 22:15:00,train
sequences\seq_SAGAR_2018_7224.npy,sequences\tgt_SAGAR_2018_7224.npy,SAGAR,2018,2018-05-19 22:30:00,train
sequences\seq_SAGAR_2018_7225.npy,sequences\tgt_SAGAR_2018_7225.npy,SAGAR,2018,2018-05-19 22:45:00,train
sequences\seq_SAGAR_2018_7226.npy,sequences\tgt_SAGAR_2018_7226.npy,SAGAR,2018,2018-05-19 23:00:00,train
sequences\seq_SAGAR_2018_7227.npy,sequences\tgt_SAGAR_2018_7227.npy,SAGAR,2018,2018-05-19 23:15:00,train
sequences\seq_SAGAR_2018_7228.npy,sequences\tgt_SAGAR_2018_7228.npy,SAGAR,2018,2018-05-19 23:30:00,train
sequences\seq_SAGAR_2018_7229.npy,sequences\tgt_SAGAR_2018_7229.npy,SAGAR,2018,2018-05-19 23:45:00,train
sequences\seq_SAGAR_2018_7230.npy,sequences\tgt_SAGAR_2018_7230.npy,SAGAR,2018,2018-05-20 00:00:00,train
sequences\seq_SAGAR_2018_7231.npy,sequences\tgt_SAGAR_2018_7231.npy,SAGAR,2018,2018-05-20 00:15:00,train
sequences\seq_SAGAR_2018_7232.npy,sequences\tgt_SAGAR_2018_7232.npy,SAGAR,2018,2018-05-20 00:30:00,train
sequences\seq_SAGAR_2018_7233.npy,sequences\tgt_SAGAR_2018_7233.npy,SAGAR,2018,2018-05-20 00:45:00,train
sequences\seq_SAGAR_2018_7234.npy,sequences\tgt_SAGAR_2018_7234.npy,SAGAR,2018,2018-05-20 01:00:00,train
sequences\seq_SAGAR_2018_7235.npy,sequences\tgt_SAGAR_2018_7235.npy,SAGAR,2018,2018-05-20 01:15:00,train
sequences\seq_SAGAR_2018_7236.npy,sequences\tgt_SAGAR_2018_7236.npy,SAGAR,2018,2018-05-20 01:30:00,train
sequences\seq_SAGAR_2018_7237.npy,sequences\tgt_SAGAR_2018_7237.npy,SAGAR,2018,2018-05-20 01:45:00,train
sequences\seq_SAGAR_2018_7238.npy,sequences\tgt_SAGAR_2018_7238.npy,SAGAR,2018,2018-05-20 02:00:00,train
sequences\seq_SAGAR_2018_7239.npy,sequences\tgt_SAGAR_2018_7239.npy,SAGAR,2018,2018-05-20 02:15:00,train
sequences\seq_SAGAR_2018_7240.npy,sequences\tgt_SAGAR_2018_7240.npy,SAGAR,2018,2018-05-20 02:30:00,train
sequences\seq_SAGAR_2018_7241.npy,sequences\tgt_SAGAR_2018_7241.npy,SAGAR,2018,2018-05-20 02:45:00,train
sequences\seq_SAGAR_2018_7242.npy,sequences\tgt_SAGAR_2018_7242.npy,SAGAR,2018,2018-05-20 03:00:00,train
sequences\seq_SAGAR_2018_7243.npy,sequences\tgt_SAGAR_2018_7243.npy,SAGAR,2018,2018-05-20 03:15:00,train
sequences\seq_SAGAR_2018_7244.npy,sequences\tgt_SAGAR_2018_7244.npy,SAGAR,2018,2018-05-20 03:30:00,train
sequences\seq_SAGAR_2018_7245.npy,sequences\tgt_SAGAR_2018_7245.npy,SAGAR,2018,2018-05-20 03:45:00,train
sequences\seq_SHAHEEN_2021_7246.npy,sequences\tgt_SHAHEEN_2021_7246.npy,SHAHEEN,2021,2021-09-30 05:30:00,train
sequences\seq_SHAHEEN_2021_7247.npy,sequences\tgt_SHAHEEN_2021_7247.npy,SHAHEEN,2021,2021-09-30 05:45:00,train
sequences\seq_SHAHEEN_2021_7248.npy,sequences\tgt_SHAHEEN_2021_7248.npy,SHAHEEN,2021,2021-09-30 06:00:00,train
sequences\seq_SHAHEEN_2021_7249.npy,sequences\tgt_SHAHEEN_2021_7249.npy,SHAHEEN,2021,2021-09-30 06:15:00,train
sequences\seq_SHAHEEN_2021_7250.npy,sequences\tgt_SHAHEEN_2021_7250.npy,SHAHEEN,2021,2021-09-30 06:30:00,train
sequences\seq_SHAHEEN_2021_7251.npy,sequences\tgt_SHAHEEN_2021_7251.npy,SHAHEEN,2021,2021-09-30 06:45:00,train
sequences\seq_SHAHEEN_2021_7252.npy,sequences\tgt_SHAHEEN_2021_7252.npy,SHAHEEN,2021,2021-09-30 07:00:00,train
sequences\seq_SHAHEEN_2021_7253.npy,sequences\tgt_SHAHEEN_2021_7253.npy,SHAHEEN,2021,2021-09-30 07:15:00,train
sequences\seq_SHAHEEN_2021_7254.npy,sequences\tgt_SHAHEEN_2021_7254.npy,SHAHEEN,2021,2021-09-30 07:30:00,train
sequences\seq_SHAHEEN_2021_7255.npy,sequences\tgt_SHAHEEN_2021_7255.npy,SHAHEEN,2021,2021-09-30 07:45:00,train
sequences\seq_SHAHEEN_2021_7256.npy,sequences\tgt_SHAHEEN_2021_7256.npy,SHAHEEN,2021,2021-09-30 08:00:00,train
sequences\seq_SHAHEEN_2021_7257.npy,sequences\tgt_SHAHEEN_2021_7257.npy,SHAHEEN,2021,2021-09-30 08:15:00,train
sequences\seq_SHAHEEN_2021_7258.npy,sequences\tgt_SHAHEEN_2021_7258.npy,SHAHEEN,2021,2021-09-30 08:30:00,train
sequences\seq_SHAHEEN_2021_7259.npy,sequences\tgt_SHAHEEN_2021_7259.npy,SHAHEEN,2021,2021-09-30 08:45:00,train
sequences\seq_SHAHEEN_2021_7260.npy,sequences\tgt_SHAHEEN_2021_7260.npy,SHAHEEN,2021,2021-09-30 09:00:00,train
sequences\seq_SHAHEEN_2021_7261.npy,sequences\tgt_SHAHEEN_2021_7261.npy,SHAHEEN,2021,2021-09-30 09:15:00,train
sequences\seq_SHAHEEN_2021_7262.npy,sequences\tgt_SHAHEEN_2021_7262.npy,SHAHEEN,2021,2021-09-30 09:30:00,train
sequences\seq_SHAHEEN_2021_7263.npy,sequences\tgt_SHAHEEN_2021_7263.npy,SHAHEEN,2021,2021-09-30 09:45:00,train
sequences\seq_SHAHEEN_2021_7264.npy,sequences\tgt_SHAHEEN_2021_7264.npy,SHAHEEN,2021,2021-09-30 10:00:00,train
sequences\seq_SHAHEEN_2021_7265.npy,sequences\tgt_SHAHEEN_2021_7265.npy,SHAHEEN,2021,2021-09-30 10:15:00,train
sequences\seq_SHAHEEN_2021_7266.npy,sequences\tgt_SHAHEEN_2021_7266.npy,SHAHEEN,2021,2021-09-30 10:30:00,train
sequences\seq_SHAHEEN_2021_7267.npy,sequences\tgt_SHAHEEN_2021_7267.npy,SHAHEEN,2021,2021-09-30 10:45:00,train
sequences\seq_SHAHEEN_2021_7268.npy,sequences\tgt_SHAHEEN_2021_7268.npy,SHAHEEN,2021,2021-09-30 11:00:00,train
sequences\seq_SHAHEEN_2021_7269.npy,sequences\tgt_SHAHEEN_2021_7269.npy,SHAHEEN,2021,2021-09-30 11:15:00,train
sequences\seq_SHAHEEN_2021_7270.npy,sequences\tgt_SHAHEEN_2021_7270.npy,SHAHEEN,2021,2021-09-30 11:30:00,train
sequences\seq_SHAHEEN_2021_7271.npy,sequences\tgt_SHAHEEN_2021_7271.npy,SHAHEEN,2021,2021-09-30 11:45:00,train
sequences\seq_SHAHEEN_2021_7272.npy,sequences\tgt_SHAHEEN_2021_7272.npy,SHAHEEN,2021,2021-09-30 12:00:00,train
sequences\seq_SHAHEEN_2021_7273.npy,sequences\tgt_SHAHEEN_2021_7273.npy,SHAHEEN,2021,2021-09-30 12:15:00,train
sequences\seq_SHAHEEN_2021_7274.npy,sequences\tgt_SHAHEEN_2021_7274.npy,SHAHEEN,2021,2021-09-30 12:30:00,train
sequences\seq_SHAHEEN_2021_7275.npy,sequences\tgt_SHAHEEN_2021_7275.npy,SHAHEEN,2021,2021-09-30 12:45:00,train
sequences\seq_SHAHEEN_2021_7276.npy,sequences\tgt_SHAHEEN_2021_7276.npy,SHAHEEN,2021,2021-09-30 13:00:00,train
sequences\seq_SHAHEEN_2021_7277.npy,sequences\tgt_SHAHEEN_2021_7277.npy,SHAHEEN,2021,2021-09-30 13:15:00,train
sequences\seq_SHAHEEN_2021_7278.npy,sequences\tgt_SHAHEEN_2021_7278.npy,SHAHEEN,2021,2021-09-30 13:30:00,train
sequences\seq_SHAHEEN_2021_7279.npy,sequences\tgt_SHAHEEN_2021_7279.npy,SHAHEEN,2021,2021-09-30 13:45:00,train
sequences\seq_SHAHEEN_2021_7280.npy,sequences\tgt_SHAHEEN_2021_7280.npy,SHAHEEN,2021,2021-09-30 14:00:00,train
sequences\seq_SHAHEEN_2021_7281.npy,sequences\tgt_SHAHEEN_2021_7281.npy,SHAHEEN,2021,2021-09-30 14:15:00,train
sequences\seq_SHAHEEN_2021_7282.npy,sequences\tgt_SHAHEEN_2021_7282.npy,SHAHEEN,2021,2021-09-30 14:30:00,train
sequences\seq_SHAHEEN_2021_7283.npy,sequences\tgt_SHAHEEN_2021_7283.npy,SHAHEEN,2021,2021-09-30 14:45:00,train
sequences\seq_SHAHEEN_2021_7284.npy,sequences\tgt_SHAHEEN_2021_7284.npy,SHAHEEN,2021,2021-09-30 15:00:00,train
sequences\seq_SHAHEEN_2021_7285.npy,sequences\tgt_SHAHEEN_2021_7285.npy,SHAHEEN,2021,2021-09-30 15:15:00,train
sequences\seq_SHAHEEN_2021_7286.npy,sequences\tgt_SHAHEEN_2021_7286.npy,SHAHEEN,2021,2021-09-30 15:30:00,train
sequences\seq_SHAHEEN_2021_7287.npy,sequences\tgt_SHAHEEN_2021_7287.npy,SHAHEEN,2021,2021-09-30 15:45:00,train
sequences\seq_SHAHEEN_2021_7288.npy,sequences\tgt_SHAHEEN_2021_7288.npy,SHAHEEN,2021,2021-09-30 16:00:00,train
sequences\seq_SHAHEEN_2021_7289.npy,sequences\tgt_SHAHEEN_2021_7289.npy,SHAHEEN,2021,2021-09-30 16:15:00,train
sequences\seq_SHAHEEN_2021_7290.npy,sequences\tgt_SHAHEEN_2021_7290.npy,SHAHEEN,2021,2021-09-30 16:30:00,train
sequences\seq_SHAHEEN_2021_7291.npy,sequences\tgt_SHAHEEN_2021_7291.npy,SHAHEEN,2021,2021-09-30 16:45:00,train
sequences\seq_SHAHEEN_2021_7292.npy,sequences\tgt_SHAHEEN_2021_7292.npy,SHAHEEN,2021,2021-09-30 20:00:00,train
sequences\seq_SHAHEEN_2021_7293.npy,sequences\tgt_SHAHEEN_2021_7293.npy,SHAHEEN,2021,2021-09-30 20:30:00,train
sequences\seq_SHAHEEN_2021_7294.npy,sequences\tgt_SHAHEEN_2021_7294.npy,SHAHEEN,2021,2021-09-30 20:45:00,train
sequences\seq_SHAHEEN_2021_7295.npy,sequences\tgt_SHAHEEN_2021_7295.npy,SHAHEEN,2021,2021-09-30 21:00:00,train
sequences\seq_SHAHEEN_2021_7296.npy,sequences\tgt_SHAHEEN_2021_7296.npy,SHAHEEN,2021,2021-09-30 21:15:00,train
sequences\seq_SHAHEEN_2021_7297.npy,sequences\tgt_SHAHEEN_2021_7297.npy,SHAHEEN,2021,2021-09-30 21:30:00,train
sequences\seq_SHAHEEN_2021_7298.npy,sequences\tgt_SHAHEEN_2021_7298.npy,SHAHEEN,2021,2021-09-30 21:45:00,train
sequences\seq_SHAHEEN_2021_7299.npy,sequences\tgt_SHAHEEN_2021_7299.npy,SHAHEEN,2021,2021-09-30 22:00:00,train
sequences\seq_SHAHEEN_2021_7300.npy,sequences\tgt_SHAHEEN_2021_7300.npy,SHAHEEN,2021,2021-09-30 22:15:00,train
sequences\seq_SHAHEEN_2021_7301.npy,sequences\tgt_SHAHEEN_2021_7301.npy,SHAHEEN,2021,2021-09-30 22:30:00,train
sequences\seq_SHAHEEN_2021_7302.npy,sequences\tgt_SHAHEEN_2021_7302.npy,SHAHEEN,2021,2021-09-30 22:45:00,train
sequences\seq_SHAHEEN_2021_7303.npy,sequences\tgt_SHAHEEN_2021_7303.npy,SHAHEEN,2021,2021-09-30 23:00:00,train
sequences\seq_SHAHEEN_2021_7304.npy,sequences\tgt_SHAHEEN_2021_7304.npy,SHAHEEN,2021,2021-09-30 23:15:00,train
sequences\seq_SHAHEEN_2021_7305.npy,sequences\tgt_SHAHEEN_2021_7305.npy,SHAHEEN,2021,2021-09-30 23:30:00,train
sequences\seq_SHAHEEN_2021_7306.npy,sequences\tgt_SHAHEEN_2021_7306.npy,SHAHEEN,2021,2021-09-30 23:45:00,train
sequences\seq_SHAHEEN_2021_7307.npy,sequences\tgt_SHAHEEN_2021_7307.npy,SHAHEEN,2021,2021-10-01 00:00:00,train
sequences\seq_SHAHEEN_2021_7308.npy,sequences\tgt_SHAHEEN_2021_7308.npy,SHAHEEN,2021,2021-10-01 00:15:00,train
sequences\seq_SHAHEEN_2021_7309.npy,sequences\tgt_SHAHEEN_2021_7309.npy,SHAHEEN,2021,2021-10-01 00:30:00,train
sequences\seq_SHAHEEN_2021_7310.npy,sequences\tgt_SHAHEEN_2021_7310.npy,SHAHEEN,2021,2021-10-01 00:45:00,train
sequences\seq_SHAHEEN_2021_7311.npy,sequences\tgt_SHAHEEN_2021_7311.npy,SHAHEEN,2021,2021-10-01 01:00:00,train
sequences\seq_SHAHEEN_2021_7312.npy,sequences\tgt_SHAHEEN_2021_7312.npy,SHAHEEN,2021,2021-10-01 01:15:00,train
sequences\seq_TAUKTAE_2021_7313.npy,sequences\tgt_TAUKTAE_2021_7313.npy,TAUKTAE,2021,2021-05-14 08:30:00,train
sequences\seq_TAUKTAE_2021_7314.npy,sequences\tgt_TAUKTAE_2021_7314.npy,TAUKTAE,2021,2021-05-14 08:45:00,train
sequences\seq_TAUKTAE_2021_7315.npy,sequences\tgt_TAUKTAE_2021_7315.npy,TAUKTAE,2021,2021-05-14 09:15:00,train
sequences\seq_TAUKTAE_2021_7316.npy,sequences\tgt_TAUKTAE_2021_7316.npy,TAUKTAE,2021,2021-05-14 09:45:00,train
sequences\seq_TAUKTAE_2021_7317.npy,sequences\tgt_TAUKTAE_2021_7317.npy,TAUKTAE,2021,2021-05-14 10:15:00,train
sequences\seq_TAUKTAE_2021_7318.npy,sequences\tgt_TAUKTAE_2021_7318.npy,TAUKTAE,2021,2021-05-14 10:45:00,train
sequences\seq_TAUKTAE_2021_7319.npy,sequences\tgt_TAUKTAE_2021_7319.npy,TAUKTAE,2021,2021-05-14 11:00:00,train
sequences\seq_TAUKTAE_2021_7320.npy,sequences\tgt_TAUKTAE_2021_7320.npy,TAUKTAE,2021,2021-05-14 11:15:00,train
sequences\seq_TAUKTAE_2021_7321.npy,sequences\tgt_TAUKTAE_2021_7321.npy,TAUKTAE,2021,2021-05-14 11:45:00,train
sequences\seq_TAUKTAE_2021_7322.npy,sequences\tgt_TAUKTAE_2021_7322.npy,TAUKTAE,2021,2021-05-14 12:00:00,train
sequences\seq_TAUKTAE_2021_7323.npy,sequences\tgt_TAUKTAE_2021_7323.npy,TAUKTAE,2021,2021-05-14 12:15:00,train
sequences\seq_TAUKTAE_2021_7324.npy,sequences\tgt_TAUKTAE_2021_7324.npy,TAUKTAE,2021,2021-05-14 12:45:00,train
sequences\seq_TAUKTAE_2021_7325.npy,sequences\tgt_TAUKTAE_2021_7325.npy,TAUKTAE,2021,2021-05-14 13:00:00,train
sequences\seq_TAUKTAE_2021_7326.npy,sequences\tgt_TAUKTAE_2021_7326.npy,TAUKTAE,2021,2021-05-14 13:15:00,train
sequences\seq_TAUKTAE_2021_7327.npy,sequences\tgt_TAUKTAE_2021_7327.npy,TAUKTAE,2021,2021-05-14 13:30:00,train
sequences\seq_TAUKTAE_2021_7328.npy,sequences\tgt_TAUKTAE_2021_7328.npy,TAUKTAE,2021,2021-05-14 13:45:00,train
sequences\seq_TAUKTAE_2021_7329.npy,sequences\tgt_TAUKTAE_2021_7329.npy,TAUKTAE,2021,2021-05-14 14:00:00,train
sequences\seq_TAUKTAE_2021_7330.npy,sequences\tgt_TAUKTAE_2021_7330.npy,TAUKTAE,2021,2021-05-14 14:15:00,train
sequences\seq_TAUKTAE_2021_7331.npy,sequences\tgt_TAUKTAE_2021_7331.npy,TAUKTAE,2021,2021-05-14 14:30:00,train
sequences\seq_TAUKTAE_2021_7332.npy,sequences\tgt_TAUKTAE_2021_7332.npy,TAUKTAE,2021,2021-05-14 14:45:00,train
sequences\seq_TAUKTAE_2021_7333.npy,sequences\tgt_TAUKTAE_2021_7333.npy,TAUKTAE,2021,2021-05-14 15:00:00,train
sequences\seq_TAUKTAE_2021_7334.npy,sequences\tgt_TAUKTAE_2021_7334.npy,TAUKTAE,2021,2021-05-14 15:15:00,train
sequences\seq_TAUKTAE_2021_7335.npy,sequences\tgt_TAUKTAE_2021_7335.npy,TAUKTAE,2021,2021-05-14 15:45:00,train
sequences\seq_TAUKTAE_2021_7336.npy,sequences\tgt_TAUKTAE_2021_7336.npy,TAUKTAE,2021,2021-05-14 16:00:00,train
sequences\seq_TAUKTAE_2021_7337.npy,sequences\tgt_TAUKTAE_2021_7337.npy,TAUKTAE,2021,2021-05-14 16:15:00,train
sequences\seq_TAUKTAE_2021_7338.npy,sequences\tgt_TAUKTAE_2021_7338.npy,TAUKTAE,2021,2021-05-14 16:30:00,train
sequences\seq_TAUKTAE_2021_7339.npy,sequences\tgt_TAUKTAE_2021_7339.npy,TAUKTAE,2021,2021-05-14 16:45:00,train
sequences\seq_TAUKTAE_2021_7340.npy,sequences\tgt_TAUKTAE_2021_7340.npy,TAUKTAE,2021,2021-05-14 17:00:00,train
sequences\seq_TAUKTAE_2021_7341.npy,sequences\tgt_TAUKTAE_2021_7341.npy,TAUKTAE,2021,2021-05-14 17:15:00,train
sequences\seq_TAUKTAE_2021_7342.npy,sequences\tgt_TAUKTAE_2021_7342.npy,TAUKTAE,2021,2021-05-14 17:45:00,train
sequences\seq_TAUKTAE_2021_7343.npy,sequences\tgt_TAUKTAE_2021_7343.npy,TAUKTAE,2021,2021-05-14 18:15:00,train
sequences\seq_TAUKTAE_2021_7344.npy,sequences\tgt_TAUKTAE_2021_7344.npy,TAUKTAE,2021,2021-05-14 19:00:00,train
sequences\seq_TAUKTAE_2021_7345.npy,sequences\tgt_TAUKTAE_2021_7345.npy,TAUKTAE,2021,2021-05-14 19:30:00,train
sequences\seq_TAUKTAE_2021_7346.npy,sequences\tgt_TAUKTAE_2021_7346.npy,TAUKTAE,2021,2021-05-14 20:00:00,train
sequences\seq_TAUKTAE_2021_7347.npy,sequences\tgt_TAUKTAE_2021_7347.npy,TAUKTAE,2021,2021-05-14 20:30:00,train
sequences\seq_TAUKTAE_2021_7348.npy,sequences\tgt_TAUKTAE_2021_7348.npy,TAUKTAE,2021,2021-05-14 21:00:00,train
sequences\seq_TAUKTAE_2021_7349.npy,sequences\tgt_TAUKTAE_2021_7349.npy,TAUKTAE,2021,2021-05-14 21:30:00,train
sequences\seq_TAUKTAE_2021_7350.npy,sequences\tgt_TAUKTAE_2021_7350.npy,TAUKTAE,2021,2021-05-14 21:45:00,train
sequences\seq_TAUKTAE_2021_7351.npy,sequences\tgt_TAUKTAE_2021_7351.npy,TAUKTAE,2021,2021-05-14 22:00:00,train
sequences\seq_TAUKTAE_2021_7352.npy,sequences\tgt_TAUKTAE_2021_7352.npy,TAUKTAE,2021,2021-05-14 22:15:00,train
sequences\seq_TAUKTAE_2021_7353.npy,sequences\tgt_TAUKTAE_2021_7353.npy,TAUKTAE,2021,2021-05-14 22:30:00,train
sequences\seq_TAUKTAE_2021_7354.npy,sequences\tgt_TAUKTAE_2021_7354.npy,TAUKTAE,2021,2021-05-14 22:45:00,train
sequences\seq_TAUKTAE_2021_7355.npy,sequences\tgt_TAUKTAE_2021_7355.npy,TAUKTAE,2021,2021-05-14 23:00:00,train
sequences\seq_TAUKTAE_2021_7356.npy,sequences\tgt_TAUKTAE_2021_7356.npy,TAUKTAE,2021,2021-05-14 23:15:00,train
sequences\seq_TAUKTAE_2021_7357.npy,sequences\tgt_TAUKTAE_2021_7357.npy,TAUKTAE,2021,2021-05-14 23:30:00,train
sequences\seq_TAUKTAE_2021_7358.npy,sequences\tgt_TAUKTAE_2021_7358.npy,TAUKTAE,2021,2021-05-14 23:45:00,train
sequences\seq_TAUKTAE_2021_7359.npy,sequences\tgt_TAUKTAE_2021_7359.npy,TAUKTAE,2021,2021-05-15 00:00:00,train
sequences\seq_TAUKTAE_2021_7360.npy,sequences\tgt_TAUKTAE_2021_7360.npy,TAUKTAE,2021,2021-05-15 00:15:00,train
sequences\seq_TAUKTAE_2021_7361.npy,sequences\tgt_TAUKTAE_2021_7361.npy,TAUKTAE,2021,2021-05-15 00:30:00,train
sequences\seq_TAUKTAE_2021_7362.npy,sequences\tgt_TAUKTAE_2021_7362.npy,TAUKTAE,2021,2021-05-15 00:45:00,train
sequences\seq_TAUKTAE_2021_7363.npy,sequences\tgt_TAUKTAE_2021_7363.npy,TAUKTAE,2021,2021-05-15 01:00:00,train
sequences\seq_TAUKTAE_2021_7364.npy,sequences\tgt_TAUKTAE_2021_7364.npy,TAUKTAE,2021,2021-05-15 01:15:00,train
sequences\seq_TAUKTAE_2021_7365.npy,sequences\tgt_TAUKTAE_2021_7365.npy,TAUKTAE,2021,2021-05-15 01:30:00,train
sequences\seq_TAUKTAE_2021_7366.npy,sequences\tgt_TAUKTAE_2021_7366.npy,TAUKTAE,2021,2021-05-15 01:45:00,train
sequences\seq_TAUKTAE_2021_7367.npy,sequences\tgt_TAUKTAE_2021_7367.npy,TAUKTAE,2021,2021-05-15 02:00:00,train
sequences\seq_TAUKTAE_2021_7368.npy,sequences\tgt_TAUKTAE_2021_7368.npy,TAUKTAE,2021,2021-05-15 02:15:00,train
sequences\seq_TAUKTAE_2021_7369.npy,sequences\tgt_TAUKTAE_2021_7369.npy,TAUKTAE,2021,2021-05-15 02:30:00,train
sequences\seq_TAUKTAE_2021_7370.npy,sequences\tgt_TAUKTAE_2021_7370.npy,TAUKTAE,2021,2021-05-15 02:45:00,train
sequences\seq_TAUKTAE_2021_7371.npy,sequences\tgt_TAUKTAE_2021_7371.npy,TAUKTAE,2021,2021-05-15 03:00:00,train
sequences\seq_TAUKTAE_2021_7372.npy,sequences\tgt_TAUKTAE_2021_7372.npy,TAUKTAE,2021,2021-05-15 03:15:00,train
sequences\seq_TAUKTAE_2021_7373.npy,sequences\tgt_TAUKTAE_2021_7373.npy,TAUKTAE,2021,2021-05-15 03:30:00,train
sequences\seq_TAUKTAE_2021_7374.npy,sequences\tgt_TAUKTAE_2021_7374.npy,TAUKTAE,2021,2021-05-15 03:45:00,train
sequences\seq_TAUKTAE_2021_7375.npy,sequences\tgt_TAUKTAE_2021_7375.npy,TAUKTAE,2021,2021-05-15 04:00:00,train
sequences\seq_TAUKTAE_2021_7376.npy,sequences\tgt_TAUKTAE_2021_7376.npy,TAUKTAE,2021,2021-05-15 04:15:00,train
sequences\seq_TAUKTAE_2021_7377.npy,sequences\tgt_TAUKTAE_2021_7377.npy,TAUKTAE,2021,2021-05-15 04:30:00,train
sequences\seq_TAUKTAE_2021_7378.npy,sequences\tgt_TAUKTAE_2021_7378.npy,TAUKTAE,2021,2021-05-15 04:45:00,train
sequences\seq_TAUKTAE_2021_7379.npy,sequences\tgt_TAUKTAE_2021_7379.npy,TAUKTAE,2021,2021-05-15 05:00:00,train
sequences\seq_TAUKTAE_2021_7380.npy,sequences\tgt_TAUKTAE_2021_7380.npy,TAUKTAE,2021,2021-05-15 05:15:00,train
sequences\seq_TAUKTAE_2021_7381.npy,sequences\tgt_TAUKTAE_2021_7381.npy,TAUKTAE,2021,2021-05-15 05:30:00,train
sequences\seq_TAUKTAE_2021_7382.npy,sequences\tgt_TAUKTAE_2021_7382.npy,TAUKTAE,2021,2021-05-15 05:45:00,train
sequences\seq_TAUKTAE_2021_7383.npy,sequences\tgt_TAUKTAE_2021_7383.npy,TAUKTAE,2021,2021-05-15 06:00:00,train
sequences\seq_TAUKTAE_2021_7384.npy,sequences\tgt_TAUKTAE_2021_7384.npy,TAUKTAE,2021,2021-05-15 06:15:00,train
sequences\seq_TAUKTAE_2021_7385.npy,sequences\tgt_TAUKTAE_2021_7385.npy,TAUKTAE,2021,2021-05-15 06:30:00,train
sequences\seq_TAUKTAE_2021_7386.npy,sequences\tgt_TAUKTAE_2021_7386.npy,TAUKTAE,2021,2021-05-15 06:45:00,train
sequences\seq_TAUKTAE_2021_7387.npy,sequences\tgt_TAUKTAE_2021_7387.npy,TAUKTAE,2021,2021-05-15 07:00:00,train
sequences\seq_TAUKTAE_2021_7388.npy,sequences\tgt_TAUKTAE_2021_7388.npy,TAUKTAE,2021,2021-05-15 07:15:00,train
sequences\seq_TAUKTAE_2021_7389.npy,sequences\tgt_TAUKTAE_2021_7389.npy,TAUKTAE,2021,2021-05-15 07:30:00,train
sequences\seq_TAUKTAE_2021_7390.npy,sequences\tgt_TAUKTAE_2021_7390.npy,TAUKTAE,2021,2021-05-15 07:45:00,train
sequences\seq_TAUKTAE_2021_7391.npy,sequences\tgt_TAUKTAE_2021_7391.npy,TAUKTAE,2021,2021-05-15 08:00:00,train
sequences\seq_TAUKTAE_2021_7392.npy,sequences\tgt_TAUKTAE_2021_7392.npy,TAUKTAE,2021,2021-05-15 08:15:00,train
sequences\seq_TAUKTAE_2021_7393.npy,sequences\tgt_TAUKTAE_2021_7393.npy,TAUKTAE,2021,2021-05-15 08:30:00,train
sequences\seq_TAUKTAE_2021_7394.npy,sequences\tgt_TAUKTAE_2021_7394.npy,TAUKTAE,2021,2021-05-15 08:45:00,train
sequences\seq_TAUKTAE_2021_7395.npy,sequences\tgt_TAUKTAE_2021_7395.npy,TAUKTAE,2021,2021-05-15 09:15:00,train
sequences\seq_TAUKTAE_2021_7396.npy,sequences\tgt_TAUKTAE_2021_7396.npy,TAUKTAE,2021,2021-05-15 09:45:00,train
sequences\seq_TAUKTAE_2021_7397.npy,sequences\tgt_TAUKTAE_2021_7397.npy,TAUKTAE,2021,2021-05-15 10:15:00,train
sequences\seq_TAUKTAE_2021_7398.npy,sequences\tgt_TAUKTAE_2021_7398.npy,TAUKTAE,2021,2021-05-15 10:45:00,train
sequences\seq_TAUKTAE_2021_7399.npy,sequences\tgt_TAUKTAE_2021_7399.npy,TAUKTAE,2021,2021-05-15 11:15:00,train
sequences\seq_TAUKTAE_2021_7400.npy,sequences\tgt_TAUKTAE_2021_7400.npy,TAUKTAE,2021,2021-05-15 11:45:00,train
sequences\seq_TAUKTAE_2021_7401.npy,sequences\tgt_TAUKTAE_2021_7401.npy,TAUKTAE,2021,2021-05-15 12:15:00,train
sequences\seq_TAUKTAE_2021_7402.npy,sequences\tgt_TAUKTAE_2021_7402.npy,TAUKTAE,2021,2021-05-15 12:45:00,train
sequences\seq_TAUKTAE_2021_7403.npy,sequences\tgt_TAUKTAE_2021_7403.npy,TAUKTAE,2021,2021-05-15 13:15:00,train
sequences\seq_TAUKTAE_2021_7404.npy,sequences\tgt_TAUKTAE_2021_7404.npy,TAUKTAE,2021,2021-05-15 13:30:00,train
sequences\seq_TAUKTAE_2021_7405.npy,sequences\tgt_TAUKTAE_2021_7405.npy,TAUKTAE,2021,2021-05-15 13:45:00,train
sequences\seq_TAUKTAE_2021_7406.npy,sequences\tgt_TAUKTAE_2021_7406.npy,TAUKTAE,2021,2021-05-15 14:15:00,train
sequences\seq_TAUKTAE_2021_7407.npy,sequences\tgt_TAUKTAE_2021_7407.npy,TAUKTAE,2021,2021-05-15 14:30:00,train
sequences\seq_TAUKTAE_2021_7408.npy,sequences\tgt_TAUKTAE_2021_7408.npy,TAUKTAE,2021,2021-05-15 14:45:00,train
sequences\seq_TAUKTAE_2021_7409.npy,sequences\tgt_TAUKTAE_2021_7409.npy,TAUKTAE,2021,2021-05-15 15:00:00,train
sequences\seq_TAUKTAE_2021_7410.npy,sequences\tgt_TAUKTAE_2021_7410.npy,TAUKTAE,2021,2021-05-15 15:15:00,train
sequences\seq_TAUKTAE_2021_7411.npy,sequences\tgt_TAUKTAE_2021_7411.npy,TAUKTAE,2021,2021-05-15 15:30:00,train
sequences\seq_TAUKTAE_2021_7412.npy,sequences\tgt_TAUKTAE_2021_7412.npy,TAUKTAE,2021,2021-05-15 15:45:00,train
sequences\seq_TAUKTAE_2021_7413.npy,sequences\tgt_TAUKTAE_2021_7413.npy,TAUKTAE,2021,2021-05-15 16:15:00,train
sequences\seq_TAUKTAE_2021_7414.npy,sequences\tgt_TAUKTAE_2021_7414.npy,TAUKTAE,2021,2021-05-15 16:30:00,train
sequences\seq_TAUKTAE_2021_7415.npy,sequences\tgt_TAUKTAE_2021_7415.npy,TAUKTAE,2021,2021-05-15 16:45:00,train
sequences\seq_TAUKTAE_2021_7416.npy,sequences\tgt_TAUKTAE_2021_7416.npy,TAUKTAE,2021,2021-05-15 17:00:00,train
sequences\seq_TAUKTAE_2021_7417.npy,sequences\tgt_TAUKTAE_2021_7417.npy,TAUKTAE,2021,2021-05-15 17:15:00,train
sequences\seq_TAUKTAE_2021_7418.npy,sequences\tgt_TAUKTAE_2021_7418.npy,TAUKTAE,2021,2021-05-15 17:45:00,train
sequences\seq_TAUKTAE_2021_7419.npy,sequences\tgt_TAUKTAE_2021_7419.npy,TAUKTAE,2021,2021-05-15 18:15:00,train
sequences\seq_TAUKTAE_2021_7420.npy,sequences\tgt_TAUKTAE_2021_7420.npy,TAUKTAE,2021,2021-05-15 19:00:00,train
sequences\seq_TAUKTAE_2021_7421.npy,sequences\tgt_TAUKTAE_2021_7421.npy,TAUKTAE,2021,2021-05-15 19:30:00,train
sequences\seq_TAUKTAE_2021_7422.npy,sequences\tgt_TAUKTAE_2021_7422.npy,TAUKTAE,2021,2021-05-15 20:00:00,train
sequences\seq_TAUKTAE_2021_7423.npy,sequences\tgt_TAUKTAE_2021_7423.npy,TAUKTAE,2021,2021-05-15 20:30:00,train
sequences\seq_TAUKTAE_2021_7424.npy,sequences\tgt_TAUKTAE_2021_7424.npy,TAUKTAE,2021,2021-05-15 21:00:00,train
sequences\seq_TAUKTAE_2021_7425.npy,sequences\tgt_TAUKTAE_2021_7425.npy,TAUKTAE,2021,2021-05-15 21:30:00,train
sequences\seq_TAUKTAE_2021_7426.npy,sequences\tgt_TAUKTAE_2021_7426.npy,TAUKTAE,2021,2021-05-15 21:45:00,train
sequences\seq_TAUKTAE_2021_7427.npy,sequences\tgt_TAUKTAE_2021_7427.npy,TAUKTAE,2021,2021-05-15 22:00:00,train
sequences\seq_TAUKTAE_2021_7428.npy,sequences\tgt_TAUKTAE_2021_7428.npy,TAUKTAE,2021,2021-05-15 22:15:00,train
sequences\seq_TAUKTAE_2021_7429.npy,sequences\tgt_TAUKTAE_2021_7429.npy,TAUKTAE,2021,2021-05-15 22:30:00,train
sequences\seq_TAUKTAE_2021_7430.npy,sequences\tgt_TAUKTAE_2021_7430.npy,TAUKTAE,2021,2021-05-15 22:45:00,train
sequences\seq_TAUKTAE_2021_7431.npy,sequences\tgt_TAUKTAE_2021_7431.npy,TAUKTAE,2021,2021-05-15 23:00:00,train
sequences\seq_TAUKTAE_2021_7432.npy,sequences\tgt_TAUKTAE_2021_7432.npy,TAUKTAE,2021,2021-05-15 23:15:00,train
sequences\seq_TAUKTAE_2021_7433.npy,sequences\tgt_TAUKTAE_2021_7433.npy,TAUKTAE,2021,2021-05-15 23:30:00,train
sequences\seq_TAUKTAE_2021_7434.npy,sequences\tgt_TAUKTAE_2021_7434.npy,TAUKTAE,2021,2021-05-15 23:45:00,train
sequences\seq_TAUKTAE_2021_7435.npy,sequences\tgt_TAUKTAE_2021_7435.npy,TAUKTAE,2021,2021-05-16 00:00:00,train
sequences\seq_TAUKTAE_2021_7436.npy,sequences\tgt_TAUKTAE_2021_7436.npy,TAUKTAE,2021,2021-05-16 00:30:00,train
sequences\seq_TAUKTAE_2021_7437.npy,sequences\tgt_TAUKTAE_2021_7437.npy,TAUKTAE,2021,2021-05-16 01:00:00,train
sequences\seq_TAUKTAE_2021_7438.npy,sequences\tgt_TAUKTAE_2021_7438.npy,TAUKTAE,2021,2021-05-16 01:30:00,train
sequences\seq_TAUKTAE_2021_7439.npy,sequences\tgt_TAUKTAE_2021_7439.npy,TAUKTAE,2021,2021-05-16 02:00:00,train
sequences\seq_TAUKTAE_2021_7440.npy,sequences\tgt_TAUKTAE_2021_7440.npy,TAUKTAE,2021,2021-05-16 02:30:00,train
sequences\seq_TAUKTAE_2021_7441.npy,sequences\tgt_TAUKTAE_2021_7441.npy,TAUKTAE,2021,2021-05-16 03:00:00,train
sequences\seq_TAUKTAE_2021_7442.npy,sequences\tgt_TAUKTAE_2021_7442.npy,TAUKTAE,2021,2021-05-16 03:30:00,train
sequences\seq_TAUKTAE_2021_7443.npy,sequences\tgt_TAUKTAE_2021_7443.npy,TAUKTAE,2021,2021-05-16 04:00:00,train
sequences\seq_TAUKTAE_2021_7444.npy,sequences\tgt_TAUKTAE_2021_7444.npy,TAUKTAE,2021,2021-05-16 04:30:00,train
sequences\seq_TAUKTAE_2021_7445.npy,sequences\tgt_TAUKTAE_2021_7445.npy,TAUKTAE,2021,2021-05-16 05:00:00,train
sequences\seq_TAUKTAE_2021_7446.npy,sequences\tgt_TAUKTAE_2021_7446.npy,TAUKTAE,2021,2021-05-16 05:30:00,train
sequences\seq_TAUKTAE_2021_7447.npy,sequences\tgt_TAUKTAE_2021_7447.npy,TAUKTAE,2021,2021-05-16 06:00:00,train
sequences\seq_TAUKTAE_2021_7448.npy,sequences\tgt_TAUKTAE_2021_7448.npy,TAUKTAE,2021,2021-05-16 06:30:00,train
sequences\seq_TAUKTAE_2021_7449.npy,sequences\tgt_TAUKTAE_2021_7449.npy,TAUKTAE,2021,2021-05-16 07:00:00,train
sequences\seq_TAUKTAE_2021_7450.npy,sequences\tgt_TAUKTAE_2021_7450.npy,TAUKTAE,2021,2021-05-16 07:30:00,train
sequences\seq_TAUKTAE_2021_7451.npy,sequences\tgt_TAUKTAE_2021_7451.npy,TAUKTAE,2021,2021-05-16 08:00:00,train
sequences\seq_TAUKTAE_2021_7452.npy,sequences\tgt_TAUKTAE_2021_7452.npy,TAUKTAE,2021,2021-05-16 08:30:00,train
sequences\seq_TAUKTAE_2021_7453.npy,sequences\tgt_TAUKTAE_2021_7453.npy,TAUKTAE,2021,2021-05-16 10:15:00,train
sequences\seq_TAUKTAE_2021_7454.npy,sequences\tgt_TAUKTAE_2021_7454.npy,TAUKTAE,2021,2021-05-16 10:45:00,train
sequences\seq_TAUKTAE_2021_7455.npy,sequences\tgt_TAUKTAE_2021_7455.npy,TAUKTAE,2021,2021-05-16 11:15:00,train
sequences\seq_TAUKTAE_2021_7456.npy,sequences\tgt_TAUKTAE_2021_7456.npy,TAUKTAE,2021,2021-05-16 11:45:00,train
sequences\seq_TAUKTAE_2021_7457.npy,sequences\tgt_TAUKTAE_2021_7457.npy,TAUKTAE,2021,2021-05-16 12:15:00,train
sequences\seq_TAUKTAE_2021_7458.npy,sequences\tgt_TAUKTAE_2021_7458.npy,TAUKTAE,2021,2021-05-16 12:45:00,train
sequences\seq_TAUKTAE_2021_7459.npy,sequences\tgt_TAUKTAE_2021_7459.npy,TAUKTAE,2021,2021-05-16 13:15:00,train
sequences\seq_TAUKTAE_2021_7460.npy,sequences\tgt_TAUKTAE_2021_7460.npy,TAUKTAE,2021,2021-05-16 13:45:00,train
sequences\seq_TAUKTAE_2021_7461.npy,sequences\tgt_TAUKTAE_2021_7461.npy,TAUKTAE,2021,2021-05-16 14:15:00,train
sequences\seq_TAUKTAE_2021_7462.npy,sequences\tgt_TAUKTAE_2021_7462.npy,TAUKTAE,2021,2021-05-16 14:45:00,train
sequences\seq_TAUKTAE_2021_7463.npy,sequences\tgt_TAUKTAE_2021_7463.npy,TAUKTAE,2021,2021-05-16 15:15:00,train
sequences\seq_TAUKTAE_2021_7464.npy,sequences\tgt_TAUKTAE_2021_7464.npy,TAUKTAE,2021,2021-05-16 15:45:00,train
sequences\seq_TAUKTAE_2021_7465.npy,sequences\tgt_TAUKTAE_2021_7465.npy,TAUKTAE,2021,2021-05-16 16:00:00,train
sequences\seq_TAUKTAE_2021_7466.npy,sequences\tgt_TAUKTAE_2021_7466.npy,TAUKTAE,2021,2021-05-16 16:15:00,train
sequences\seq_TAUKTAE_2021_7467.npy,sequences\tgt_TAUKTAE_2021_7467.npy,TAUKTAE,2021,2021-05-16 16:45:00,train
sequences\seq_TAUKTAE_2021_7468.npy,sequences\tgt_TAUKTAE_2021_7468.npy,TAUKTAE,2021,2021-05-16 17:00:00,train
sequences\seq_TAUKTAE_2021_7469.npy,sequences\tgt_TAUKTAE_2021_7469.npy,TAUKTAE,2021,2021-05-16 17:15:00,train
sequences\seq_TAUKTAE_2021_7470.npy,sequences\tgt_TAUKTAE_2021_7470.npy,TAUKTAE,2021,2021-05-16 17:45:00,train
sequences\seq_TAUKTAE_2021_7471.npy,sequences\tgt_TAUKTAE_2021_7471.npy,TAUKTAE,2021,2021-05-16 18:15:00,train
sequences\seq_TAUKTAE_2021_7472.npy,sequences\tgt_TAUKTAE_2021_7472.npy,TAUKTAE,2021,2021-05-16 19:45:00,train
sequences\seq_TAUKTAE_2021_7473.npy,sequences\tgt_TAUKTAE_2021_7473.npy,TAUKTAE,2021,2021-05-16 20:15:00,train
sequences\seq_TAUKTAE_2021_7474.npy,sequences\tgt_TAUKTAE_2021_7474.npy,TAUKTAE,2021,2021-05-16 20:45:00,train
sequences\seq_TAUKTAE_2021_7475.npy,sequences\tgt_TAUKTAE_2021_7475.npy,TAUKTAE,2021,2021-05-16 21:15:00,train
sequences\seq_TAUKTAE_2021_7476.npy,sequences\tgt_TAUKTAE_2021_7476.npy,TAUKTAE,2021,2021-05-16 21:45:00,train
sequences\seq_TAUKTAE_2021_7477.npy,sequences\tgt_TAUKTAE_2021_7477.npy,TAUKTAE,2021,2021-05-16 22:15:00,train
sequences\seq_TAUKTAE_2021_7478.npy,sequences\tgt_TAUKTAE_2021_7478.npy,TAUKTAE,2021,2021-05-16 22:45:00,train
sequences\seq_TAUKTAE_2021_7479.npy,sequences\tgt_TAUKTAE_2021_7479.npy,TAUKTAE,2021,2021-05-16 23:15:00,train
sequences\seq_TAUKTAE_2021_7480.npy,sequences\tgt_TAUKTAE_2021_7480.npy,TAUKTAE,2021,2021-05-16 23:45:00,train
sequences\seq_TAUKTAE_2021_7481.npy,sequences\tgt_TAUKTAE_2021_7481.npy,TAUKTAE,2021,2021-05-17 00:00:00,train
sequences\seq_TAUKTAE_2021_7482.npy,sequences\tgt_TAUKTAE_2021_7482.npy,TAUKTAE,2021,2021-05-17 00:15:00,train
sequences\seq_TAUKTAE_2021_7483.npy,sequences\tgt_TAUKTAE_2021_7483.npy,TAUKTAE,2021,2021-05-17 00:45:00,train
sequences\seq_TAUKTAE_2021_7484.npy,sequences\tgt_TAUKTAE_2021_7484.npy,TAUKTAE,2021,2021-05-17 01:00:00,train
sequences\seq_TAUKTAE_2021_7485.npy,sequences\tgt_TAUKTAE_2021_7485.npy,TAUKTAE,2021,2021-05-17 01:30:00,train
sequences\seq_TAUKTAE_2021_7486.npy,sequences\tgt_TAUKTAE_2021_7486.npy,TAUKTAE,2021,2021-05-17 01:45:00,train
sequences\seq_TAUKTAE_2021_7487.npy,sequences\tgt_TAUKTAE_2021_7487.npy,TAUKTAE,2021,2021-05-17 02:00:00,train
sequences\seq_TAUKTAE_2021_7488.npy,sequences\tgt_TAUKTAE_2021_7488.npy,TAUKTAE,2021,2021-05-17 02:15:00,train
sequences\seq_TAUKTAE_2021_7489.npy,sequences\tgt_TAUKTAE_2021_7489.npy,TAUKTAE,2021,2021-05-17 02:30:00,train
sequences\seq_TAUKTAE_2021_7490.npy,sequences\tgt_TAUKTAE_2021_7490.npy,TAUKTAE,2021,2021-05-17 02:45:00,train
sequences\seq_TAUKTAE_2021_7491.npy,sequences\tgt_TAUKTAE_2021_7491.npy,TAUKTAE,2021,2021-05-17 03:00:00,train
sequences\seq_TAUKTAE_2021_7492.npy,sequences\tgt_TAUKTAE_2021_7492.npy,TAUKTAE,2021,2021-05-17 03:15:00,train
sequences\seq_TAUKTAE_2021_7493.npy,sequences\tgt_TAUKTAE_2021_7493.npy,TAUKTAE,2021,2021-05-17 03:30:00,train
sequences\seq_TAUKTAE_2021_7494.npy,sequences\tgt_TAUKTAE_2021_7494.npy,TAUKTAE,2021,2021-05-17 03:45:00,train
sequences\seq_TAUKTAE_2021_7495.npy,sequences\tgt_TAUKTAE_2021_7495.npy,TAUKTAE,2021,2021-05-17 04:00:00,train
sequences\seq_TAUKTAE_2021_7496.npy,sequences\tgt_TAUKTAE_2021_7496.npy,TAUKTAE,2021,2021-05-17 04:15:00,train
sequences\seq_TAUKTAE_2021_7497.npy,sequences\tgt_TAUKTAE_2021_7497.npy,TAUKTAE,2021,2021-05-17 04:30:00,train
sequences\seq_TAUKTAE_2021_7498.npy,sequences\tgt_TAUKTAE_2021_7498.npy,TAUKTAE,2021,2021-05-17 04:45:00,train
sequences\seq_TAUKTAE_2021_7499.npy,sequences\tgt_TAUKTAE_2021_7499.npy,TAUKTAE,2021,2021-05-17 05:00:00,train
sequences\seq_TAUKTAE_2021_7500.npy,sequences\tgt_TAUKTAE_2021_7500.npy,TAUKTAE,2021,2021-05-17 05:15:00,train
sequences\seq_TAUKTAE_2021_7501.npy,sequences\tgt_TAUKTAE_2021_7501.npy,TAUKTAE,2021,2021-05-17 05:30:00,train
sequences\seq_TAUKTAE_2021_7502.npy,sequences\tgt_TAUKTAE_2021_7502.npy,TAUKTAE,2021,2021-05-17 05:45:00,train
sequences\seq_TAUKTAE_2021_7503.npy,sequences\tgt_TAUKTAE_2021_7503.npy,TAUKTAE,2021,2021-05-17 06:00:00,train
sequences\seq_TAUKTAE_2021_7504.npy,sequences\tgt_TAUKTAE_2021_7504.npy,TAUKTAE,2021,2021-05-17 06:15:00,train
sequences\seq_TAUKTAE_2021_7505.npy,sequences\tgt_TAUKTAE_2021_7505.npy,TAUKTAE,2021,2021-05-17 06:30:00,train
sequences\seq_TAUKTAE_2021_7506.npy,sequences\tgt_TAUKTAE_2021_7506.npy,TAUKTAE,2021,2021-05-17 06:45:00,train
sequences\seq_TAUKTAE_2021_7507.npy,sequences\tgt_TAUKTAE_2021_7507.npy,TAUKTAE,2021,2021-05-17 07:00:00,train
sequences\seq_TAUKTAE_2021_7508.npy,sequences\tgt_TAUKTAE_2021_7508.npy,TAUKTAE,2021,2021-05-17 07:15:00,train
sequences\seq_TAUKTAE_2021_7509.npy,sequences\tgt_TAUKTAE_2021_7509.npy,TAUKTAE,2021,2021-05-17 07:30:00,train
sequences\seq_TAUKTAE_2021_7510.npy,sequences\tgt_TAUKTAE_2021_7510.npy,TAUKTAE,2021,2021-05-17 07:45:00,train
sequences\seq_TAUKTAE_2021_7511.npy,sequences\tgt_TAUKTAE_2021_7511.npy,TAUKTAE,2021,2021-05-17 08:00:00,train
sequences\seq_TAUKTAE_2021_7512.npy,sequences\tgt_TAUKTAE_2021_7512.npy,TAUKTAE,2021,2021-05-17 08:15:00,train
sequences\seq_TAUKTAE_2021_7513.npy,sequences\tgt_TAUKTAE_2021_7513.npy,TAUKTAE,2021,2021-05-17 08:30:00,train
sequences\seq_TAUKTAE_2021_7514.npy,sequences\tgt_TAUKTAE_2021_7514.npy,TAUKTAE,2021,2021-05-17 08:45:00,train
sequences\seq_TAUKTAE_2021_7515.npy,sequences\tgt_TAUKTAE_2021_7515.npy,TAUKTAE,2021,2021-05-17 09:15:00,train
sequences\seq_TAUKTAE_2021_7516.npy,sequences\tgt_TAUKTAE_2021_7516.npy,TAUKTAE,2021,2021-05-17 09:45:00,train
sequences\seq_TAUKTAE_2021_7517.npy,sequences\tgt_TAUKTAE_2021_7517.npy,TAUKTAE,2021,2021-05-17 10:15:00,train
sequences\seq_TAUKTAE_2021_7518.npy,sequences\tgt_TAUKTAE_2021_7518.npy,TAUKTAE,2021,2021-05-17 10:45:00,train
sequences\seq_TAUKTAE_2021_7519.npy,sequences\tgt_TAUKTAE_2021_7519.npy,TAUKTAE,2021,2021-05-17 11:15:00,train
sequences\seq_TAUKTAE_2021_7520.npy,sequences\tgt_TAUKTAE_2021_7520.npy,TAUKTAE,2021,2021-05-17 11:45:00,train
sequences\seq_TAUKTAE_2021_7521.npy,sequences\tgt_TAUKTAE_2021_7521.npy,TAUKTAE,2021,2021-05-17 12:15:00,train
sequences\seq_TAUKTAE_2021_7522.npy,sequences\tgt_TAUKTAE_2021_7522.npy,TAUKTAE,2021,2021-05-17 12:45:00,train
sequences\seq_TAUKTAE_2021_7523.npy,sequences\tgt_TAUKTAE_2021_7523.npy,TAUKTAE,2021,2021-05-17 13:15:00,train
sequences\seq_TAUKTAE_2021_7524.npy,sequences\tgt_TAUKTAE_2021_7524.npy,TAUKTAE,2021,2021-05-17 13:45:00,train
sequences\seq_TAUKTAE_2021_7525.npy,sequences\tgt_TAUKTAE_2021_7525.npy,TAUKTAE,2021,2021-05-17 14:15:00,train
sequences\seq_TAUKTAE_2021_7526.npy,sequences\tgt_TAUKTAE_2021_7526.npy,TAUKTAE,2021,2021-05-17 14:45:00,train
sequences\seq_TAUKTAE_2021_7527.npy,sequences\tgt_TAUKTAE_2021_7527.npy,TAUKTAE,2021,2021-05-17 15:15:00,train
sequences\seq_TAUKTAE_2021_7528.npy,sequences\tgt_TAUKTAE_2021_7528.npy,TAUKTAE,2021,2021-05-17 15:45:00,train
sequences\seq_TAUKTAE_2021_7529.npy,sequences\tgt_TAUKTAE_2021_7529.npy,TAUKTAE,2021,2021-05-17 16:00:00,train
sequences\seq_TAUKTAE_2021_7530.npy,sequences\tgt_TAUKTAE_2021_7530.npy,TAUKTAE,2021,2021-05-17 16:15:00,train
sequences\seq_TAUKTAE_2021_7531.npy,sequences\tgt_TAUKTAE_2021_7531.npy,TAUKTAE,2021,2021-05-17 16:45:00,train
sequences\seq_TAUKTAE_2021_7532.npy,sequences\tgt_TAUKTAE_2021_7532.npy,TAUKTAE,2021,2021-05-17 17:00:00,train
sequences\seq_TAUKTAE_2021_7533.npy,sequences\tgt_TAUKTAE_2021_7533.npy,TAUKTAE,2021,2021-05-17 17:15:00,train
sequences\seq_TAUKTAE_2021_7534.npy,sequences\tgt_TAUKTAE_2021_7534.npy,TAUKTAE,2021,2021-05-17 17:30:00,train
sequences\seq_TAUKTAE_2021_7535.npy,sequences\tgt_TAUKTAE_2021_7535.npy,TAUKTAE,2021,2021-05-17 17:45:00,train
sequences\seq_TAUKTAE_2021_7536.npy,sequences\tgt_TAUKTAE_2021_7536.npy,TAUKTAE,2021,2021-05-17 18:00:00,train
sequences\seq_TAUKTAE_2021_7537.npy,sequences\tgt_TAUKTAE_2021_7537.npy,TAUKTAE,2021,2021-05-17 18:15:00,train
sequences\seq_TAUKTAE_2021_7538.npy,sequences\tgt_TAUKTAE_2021_7538.npy,TAUKTAE,2021,2021-05-17 18:30:00,train
sequences\seq_TAUKTAE_2021_7539.npy,sequences\tgt_TAUKTAE_2021_7539.npy,TAUKTAE,2021,2021-05-17 19:00:00,train
sequences\seq_TAUKTAE_2021_7540.npy,sequences\tgt_TAUKTAE_2021_7540.npy,TAUKTAE,2021,2021-05-17 19:30:00,train
sequences\seq_TAUKTAE_2021_7541.npy,sequences\tgt_TAUKTAE_2021_7541.npy,TAUKTAE,2021,2021-05-17 19:45:00,train
sequences\seq_TAUKTAE_2021_7542.npy,sequences\tgt_TAUKTAE_2021_7542.npy,TAUKTAE,2021,2021-05-17 20:00:00,train
sequences\seq_TAUKTAE_2021_7543.npy,sequences\tgt_TAUKTAE_2021_7543.npy,TAUKTAE,2021,2021-05-17 20:15:00,train
sequences\seq_TAUKTAE_2021_7544.npy,sequences\tgt_TAUKTAE_2021_7544.npy,TAUKTAE,2021,2021-05-17 20:30:00,train
sequences\seq_TAUKTAE_2021_7545.npy,sequences\tgt_TAUKTAE_2021_7545.npy,TAUKTAE,2021,2021-05-17 20:45:00,train
sequences\seq_TAUKTAE_2021_7546.npy,sequences\tgt_TAUKTAE_2021_7546.npy,TAUKTAE,2021,2021-05-17 21:00:00,train
sequences\seq_TAUKTAE_2021_7547.npy,sequences\tgt_TAUKTAE_2021_7547.npy,TAUKTAE,2021,2021-05-17 21:15:00,train
sequences\seq_TAUKTAE_2021_7548.npy,sequences\tgt_TAUKTAE_2021_7548.npy,TAUKTAE,2021,2021-05-17 21:30:00,train
sequences\seq_TAUKTAE_2021_7549.npy,sequences\tgt_TAUKTAE_2021_7549.npy,TAUKTAE,2021,2021-05-17 21:45:00,train
sequences\seq_TAUKTAE_2021_7550.npy,sequences\tgt_TAUKTAE_2021_7550.npy,TAUKTAE,2021,2021-05-17 22:00:00,train
sequences\seq_TAUKTAE_2021_7551.npy,sequences\tgt_TAUKTAE_2021_7551.npy,TAUKTAE,2021,2021-05-17 22:15:00,train
sequences\seq_TAUKTAE_2021_7552.npy,sequences\tgt_TAUKTAE_2021_7552.npy,TAUKTAE,2021,2021-05-17 22:30:00,train
sequences\seq_TAUKTAE_2021_7553.npy,sequences\tgt_TAUKTAE_2021_7553.npy,TAUKTAE,2021,2021-05-17 22:45:00,train
sequences\seq_TAUKTAE_2021_7554.npy,sequences\tgt_TAUKTAE_2021_7554.npy,TAUKTAE,2021,2021-05-17 23:00:00,train
sequences\seq_TAUKTAE_2021_7555.npy,sequences\tgt_TAUKTAE_2021_7555.npy,TAUKTAE,2021,2021-05-17 23:15:00,train
sequences\seq_TAUKTAE_2021_7556.npy,sequences\tgt_TAUKTAE_2021_7556.npy,TAUKTAE,2021,2021-05-17 23:30:00,train
sequences\seq_TAUKTAE_2021_7557.npy,sequences\tgt_TAUKTAE_2021_7557.npy,TAUKTAE,2021,2021-05-17 23:45:00,train
sequences\seq_TAUKTAE_2021_7558.npy,sequences\tgt_TAUKTAE_2021_7558.npy,TAUKTAE,2021,2021-05-18 00:00:00,train
sequences\seq_TAUKTAE_2021_7559.npy,sequences\tgt_TAUKTAE_2021_7559.npy,TAUKTAE,2021,2021-05-18 00:15:00,train
sequences\seq_TAUKTAE_2021_7560.npy,sequences\tgt_TAUKTAE_2021_7560.npy,TAUKTAE,2021,2021-05-18 00:30:00,train
sequences\seq_TAUKTAE_2021_7561.npy,sequences\tgt_TAUKTAE_2021_7561.npy,TAUKTAE,2021,2021-05-18 00:45:00,train
sequences\seq_TAUKTAE_2021_7562.npy,sequences\tgt_TAUKTAE_2021_7562.npy,TAUKTAE,2021,2021-05-18 01:00:00,train
sequences\seq_TAUKTAE_2021_7563.npy,sequences\tgt_TAUKTAE_2021_7563.npy,TAUKTAE,2021,2021-05-18 01:15:00,train
sequences\seq_TAUKTAE_2021_7564.npy,sequences\tgt_TAUKTAE_2021_7564.npy,TAUKTAE,2021,2021-05-18 01:30:00,train
sequences\seq_TAUKTAE_2021_7565.npy,sequences\tgt_TAUKTAE_2021_7565.npy,TAUKTAE,2021,2021-05-18 01:45:00,train
sequences\seq_TAUKTAE_2021_7566.npy,sequences\tgt_TAUKTAE_2021_7566.npy,TAUKTAE,2021,2021-05-18 02:00:00,train
sequences\seq_TAUKTAE_2021_7567.npy,sequences\tgt_TAUKTAE_2021_7567.npy,TAUKTAE,2021,2021-05-18 02:15:00,train
sequences\seq_TAUKTAE_2021_7568.npy,sequences\tgt_TAUKTAE_2021_7568.npy,TAUKTAE,2021,2021-05-18 02:30:00,train
sequences\seq_TAUKTAE_2021_7569.npy,sequences\tgt_TAUKTAE_2021_7569.npy,TAUKTAE,2021,2021-05-18 02:45:00,train
sequences\seq_TAUKTAE_2021_7570.npy,sequences\tgt_TAUKTAE_2021_7570.npy,TAUKTAE,2021,2021-05-18 03:00:00,train
sequences\seq_TAUKTAE_2021_7571.npy,sequences\tgt_TAUKTAE_2021_7571.npy,TAUKTAE,2021,2021-05-18 03:15:00,train
sequences\seq_TAUKTAE_2021_7572.npy,sequences\tgt_TAUKTAE_2021_7572.npy,TAUKTAE,2021,2021-05-18 03:30:00,train
sequences\seq_TAUKTAE_2021_7573.npy,sequences\tgt_TAUKTAE_2021_7573.npy,TAUKTAE,2021,2021-05-18 03:45:00,train
sequences\seq_TAUKTAE_2021_7574.npy,sequences\tgt_TAUKTAE_2021_7574.npy,TAUKTAE,2021,2021-05-18 04:00:00,train
sequences\seq_TAUKTAE_2021_7575.npy,sequences\tgt_TAUKTAE_2021_7575.npy,TAUKTAE,2021,2021-05-18 04:15:00,train
sequences\seq_TAUKTAE_2021_7576.npy,sequences\tgt_TAUKTAE_2021_7576.npy,TAUKTAE,2021,2021-05-18 04:30:00,train
sequences\seq_TAUKTAE_2021_7577.npy,sequences\tgt_TAUKTAE_2021_7577.npy,TAUKTAE,2021,2021-05-18 04:45:00,train
sequences\seq_TAUKTAE_2021_7578.npy,sequences\tgt_TAUKTAE_2021_7578.npy,TAUKTAE,2021,2021-05-18 05:00:00,train
sequences\seq_TAUKTAE_2021_7579.npy,sequences\tgt_TAUKTAE_2021_7579.npy,TAUKTAE,2021,2021-05-18 05:15:00,train
sequences\seq_TAUKTAE_2021_7580.npy,sequences\tgt_TAUKTAE_2021_7580.npy,TAUKTAE,2021,2021-05-18 05:30:00,train
sequences\seq_TAUKTAE_2021_7581.npy,sequences\tgt_TAUKTAE_2021_7581.npy,TAUKTAE,2021,2021-05-18 05:45:00,train
sequences\seq_TAUKTAE_2021_7582.npy,sequences\tgt_TAUKTAE_2021_7582.npy,TAUKTAE,2021,2021-05-18 06:00:00,train
sequences\seq_TAUKTAE_2021_7583.npy,sequences\tgt_TAUKTAE_2021_7583.npy,TAUKTAE,2021,2021-05-18 06:15:00,train
sequences\seq_TAUKTAE_2021_7584.npy,sequences\tgt_TAUKTAE_2021_7584.npy,TAUKTAE,2021,2021-05-18 06:30:00,train
sequences\seq_TAUKTAE_2021_7585.npy,sequences\tgt_TAUKTAE_2021_7585.npy,TAUKTAE,2021,2021-05-18 06:45:00,train
sequences\seq_TAUKTAE_2021_7586.npy,sequences\tgt_TAUKTAE_2021_7586.npy,TAUKTAE,2021,2021-05-18 07:00:00,train
sequences\seq_TAUKTAE_2021_7587.npy,sequences\tgt_TAUKTAE_2021_7587.npy,TAUKTAE,2021,2021-05-18 07:15:00,train
sequences\seq_TAUKTAE_2021_7588.npy,sequences\tgt_TAUKTAE_2021_7588.npy,TAUKTAE,2021,2021-05-18 07:30:00,train
sequences\seq_TAUKTAE_2021_7589.npy,sequences\tgt_TAUKTAE_2021_7589.npy,TAUKTAE,2021,2021-05-18 07:45:00,train
sequences\seq_TAUKTAE_2021_7590.npy,sequences\tgt_TAUKTAE_2021_7590.npy,TAUKTAE,2021,2021-05-18 08:00:00,train
sequences\seq_TAUKTAE_2021_7591.npy,sequences\tgt_TAUKTAE_2021_7591.npy,TAUKTAE,2021,2021-05-18 08:15:00,train
sequences\seq_TAUKTAE_2021_7592.npy,sequences\tgt_TAUKTAE_2021_7592.npy,TAUKTAE,2021,2021-05-18 08:45:00,train
sequences\seq_TAUKTAE_2021_7593.npy,sequences\tgt_TAUKTAE_2021_7593.npy,TAUKTAE,2021,2021-05-18 09:15:00,train
sequences\seq_TAUKTAE_2021_7594.npy,sequences\tgt_TAUKTAE_2021_7594.npy,TAUKTAE,2021,2021-05-18 09:45:00,train
sequences\seq_TAUKTAE_2021_7595.npy,sequences\tgt_TAUKTAE_2021_7595.npy,TAUKTAE,2021,2021-05-18 10:15:00,train
sequences\seq_TAUKTAE_2021_7596.npy,sequences\tgt_TAUKTAE_2021_7596.npy,TAUKTAE,2021,2021-05-18 10:45:00,train
sequences\seq_TAUKTAE_2021_7597.npy,sequences\tgt_TAUKTAE_2021_7597.npy,TAUKTAE,2021,2021-05-18 11:15:00,train
sequences\seq_TAUKTAE_2021_7598.npy,sequences\tgt_TAUKTAE_2021_7598.npy,TAUKTAE,2021,2021-05-18 11:45:00,train
sequences\seq_TAUKTAE_2021_7599.npy,sequences\tgt_TAUKTAE_2021_7599.npy,TAUKTAE,2021,2021-05-18 12:15:00,train
sequences\seq_TAUKTAE_2021_7600.npy,sequences\tgt_TAUKTAE_2021_7600.npy,TAUKTAE,2021,2021-05-18 12:45:00,train
sequences\seq_TAUKTAE_2021_7601.npy,sequences\tgt_TAUKTAE_2021_7601.npy,TAUKTAE,2021,2021-05-18 13:15:00,train
sequences\seq_TAUKTAE_2021_7602.npy,sequences\tgt_TAUKTAE_2021_7602.npy,TAUKTAE,2021,2021-05-18 13:30:00,train
sequences\seq_TAUKTAE_2021_7603.npy,sequences\tgt_TAUKTAE_2021_7603.npy,TAUKTAE,2021,2021-05-18 13:45:00,train
sequences\seq_TAUKTAE_2021_7604.npy,sequences\tgt_TAUKTAE_2021_7604.npy,TAUKTAE,2021,2021-05-18 14:15:00,train
sequences\seq_TAUKTAE_2021_7605.npy,sequences\tgt_TAUKTAE_2021_7605.npy,TAUKTAE,2021,2021-05-18 14:30:00,train
sequences\seq_TAUKTAE_2021_7606.npy,sequences\tgt_TAUKTAE_2021_7606.npy,TAUKTAE,2021,2021-05-18 14:45:00,train
sequences\seq_TAUKTAE_2021_7607.npy,sequences\tgt_TAUKTAE_2021_7607.npy,TAUKTAE,2021,2021-05-18 15:15:00,train
sequences\seq_TAUKTAE_2021_7608.npy,sequences\tgt_TAUKTAE_2021_7608.npy,TAUKTAE,2021,2021-05-18 15:30:00,train
sequences\seq_TAUKTAE_2021_7609.npy,sequences\tgt_TAUKTAE_2021_7609.npy,TAUKTAE,2021,2021-05-18 15:45:00,train
sequences\seq_TAUKTAE_2021_7610.npy,sequences\tgt_TAUKTAE_2021_7610.npy,TAUKTAE,2021,2021-05-18 16:00:00,train
sequences\seq_TAUKTAE_2021_7611.npy,sequences\tgt_TAUKTAE_2021_7611.npy,TAUKTAE,2021,2021-05-18 16:15:00,train
sequences\seq_TAUKTAE_2021_7612.npy,sequences\tgt_TAUKTAE_2021_7612.npy,TAUKTAE,2021,2021-05-18 16:30:00,train
sequences\seq_TAUKTAE_2021_7613.npy,sequences\tgt_TAUKTAE_2021_7613.npy,TAUKTAE,2021,2021-05-18 16:45:00,train
sequences\seq_TAUKTAE_2021_7614.npy,sequences\tgt_TAUKTAE_2021_7614.npy,TAUKTAE,2021,2021-05-18 17:00:00,train
sequences\seq_TAUKTAE_2021_7615.npy,sequences\tgt_TAUKTAE_2021_7615.npy,TAUKTAE,2021,2021-05-18 17:15:00,train
sequences\seq_TAUKTAE_2021_7616.npy,sequences\tgt_TAUKTAE_2021_7616.npy,TAUKTAE,2021,2021-05-18 17:30:00,train
sequences\seq_TAUKTAE_2021_7617.npy,sequences\tgt_TAUKTAE_2021_7617.npy,TAUKTAE,2021,2021-05-18 17:45:00,train
sequences\seq_TAUKTAE_2021_7618.npy,sequences\tgt_TAUKTAE_2021_7618.npy,TAUKTAE,2021,2021-05-18 18:00:00,train
sequences\seq_TAUKTAE_2021_7619.npy,sequences\tgt_TAUKTAE_2021_7619.npy,TAUKTAE,2021,2021-05-18 18:15:00,train
sequences\seq_TAUKTAE_2021_7620.npy,sequences\tgt_TAUKTAE_2021_7620.npy,TAUKTAE,2021,2021-05-18 19:45:00,train
sequences\seq_TAUKTAE_2021_7621.npy,sequences\tgt_TAUKTAE_2021_7621.npy,TAUKTAE,2021,2021-05-18 20:15:00,train
sequences\seq_TAUKTAE_2021_7622.npy,sequences\tgt_TAUKTAE_2021_7622.npy,TAUKTAE,2021,2021-05-18 20:45:00,train
sequences\seq_TAUKTAE_2021_7623.npy,sequences\tgt_TAUKTAE_2021_7623.npy,TAUKTAE,2021,2021-05-18 21:15:00,train
sequences\seq_TAUKTAE_2021_7624.npy,sequences\tgt_TAUKTAE_2021_7624.npy,TAUKTAE,2021,2021-05-18 21:45:00,train
sequences\seq_TITLI_2018_7625.npy,sequences\tgt_TITLI_2018_7625.npy,TITLI,2018,2018-10-09 20:00:00,train
sequences\seq_TITLI_2018_7626.npy,sequences\tgt_TITLI_2018_7626.npy,TITLI,2018,2018-10-09 20:30:00,train
sequences\seq_TITLI_2018_7627.npy,sequences\tgt_TITLI_2018_7627.npy,TITLI,2018,2018-10-09 20:45:00,train
sequences\seq_TITLI_2018_7628.npy,sequences\tgt_TITLI_2018_7628.npy,TITLI,2018,2018-10-09 21:00:00,train
sequences\seq_TITLI_2018_7629.npy,sequences\tgt_TITLI_2018_7629.npy,TITLI,2018,2018-10-09 21:15:00,train
sequences\seq_TITLI_2018_7630.npy,sequences\tgt_TITLI_2018_7630.npy,TITLI,2018,2018-10-09 21:30:00,train
sequences\seq_TITLI_2018_7631.npy,sequences\tgt_TITLI_2018_7631.npy,TITLI,2018,2018-10-09 21:45:00,train
sequences\seq_TITLI_2018_7632.npy,sequences\tgt_TITLI_2018_7632.npy,TITLI,2018,2018-10-09 22:00:00,train
sequences\seq_TITLI_2018_7633.npy,sequences\tgt_TITLI_2018_7633.npy,TITLI,2018,2018-10-09 22:15:00,train
sequences\seq_TITLI_2018_7634.npy,sequences\tgt_TITLI_2018_7634.npy,TITLI,2018,2018-10-09 22:30:00,train
sequences\seq_TITLI_2018_7635.npy,sequences\tgt_TITLI_2018_7635.npy,TITLI,2018,2018-10-09 22:45:00,train
sequences\seq_TITLI_2018_7636.npy,sequences\tgt_TITLI_2018_7636.npy,TITLI,2018,2018-10-09 23:00:00,train
sequences\seq_TITLI_2018_7637.npy,sequences\tgt_TITLI_2018_7637.npy,TITLI,2018,2018-10-09 23:15:00,train
sequences\seq_TITLI_2018_7638.npy,sequences\tgt_TITLI_2018_7638.npy,TITLI,2018,2018-10-09 23:30:00,train
sequences\seq_TITLI_2018_7639.npy,sequences\tgt_TITLI_2018_7639.npy,TITLI,2018,2018-10-09 23:45:00,train
sequences\seq_TITLI_2018_7640.npy,sequences\tgt_TITLI_2018_7640.npy,TITLI,2018,2018-10-10 00:00:00,train
sequences\seq_TITLI_2018_7641.npy,sequences\tgt_TITLI_2018_7641.npy,TITLI,2018,2018-10-10 00:15:00,train
sequences\seq_TITLI_2018_7642.npy,sequences\tgt_TITLI_2018_7642.npy,TITLI,2018,2018-10-10 00:30:00,train
sequences\seq_TITLI_2018_7643.npy,sequences\tgt_TITLI_2018_7643.npy,TITLI,2018,2018-10-10 00:45:00,train
sequences\seq_TITLI_2018_7644.npy,sequences\tgt_TITLI_2018_7644.npy,TITLI,2018,2018-10-10 01:00:00,train
sequences\seq_TITLI_2018_7645.npy,sequences\tgt_TITLI_2018_7645.npy,TITLI,2018,2018-10-10 01:15:00,train
sequences\seq_TITLI_2018_7646.npy,sequences\tgt_TITLI_2018_7646.npy,TITLI,2018,2018-10-10 01:30:00,train
sequences\seq_TITLI_2018_7647.npy,sequences\tgt_TITLI_2018_7647.npy,TITLI,2018,2018-10-10 01:45:00,train
sequences\seq_TITLI_2018_7648.npy,sequences\tgt_TITLI_2018_7648.npy,TITLI,2018,2018-10-10 02:00:00,train
sequences\seq_TITLI_2018_7649.npy,sequences\tgt_TITLI_2018_7649.npy,TITLI,2018,2018-10-10 02:15:00,train
sequences\seq_TITLI_2018_7650.npy,sequences\tgt_TITLI_2018_7650.npy,TITLI,2018,2018-10-10 02:30:00,train
sequences\seq_TITLI_2018_7651.npy,sequences\tgt_TITLI_2018_7651.npy,TITLI,2018,2018-10-10 02:45:00,train
sequences\seq_TITLI_2018_7652.npy,sequences\tgt_TITLI_2018_7652.npy,TITLI,2018,2018-10-10 03:00:00,train
sequences\seq_TITLI_2018_7653.npy,sequences\tgt_TITLI_2018_7653.npy,TITLI,2018,2018-10-10 03:15:00,train
sequences\seq_TITLI_2018_7654.npy,sequences\tgt_TITLI_2018_7654.npy,TITLI,2018,2018-10-10 03:30:00,train
sequences\seq_TITLI_2018_7655.npy,sequences\tgt_TITLI_2018_7655.npy,TITLI,2018,2018-10-10 03:45:00,train
sequences\seq_TITLI_2018_7656.npy,sequences\tgt_TITLI_2018_7656.npy,TITLI,2018,2018-10-10 04:00:00,train
sequences\seq_TITLI_2018_7657.npy,sequences\tgt_TITLI_2018_7657.npy,TITLI,2018,2018-10-10 04:15:00,train
sequences\seq_TITLI_2018_7658.npy,sequences\tgt_TITLI_2018_7658.npy,TITLI,2018,2018-10-10 04:30:00,train
sequences\seq_TITLI_2018_7659.npy,sequences\tgt_TITLI_2018_7659.npy,TITLI,2018,2018-10-10 04:45:00,train
sequences\seq_TITLI_2018_7660.npy,sequences\tgt_TITLI_2018_7660.npy,TITLI,2018,2018-10-10 05:00:00,train
sequences\seq_TITLI_2018_7661.npy,sequences\tgt_TITLI_2018_7661.npy,TITLI,2018,2018-10-10 05:15:00,train
sequences\seq_TITLI_2018_7662.npy,sequences\tgt_TITLI_2018_7662.npy,TITLI,2018,2018-10-10 05:30:00,train
sequences\seq_TITLI_2018_7663.npy,sequences\tgt_TITLI_2018_7663.npy,TITLI,2018,2018-10-10 05:45:00,train
sequences\seq_TITLI_2018_7664.npy,sequences\tgt_TITLI_2018_7664.npy,TITLI,2018,2018-10-10 06:00:00,train
sequences\seq_TITLI_2018_7665.npy,sequences\tgt_TITLI_2018_7665.npy,TITLI,2018,2018-10-10 06:15:00,train
sequences\seq_TITLI_2018_7666.npy,sequences\tgt_TITLI_2018_7666.npy,TITLI,2018,2018-10-10 06:30:00,train
sequences\seq_TITLI_2018_7667.npy,sequences\tgt_TITLI_2018_7667.npy,TITLI,2018,2018-10-10 06:45:00,train
sequences\seq_TITLI_2018_7668.npy,sequences\tgt_TITLI_2018_7668.npy,TITLI,2018,2018-10-10 07:00:00,train
sequences\seq_TITLI_2018_7669.npy,sequences\tgt_TITLI_2018_7669.npy,TITLI,2018,2018-10-10 07:15:00,train
sequences\seq_TITLI_2018_7670.npy,sequences\tgt_TITLI_2018_7670.npy,TITLI,2018,2018-10-10 07:30:00,train
sequences\seq_TITLI_2018_7671.npy,sequences\tgt_TITLI_2018_7671.npy,TITLI,2018,2018-10-10 07:45:00,train
sequences\seq_TITLI_2018_7672.npy,sequences\tgt_TITLI_2018_7672.npy,TITLI,2018,2018-10-10 08:00:00,train
sequences\seq_TITLI_2018_7673.npy,sequences\tgt_TITLI_2018_7673.npy,TITLI,2018,2018-10-10 08:15:00,train
sequences\seq_TITLI_2018_7674.npy,sequences\tgt_TITLI_2018_7674.npy,TITLI,2018,2018-10-10 08:30:00,train
sequences\seq_TITLI_2018_7675.npy,sequences\tgt_TITLI_2018_7675.npy,TITLI,2018,2018-10-10 08:45:00,train
sequences\seq_TITLI_2018_7676.npy,sequences\tgt_TITLI_2018_7676.npy,TITLI,2018,2018-10-10 09:00:00,train
sequences\seq_TITLI_2018_7677.npy,sequences\tgt_TITLI_2018_7677.npy,TITLI,2018,2018-10-10 09:15:00,train
sequences\seq_TITLI_2018_7678.npy,sequences\tgt_TITLI_2018_7678.npy,TITLI,2018,2018-10-10 09:30:00,train
sequences\seq_TITLI_2018_7679.npy,sequences\tgt_TITLI_2018_7679.npy,TITLI,2018,2018-10-10 09:45:00,train
sequences\seq_TITLI_2018_7680.npy,sequences\tgt_TITLI_2018_7680.npy,TITLI,2018,2018-10-10 10:00:00,train
sequences\seq_TITLI_2018_7681.npy,sequences\tgt_TITLI_2018_7681.npy,TITLI,2018,2018-10-10 10:15:00,train
sequences\seq_TITLI_2018_7682.npy,sequences\tgt_TITLI_2018_7682.npy,TITLI,2018,2018-10-10 10:30:00,train
sequences\seq_TITLI_2018_7683.npy,sequences\tgt_TITLI_2018_7683.npy,TITLI,2018,2018-10-10 10:45:00,train
sequences\seq_TITLI_2018_7684.npy,sequences\tgt_TITLI_2018_7684.npy,TITLI,2018,2018-10-10 11:00:00,train
sequences\seq_TITLI_2018_7685.npy,sequences\tgt_TITLI_2018_7685.npy,TITLI,2018,2018-10-10 11:15:00,train
sequences\seq_TITLI_2018_7686.npy,sequences\tgt_TITLI_2018_7686.npy,TITLI,2018,2018-10-10 11:30:00,train
sequences\seq_TITLI_2018_7687.npy,sequences\tgt_TITLI_2018_7687.npy,TITLI,2018,2018-10-10 11:45:00,train
sequences\seq_TITLI_2018_7688.npy,sequences\tgt_TITLI_2018_7688.npy,TITLI,2018,2018-10-10 12:00:00,train
sequences\seq_TITLI_2018_7689.npy,sequences\tgt_TITLI_2018_7689.npy,TITLI,2018,2018-10-10 12:15:00,train
sequences\seq_TITLI_2018_7690.npy,sequences\tgt_TITLI_2018_7690.npy,TITLI,2018,2018-10-10 12:45:00,train
sequences\seq_TITLI_2018_7691.npy,sequences\tgt_TITLI_2018_7691.npy,TITLI,2018,2018-10-10 13:15:00,train
sequences\seq_TITLI_2018_7692.npy,sequences\tgt_TITLI_2018_7692.npy,TITLI,2018,2018-10-10 13:30:00,train
sequences\seq_TITLI_2018_7693.npy,sequences\tgt_TITLI_2018_7693.npy,TITLI,2018,2018-10-10 13:45:00,train
sequences\seq_TITLI_2018_7694.npy,sequences\tgt_TITLI_2018_7694.npy,TITLI,2018,2018-10-10 14:00:00,train
sequences\seq_TITLI_2018_7695.npy,sequences\tgt_TITLI_2018_7695.npy,TITLI,2018,2018-10-10 14:15:00,train
sequences\seq_TITLI_2018_7696.npy,sequences\tgt_TITLI_2018_7696.npy,TITLI,2018,2018-10-10 14:30:00,train
sequences\seq_TITLI_2018_7697.npy,sequences\tgt_TITLI_2018_7697.npy,TITLI,2018,2018-10-10 14:45:00,train
sequences\seq_TITLI_2018_7698.npy,sequences\tgt_TITLI_2018_7698.npy,TITLI,2018,2018-10-10 15:00:00,train
sequences\seq_TITLI_2018_7699.npy,sequences\tgt_TITLI_2018_7699.npy,TITLI,2018,2018-10-10 15:15:00,train
sequences\seq_TITLI_2018_7700.npy,sequences\tgt_TITLI_2018_7700.npy,TITLI,2018,2018-10-10 15:30:00,train
sequences\seq_TITLI_2018_7701.npy,sequences\tgt_TITLI_2018_7701.npy,TITLI,2018,2018-10-10 15:45:00,train
sequences\seq_TITLI_2018_7702.npy,sequences\tgt_TITLI_2018_7702.npy,TITLI,2018,2018-10-10 16:00:00,train
sequences\seq_TITLI_2018_7703.npy,sequences\tgt_TITLI_2018_7703.npy,TITLI,2018,2018-10-10 16:15:00,train
sequences\seq_TITLI_2018_7704.npy,sequences\tgt_TITLI_2018_7704.npy,TITLI,2018,2018-10-10 16:30:00,train
sequences\seq_TITLI_2018_7705.npy,sequences\tgt_TITLI_2018_7705.npy,TITLI,2018,2018-10-10 16:45:00,train
sequences\seq_TITLI_2018_7706.npy,sequences\tgt_TITLI_2018_7706.npy,TITLI,2018,2018-10-10 20:00:00,train
sequences\seq_TITLI_2018_7707.npy,sequences\tgt_TITLI_2018_7707.npy,TITLI,2018,2018-10-10 20:30:00,train
sequences\seq_TITLI_2018_7708.npy,sequences\tgt_TITLI_2018_7708.npy,TITLI,2018,2018-10-10 20:45:00,train
sequences\seq_TITLI_2018_7709.npy,sequences\tgt_TITLI_2018_7709.npy,TITLI,2018,2018-10-10 21:00:00,train
sequences\seq_TITLI_2018_7710.npy,sequences\tgt_TITLI_2018_7710.npy,TITLI,2018,2018-10-10 21:15:00,train
sequences\seq_TITLI_2018_7711.npy,sequences\tgt_TITLI_2018_7711.npy,TITLI,2018,2018-10-10 21:30:00,train
sequences\seq_TITLI_2018_7712.npy,sequences\tgt_TITLI_2018_7712.npy,TITLI,2018,2018-10-10 21:45:00,train
sequences\seq_TITLI_2018_7713.npy,sequences\tgt_TITLI_2018_7713.npy,TITLI,2018,2018-10-10 22:00:00,train
sequences\seq_TITLI_2018_7714.npy,sequences\tgt_TITLI_2018_7714.npy,TITLI,2018,2018-10-10 22:15:00,train
sequences\seq_TITLI_2018_7715.npy,sequences\tgt_TITLI_2018_7715.npy,TITLI,2018,2018-10-10 22:30:00,train
sequences\seq_TITLI_2018_7716.npy,sequences\tgt_TITLI_2018_7716.npy,TITLI,2018,2018-10-10 22:45:00,train
sequences\seq_TITLI_2018_7717.npy,sequences\tgt_TITLI_2018_7717.npy,TITLI,2018,2018-10-10 23:00:00,train
sequences\seq_TITLI_2018_7718.npy,sequences\tgt_TITLI_2018_7718.npy,TITLI,2018,2018-10-10 23:15:00,train
sequences\seq_TITLI_2018_7719.npy,sequences\tgt_TITLI_2018_7719.npy,TITLI,2018,2018-10-10 23:30:00,train
sequences\seq_TITLI_2018_7720.npy,sequences\tgt_TITLI_2018_7720.npy,TITLI,2018,2018-10-10 23:45:00,train
sequences\seq_TITLI_2018_7721.npy,sequences\tgt_TITLI_2018_7721.npy,TITLI,2018,2018-10-11 00:00:00,train
sequences\seq_TITLI_2018_7722.npy,sequences\tgt_TITLI_2018_7722.npy,TITLI,2018,2018-10-11 00:15:00,train
sequences\seq_TITLI_2018_7723.npy,sequences\tgt_TITLI_2018_7723.npy,TITLI,2018,2018-10-11 00:30:00,train
sequences\seq_TITLI_2018_7724.npy,sequences\tgt_TITLI_2018_7724.npy,TITLI,2018,2018-10-11 00:45:00,train
sequences\seq_TITLI_2018_7725.npy,sequences\tgt_TITLI_2018_7725.npy,TITLI,2018,2018-10-11 01:00:00,train
sequences\seq_TITLI_2018_7726.npy,sequences\tgt_TITLI_2018_7726.npy,TITLI,2018,2018-10-11 01:15:00,train
sequences\seq_VARDAH_2016_7727.npy,sequences\tgt_VARDAH_2016_7727.npy,VARDAH,2016,2016-12-11 18:00:00,train
sequences\seq_VARDAH_2016_7728.npy,sequences\tgt_VARDAH_2016_7728.npy,VARDAH,2016,2016-12-11 18:15:00,train
sequences\seq_VARDAH_2016_7729.npy,sequences\tgt_VARDAH_2016_7729.npy,VARDAH,2016,2016-12-11 18:30:00,train
sequences\seq_VARDAH_2016_7730.npy,sequences\tgt_VARDAH_2016_7730.npy,VARDAH,2016,2016-12-11 18:45:00,train
sequences\seq_VARDAH_2016_7731.npy,sequences\tgt_VARDAH_2016_7731.npy,VARDAH,2016,2016-12-11 19:00:00,train
sequences\seq_VARDAH_2016_7732.npy,sequences\tgt_VARDAH_2016_7732.npy,VARDAH,2016,2016-12-11 19:15:00,train
sequences\seq_VARDAH_2016_7733.npy,sequences\tgt_VARDAH_2016_7733.npy,VARDAH,2016,2016-12-11 19:30:00,train
sequences\seq_VARDAH_2016_7734.npy,sequences\tgt_VARDAH_2016_7734.npy,VARDAH,2016,2016-12-11 19:45:00,train
sequences\seq_VARDAH_2016_7735.npy,sequences\tgt_VARDAH_2016_7735.npy,VARDAH,2016,2016-12-11 20:00:00,train
sequences\seq_VARDAH_2016_7736.npy,sequences\tgt_VARDAH_2016_7736.npy,VARDAH,2016,2016-12-11 20:15:00,train
sequences\seq_VARDAH_2016_7737.npy,sequences\tgt_VARDAH_2016_7737.npy,VARDAH,2016,2016-12-11 20:30:00,train
sequences\seq_VARDAH_2016_7738.npy,sequences\tgt_VARDAH_2016_7738.npy,VARDAH,2016,2016-12-11 20:45:00,train
sequences\seq_VARDAH_2016_7739.npy,sequences\tgt_VARDAH_2016_7739.npy,VARDAH,2016,2016-12-11 21:00:00,train
sequences\seq_VARDAH_2016_7740.npy,sequences\tgt_VARDAH_2016_7740.npy,VARDAH,2016,2016-12-11 21:15:00,train
sequences\seq_VARDAH_2016_7741.npy,sequences\tgt_VARDAH_2016_7741.npy,VARDAH,2016,2016-12-11 21:30:00,train
sequences\seq_VARDAH_2016_7742.npy,sequences\tgt_VARDAH_2016_7742.npy,VARDAH,2016,2016-12-11 21:45:00,train
sequences\seq_VARDAH_2016_7743.npy,sequences\tgt_VARDAH_2016_7743.npy,VARDAH,2016,2016-12-11 22:00:00,train
sequences\seq_VARDAH_2016_7744.npy,sequences\tgt_VARDAH_2016_7744.npy,VARDAH,2016,2016-12-11 22:15:00,train
sequences\seq_VARDAH_2016_7745.npy,sequences\tgt_VARDAH_2016_7745.npy,VARDAH,2016,2016-12-11 22:30:00,train
sequences\seq_VARDAH_2016_7746.npy,sequences\tgt_VARDAH_2016_7746.npy,VARDAH,2016,2016-12-11 22:45:00,train
sequences\seq_VARDAH_2016_7747.npy,sequences\tgt_VARDAH_2016_7747.npy,VARDAH,2016,2016-12-11 23:00:00,train
sequences\seq_VARDAH_2016_7748.npy,sequences\tgt_VARDAH_2016_7748.npy,VARDAH,2016,2016-12-11 23:15:00,train
sequences\seq_VARDAH_2016_7749.npy,sequences\tgt_VARDAH_2016_7749.npy,VARDAH,2016,2016-12-11 23:30:00,train
sequences\seq_VARDAH_2016_7750.npy,sequences\tgt_VARDAH_2016_7750.npy,VARDAH,2016,2016-12-11 23:45:00,train
sequences\seq_VARDAH_2016_7751.npy,sequences\tgt_VARDAH_2016_7751.npy,VARDAH,2016,2016-12-12 00:00:00,train
sequences\seq_VARDAH_2016_7752.npy,sequences\tgt_VARDAH_2016_7752.npy,VARDAH,2016,2016-12-12 00:15:00,train
sequences\seq_VARDAH_2016_7753.npy,sequences\tgt_VARDAH_2016_7753.npy,VARDAH,2016,2016-12-12 00:30:00,train
sequences\seq_VARDAH_2016_7754.npy,sequences\tgt_VARDAH_2016_7754.npy,VARDAH,2016,2016-12-12 00:45:00,train
sequences\seq_VARDAH_2016_7755.npy,sequences\tgt_VARDAH_2016_7755.npy,VARDAH,2016,2016-12-12 01:00:00,train
sequences\seq_VARDAH_2016_7756.npy,sequences\tgt_VARDAH_2016_7756.npy,VARDAH,2016,2016-12-12 01:15:00,train
sequences\seq_VARDAH_2016_7757.npy,sequences\tgt_VARDAH_2016_7757.npy,VARDAH,2016,2016-12-12 01:30:00,train
sequences\seq_VARDAH_2016_7758.npy,sequences\tgt_VARDAH_2016_7758.npy,VARDAH,2016,2016-12-12 01:45:00,train
sequences\seq_VARDAH_2016_7759.npy,sequences\tgt_VARDAH_2016_7759.npy,VARDAH,2016,2016-12-12 02:00:00,train
sequences\seq_VARDAH_2016_7760.npy,sequences\tgt_VARDAH_2016_7760.npy,VARDAH,2016,2016-12-12 02:15:00,train
sequences\seq_VARDAH_2016_7761.npy,sequences\tgt_VARDAH_2016_7761.npy,VARDAH,2016,2016-12-12 02:30:00,train
sequences\seq_VARDAH_2016_7762.npy,sequences\tgt_VARDAH_2016_7762.npy,VARDAH,2016,2016-12-12 02:45:00,train
sequences\seq_VARDAH_2016_7763.npy,sequences\tgt_VARDAH_2016_7763.npy,VARDAH,2016,2016-12-12 03:00:00,train
sequences\seq_VARDAH_2016_7764.npy,sequences\tgt_VARDAH_2016_7764.npy,VARDAH,2016,2016-12-12 03:15:00,train
sequences\seq_VARDAH_2016_7765.npy,sequences\tgt_VARDAH_2016_7765.npy,VARDAH,2016,2016-12-12 03:30:00,train
sequences\seq_VARDAH_2016_7766.npy,sequences\tgt_VARDAH_2016_7766.npy,VARDAH,2016,2016-12-12 03:45:00,train
sequences\seq_VARDAH_2016_7767.npy,sequences\tgt_VARDAH_2016_7767.npy,VARDAH,2016,2016-12-12 04:00:00,train
sequences\seq_VARDAH_2016_7768.npy,sequences\tgt_VARDAH_2016_7768.npy,VARDAH,2016,2016-12-12 04:15:00,train
sequences\seq_VARDAH_2016_7769.npy,sequences\tgt_VARDAH_2016_7769.npy,VARDAH,2016,2016-12-12 04:30:00,train
sequences\seq_VARDAH_2016_7770.npy,sequences\tgt_VARDAH_2016_7770.npy,VARDAH,2016,2016-12-12 04:45:00,train
sequences\seq_VARDAH_2016_7771.npy,sequences\tgt_VARDAH_2016_7771.npy,VARDAH,2016,2016-12-12 05:00:00,train
sequences\seq_VARDAH_2016_7772.npy,sequences\tgt_VARDAH_2016_7772.npy,VARDAH,2016,2016-12-12 05:15:00,train
sequences\seq_VARDAH_2016_7773.npy,sequences\tgt_VARDAH_2016_7773.npy,VARDAH,2016,2016-12-12 05:30:00,train
sequences\seq_VARDAH_2016_7774.npy,sequences\tgt_VARDAH_2016_7774.npy,VARDAH,2016,2016-12-12 05:45:00,train
sequences\seq_VARDAH_2016_7775.npy,sequences\tgt_VARDAH_2016_7775.npy,VARDAH,2016,2016-12-12 06:00:00,train
sequences\seq_VARDAH_2016_7776.npy,sequences\tgt_VARDAH_2016_7776.npy,VARDAH,2016,2016-12-12 06:15:00,train
sequences\seq_VARDAH_2016_7777.npy,sequences\tgt_VARDAH_2016_7777.npy,VARDAH,2016,2016-12-12 06:30:00,train
sequences\seq_VARDAH_2016_7778.npy,sequences\tgt_VARDAH_2016_7778.npy,VARDAH,2016,2016-12-12 06:45:00,train
sequences\seq_VARDAH_2016_7779.npy,sequences\tgt_VARDAH_2016_7779.npy,VARDAH,2016,2016-12-12 07:00:00,train
sequences\seq_VARDAH_2016_7780.npy,sequences\tgt_VARDAH_2016_7780.npy,VARDAH,2016,2016-12-12 07:15:00,train
sequences\seq_VARDAH_2016_7781.npy,sequences\tgt_VARDAH_2016_7781.npy,VARDAH,2016,2016-12-12 07:30:00,train
sequences\seq_VARDAH_2016_7782.npy,sequences\tgt_VARDAH_2016_7782.npy,VARDAH,2016,2016-12-12 07:45:00,train
sequences\seq_VARDAH_2016_7783.npy,sequences\tgt_VARDAH_2016_7783.npy,VARDAH,2016,2016-12-12 08:00:00,train
sequences\seq_VARDAH_2016_7784.npy,sequences\tgt_VARDAH_2016_7784.npy,VARDAH,2016,2016-12-12 08:30:00,train
sequences\seq_VARDAH_2016_7785.npy,sequences\tgt_VARDAH_2016_7785.npy,VARDAH,2016,2016-12-12 08:45:00,train
sequences\seq_VARDAH_2016_7786.npy,sequences\tgt_VARDAH_2016_7786.npy,VARDAH,2016,2016-12-12 09:00:00,train
sequences\seq_VARDAH_2016_7787.npy,sequences\tgt_VARDAH_2016_7787.npy,VARDAH,2016,2016-12-12 09:15:00,train
sequences\seq_VARDAH_2016_7788.npy,sequences\tgt_VARDAH_2016_7788.npy,VARDAH,2016,2016-12-12 09:30:00,train
sequences\seq_VARDAH_2016_7789.npy,sequences\tgt_VARDAH_2016_7789.npy,VARDAH,2016,2016-12-12 09:45:00,train
sequences\seq_VARDAH_2016_7790.npy,sequences\tgt_VARDAH_2016_7790.npy,VARDAH,2016,2016-12-12 10:00:00,train
sequences\seq_VARDAH_2016_7791.npy,sequences\tgt_VARDAH_2016_7791.npy,VARDAH,2016,2016-12-12 10:15:00,train
sequences\seq_VARDAH_2016_7792.npy,sequences\tgt_VARDAH_2016_7792.npy,VARDAH,2016,2016-12-12 10:30:00,train
sequences\seq_VARDAH_2016_7793.npy,sequences\tgt_VARDAH_2016_7793.npy,VARDAH,2016,2016-12-12 10:45:00,train
sequences\seq_VARDAH_2016_7794.npy,sequences\tgt_VARDAH_2016_7794.npy,VARDAH,2016,2016-12-12 11:00:00,train
sequences\seq_VARDAH_2016_7795.npy,sequences\tgt_VARDAH_2016_7795.npy,VARDAH,2016,2016-12-12 11:15:00,train
sequences\seq_VARDAH_2016_7796.npy,sequences\tgt_VARDAH_2016_7796.npy,VARDAH,2016,2016-12-12 11:30:00,train
sequences\seq_VARDAH_2016_7797.npy,sequences\tgt_VARDAH_2016_7797.npy,VARDAH,2016,2016-12-12 11:45:00,train
sequences\seq_VARDAH_2016_7798.npy,sequences\tgt_VARDAH_2016_7798.npy,VARDAH,2016,2016-12-12 12:00:00,train
sequences\seq_VARDAH_2016_7799.npy,sequences\tgt_VARDAH_2016_7799.npy,VARDAH,2016,2016-12-12 12:15:00,train
sequences\seq_VARDAH_2016_7800.npy,sequences\tgt_VARDAH_2016_7800.npy,VARDAH,2016,2016-12-12 12:30:00,train
sequences\seq_VARDAH_2016_7801.npy,sequences\tgt_VARDAH_2016_7801.npy,VARDAH,2016,2016-12-12 12:45:00,train
sequences\seq_VARDAH_2016_7802.npy,sequences\tgt_VARDAH_2016_7802.npy,VARDAH,2016,2016-12-12 13:00:00,train
sequences\seq_VARDAH_2016_7803.npy,sequences\tgt_VARDAH_2016_7803.npy,VARDAH,2016,2016-12-12 13:15:00,train
sequences\seq_VARDAH_2016_7804.npy,sequences\tgt_VARDAH_2016_7804.npy,VARDAH,2016,2016-12-12 13:30:00,train
sequences\seq_VARDAH_2016_7805.npy,sequences\tgt_VARDAH_2016_7805.npy,VARDAH,2016,2016-12-12 13:45:00,train
sequences\seq_VARDAH_2016_7806.npy,sequences\tgt_VARDAH_2016_7806.npy,VARDAH,2016,2016-12-12 14:00:00,train
sequences\seq_VARDAH_2016_7807.npy,sequences\tgt_VARDAH_2016_7807.npy,VARDAH,2016,2016-12-12 14:15:00,train
sequences\seq_VARDAH_2016_7808.npy,sequences\tgt_VARDAH_2016_7808.npy,VARDAH,2016,2016-12-12 14:30:00,train
sequences\seq_VARDAH_2016_7809.npy,sequences\tgt_VARDAH_2016_7809.npy,VARDAH,2016,2016-12-12 14:45:00,train
sequences\seq_VARDAH_2016_7810.npy,sequences\tgt_VARDAH_2016_7810.npy,VARDAH,2016,2016-12-12 15:00:00,train
sequences\seq_VARDAH_2016_7811.npy,sequences\tgt_VARDAH_2016_7811.npy,VARDAH,2016,2016-12-12 15:15:00,train
sequences\seq_VARDAH_2016_7812.npy,sequences\tgt_VARDAH_2016_7812.npy,VARDAH,2016,2016-12-12 15:30:00,train
sequences\seq_VARDAH_2016_7813.npy,sequences\tgt_VARDAH_2016_7813.npy,VARDAH,2016,2016-12-12 15:45:00,train
sequences\seq_VARDAH_2016_7814.npy,sequences\tgt_VARDAH_2016_7814.npy,VARDAH,2016,2016-12-12 16:00:00,train
sequences\seq_VARDAH_2016_7815.npy,sequences\tgt_VARDAH_2016_7815.npy,VARDAH,2016,2016-12-12 16:15:00,train
sequences\seq_VARDAH_2016_7816.npy,sequences\tgt_VARDAH_2016_7816.npy,VARDAH,2016,2016-12-12 16:30:00,train
sequences\seq_VARDAH_2016_7817.npy,sequences\tgt_VARDAH_2016_7817.npy,VARDAH,2016,2016-12-12 16:45:00,train
sequences\seq_VARDAH_2016_7818.npy,sequences\tgt_VARDAH_2016_7818.npy,VARDAH,2016,2016-12-12 17:00:00,train
sequences\seq_VARDAH_2016_7819.npy,sequences\tgt_VARDAH_2016_7819.npy,VARDAH,2016,2016-12-12 17:15:00,train
sequences\seq_VARDAH_2016_7820.npy,sequences\tgt_VARDAH_2016_7820.npy,VARDAH,2016,2016-12-12 17:30:00,train
sequences\seq_VARDAH_2016_7821.npy,sequences\tgt_VARDAH_2016_7821.npy,VARDAH,2016,2016-12-12 17:45:00,train
sequences\seq_VARDAH_2016_7822.npy,sequences\tgt_VARDAH_2016_7822.npy,VARDAH,2016,2016-12-12 18:00:00,train
sequences\seq_VARDAH_2016_7823.npy,sequences\tgt_VARDAH_2016_7823.npy,VARDAH,2016,2016-12-12 18:15:00,train
sequences\seq_VARDAH_2016_7824.npy,sequences\tgt_VARDAH_2016_7824.npy,VARDAH,2016,2016-12-12 18:30:00,train
sequences\seq_VARDAH_2016_7825.npy,sequences\tgt_VARDAH_2016_7825.npy,VARDAH,2016,2016-12-12 18:45:00,train
sequences\seq_VARDAH_2016_7826.npy,sequences\tgt_VARDAH_2016_7826.npy,VARDAH,2016,2016-12-12 19:00:00,train
sequences\seq_VARDAH_2016_7827.npy,sequences\tgt_VARDAH_2016_7827.npy,VARDAH,2016,2016-12-12 19:15:00,train
sequences\seq_VARDAH_2016_7828.npy,sequences\tgt_VARDAH_2016_7828.npy,VARDAH,2016,2016-12-12 19:30:00,train
sequences\seq_VARDAH_2016_7829.npy,sequences\tgt_VARDAH_2016_7829.npy,VARDAH,2016,2016-12-12 19:45:00,train
sequences\seq_VARDAH_2016_7830.npy,sequences\tgt_VARDAH_2016_7830.npy,VARDAH,2016,2016-12-12 20:00:00,train
sequences\seq_VARDAH_2016_7831.npy,sequences\tgt_VARDAH_2016_7831.npy,VARDAH,2016,2016-12-12 20:15:00,train
sequences\seq_VARDAH_2016_7832.npy,sequences\tgt_VARDAH_2016_7832.npy,VARDAH,2016,2016-12-12 20:30:00,train
sequences\seq_VARDAH_2016_7833.npy,sequences\tgt_VARDAH_2016_7833.npy,VARDAH,2016,2016-12-12 20:45:00,train
sequences\seq_VARDAH_2016_7834.npy,sequences\tgt_VARDAH_2016_7834.npy,VARDAH,2016,2016-12-12 21:00:00,train
sequences\seq_VARDAH_2016_7835.npy,sequences\tgt_VARDAH_2016_7835.npy,VARDAH,2016,2016-12-12 21:15:00,train
sequences\seq_VARDAH_2016_7836.npy,sequences\tgt_VARDAH_2016_7836.npy,VARDAH,2016,2016-12-12 21:30:00,train
sequences\seq_VARDAH_2016_7837.npy,sequences\tgt_VARDAH_2016_7837.npy,VARDAH,2016,2016-12-12 21:45:00,train
sequences\seq_VARDAH_2016_7838.npy,sequences\tgt_VARDAH_2016_7838.npy,VARDAH,2016,2016-12-12 22:00:00,train
sequences\seq_VARDAH_2016_7839.npy,sequences\tgt_VARDAH_2016_7839.npy,VARDAH,2016,2016-12-12 22:15:00,train
sequences\seq_VARDAH_2016_7840.npy,sequences\tgt_VARDAH_2016_7840.npy,VARDAH,2016,2016-12-12 22:30:00,train
sequences\seq_VARDAH_2016_7841.npy,sequences\tgt_VARDAH_2016_7841.npy,VARDAH,2016,2016-12-12 22:45:00,train
sequences\seq_VARDAH_2016_7842.npy,sequences\tgt_VARDAH_2016_7842.npy,VARDAH,2016,2016-12-12 23:00:00,train
sequences\seq_VARDAH_2016_7843.npy,sequences\tgt_VARDAH_2016_7843.npy,VARDAH,2016,2016-12-12 23:15:00,train
sequences\seq_VARDAH_2016_7844.npy,sequences\tgt_VARDAH_2016_7844.npy,VARDAH,2016,2016-12-12 23:30:00,train
sequences\seq_VARDAH_2016_7845.npy,sequences\tgt_VARDAH_2016_7845.npy,VARDAH,2016,2016-12-13 00:00:00,train
sequences\seq_VARDAH_2016_7846.npy,sequences\tgt_VARDAH_2016_7846.npy,VARDAH,2016,2016-12-13 00:30:00,train
sequences\seq_VARDAH_2016_7847.npy,sequences\tgt_VARDAH_2016_7847.npy,VARDAH,2016,2016-12-13 01:00:00,train
sequences\seq_VARDAH_2016_7848.npy,sequences\tgt_VARDAH_2016_7848.npy,VARDAH,2016,2016-12-13 01:30:00,train
sequences\seq_VARDAH_2016_7849.npy,sequences\tgt_VARDAH_2016_7849.npy,VARDAH,2016,2016-12-13 02:00:00,train
sequences\seq_VAYU_2019_7850.npy,sequences\tgt_VAYU_2019_7850.npy,VAYU,2019,2019-06-12 18:00:00,train
sequences\seq_VAYU_2019_7851.npy,sequences\tgt_VAYU_2019_7851.npy,VAYU,2019,2019-06-12 18:15:00,train
sequences\seq_VAYU_2019_7852.npy,sequences\tgt_VAYU_2019_7852.npy,VAYU,2019,2019-06-12 18:30:00,train
sequences\seq_VAYU_2019_7853.npy,sequences\tgt_VAYU_2019_7853.npy,VAYU,2019,2019-06-12 18:45:00,train
sequences\seq_VAYU_2019_7854.npy,sequences\tgt_VAYU_2019_7854.npy,VAYU,2019,2019-06-12 19:00:00,train
sequences\seq_VAYU_2019_7855.npy,sequences\tgt_VAYU_2019_7855.npy,VAYU,2019,2019-06-12 19:15:00,train
sequences\seq_VAYU_2019_7856.npy,sequences\tgt_VAYU_2019_7856.npy,VAYU,2019,2019-06-12 19:30:00,train
sequences\seq_VAYU_2019_7857.npy,sequences\tgt_VAYU_2019_7857.npy,VAYU,2019,2019-06-12 19:45:00,train
sequences\seq_VAYU_2019_7858.npy,sequences\tgt_VAYU_2019_7858.npy,VAYU,2019,2019-06-12 20:00:00,train
sequences\seq_VAYU_2019_7859.npy,sequences\tgt_VAYU_2019_7859.npy,VAYU,2019,2019-06-12 20:15:00,train
sequences\seq_VAYU_2019_7860.npy,sequences\tgt_VAYU_2019_7860.npy,VAYU,2019,2019-06-12 20:30:00,train
sequences\seq_VAYU_2019_7861.npy,sequences\tgt_VAYU_2019_7861.npy,VAYU,2019,2019-06-12 20:45:00,train
sequences\seq_VAYU_2019_7862.npy,sequences\tgt_VAYU_2019_7862.npy,VAYU,2019,2019-06-12 21:00:00,train
sequences\seq_VAYU_2019_7863.npy,sequences\tgt_VAYU_2019_7863.npy,VAYU,2019,2019-06-12 21:15:00,train
sequences\seq_VAYU_2019_7864.npy,sequences\tgt_VAYU_2019_7864.npy,VAYU,2019,2019-06-12 21:30:00,train
sequences\seq_VAYU_2019_7865.npy,sequences\tgt_VAYU_2019_7865.npy,VAYU,2019,2019-06-12 21:45:00,train
sequences\seq_VAYU_2019_7866.npy,sequences\tgt_VAYU_2019_7866.npy,VAYU,2019,2019-06-12 22:00:00,train
sequences\seq_VAYU_2019_7867.npy,sequences\tgt_VAYU_2019_7867.npy,VAYU,2019,2019-06-12 22:15:00,train
sequences\seq_VAYU_2019_7868.npy,sequences\tgt_VAYU_2019_7868.npy,VAYU,2019,2019-06-12 22:30:00,train
sequences\seq_VAYU_2019_7869.npy,sequences\tgt_VAYU_2019_7869.npy,VAYU,2019,2019-06-12 22:45:00,train
sequences\seq_VAYU_2019_7870.npy,sequences\tgt_VAYU_2019_7870.npy,VAYU,2019,2019-06-12 23:00:00,train
sequences\seq_VAYU_2019_7871.npy,sequences\tgt_VAYU_2019_7871.npy,VAYU,2019,2019-06-12 23:15:00,train
sequences\seq_VAYU_2019_7872.npy,sequences\tgt_VAYU_2019_7872.npy,VAYU,2019,2019-06-12 23:30:00,train
sequences\seq_VAYU_2019_7873.npy,sequences\tgt_VAYU_2019_7873.npy,VAYU,2019,2019-06-12 23:45:00,train
sequences\seq_VAYU_2019_7874.npy,sequences\tgt_VAYU_2019_7874.npy,VAYU,2019,2019-06-13 00:00:00,train
sequences\seq_VAYU_2019_7875.npy,sequences\tgt_VAYU_2019_7875.npy,VAYU,2019,2019-06-13 00:15:00,train
sequences\seq_VAYU_2019_7876.npy,sequences\tgt_VAYU_2019_7876.npy,VAYU,2019,2019-06-13 00:30:00,train
sequences\seq_VAYU_2019_7877.npy,sequences\tgt_VAYU_2019_7877.npy,VAYU,2019,2019-06-13 00:45:00,train
sequences\seq_VAYU_2019_7878.npy,sequences\tgt_VAYU_2019_7878.npy,VAYU,2019,2019-06-13 01:00:00,train
sequences\seq_VAYU_2019_7879.npy,sequences\tgt_VAYU_2019_7879.npy,VAYU,2019,2019-06-13 01:15:00,train
sequences\seq_VAYU_2019_7880.npy,sequences\tgt_VAYU_2019_7880.npy,VAYU,2019,2019-06-13 01:30:00,train
sequences\seq_VAYU_2019_7881.npy,sequences\tgt_VAYU_2019_7881.npy,VAYU,2019,2019-06-13 01:45:00,train
sequences\seq_VAYU_2019_7882.npy,sequences\tgt_VAYU_2019_7882.npy,VAYU,2019,2019-06-13 02:00:00,train
sequences\seq_VAYU_2019_7883.npy,sequences\tgt_VAYU_2019_7883.npy,VAYU,2019,2019-06-13 02:15:00,train
sequences\seq_VAYU_2019_7884.npy,sequences\tgt_VAYU_2019_7884.npy,VAYU,2019,2019-06-13 02:30:00,train
sequences\seq_VAYU_2019_7885.npy,sequences\tgt_VAYU_2019_7885.npy,VAYU,2019,2019-06-13 02:45:00,train
sequences\seq_VAYU_2019_7886.npy,sequences\tgt_VAYU_2019_7886.npy,VAYU,2019,2019-06-13 03:00:00,train
sequences\seq_VAYU_2019_7887.npy,sequences\tgt_VAYU_2019_7887.npy,VAYU,2019,2019-06-13 03:30:00,train
sequences\seq_VAYU_2019_7888.npy,sequences\tgt_VAYU_2019_7888.npy,VAYU,2019,2019-06-13 04:00:00,train
sequences\seq_VAYU_2019_7889.npy,sequences\tgt_VAYU_2019_7889.npy,VAYU,2019,2019-06-13 04:30:00,train
sequences\seq_VAYU_2019_7890.npy,sequences\tgt_VAYU_2019_7890.npy,VAYU,2019,2019-06-13 05:00:00,train
sequences\seq_VAYU_2019_7891.npy,sequences\tgt_VAYU_2019_7891.npy,VAYU,2019,2019-06-13 05:15:00,train
sequences\seq_VAYU_2019_7892.npy,sequences\tgt_VAYU_2019_7892.npy,VAYU,2019,2019-06-13 06:00:00,train
sequences\seq_VAYU_2019_7893.npy,sequences\tgt_VAYU_2019_7893.npy,VAYU,2019,2019-06-13 06:30:00,train
sequences\seq_VAYU_2019_7894.npy,sequences\tgt_VAYU_2019_7894.npy,VAYU,2019,2019-06-13 07:00:00,train
sequences\seq_VAYU_2019_7895.npy,sequences\tgt_VAYU_2019_7895.npy,VAYU,2019,2019-06-13 07:30:00,train
sequences\seq_VAYU_2019_7896.npy,sequences\tgt_VAYU_2019_7896.npy,VAYU,2019,2019-06-13 08:00:00,train
sequences\seq_VAYU_2019_7897.npy,sequences\tgt_VAYU_2019_7897.npy,VAYU,2019,2019-06-13 08:30:00,train
sequences\seq_VAYU_2019_7898.npy,sequences\tgt_VAYU_2019_7898.npy,VAYU,2019,2019-06-13 08:45:00,train
sequences\seq_VAYU_2019_7899.npy,sequences\tgt_VAYU_2019_7899.npy,VAYU,2019,2019-06-13 09:00:00,train
sequences\seq_VAYU_2019_7900.npy,sequences\tgt_VAYU_2019_7900.npy,VAYU,2019,2019-06-13 09:15:00,train
sequences\seq_VAYU_2019_7901.npy,sequences\tgt_VAYU_2019_7901.npy,VAYU,2019,2019-06-13 09:30:00,train
sequences\seq_VAYU_2019_7902.npy,sequences\tgt_VAYU_2019_7902.npy,VAYU,2019,2019-06-13 09:45:00,train
sequences\seq_VAYU_2019_7903.npy,sequences\tgt_VAYU_2019_7903.npy,VAYU,2019,2019-06-13 10:00:00,train
sequences\seq_VAYU_2019_7904.npy,sequences\tgt_VAYU_2019_7904.npy,VAYU,2019,2019-06-13 10:15:00,train
sequences\seq_VAYU_2019_7905.npy,sequences\tgt_VAYU_2019_7905.npy,VAYU,2019,2019-06-13 10:30:00,train
sequences\seq_VAYU_2019_7906.npy,sequences\tgt_VAYU_2019_7906.npy,VAYU,2019,2019-06-13 10:45:00,train
sequences\seq_VAYU_2019_7907.npy,sequences\tgt_VAYU_2019_7907.npy,VAYU,2019,2019-06-13 11:00:00,train
sequences\seq_VAYU_2019_7908.npy,sequences\tgt_VAYU_2019_7908.npy,VAYU,2019,2019-06-13 11:15:00,train
sequences\seq_VAYU_2019_7909.npy,sequences\tgt_VAYU_2019_7909.npy,VAYU,2019,2019-06-13 11:30:00,train
sequences\seq_VAYU_2019_7910.npy,sequences\tgt_VAYU_2019_7910.npy,VAYU,2019,2019-06-13 11:45:00,train
sequences\seq_VAYU_2019_7911.npy,sequences\tgt_VAYU_2019_7911.npy,VAYU,2019,2019-06-13 12:00:00,train
sequences\seq_VAYU_2019_7912.npy,sequences\tgt_VAYU_2019_7912.npy,VAYU,2019,2019-06-13 12:15:00,train
sequences\seq_VAYU_2019_7913.npy,sequences\tgt_VAYU_2019_7913.npy,VAYU,2019,2019-06-13 12:30:00,train
sequences\seq_VAYU_2019_7914.npy,sequences\tgt_VAYU_2019_7914.npy,VAYU,2019,2019-06-13 12:45:00,train
sequences\seq_VAYU_2019_7915.npy,sequences\tgt_VAYU_2019_7915.npy,VAYU,2019,2019-06-13 13:00:00,train
sequences\seq_VAYU_2019_7916.npy,sequences\tgt_VAYU_2019_7916.npy,VAYU,2019,2019-06-13 13:15:00,train
sequences\seq_VAYU_2019_7917.npy,sequences\tgt_VAYU_2019_7917.npy,VAYU,2019,2019-06-13 13:30:00,train
sequences\seq_VAYU_2019_7918.npy,sequences\tgt_VAYU_2019_7918.npy,VAYU,2019,2019-06-13 14:00:00,train
sequences\seq_VAYU_2019_7919.npy,sequences\tgt_VAYU_2019_7919.npy,VAYU,2019,2019-06-13 14:15:00,train
sequences\seq_VAYU_2019_7920.npy,sequences\tgt_VAYU_2019_7920.npy,VAYU,2019,2019-06-13 14:30:00,train
sequences\seq_VAYU_2019_7921.npy,sequences\tgt_VAYU_2019_7921.npy,VAYU,2019,2019-06-13 14:45:00,train
sequences\seq_VAYU_2019_7922.npy,sequences\tgt_VAYU_2019_7922.npy,VAYU,2019,2019-06-13 15:00:00,train
sequences\seq_VAYU_2019_7923.npy,sequences\tgt_VAYU_2019_7923.npy,VAYU,2019,2019-06-13 15:15:00,train
sequences\seq_VAYU_2019_7924.npy,sequences\tgt_VAYU_2019_7924.npy,VAYU,2019,2019-06-13 15:30:00,train
sequences\seq_VAYU_2019_7925.npy,sequences\tgt_VAYU_2019_7925.npy,VAYU,2019,2019-06-13 15:45:00,train
sequences\seq_VAYU_2019_7926.npy,sequences\tgt_VAYU_2019_7926.npy,VAYU,2019,2019-06-13 16:00:00,train
sequences\seq_VAYU_2019_7927.npy,sequences\tgt_VAYU_2019_7927.npy,VAYU,2019,2019-06-13 16:15:00,train
sequences\seq_VAYU_2019_7928.npy,sequences\tgt_VAYU_2019_7928.npy,VAYU,2019,2019-06-13 16:30:00,train
sequences\seq_VAYU_2019_7929.npy,sequences\tgt_VAYU_2019_7929.npy,VAYU,2019,2019-06-13 16:45:00,train
sequences\seq_VAYU_2019_7930.npy,sequences\tgt_VAYU_2019_7930.npy,VAYU,2019,2019-06-13 17:00:00,train
sequences\seq_VAYU_2019_7931.npy,sequences\tgt_VAYU_2019_7931.npy,VAYU,2019,2019-06-13 17:15:00,train
sequences\seq_VAYU_2019_7932.npy,sequences\tgt_VAYU_2019_7932.npy,VAYU,2019,2019-06-13 17:30:00,train
sequences\seq_VAYU_2019_7933.npy,sequences\tgt_VAYU_2019_7933.npy,VAYU,2019,2019-06-13 17:45:00,train
sequences\seq_VAYU_2019_7934.npy,sequences\tgt_VAYU_2019_7934.npy,VAYU,2019,2019-06-13 18:00:00,train
sequences\seq_VAYU_2019_7935.npy,sequences\tgt_VAYU_2019_7935.npy,VAYU,2019,2019-06-13 18:15:00,train
sequences\seq_VAYU_2019_7936.npy,sequences\tgt_VAYU_2019_7936.npy,VAYU,2019,2019-06-13 18:30:00,train
sequences\seq_VAYU_2019_7937.npy,sequences\tgt_VAYU_2019_7937.npy,VAYU,2019,2019-06-13 18:45:00,train
sequences\seq_VAYU_2019_7938.npy,sequences\tgt_VAYU_2019_7938.npy,VAYU,2019,2019-06-13 19:00:00,train
sequences\seq_VAYU_2019_7939.npy,sequences\tgt_VAYU_2019_7939.npy,VAYU,2019,2019-06-13 19:15:00,train
sequences\seq_VAYU_2019_7940.npy,sequences\tgt_VAYU_2019_7940.npy,VAYU,2019,2019-06-13 19:30:00,train
sequences\seq_VAYU_2019_7941.npy,sequences\tgt_VAYU_2019_7941.npy,VAYU,2019,2019-06-13 19:45:00,train
sequences\seq_VAYU_2019_7942.npy,sequences\tgt_VAYU_2019_7942.npy,VAYU,2019,2019-06-13 20:00:00,train
sequences\seq_VAYU_2019_7943.npy,sequences\tgt_VAYU_2019_7943.npy,VAYU,2019,2019-06-13 20:15:00,train
sequences\seq_VAYU_2019_7944.npy,sequences\tgt_VAYU_2019_7944.npy,VAYU,2019,2019-06-13 20:30:00,train
sequences\seq_VAYU_2019_7945.npy,sequences\tgt_VAYU_2019_7945.npy,VAYU,2019,2019-06-13 20:45:00,train
sequences\seq_VAYU_2019_7946.npy,sequences\tgt_VAYU_2019_7946.npy,VAYU,2019,2019-06-13 21:00:00,train
sequences\seq_VAYU_2019_7947.npy,sequences\tgt_VAYU_2019_7947.npy,VAYU,2019,2019-06-13 21:15:00,train
sequences\seq_VAYU_2019_7948.npy,sequences\tgt_VAYU_2019_7948.npy,VAYU,2019,2019-06-13 21:30:00,train
sequences\seq_VAYU_2019_7949.npy,sequences\tgt_VAYU_2019_7949.npy,VAYU,2019,2019-06-13 21:45:00,train
sequences\seq_VAYU_2019_7950.npy,sequences\tgt_VAYU_2019_7950.npy,VAYU,2019,2019-06-13 22:00:00,train
sequences\seq_VAYU_2019_7951.npy,sequences\tgt_VAYU_2019_7951.npy,VAYU,2019,2019-06-13 22:15:00,train
sequences\seq_VAYU_2019_7952.npy,sequences\tgt_VAYU_2019_7952.npy,VAYU,2019,2019-06-13 22:30:00,train
sequences\seq_VAYU_2019_7953.npy,sequences\tgt_VAYU_2019_7953.npy,VAYU,2019,2019-06-13 22:45:00,train
sequences\seq_VAYU_2019_7954.npy,sequences\tgt_VAYU_2019_7954.npy,VAYU,2019,2019-06-13 23:00:00,train
sequences\seq_VAYU_2019_7955.npy,sequences\tgt_VAYU_2019_7955.npy,VAYU,2019,2019-06-13 23:15:00,train
sequences\seq_VAYU_2019_7956.npy,sequences\tgt_VAYU_2019_7956.npy,VAYU,2019,2019-06-13 23:30:00,train
sequences\seq_VAYU_2019_7957.npy,sequences\tgt_VAYU_2019_7957.npy,VAYU,2019,2019-06-13 23:45:00,train
sequences\seq_VAYU_2019_7958.npy,sequences\tgt_VAYU_2019_7958.npy,VAYU,2019,2019-06-14 00:00:00,train
sequences\seq_VAYU_2019_7959.npy,sequences\tgt_VAYU_2019_7959.npy,VAYU,2019,2019-06-14 00:15:00,train
sequences\seq_VAYU_2019_7960.npy,sequences\tgt_VAYU_2019_7960.npy,VAYU,2019,2019-06-14 00:30:00,train
sequences\seq_VAYU_2019_7961.npy,sequences\tgt_VAYU_2019_7961.npy,VAYU,2019,2019-06-14 00:45:00,train
sequences\seq_VAYU_2019_7962.npy,sequences\tgt_VAYU_2019_7962.npy,VAYU,2019,2019-06-14 01:00:00,train
sequences\seq_VAYU_2019_7963.npy,sequences\tgt_VAYU_2019_7963.npy,VAYU,2019,2019-06-14 01:15:00,train
sequences\seq_VAYU_2019_7964.npy,sequences\tgt_VAYU_2019_7964.npy,VAYU,2019,2019-06-14 01:30:00,train
sequences\seq_VAYU_2019_7965.npy,sequences\tgt_VAYU_2019_7965.npy,VAYU,2019,2019-06-14 02:00:00,train
sequences\seq_VAYU_2019_7966.npy,sequences\tgt_VAYU_2019_7966.npy,VAYU,2019,2019-06-14 02:15:00,train
sequences\seq_VAYU_2019_7967.npy,sequences\tgt_VAYU_2019_7967.npy,VAYU,2019,2019-06-14 02:30:00,train
sequences\seq_VAYU_2019_7968.npy,sequences\tgt_VAYU_2019_7968.npy,VAYU,2019,2019-06-14 02:45:00,train
sequences\seq_VAYU_2019_7969.npy,sequences\tgt_VAYU_2019_7969.npy,VAYU,2019,2019-06-14 03:00:00,train
sequences\seq_VAYU_2019_7970.npy,sequences\tgt_VAYU_2019_7970.npy,VAYU,2019,2019-06-14 03:15:00,train
sequences\seq_VAYU_2019_7971.npy,sequences\tgt_VAYU_2019_7971.npy,VAYU,2019,2019-06-14 03:30:00,train
sequences\seq_VAYU_2019_7972.npy,sequences\tgt_VAYU_2019_7972.npy,VAYU,2019,2019-06-14 03:45:00,train
sequences\seq_VAYU_2019_7973.npy,sequences\tgt_VAYU_2019_7973.npy,VAYU,2019,2019-06-14 04:00:00,train
sequences\seq_VAYU_2019_7974.npy,sequences\tgt_VAYU_2019_7974.npy,VAYU,2019,2019-06-14 04:15:00,train
sequences\seq_VAYU_2019_7975.npy,sequences\tgt_VAYU_2019_7975.npy,VAYU,2019,2019-06-14 04:30:00,train
sequences\seq_VAYU_2019_7976.npy,sequences\tgt_VAYU_2019_7976.npy,VAYU,2019,2019-06-14 04:45:00,train
sequences\seq_VAYU_2019_7977.npy,sequences\tgt_VAYU_2019_7977.npy,VAYU,2019,2019-06-14 05:00:00,train
sequences\seq_VAYU_2019_7978.npy,sequences\tgt_VAYU_2019_7978.npy,VAYU,2019,2019-06-14 05:15:00,train
sequences\seq_VAYU_2019_7979.npy,sequences\tgt_VAYU_2019_7979.npy,VAYU,2019,2019-06-14 05:30:00,train
sequences\seq_VAYU_2019_7980.npy,sequences\tgt_VAYU_2019_7980.npy,VAYU,2019,2019-06-14 05:45:00,train
sequences\seq_VAYU_2019_7981.npy,sequences\tgt_VAYU_2019_7981.npy,VAYU,2019,2019-06-14 06:00:00,train
sequences\seq_VAYU_2019_7982.npy,sequences\tgt_VAYU_2019_7982.npy,VAYU,2019,2019-06-14 06:15:00,train
sequences\seq_VAYU_2019_7983.npy,sequences\tgt_VAYU_2019_7983.npy,VAYU,2019,2019-06-14 06:30:00,train
sequences\seq_VAYU_2019_7984.npy,sequences\tgt_VAYU_2019_7984.npy,VAYU,2019,2019-06-14 06:45:00,train
sequences\seq_VAYU_2019_7985.npy,sequences\tgt_VAYU_2019_7985.npy,VAYU,2019,2019-06-14 07:00:00,train
sequences\seq_VAYU_2019_7986.npy,sequences\tgt_VAYU_2019_7986.npy,VAYU,2019,2019-06-14 07:15:00,train
sequences\seq_VAYU_2019_7987.npy,sequences\tgt_VAYU_2019_7987.npy,VAYU,2019,2019-06-14 07:30:00,train
sequences\seq_VAYU_2019_7988.npy,sequences\tgt_VAYU_2019_7988.npy,VAYU,2019,2019-06-14 07:45:00,train
sequences\seq_VAYU_2019_7989.npy,sequences\tgt_VAYU_2019_7989.npy,VAYU,2019,2019-06-14 08:00:00,train
sequences\seq_VAYU_2019_7990.npy,sequences\tgt_VAYU_2019_7990.npy,VAYU,2019,2019-06-14 08:15:00,train
sequences\seq_VAYU_2019_7991.npy,sequences\tgt_VAYU_2019_7991.npy,VAYU,2019,2019-06-14 08:30:00,train
sequences\seq_VAYU_2019_7992.npy,sequences\tgt_VAYU_2019_7992.npy,VAYU,2019,2019-06-14 08:45:00,train
sequences\seq_VAYU_2019_7993.npy,sequences\tgt_VAYU_2019_7993.npy,VAYU,2019,2019-06-14 09:00:00,train
sequences\seq_VAYU_2019_7994.npy,sequences\tgt_VAYU_2019_7994.npy,VAYU,2019,2019-06-14 09:15:00,train
sequences\seq_VAYU_2019_7995.npy,sequences\tgt_VAYU_2019_7995.npy,VAYU,2019,2019-06-14 09:30:00,train
sequences\seq_VAYU_2019_7996.npy,sequences\tgt_VAYU_2019_7996.npy,VAYU,2019,2019-06-14 09:45:00,train
sequences\seq_VAYU_2019_7997.npy,sequences\tgt_VAYU_2019_7997.npy,VAYU,2019,2019-06-14 10:00:00,train
sequences\seq_VAYU_2019_7998.npy,sequences\tgt_VAYU_2019_7998.npy,VAYU,2019,2019-06-14 10:15:00,train
sequences\seq_VAYU_2019_7999.npy,sequences\tgt_VAYU_2019_7999.npy,VAYU,2019,2019-06-14 10:30:00,train
sequences\seq_VAYU_2019_8000.npy,sequences\tgt_VAYU_2019_8000.npy,VAYU,2019,2019-06-14 10:45:00,train
sequences\seq_VAYU_2019_8001.npy,sequences\tgt_VAYU_2019_8001.npy,VAYU,2019,2019-06-14 11:00:00,train
sequences\seq_VAYU_2019_8002.npy,sequences\tgt_VAYU_2019_8002.npy,VAYU,2019,2019-06-14 11:15:00,train
sequences\seq_VAYU_2019_8003.npy,sequences\tgt_VAYU_2019_8003.npy,VAYU,2019,2019-06-14 11:30:00,train
sequences\seq_VAYU_2019_8004.npy,sequences\tgt_VAYU_2019_8004.npy,VAYU,2019,2019-06-14 11:45:00,train
sequences\seq_VAYU_2019_8005.npy,sequences\tgt_VAYU_2019_8005.npy,VAYU,2019,2019-06-14 12:00:00,train
sequences\seq_VAYU_2019_8006.npy,sequences\tgt_VAYU_2019_8006.npy,VAYU,2019,2019-06-14 12:15:00,train
sequences\seq_VAYU_2019_8007.npy,sequences\tgt_VAYU_2019_8007.npy,VAYU,2019,2019-06-14 12:30:00,train
sequences\seq_VAYU_2019_8008.npy,sequences\tgt_VAYU_2019_8008.npy,VAYU,2019,2019-06-14 12:45:00,train
sequences\seq_VAYU_2019_8009.npy,sequences\tgt_VAYU_2019_8009.npy,VAYU,2019,2019-06-14 13:00:00,train
sequences\seq_VAYU_2019_8010.npy,sequences\tgt_VAYU_2019_8010.npy,VAYU,2019,2019-06-14 13:15:00,train
sequences\seq_VAYU_2019_8011.npy,sequences\tgt_VAYU_2019_8011.npy,VAYU,2019,2019-06-14 13:30:00,train
sequences\seq_VAYU_2019_8012.npy,sequences\tgt_VAYU_2019_8012.npy,VAYU,2019,2019-06-14 13:45:00,train
sequences\seq_VAYU_2019_8013.npy,sequences\tgt_VAYU_2019_8013.npy,VAYU,2019,2019-06-14 14:00:00,train
sequences\seq_VAYU_2019_8014.npy,sequences\tgt_VAYU_2019_8014.npy,VAYU,2019,2019-06-14 14:15:00,train
sequences\seq_VAYU_2019_8015.npy,sequences\tgt_VAYU_2019_8015.npy,VAYU,2019,2019-06-14 14:30:00,train
sequences\seq_VAYU_2019_8016.npy,sequences\tgt_VAYU_2019_8016.npy,VAYU,2019,2019-06-14 14:45:00,train
sequences\seq_VAYU_2019_8017.npy,sequences\tgt_VAYU_2019_8017.npy,VAYU,2019,2019-06-14 15:00:00,train
sequences\seq_VAYU_2019_8018.npy,sequences\tgt_VAYU_2019_8018.npy,VAYU,2019,2019-06-14 15:15:00,train
sequences\seq_VAYU_2019_8019.npy,sequences\tgt_VAYU_2019_8019.npy,VAYU,2019,2019-06-14 15:30:00,train
sequences\seq_VAYU_2019_8020.npy,sequences\tgt_VAYU_2019_8020.npy,VAYU,2019,2019-06-14 15:45:00,train
sequences\seq_VAYU_2019_8021.npy,sequences\tgt_VAYU_2019_8021.npy,VAYU,2019,2019-06-14 16:00:00,train
sequences\seq_VAYU_2019_8022.npy,sequences\tgt_VAYU_2019_8022.npy,VAYU,2019,2019-06-14 16:15:00,train
sequences\seq_VAYU_2019_8023.npy,sequences\tgt_VAYU_2019_8023.npy,VAYU,2019,2019-06-14 16:30:00,train
sequences\seq_VAYU_2019_8024.npy,sequences\tgt_VAYU_2019_8024.npy,VAYU,2019,2019-06-14 16:45:00,train
sequences\seq_VAYU_2019_8025.npy,sequences\tgt_VAYU_2019_8025.npy,VAYU,2019,2019-06-14 17:00:00,train
sequences\seq_VAYU_2019_8026.npy,sequences\tgt_VAYU_2019_8026.npy,VAYU,2019,2019-06-14 17:15:00,train
sequences\seq_VAYU_2019_8027.npy,sequences\tgt_VAYU_2019_8027.npy,VAYU,2019,2019-06-14 17:30:00,train
sequences\seq_VAYU_2019_8028.npy,sequences\tgt_VAYU_2019_8028.npy,VAYU,2019,2019-06-14 17:45:00,train
sequences\seq_VAYU_2019_8029.npy,sequences\tgt_VAYU_2019_8029.npy,VAYU,2019,2019-06-14 18:00:00,train
sequences\seq_VAYU_2019_8030.npy,sequences\tgt_VAYU_2019_8030.npy,VAYU,2019,2019-06-14 18:15:00,train
sequences\seq_VAYU_2019_8031.npy,sequences\tgt_VAYU_2019_8031.npy,VAYU,2019,2019-06-14 18:30:00,train
sequences\seq_VAYU_2019_8032.npy,sequences\tgt_VAYU_2019_8032.npy,VAYU,2019,2019-06-14 18:45:00,train
sequences\seq_VAYU_2019_8033.npy,sequences\tgt_VAYU_2019_8033.npy,VAYU,2019,2019-06-14 19:00:00,train
sequences\seq_VAYU_2019_8034.npy,sequences\tgt_VAYU_2019_8034.npy,VAYU,2019,2019-06-14 19:15:00,train
sequences\seq_VAYU_2019_8035.npy,sequences\tgt_VAYU_2019_8035.npy,VAYU,2019,2019-06-14 19:30:00,train
sequences\seq_VAYU_2019_8036.npy,sequences\tgt_VAYU_2019_8036.npy,VAYU,2019,2019-06-14 19:45:00,train
sequences\seq_VAYU_2019_8037.npy,sequences\tgt_VAYU_2019_8037.npy,VAYU,2019,2019-06-14 20:00:00,train
sequences\seq_VAYU_2019_8038.npy,sequences\tgt_VAYU_2019_8038.npy,VAYU,2019,2019-06-14 20:15:00,train
sequences\seq_VAYU_2019_8039.npy,sequences\tgt_VAYU_2019_8039.npy,VAYU,2019,2019-06-14 20:30:00,train
sequences\seq_VAYU_2019_8040.npy,sequences\tgt_VAYU_2019_8040.npy,VAYU,2019,2019-06-14 20:45:00,train
sequences\seq_VAYU_2019_8041.npy,sequences\tgt_VAYU_2019_8041.npy,VAYU,2019,2019-06-14 21:00:00,train
sequences\seq_VAYU_2019_8042.npy,sequences\tgt_VAYU_2019_8042.npy,VAYU,2019,2019-06-14 21:15:00,train
sequences\seq_VAYU_2019_8043.npy,sequences\tgt_VAYU_2019_8043.npy,VAYU,2019,2019-06-14 21:30:00,train
sequences\seq_VAYU_2019_8044.npy,sequences\tgt_VAYU_2019_8044.npy,VAYU,2019,2019-06-14 21:45:00,train
sequences\seq_VAYU_2019_8045.npy,sequences\tgt_VAYU_2019_8045.npy,VAYU,2019,2019-06-14 22:00:00,train
sequences\seq_VAYU_2019_8046.npy,sequences\tgt_VAYU_2019_8046.npy,VAYU,2019,2019-06-14 22:15:00,train
sequences\seq_VAYU_2019_8047.npy,sequences\tgt_VAYU_2019_8047.npy,VAYU,2019,2019-06-14 22:30:00,train
sequences\seq_VAYU_2019_8048.npy,sequences\tgt_VAYU_2019_8048.npy,VAYU,2019,2019-06-14 22:45:00,train
sequences\seq_VAYU_2019_8049.npy,sequences\tgt_VAYU_2019_8049.npy,VAYU,2019,2019-06-14 23:00:00,train
sequences\seq_VAYU_2019_8050.npy,sequences\tgt_VAYU_2019_8050.npy,VAYU,2019,2019-06-14 23:15:00,train
sequences\seq_VAYU_2019_8051.npy,sequences\tgt_VAYU_2019_8051.npy,VAYU,2019,2019-06-14 23:30:00,train
sequences\seq_VAYU_2019_8052.npy,sequences\tgt_VAYU_2019_8052.npy,VAYU,2019,2019-06-14 23:45:00,train
sequences\seq_VAYU_2019_8053.npy,sequences\tgt_VAYU_2019_8053.npy,VAYU,2019,2019-06-15 00:00:00,train
sequences\seq_VAYU_2019_8054.npy,sequences\tgt_VAYU_2019_8054.npy,VAYU,2019,2019-06-15 00:15:00,train
sequences\seq_VAYU_2019_8055.npy,sequences\tgt_VAYU_2019_8055.npy,VAYU,2019,2019-06-15 00:30:00,train
sequences\seq_VAYU_2019_8056.npy,sequences\tgt_VAYU_2019_8056.npy,VAYU,2019,2019-06-15 00:45:00,train
sequences\seq_VAYU_2019_8057.npy,sequences\tgt_VAYU_2019_8057.npy,VAYU,2019,2019-06-15 01:00:00,train
sequences\seq_VAYU_2019_8058.npy,sequences\tgt_VAYU_2019_8058.npy,VAYU,2019,2019-06-15 01:15:00,train
sequences\seq_VAYU_2019_8059.npy,sequences\tgt_VAYU_2019_8059.npy,VAYU,2019,2019-06-15 01:30:00,train
sequences\seq_VAYU_2019_8060.npy,sequences\tgt_VAYU_2019_8060.npy,VAYU,2019,2019-06-15 01:45:00,train
sequences\seq_VAYU_2019_8061.npy,sequences\tgt_VAYU_2019_8061.npy,VAYU,2019,2019-06-15 02:00:00,train
sequences\seq_VAYU_2019_8062.npy,sequences\tgt_VAYU_2019_8062.npy,VAYU,2019,2019-06-15 02:15:00,train
sequences\seq_VAYU_2019_8063.npy,sequences\tgt_VAYU_2019_8063.npy,VAYU,2019,2019-06-15 02:30:00,train
sequences\seq_VAYU_2019_8064.npy,sequences\tgt_VAYU_2019_8064.npy,VAYU,2019,2019-06-15 02:45:00,train
sequences\seq_VAYU_2019_8065.npy,sequences\tgt_VAYU_2019_8065.npy,VAYU,2019,2019-06-15 03:00:00,train
sequences\seq_VAYU_2019_8066.npy,sequences\tgt_VAYU_2019_8066.npy,VAYU,2019,2019-06-15 03:15:00,train
sequences\seq_VAYU_2019_8067.npy,sequences\tgt_VAYU_2019_8067.npy,VAYU,2019,2019-06-15 03:30:00,train
sequences\seq_VAYU_2019_8068.npy,sequences\tgt_VAYU_2019_8068.npy,VAYU,2019,2019-06-15 03:45:00,train
sequences\seq_VAYU_2019_8069.npy,sequences\tgt_VAYU_2019_8069.npy,VAYU,2019,2019-06-15 04:00:00,train
sequences\seq_VAYU_2019_8070.npy,sequences\tgt_VAYU_2019_8070.npy,VAYU,2019,2019-06-15 04:15:00,train
sequences\seq_VAYU_2019_8071.npy,sequences\tgt_VAYU_2019_8071.npy,VAYU,2019,2019-06-15 04:30:00,train
sequences\seq_VAYU_2019_8072.npy,sequences\tgt_VAYU_2019_8072.npy,VAYU,2019,2019-06-15 04:45:00,train
sequences\seq_VAYU_2019_8073.npy,sequences\tgt_VAYU_2019_8073.npy,VAYU,2019,2019-06-15 05:00:00,train
sequences\seq_VAYU_2019_8074.npy,sequences\tgt_VAYU_2019_8074.npy,VAYU,2019,2019-06-15 05:15:00,train
sequences\seq_VAYU_2019_8075.npy,sequences\tgt_VAYU_2019_8075.npy,VAYU,2019,2019-06-15 05:30:00,train
sequences\seq_VAYU_2019_8076.npy,sequences\tgt_VAYU_2019_8076.npy,VAYU,2019,2019-06-15 05:45:00,train
sequences\seq_VAYU_2019_8077.npy,sequences\tgt_VAYU_2019_8077.npy,VAYU,2019,2019-06-15 06:00:00,train
sequences\seq_VAYU_2019_8078.npy,sequences\tgt_VAYU_2019_8078.npy,VAYU,2019,2019-06-15 06:15:00,train
sequences\seq_VAYU_2019_8079.npy,sequences\tgt_VAYU_2019_8079.npy,VAYU,2019,2019-06-15 06:30:00,train
sequences\seq_VAYU_2019_8080.npy,sequences\tgt_VAYU_2019_8080.npy,VAYU,2019,2019-06-15 06:45:00,train
sequences\seq_VAYU_2019_8081.npy,sequences\tgt_VAYU_2019_8081.npy,VAYU,2019,2019-06-15 07:00:00,train
sequences\seq_VAYU_2019_8082.npy,sequences\tgt_VAYU_2019_8082.npy,VAYU,2019,2019-06-15 07:30:00,train
sequences\seq_VAYU_2019_8083.npy,sequences\tgt_VAYU_2019_8083.npy,VAYU,2019,2019-06-15 08:00:00,train
sequences\seq_VAYU_2019_8084.npy,sequences\tgt_VAYU_2019_8084.npy,VAYU,2019,2019-06-15 08:15:00,train
sequences\seq_VAYU_2019_8085.npy,sequences\tgt_VAYU_2019_8085.npy,VAYU,2019,2019-06-15 08:30:00,train
sequences\seq_VAYU_2019_8086.npy,sequences\tgt_VAYU_2019_8086.npy,VAYU,2019,2019-06-15 08:45:00,train
sequences\seq_VAYU_2019_8087.npy,sequences\tgt_VAYU_2019_8087.npy,VAYU,2019,2019-06-15 09:00:00,train
sequences\seq_VAYU_2019_8088.npy,sequences\tgt_VAYU_2019_8088.npy,VAYU,2019,2019-06-15 09:15:00,train
sequences\seq_VAYU_2019_8089.npy,sequences\tgt_VAYU_2019_8089.npy,VAYU,2019,2019-06-15 09:30:00,train
sequences\seq_VAYU_2019_8090.npy,sequences\tgt_VAYU_2019_8090.npy,VAYU,2019,2019-06-15 09:45:00,train
sequences\seq_VAYU_2019_8091.npy,sequences\tgt_VAYU_2019_8091.npy,VAYU,2019,2019-06-15 10:00:00,train
sequences\seq_VAYU_2019_8092.npy,sequences\tgt_VAYU_2019_8092.npy,VAYU,2019,2019-06-15 10:15:00,train
sequences\seq_VAYU_2019_8093.npy,sequences\tgt_VAYU_2019_8093.npy,VAYU,2019,2019-06-15 10:30:00,train
sequences\seq_VAYU_2019_8094.npy,sequences\tgt_VAYU_2019_8094.npy,VAYU,2019,2019-06-15 10:45:00,train
sequences\seq_VAYU_2019_8095.npy,sequences\tgt_VAYU_2019_8095.npy,VAYU,2019,2019-06-15 11:00:00,train
sequences\seq_VAYU_2019_8096.npy,sequences\tgt_VAYU_2019_8096.npy,VAYU,2019,2019-06-15 11:15:00,train
sequences\seq_VAYU_2019_8097.npy,sequences\tgt_VAYU_2019_8097.npy,VAYU,2019,2019-06-15 11:30:00,train
sequences\seq_VAYU_2019_8098.npy,sequences\tgt_VAYU_2019_8098.npy,VAYU,2019,2019-06-15 11:45:00,train
sequences\seq_VAYU_2019_8099.npy,sequences\tgt_VAYU_2019_8099.npy,VAYU,2019,2019-06-15 12:00:00,train
sequences\seq_VAYU_2019_8100.npy,sequences\tgt_VAYU_2019_8100.npy,VAYU,2019,2019-06-15 12:15:00,train
sequences\seq_VAYU_2019_8101.npy,sequences\tgt_VAYU_2019_8101.npy,VAYU,2019,2019-06-15 12:30:00,train
sequences\seq_VAYU_2019_8102.npy,sequences\tgt_VAYU_2019_8102.npy,VAYU,2019,2019-06-15 12:45:00,train
sequences\seq_VAYU_2019_8103.npy,sequences\tgt_VAYU_2019_8103.npy,VAYU,2019,2019-06-15 13:00:00,train
sequences\seq_VAYU_2019_8104.npy,sequences\tgt_VAYU_2019_8104.npy,VAYU,2019,2019-06-15 13:15:00,train
sequences\seq_VAYU_2019_8105.npy,sequences\tgt_VAYU_2019_8105.npy,VAYU,2019,2019-06-15 13:30:00,train
sequences\seq_VAYU_2019_8106.npy,sequences\tgt_VAYU_2019_8106.npy,VAYU,2019,2019-06-15 13:45:00,train
sequences\seq_VAYU_2019_8107.npy,sequences\tgt_VAYU_2019_8107.npy,VAYU,2019,2019-06-15 14:00:00,train
sequences\seq_VAYU_2019_8108.npy,sequences\tgt_VAYU_2019_8108.npy,VAYU,2019,2019-06-15 14:15:00,train
sequences\seq_VAYU_2019_8109.npy,sequences\tgt_VAYU_2019_8109.npy,VAYU,2019,2019-06-15 14:30:00,train
sequences\seq_VAYU_2019_8110.npy,sequences\tgt_VAYU_2019_8110.npy,VAYU,2019,2019-06-15 14:45:00,train
sequences\seq_VAYU_2019_8111.npy,sequences\tgt_VAYU_2019_8111.npy,VAYU,2019,2019-06-15 15:00:00,train
sequences\seq_VAYU_2019_8112.npy,sequences\tgt_VAYU_2019_8112.npy,VAYU,2019,2019-06-15 15:15:00,train
sequences\seq_VAYU_2019_8113.npy,sequences\tgt_VAYU_2019_8113.npy,VAYU,2019,2019-06-15 15:30:00,train
sequences\seq_VAYU_2019_8114.npy,sequences\tgt_VAYU_2019_8114.npy,VAYU,2019,2019-06-15 15:45:00,train
sequences\seq_VAYU_2019_8115.npy,sequences\tgt_VAYU_2019_8115.npy,VAYU,2019,2019-06-15 16:00:00,train
sequences\seq_VAYU_2019_8116.npy,sequences\tgt_VAYU_2019_8116.npy,VAYU,2019,2019-06-15 16:15:00,train
sequences\seq_VAYU_2019_8117.npy,sequences\tgt_VAYU_2019_8117.npy,VAYU,2019,2019-06-15 16:30:00,train
sequences\seq_VAYU_2019_8118.npy,sequences\tgt_VAYU_2019_8118.npy,VAYU,2019,2019-06-15 16:45:00,train
sequences\seq_VAYU_2019_8119.npy,sequences\tgt_VAYU_2019_8119.npy,VAYU,2019,2019-06-15 17:00:00,train
sequences\seq_VAYU_2019_8120.npy,sequences\tgt_VAYU_2019_8120.npy,VAYU,2019,2019-06-15 17:15:00,train
sequences\seq_VAYU_2019_8121.npy,sequences\tgt_VAYU_2019_8121.npy,VAYU,2019,2019-06-15 17:30:00,train
sequences\seq_VAYU_2019_8122.npy,sequences\tgt_VAYU_2019_8122.npy,VAYU,2019,2019-06-15 17:45:00,train
sequences\seq_VAYU_2019_8123.npy,sequences\tgt_VAYU_2019_8123.npy,VAYU,2019,2019-06-15 18:00:00,train
sequences\seq_VAYU_2019_8124.npy,sequences\tgt_VAYU_2019_8124.npy,VAYU,2019,2019-06-15 18:15:00,train
sequences\seq_VAYU_2019_8125.npy,sequences\tgt_VAYU_2019_8125.npy,VAYU,2019,2019-06-15 18:30:00,train
sequences\seq_VAYU_2019_8126.npy,sequences\tgt_VAYU_2019_8126.npy,VAYU,2019,2019-06-15 18:45:00,train
sequences\seq_VAYU_2019_8127.npy,sequences\tgt_VAYU_2019_8127.npy,VAYU,2019,2019-06-15 19:00:00,train
sequences\seq_VAYU_2019_8128.npy,sequences\tgt_VAYU_2019_8128.npy,VAYU,2019,2019-06-15 19:15:00,train
sequences\seq_VAYU_2019_8129.npy,sequences\tgt_VAYU_2019_8129.npy,VAYU,2019,2019-06-15 19:30:00,train
sequences\seq_VAYU_2019_8130.npy,sequences\tgt_VAYU_2019_8130.npy,VAYU,2019,2019-06-15 19:45:00,train
sequences\seq_VAYU_2019_8131.npy,sequences\tgt_VAYU_2019_8131.npy,VAYU,2019,2019-06-15 20:00:00,train
sequences\seq_VAYU_2019_8132.npy,sequences\tgt_VAYU_2019_8132.npy,VAYU,2019,2019-06-15 20:15:00,train
sequences\seq_VAYU_2019_8133.npy,sequences\tgt_VAYU_2019_8133.npy,VAYU,2019,2019-06-15 20:30:00,train
sequences\seq_VAYU_2019_8134.npy,sequences\tgt_VAYU_2019_8134.npy,VAYU,2019,2019-06-15 20:45:00,train
sequences\seq_VAYU_2019_8135.npy,sequences\tgt_VAYU_2019_8135.npy,VAYU,2019,2019-06-15 21:00:00,train
sequences\seq_VAYU_2019_8136.npy,sequences\tgt_VAYU_2019_8136.npy,VAYU,2019,2019-06-15 21:15:00,train
sequences\seq_VAYU_2019_8137.npy,sequences\tgt_VAYU_2019_8137.npy,VAYU,2019,2019-06-15 21:30:00,train
sequences\seq_VAYU_2019_8138.npy,sequences\tgt_VAYU_2019_8138.npy,VAYU,2019,2019-06-15 21:45:00,train
sequences\seq_VAYU_2019_8139.npy,sequences\tgt_VAYU_2019_8139.npy,VAYU,2019,2019-06-15 22:00:00,train
sequences\seq_VAYU_2019_8140.npy,sequences\tgt_VAYU_2019_8140.npy,VAYU,2019,2019-06-15 22:15:00,train
sequences\seq_VAYU_2019_8141.npy,sequences\tgt_VAYU_2019_8141.npy,VAYU,2019,2019-06-15 22:30:00,train
sequences\seq_VAYU_2019_8142.npy,sequences\tgt_VAYU_2019_8142.npy,VAYU,2019,2019-06-15 22:45:00,train
sequences\seq_VAYU_2019_8143.npy,sequences\tgt_VAYU_2019_8143.npy,VAYU,2019,2019-06-15 23:00:00,train
sequences\seq_VAYU_2019_8144.npy,sequences\tgt_VAYU_2019_8144.npy,VAYU,2019,2019-06-15 23:15:00,train
sequences\seq_VAYU_2019_8145.npy,sequences\tgt_VAYU_2019_8145.npy,VAYU,2019,2019-06-15 23:30:00,train
sequences\seq_VAYU_2019_8146.npy,sequences\tgt_VAYU_2019_8146.npy,VAYU,2019,2019-06-15 23:45:00,train
sequences\seq_VAYU_2019_8147.npy,sequences\tgt_VAYU_2019_8147.npy,VAYU,2019,2019-06-16 00:00:00,train
sequences\seq_VAYU_2019_8148.npy,sequences\tgt_VAYU_2019_8148.npy,VAYU,2019,2019-06-16 00:15:00,train
sequences\seq_VAYU_2019_8149.npy,sequences\tgt_VAYU_2019_8149.npy,VAYU,2019,2019-06-16 00:30:00,train
sequences\seq_VAYU_2019_8150.npy,sequences\tgt_VAYU_2019_8150.npy,VAYU,2019,2019-06-16 00:45:00,train
sequences\seq_VAYU_2019_8151.npy,sequences\tgt_VAYU_2019_8151.npy,VAYU,2019,2019-06-16 01:00:00,train
sequences\seq_VAYU_2019_8152.npy,sequences\tgt_VAYU_2019_8152.npy,VAYU,2019,2019-06-16 01:15:00,train
sequences\seq_VAYU_2019_8153.npy,sequences\tgt_VAYU_2019_8153.npy,VAYU,2019,2019-06-16 01:30:00,train
sequences\seq_VAYU_2019_8154.npy,sequences\tgt_VAYU_2019_8154.npy,VAYU,2019,2019-06-16 01:45:00,train
sequences\seq_VAYU_2019_8155.npy,sequences\tgt_VAYU_2019_8155.npy,VAYU,2019,2019-06-16 02:00:00,train
sequences\seq_VAYU_2019_8156.npy,sequences\tgt_VAYU_2019_8156.npy,VAYU,2019,2019-06-16 02:15:00,train
sequences\seq_VAYU_2019_8157.npy,sequences\tgt_VAYU_2019_8157.npy,VAYU,2019,2019-06-16 02:30:00,train
sequences\seq_VAYU_2019_8158.npy,sequences\tgt_VAYU_2019_8158.npy,VAYU,2019,2019-06-16 02:45:00,train
sequences\seq_VAYU_2019_8159.npy,sequences\tgt_VAYU_2019_8159.npy,VAYU,2019,2019-06-16 03:00:00,train
sequences\seq_VAYU_2019_8160.npy,sequences\tgt_VAYU_2019_8160.npy,VAYU,2019,2019-06-16 03:15:00,train
sequences\seq_VAYU_2019_8161.npy,sequences\tgt_VAYU_2019_8161.npy,VAYU,2019,2019-06-16 03:30:00,train
sequences\seq_VAYU_2019_8162.npy,sequences\tgt_VAYU_2019_8162.npy,VAYU,2019,2019-06-16 03:45:00,train
sequences\seq_VAYU_2019_8163.npy,sequences\tgt_VAYU_2019_8163.npy,VAYU,2019,2019-06-16 04:00:00,train
sequences\seq_VAYU_2019_8164.npy,sequences\tgt_VAYU_2019_8164.npy,VAYU,2019,2019-06-16 04:15:00,train
sequences\seq_VAYU_2019_8165.npy,sequences\tgt_VAYU_2019_8165.npy,VAYU,2019,2019-06-16 04:30:00,train
sequences\seq_VAYU_2019_8166.npy,sequences\tgt_VAYU_2019_8166.npy,VAYU,2019,2019-06-16 04:45:00,train
sequences\seq_VAYU_2019_8167.npy,sequences\tgt_VAYU_2019_8167.npy,VAYU,2019,2019-06-16 05:00:00,train
sequences\seq_VAYU_2019_8168.npy,sequences\tgt_VAYU_2019_8168.npy,VAYU,2019,2019-06-16 05:15:00,train
sequences\seq_VAYU_2019_8169.npy,sequences\tgt_VAYU_2019_8169.npy,VAYU,2019,2019-06-16 05:45:00,train
sequences\seq_VAYU_2019_8170.npy,sequences\tgt_VAYU_2019_8170.npy,VAYU,2019,2019-06-16 06:00:00,train
sequences\seq_VAYU_2019_8171.npy,sequences\tgt_VAYU_2019_8171.npy,VAYU,2019,2019-06-16 06:15:00,train
sequences\seq_VAYU_2019_8172.npy,sequences\tgt_VAYU_2019_8172.npy,VAYU,2019,2019-06-16 06:30:00,train
sequences\seq_VAYU_2019_8173.npy,sequences\tgt_VAYU_2019_8173.npy,VAYU,2019,2019-06-16 06:45:00,train
sequences\seq_VAYU_2019_8174.npy,sequences\tgt_VAYU_2019_8174.npy,VAYU,2019,2019-06-16 07:00:00,train
sequences\seq_VAYU_2019_8175.npy,sequences\tgt_VAYU_2019_8175.npy,VAYU,2019,2019-06-16 07:15:00,train
sequences\seq_VAYU_2019_8176.npy,sequences\tgt_VAYU_2019_8176.npy,VAYU,2019,2019-06-16 07:30:00,train
sequences\seq_VAYU_2019_8177.npy,sequences\tgt_VAYU_2019_8177.npy,VAYU,2019,2019-06-16 07:45:00,train
sequences\seq_VAYU_2019_8178.npy,sequences\tgt_VAYU_2019_8178.npy,VAYU,2019,2019-06-16 08:00:00,train
sequences\seq_VAYU_2019_8179.npy,sequences\tgt_VAYU_2019_8179.npy,VAYU,2019,2019-06-16 08:15:00,train
sequences\seq_VAYU_2019_8180.npy,sequences\tgt_VAYU_2019_8180.npy,VAYU,2019,2019-06-16 08:30:00,train
sequences\seq_VAYU_2019_8181.npy,sequences\tgt_VAYU_2019_8181.npy,VAYU,2019,2019-06-16 08:45:00,train
sequences\seq_VAYU_2019_8182.npy,sequences\tgt_VAYU_2019_8182.npy,VAYU,2019,2019-06-16 09:00:00,train
sequences\seq_VAYU_2019_8183.npy,sequences\tgt_VAYU_2019_8183.npy,VAYU,2019,2019-06-16 09:15:00,train
sequences\seq_VAYU_2019_8184.npy,sequences\tgt_VAYU_2019_8184.npy,VAYU,2019,2019-06-16 09:30:00,train
sequences\seq_VAYU_2019_8185.npy,sequences\tgt_VAYU_2019_8185.npy,VAYU,2019,2019-06-16 09:45:00,train
sequences\seq_VAYU_2019_8186.npy,sequences\tgt_VAYU_2019_8186.npy,VAYU,2019,2019-06-16 10:00:00,train
sequences\seq_VAYU_2019_8187.npy,sequences\tgt_VAYU_2019_8187.npy,VAYU,2019,2019-06-16 10:15:00,train
sequences\seq_VAYU_2019_8188.npy,sequences\tgt_VAYU_2019_8188.npy,VAYU,2019,2019-06-16 10:30:00,train
sequences\seq_VAYU_2019_8189.npy,sequences\tgt_VAYU_2019_8189.npy,VAYU,2019,2019-06-16 10:45:00,train
sequences\seq_VAYU_2019_8190.npy,sequences\tgt_VAYU_2019_8190.npy,VAYU,2019,2019-06-16 11:00:00,train
sequences\seq_VAYU_2019_8191.npy,sequences\tgt_VAYU_2019_8191.npy,VAYU,2019,2019-06-16 11:15:00,train
sequences\seq_VAYU_2019_8192.npy,sequences\tgt_VAYU_2019_8192.npy,VAYU,2019,2019-06-16 11:30:00,train
sequences\seq_VAYU_2019_8193.npy,sequences\tgt_VAYU_2019_8193.npy,VAYU,2019,2019-06-16 11:45:00,train
sequences\seq_VAYU_2019_8194.npy,sequences\tgt_VAYU_2019_8194.npy,VAYU,2019,2019-06-16 12:00:00,train
sequences\seq_VAYU_2019_8195.npy,sequences\tgt_VAYU_2019_8195.npy,VAYU,2019,2019-06-16 12:15:00,train
sequences\seq_VAYU_2019_8196.npy,sequences\tgt_VAYU_2019_8196.npy,VAYU,2019,2019-06-16 12:45:00,train
sequences\seq_VAYU_2019_8197.npy,sequences\tgt_VAYU_2019_8197.npy,VAYU,2019,2019-06-16 13:00:00,train
sequences\seq_VAYU_2019_8198.npy,sequences\tgt_VAYU_2019_8198.npy,VAYU,2019,2019-06-16 13:15:00,train
sequences\seq_VAYU_2019_8199.npy,sequences\tgt_VAYU_2019_8199.npy,VAYU,2019,2019-06-16 13:30:00,train
sequences\seq_VAYU_2019_8200.npy,sequences\tgt_VAYU_2019_8200.npy,VAYU,2019,2019-06-16 13:45:00,train
sequences\seq_VAYU_2019_8201.npy,sequences\tgt_VAYU_2019_8201.npy,VAYU,2019,2019-06-16 14:00:00,train
sequences\seq_VAYU_2019_8202.npy,sequences\tgt_VAYU_2019_8202.npy,VAYU,2019,2019-06-16 14:30:00,train
sequences\seq_VAYU_2019_8203.npy,sequences\tgt_VAYU_2019_8203.npy,VAYU,2019,2019-06-16 14:45:00,train
sequences\seq_VAYU_2019_8204.npy,sequences\tgt_VAYU_2019_8204.npy,VAYU,2019,2019-06-16 15:00:00,train
sequences\seq_VAYU_2019_8205.npy,sequences\tgt_VAYU_2019_8205.npy,VAYU,2019,2019-06-16 15:15:00,train
sequences\seq_VAYU_2019_8206.npy,sequences\tgt_VAYU_2019_8206.npy,VAYU,2019,2019-06-16 15:30:00,train
sequences\seq_VAYU_2019_8207.npy,sequences\tgt_VAYU_2019_8207.npy,VAYU,2019,2019-06-16 15:45:00,train
sequences\seq_VAYU_2019_8208.npy,sequences\tgt_VAYU_2019_8208.npy,VAYU,2019,2019-06-16 16:00:00,train
sequences\seq_VAYU_2019_8209.npy,sequences\tgt_VAYU_2019_8209.npy,VAYU,2019,2019-06-16 16:15:00,train
sequences\seq_VAYU_2019_8210.npy,sequences\tgt_VAYU_2019_8210.npy,VAYU,2019,2019-06-16 16:30:00,train
sequences\seq_VAYU_2019_8211.npy,sequences\tgt_VAYU_2019_8211.npy,VAYU,2019,2019-06-16 16:45:00,train
sequences\seq_VAYU_2019_8212.npy,sequences\tgt_VAYU_2019_8212.npy,VAYU,2019,2019-06-16 17:00:00,train
sequences\seq_VAYU_2019_8213.npy,sequences\tgt_VAYU_2019_8213.npy,VAYU,2019,2019-06-16 17:30:00,train
sequences\seq_VAYU_2019_8214.npy,sequences\tgt_VAYU_2019_8214.npy,VAYU,2019,2019-06-16 17:45:00,train
sequences\seq_VAYU_2019_8215.npy,sequences\tgt_VAYU_2019_8215.npy,VAYU,2019,2019-06-16 18:00:00,train
sequences\seq_VAYU_2019_8216.npy,sequences\tgt_VAYU_2019_8216.npy,VAYU,2019,2019-06-16 18:15:00,train
sequences\seq_VAYU_2019_8217.npy,sequences\tgt_VAYU_2019_8217.npy,VAYU,2019,2019-06-16 18:30:00,train
sequences\seq_VAYU_2019_8218.npy,sequences\tgt_VAYU_2019_8218.npy,VAYU,2019,2019-06-16 19:00:00,train
sequences\seq_VAYU_2019_8219.npy,sequences\tgt_VAYU_2019_8219.npy,VAYU,2019,2019-06-16 19:15:00,train
sequences\seq_VAYU_2019_8220.npy,sequences\tgt_VAYU_2019_8220.npy,VAYU,2019,2019-06-16 19:30:00,train
sequences\seq_VAYU_2019_8221.npy,sequences\tgt_VAYU_2019_8221.npy,VAYU,2019,2019-06-16 19:45:00,train
sequences\seq_VAYU_2019_8222.npy,sequences\tgt_VAYU_2019_8222.npy,VAYU,2019,2019-06-16 20:00:00,train
sequences\seq_VAYU_2019_8223.npy,sequences\tgt_VAYU_2019_8223.npy,VAYU,2019,2019-06-16 20:15:00,train
sequences\seq_VAYU_2019_8224.npy,sequences\tgt_VAYU_2019_8224.npy,VAYU,2019,2019-06-16 20:30:00,train
sequences\seq_VAYU_2019_8225.npy,sequences\tgt_VAYU_2019_8225.npy,VAYU,2019,2019-06-16 20:45:00,train
sequences\seq_VAYU_2019_8226.npy,sequences\tgt_VAYU_2019_8226.npy,VAYU,2019,2019-06-16 21:00:00,train
sequences\seq_VAYU_2019_8227.npy,sequences\tgt_VAYU_2019_8227.npy,VAYU,2019,2019-06-16 21:15:00,train
sequences\seq_VAYU_2019_8228.npy,sequences\tgt_VAYU_2019_8228.npy,VAYU,2019,2019-06-16 21:30:00,train
sequences\seq_VAYU_2019_8229.npy,sequences\tgt_VAYU_2019_8229.npy,VAYU,2019,2019-06-16 21:45:00,train
sequences\seq_VAYU_2019_8230.npy,sequences\tgt_VAYU_2019_8230.npy,VAYU,2019,2019-06-16 22:00:00,train
sequences\seq_VAYU_2019_8231.npy,sequences\tgt_VAYU_2019_8231.npy,VAYU,2019,2019-06-16 22:15:00,train
sequences\seq_VAYU_2019_8232.npy,sequences\tgt_VAYU_2019_8232.npy,VAYU,2019,2019-06-16 22:30:00,train
sequences\seq_VAYU_2019_8233.npy,sequences\tgt_VAYU_2019_8233.npy,VAYU,2019,2019-06-16 22:45:00,train
sequences\seq_VAYU_2019_8234.npy,sequences\tgt_VAYU_2019_8234.npy,VAYU,2019,2019-06-16 23:00:00,train
sequences\seq_VAYU_2019_8235.npy,sequences\tgt_VAYU_2019_8235.npy,VAYU,2019,2019-06-16 23:15:00,train
sequences\seq_VAYU_2019_8236.npy,sequences\tgt_VAYU_2019_8236.npy,VAYU,2019,2019-06-16 23:30:00,train
sequences\seq_VAYU_2019_8237.npy,sequences\tgt_VAYU_2019_8237.npy,VAYU,2019,2019-06-16 23:45:00,train
sequences\seq_VAYU_2019_8238.npy,sequences\tgt_VAYU_2019_8238.npy,VAYU,2019,2019-06-17 00:00:00,train
sequences\seq_VAYU_2019_8239.npy,sequences\tgt_VAYU_2019_8239.npy,VAYU,2019,2019-06-17 00:15:00,train
sequences\seq_VAYU_2019_8240.npy,sequences\tgt_VAYU_2019_8240.npy,VAYU,2019,2019-06-17 00:30:00,train
sequences\seq_VAYU_2019_8241.npy,sequences\tgt_VAYU_2019_8241.npy,VAYU,2019,2019-06-17 00:45:00,train
sequences\seq_VAYU_2019_8242.npy,sequences\tgt_VAYU_2019_8242.npy,VAYU,2019,2019-06-17 01:00:00,train
sequences\seq_VAYU_2019_8243.npy,sequences\tgt_VAYU_2019_8243.npy,VAYU,2019,2019-06-17 01:15:00,train
sequences\seq_VAYU_2019_8244.npy,sequences\tgt_VAYU_2019_8244.npy,VAYU,2019,2019-06-17 01:30:00,train
sequences\seq_VAYU_2019_8245.npy,sequences\tgt_VAYU_2019_8245.npy,VAYU,2019,2019-06-17 01:45:00,train
sequences\seq_VAYU_2019_8246.npy,sequences\tgt_VAYU_2019_8246.npy,VAYU,2019,2019-06-17 02:00:00,train
sequences\seq_VAYU_2019_8247.npy,sequences\tgt_VAYU_2019_8247.npy,VAYU,2019,2019-06-17 02:15:00,train
sequences\seq_VAYU_2019_8248.npy,sequences\tgt_VAYU_2019_8248.npy,VAYU,2019,2019-06-17 02:30:00,train
sequences\seq_VAYU_2019_8249.npy,sequences\tgt_VAYU_2019_8249.npy,VAYU,2019,2019-06-17 02:45:00,train
sequences\seq_VAYU_2019_8250.npy,sequences\tgt_VAYU_2019_8250.npy,VAYU,2019,2019-06-17 03:00:00,train
sequences\seq_VAYU_2019_8251.npy,sequences\tgt_VAYU_2019_8251.npy,VAYU,2019,2019-06-17 03:15:00,train
sequences\seq_VAYU_2019_8252.npy,sequences\tgt_VAYU_2019_8252.npy,VAYU,2019,2019-06-17 03:30:00,train
sequences\seq_VAYU_2019_8253.npy,sequences\tgt_VAYU_2019_8253.npy,VAYU,2019,2019-06-17 04:00:00,train
sequences\seq_VAYU_2019_8254.npy,sequences\tgt_VAYU_2019_8254.npy,VAYU,2019,2019-06-17 04:15:00,train
sequences\seq_VAYU_2019_8255.npy,sequences\tgt_VAYU_2019_8255.npy,VAYU,2019,2019-06-17 04:30:00,train
sequences\seq_VAYU_2019_8256.npy,sequences\tgt_VAYU_2019_8256.npy,VAYU,2019,2019-06-17 04:45:00,train
sequences\seq_VAYU_2019_8257.npy,sequences\tgt_VAYU_2019_8257.npy,VAYU,2019,2019-06-17 05:00:00,train
sequences\seq_VAYU_2019_8258.npy,sequences\tgt_VAYU_2019_8258.npy,VAYU,2019,2019-06-17 05:15:00,train
sequences\seq_VAYU_2019_8259.npy,sequences\tgt_VAYU_2019_8259.npy,VAYU,2019,2019-06-17 05:30:00,train
sequences\seq_VAYU_2019_8260.npy,sequences\tgt_VAYU_2019_8260.npy,VAYU,2019,2019-06-17 05:45:00,train
sequences\seq_VAYU_2019_8261.npy,sequences\tgt_VAYU_2019_8261.npy,VAYU,2019,2019-06-17 06:00:00,train
sequences\seq_VAYU_2019_8262.npy,sequences\tgt_VAYU_2019_8262.npy,VAYU,2019,2019-06-17 06:30:00,train
sequences\seq_VAYU_2019_8263.npy,sequences\tgt_VAYU_2019_8263.npy,VAYU,2019,2019-06-17 06:45:00,train
sequences\seq_VAYU_2019_8264.npy,sequences\tgt_VAYU_2019_8264.npy,VAYU,2019,2019-06-17 07:00:00,train
sequences\seq_VAYU_2019_8265.npy,sequences\tgt_VAYU_2019_8265.npy,VAYU,2019,2019-06-17 07:15:00,train
sequences\seq_VAYU_2019_8266.npy,sequences\tgt_VAYU_2019_8266.npy,VAYU,2019,2019-06-17 07:30:00,train
sequences\seq_VAYU_2019_8267.npy,sequences\tgt_VAYU_2019_8267.npy,VAYU,2019,2019-06-17 07:45:00,train
sequences\seq_VAYU_2019_8268.npy,sequences\tgt_VAYU_2019_8268.npy,VAYU,2019,2019-06-17 08:00:00,train
sequences\seq_VAYU_2019_8269.npy,sequences\tgt_VAYU_2019_8269.npy,VAYU,2019,2019-06-17 08:15:00,train
sequences\seq_VAYU_2019_8270.npy,sequences\tgt_VAYU_2019_8270.npy,VAYU,2019,2019-06-17 08:30:00,train
sequences\seq_VAYU_2019_8271.npy,sequences\tgt_VAYU_2019_8271.npy,VAYU,2019,2019-06-17 08:45:00,train
sequences\seq_VAYU_2019_8272.npy,sequences\tgt_VAYU_2019_8272.npy,VAYU,2019,2019-06-17 09:00:00,train
sequences\seq_VAYU_2019_8273.npy,sequences\tgt_VAYU_2019_8273.npy,VAYU,2019,2019-06-17 09:15:00,train
sequences\seq_VAYU_2019_8274.npy,sequences\tgt_VAYU_2019_8274.npy,VAYU,2019,2019-06-17 09:30:00,train
sequences\seq_VAYU_2019_8275.npy,sequences\tgt_VAYU_2019_8275.npy,VAYU,2019,2019-06-17 09:45:00,train
sequences\seq_VAYU_2019_8276.npy,sequences\tgt_VAYU_2019_8276.npy,VAYU,2019,2019-06-17 10:00:00,train
sequences\seq_VAYU_2019_8277.npy,sequences\tgt_VAYU_2019_8277.npy,VAYU,2019,2019-06-17 10:15:00,train
sequences\seq_VAYU_2019_8278.npy,sequences\tgt_VAYU_2019_8278.npy,VAYU,2019,2019-06-17 10:30:00,train
sequences\seq_VAYU_2019_8279.npy,sequences\tgt_VAYU_2019_8279.npy,VAYU,2019,2019-06-17 10:45:00,train
sequences\seq_VAYU_2019_8280.npy,sequences\tgt_VAYU_2019_8280.npy,VAYU,2019,2019-06-17 11:00:00,train
sequences\seq_VAYU_2019_8281.npy,sequences\tgt_VAYU_2019_8281.npy,VAYU,2019,2019-06-17 11:15:00,train
sequences\seq_VAYU_2019_8282.npy,sequences\tgt_VAYU_2019_8282.npy,VAYU,2019,2019-06-17 11:30:00,train
sequences\seq_VAYU_2019_8283.npy,sequences\tgt_VAYU_2019_8283.npy,VAYU,2019,2019-06-17 11:45:00,train
sequences\seq_VAYU_2019_8284.npy,sequences\tgt_VAYU_2019_8284.npy,VAYU,2019,2019-06-17 12:00:00,train
sequences\seq_VAYU_2019_8285.npy,sequences\tgt_VAYU_2019_8285.npy,VAYU,2019,2019-06-17 12:15:00,train
sequences\seq_VAYU_2019_8286.npy,sequences\tgt_VAYU_2019_8286.npy,VAYU,2019,2019-06-17 12:30:00,train
sequences\seq_VAYU_2019_8287.npy,sequences\tgt_VAYU_2019_8287.npy,VAYU,2019,2019-06-17 12:45:00,train
sequences\seq_VAYU_2019_8288.npy,sequences\tgt_VAYU_2019_8288.npy,VAYU,2019,2019-06-17 13:00:00,train
sequences\seq_VAYU_2019_8289.npy,sequences\tgt_VAYU_2019_8289.npy,VAYU,2019,2019-06-17 13:15:00,train
sequences\seq_VAYU_2019_8290.npy,sequences\tgt_VAYU_2019_8290.npy,VAYU,2019,2019-06-17 13:30:00,train
sequences\seq_VAYU_2019_8291.npy,sequences\tgt_VAYU_2019_8291.npy,VAYU,2019,2019-06-17 13:45:00,train
sequences\seq_VAYU_2019_8292.npy,sequences\tgt_VAYU_2019_8292.npy,VAYU,2019,2019-06-17 14:00:00,train
sequences\seq_VAYU_2019_8293.npy,sequences\tgt_VAYU_2019_8293.npy,VAYU,2019,2019-06-17 14:15:00,train
sequences\seq_VAYU_2019_8294.npy,sequences\tgt_VAYU_2019_8294.npy,VAYU,2019,2019-06-17 14:30:00,train
sequences\seq_VAYU_2019_8295.npy,sequences\tgt_VAYU_2019_8295.npy,VAYU,2019,2019-06-17 14:45:00,train
sequences\seq_VAYU_2019_8296.npy,sequences\tgt_VAYU_2019_8296.npy,VAYU,2019,2019-06-17 15:00:00,train
sequences\seq_VAYU_2019_8297.npy,sequences\tgt_VAYU_2019_8297.npy,VAYU,2019,2019-06-17 15:15:00,train
sequences\seq_VAYU_2019_8298.npy,sequences\tgt_VAYU_2019_8298.npy,VAYU,2019,2019-06-17 15:30:00,train
sequences\seq_VAYU_2019_8299.npy,sequences\tgt_VAYU_2019_8299.npy,VAYU,2019,2019-06-17 15:45:00,train
sequences\seq_YAAS_2021_8300.npy,sequences\tgt_YAAS_2021_8300.npy,YAAS,2021,2021-05-23 11:45:00,train
sequences\seq_YAAS_2021_8301.npy,sequences\tgt_YAAS_2021_8301.npy,YAAS,2021,2021-05-23 12:15:00,train
sequences\seq_YAAS_2021_8302.npy,sequences\tgt_YAAS_2021_8302.npy,YAAS,2021,2021-05-23 12:45:00,train
sequences\seq_YAAS_2021_8303.npy,sequences\tgt_YAAS_2021_8303.npy,YAAS,2021,2021-05-23 13:15:00,train
sequences\seq_YAAS_2021_8304.npy,sequences\tgt_YAAS_2021_8304.npy,YAAS,2021,2021-05-23 13:45:00,train
sequences\seq_YAAS_2021_8305.npy,sequences\tgt_YAAS_2021_8305.npy,YAAS,2021,2021-05-23 14:15:00,train
sequences\seq_YAAS_2021_8306.npy,sequences\tgt_YAAS_2021_8306.npy,YAAS,2021,2021-05-23 14:45:00,train
sequences\seq_YAAS_2021_8307.npy,sequences\tgt_YAAS_2021_8307.npy,YAAS,2021,2021-05-23 15:15:00,train
sequences\seq_YAAS_2021_8308.npy,sequences\tgt_YAAS_2021_8308.npy,YAAS,2021,2021-05-23 15:45:00,train
sequences\seq_YAAS_2021_8309.npy,sequences\tgt_YAAS_2021_8309.npy,YAAS,2021,2021-05-23 16:15:00,train
sequences\seq_YAAS_2021_8310.npy,sequences\tgt_YAAS_2021_8310.npy,YAAS,2021,2021-05-23 16:45:00,train
sequences\seq_YAAS_2021_8311.npy,sequences\tgt_YAAS_2021_8311.npy,YAAS,2021,2021-05-23 17:15:00,train
sequences\seq_YAAS_2021_8312.npy,sequences\tgt_YAAS_2021_8312.npy,YAAS,2021,2021-05-23 17:45:00,train
sequences\seq_YAAS_2021_8313.npy,sequences\tgt_YAAS_2021_8313.npy,YAAS,2021,2021-05-23 18:15:00,train
sequences\seq_YAAS_2021_8314.npy,sequences\tgt_YAAS_2021_8314.npy,YAAS,2021,2021-05-23 18:45:00,train
sequences\seq_YAAS_2021_8315.npy,sequences\tgt_YAAS_2021_8315.npy,YAAS,2021,2021-05-23 19:15:00,train
sequences\seq_YAAS_2021_8316.npy,sequences\tgt_YAAS_2021_8316.npy,YAAS,2021,2021-05-23 19:45:00,train
sequences\seq_YAAS_2021_8317.npy,sequences\tgt_YAAS_2021_8317.npy,YAAS,2021,2021-05-23 20:15:00,train
sequences\seq_YAAS_2021_8318.npy,sequences\tgt_YAAS_2021_8318.npy,YAAS,2021,2021-05-23 20:45:00,train
sequences\seq_YAAS_2021_8319.npy,sequences\tgt_YAAS_2021_8319.npy,YAAS,2021,2021-05-23 21:00:00,train
sequences\seq_YAAS_2021_8320.npy,sequences\tgt_YAAS_2021_8320.npy,YAAS,2021,2021-05-23 21:15:00,train
sequences\seq_YAAS_2021_8321.npy,sequences\tgt_YAAS_2021_8321.npy,YAAS,2021,2021-05-23 21:45:00,train
sequences\seq_YAAS_2021_8322.npy,sequences\tgt_YAAS_2021_8322.npy,YAAS,2021,2021-05-23 22:00:00,train
sequences\seq_YAAS_2021_8323.npy,sequences\tgt_YAAS_2021_8323.npy,YAAS,2021,2021-05-23 22:15:00,train
sequences\seq_YAAS_2021_8324.npy,sequences\tgt_YAAS_2021_8324.npy,YAAS,2021,2021-05-23 22:30:00,train
sequences\seq_YAAS_2021_8325.npy,sequences\tgt_YAAS_2021_8325.npy,YAAS,2021,2021-05-23 22:45:00,train
sequences\seq_YAAS_2021_8326.npy,sequences\tgt_YAAS_2021_8326.npy,YAAS,2021,2021-05-23 23:00:00,train
sequences\seq_YAAS_2021_8327.npy,sequences\tgt_YAAS_2021_8327.npy,YAAS,2021,2021-05-23 23:15:00,train
sequences\seq_YAAS_2021_8328.npy,sequences\tgt_YAAS_2021_8328.npy,YAAS,2021,2021-05-23 23:30:00,train
sequences\seq_YAAS_2021_8329.npy,sequences\tgt_YAAS_2021_8329.npy,YAAS,2021,2021-05-23 23:45:00,train
sequences\seq_YAAS_2021_8330.npy,sequences\tgt_YAAS_2021_8330.npy,YAAS,2021,2021-05-24 00:00:00,train
sequences\seq_YAAS_2021_8331.npy,sequences\tgt_YAAS_2021_8331.npy,YAAS,2021,2021-05-24 00:15:00,train
sequences\seq_YAAS_2021_8332.npy,sequences\tgt_YAAS_2021_8332.npy,YAAS,2021,2021-05-24 00:30:00,train
sequences\seq_YAAS_2021_8333.npy,sequences\tgt_YAAS_2021_8333.npy,YAAS,2021,2021-05-24 00:45:00,train
sequences\seq_YAAS_2021_8334.npy,sequences\tgt_YAAS_2021_8334.npy,YAAS,2021,2021-05-24 01:00:00,train
sequences\seq_YAAS_2021_8335.npy,sequences\tgt_YAAS_2021_8335.npy,YAAS,2021,2021-05-24 01:15:00,train
sequences\seq_YAAS_2021_8336.npy,sequences\tgt_YAAS_2021_8336.npy,YAAS,2021,2021-05-24 01:30:00,train
sequences\seq_YAAS_2021_8337.npy,sequences\tgt_YAAS_2021_8337.npy,YAAS,2021,2021-05-24 01:45:00,train
sequences\seq_YAAS_2021_8338.npy,sequences\tgt_YAAS_2021_8338.npy,YAAS,2021,2021-05-24 02:00:00,train
sequences\seq_YAAS_2021_8339.npy,sequences\tgt_YAAS_2021_8339.npy,YAAS,2021,2021-05-24 02:15:00,train
sequences\seq_YAAS_2021_8340.npy,sequences\tgt_YAAS_2021_8340.npy,YAAS,2021,2021-05-24 02:30:00,train
sequences\seq_YAAS_2021_8341.npy,sequences\tgt_YAAS_2021_8341.npy,YAAS,2021,2021-05-24 02:45:00,train
sequences\seq_YAAS_2021_8342.npy,sequences\tgt_YAAS_2021_8342.npy,YAAS,2021,2021-05-24 03:00:00,train
sequences\seq_YAAS_2021_8343.npy,sequences\tgt_YAAS_2021_8343.npy,YAAS,2021,2021-05-24 03:15:00,train
sequences\seq_YAAS_2021_8344.npy,sequences\tgt_YAAS_2021_8344.npy,YAAS,2021,2021-05-24 03:30:00,train
sequences\seq_YAAS_2021_8345.npy,sequences\tgt_YAAS_2021_8345.npy,YAAS,2021,2021-05-24 03:45:00,train
sequences\seq_YAAS_2021_8346.npy,sequences\tgt_YAAS_2021_8346.npy,YAAS,2021,2021-05-24 04:00:00,train
sequences\seq_YAAS_2021_8347.npy,sequences\tgt_YAAS_2021_8347.npy,YAAS,2021,2021-05-24 04:15:00,train
sequences\seq_YAAS_2021_8348.npy,sequences\tgt_YAAS_2021_8348.npy,YAAS,2021,2021-05-24 04:30:00,train
sequences\seq_YAAS_2021_8349.npy,sequences\tgt_YAAS_2021_8349.npy,YAAS,2021,2021-05-24 04:45:00,train
sequences\seq_YAAS_2021_8350.npy,sequences\tgt_YAAS_2021_8350.npy,YAAS,2021,2021-05-24 05:00:00,train
sequences\seq_YAAS_2021_8351.npy,sequences\tgt_YAAS_2021_8351.npy,YAAS,2021,2021-05-24 05:15:00,train
sequences\seq_YAAS_2021_8352.npy,sequences\tgt_YAAS_2021_8352.npy,YAAS,2021,2021-05-24 05:30:00,train
sequences\seq_YAAS_2021_8353.npy,sequences\tgt_YAAS_2021_8353.npy,YAAS,2021,2021-05-24 05:45:00,train
sequences\seq_YAAS_2021_8354.npy,sequences\tgt_YAAS_2021_8354.npy,YAAS,2021,2021-05-24 06:00:00,train
sequences\seq_YAAS_2021_8355.npy,sequences\tgt_YAAS_2021_8355.npy,YAAS,2021,2021-05-24 06:15:00,train
sequences\seq_YAAS_2021_8356.npy,sequences\tgt_YAAS_2021_8356.npy,YAAS,2021,2021-05-24 06:30:00,train
sequences\seq_YAAS_2021_8357.npy,sequences\tgt_YAAS_2021_8357.npy,YAAS,2021,2021-05-24 06:45:00,train
sequences\seq_YAAS_2021_8358.npy,sequences\tgt_YAAS_2021_8358.npy,YAAS,2021,2021-05-24 07:00:00,train
sequences\seq_YAAS_2021_8359.npy,sequences\tgt_YAAS_2021_8359.npy,YAAS,2021,2021-05-24 07:15:00,train
sequences\seq_YAAS_2021_8360.npy,sequences\tgt_YAAS_2021_8360.npy,YAAS,2021,2021-05-24 07:30:00,train
sequences\seq_YAAS_2021_8361.npy,sequences\tgt_YAAS_2021_8361.npy,YAAS,2021,2021-05-24 07:45:00,train
sequences\seq_YAAS_2021_8362.npy,sequences\tgt_YAAS_2021_8362.npy,YAAS,2021,2021-05-24 08:00:00,train
sequences\seq_YAAS_2021_8363.npy,sequences\tgt_YAAS_2021_8363.npy,YAAS,2021,2021-05-24 08:15:00,train
sequences\seq_YAAS_2021_8364.npy,sequences\tgt_YAAS_2021_8364.npy,YAAS,2021,2021-05-24 08:30:00,train
sequences\seq_YAAS_2021_8365.npy,sequences\tgt_YAAS_2021_8365.npy,YAAS,2021,2021-05-24 08:45:00,train
sequences\seq_YAAS_2021_8366.npy,sequences\tgt_YAAS_2021_8366.npy,YAAS,2021,2021-05-24 09:15:00,train
sequences\seq_YAAS_2021_8367.npy,sequences\tgt_YAAS_2021_8367.npy,YAAS,2021,2021-05-24 09:45:00,train
sequences\seq_YAAS_2021_8368.npy,sequences\tgt_YAAS_2021_8368.npy,YAAS,2021,2021-05-24 10:15:00,train
sequences\seq_YAAS_2021_8369.npy,sequences\tgt_YAAS_2021_8369.npy,YAAS,2021,2021-05-24 10:45:00,train
sequences\seq_YAAS_2021_8370.npy,sequences\tgt_YAAS_2021_8370.npy,YAAS,2021,2021-05-24 11:15:00,train
sequences\seq_YAAS_2021_8371.npy,sequences\tgt_YAAS_2021_8371.npy,YAAS,2021,2021-05-24 11:45:00,train
sequences\seq_YAAS_2021_8372.npy,sequences\tgt_YAAS_2021_8372.npy,YAAS,2021,2021-05-24 12:15:00,train
sequences\seq_YAAS_2021_8373.npy,sequences\tgt_YAAS_2021_8373.npy,YAAS,2021,2021-05-24 12:45:00,train
sequences\seq_YAAS_2021_8374.npy,sequences\tgt_YAAS_2021_8374.npy,YAAS,2021,2021-05-24 13:15:00,train
sequences\seq_YAAS_2021_8375.npy,sequences\tgt_YAAS_2021_8375.npy,YAAS,2021,2021-05-24 13:45:00,train
sequences\seq_YAAS_2021_8376.npy,sequences\tgt_YAAS_2021_8376.npy,YAAS,2021,2021-05-24 14:15:00,train
sequences\seq_YAAS_2021_8377.npy,sequences\tgt_YAAS_2021_8377.npy,YAAS,2021,2021-05-24 14:45:00,train
sequences\seq_YAAS_2021_8378.npy,sequences\tgt_YAAS_2021_8378.npy,YAAS,2021,2021-05-24 15:15:00,train
sequences\seq_YAAS_2021_8379.npy,sequences\tgt_YAAS_2021_8379.npy,YAAS,2021,2021-05-24 15:45:00,train
sequences\seq_YAAS_2021_8380.npy,sequences\tgt_YAAS_2021_8380.npy,YAAS,2021,2021-05-24 16:15:00,train
sequences\seq_YAAS_2021_8381.npy,sequences\tgt_YAAS_2021_8381.npy,YAAS,2021,2021-05-24 16:45:00,train
sequences\seq_YAAS_2021_8382.npy,sequences\tgt_YAAS_2021_8382.npy,YAAS,2021,2021-05-24 17:15:00,train
sequences\seq_YAAS_2021_8383.npy,sequences\tgt_YAAS_2021_8383.npy,YAAS,2021,2021-05-24 17:45:00,train
sequences\seq_YAAS_2021_8384.npy,sequences\tgt_YAAS_2021_8384.npy,YAAS,2021,2021-05-24 18:15:00,train
sequences\seq_YAAS_2021_8385.npy,sequences\tgt_YAAS_2021_8385.npy,YAAS,2021,2021-05-24 18:45:00,train
sequences\seq_YAAS_2021_8386.npy,sequences\tgt_YAAS_2021_8386.npy,YAAS,2021,2021-05-24 19:15:00,train
sequences\seq_YAAS_2021_8387.npy,sequences\tgt_YAAS_2021_8387.npy,YAAS,2021,2021-05-24 19:45:00,train
sequences\seq_YAAS_2021_8388.npy,sequences\tgt_YAAS_2021_8388.npy,YAAS,2021,2021-05-24 20:15:00,train
sequences\seq_YAAS_2021_8389.npy,sequences\tgt_YAAS_2021_8389.npy,YAAS,2021,2021-05-24 20:45:00,train
sequences\seq_YAAS_2021_8390.npy,sequences\tgt_YAAS_2021_8390.npy,YAAS,2021,2021-05-24 21:15:00,train
sequences\seq_YAAS_2021_8391.npy,sequences\tgt_YAAS_2021_8391.npy,YAAS,2021,2021-05-24 21:45:00,train
sequences\seq_YAAS_2021_8392.npy,sequences\tgt_YAAS_2021_8392.npy,YAAS,2021,2021-05-24 22:15:00,train
sequences\seq_YAAS_2021_8393.npy,sequences\tgt_YAAS_2021_8393.npy,YAAS,2021,2021-05-24 22:45:00,train
sequences\seq_YAAS_2021_8394.npy,sequences\tgt_YAAS_2021_8394.npy,YAAS,2021,2021-05-24 23:15:00,train
sequences\seq_YAAS_2021_8395.npy,sequences\tgt_YAAS_2021_8395.npy,YAAS,2021,2021-05-24 23:45:00,train
sequences\seq_YAAS_2021_8396.npy,sequences\tgt_YAAS_2021_8396.npy,YAAS,2021,2021-05-25 00:15:00,train
sequences\seq_YAAS_2021_8397.npy,sequences\tgt_YAAS_2021_8397.npy,YAAS,2021,2021-05-25 00:45:00,train
sequences\seq_YAAS_2021_8398.npy,sequences\tgt_YAAS_2021_8398.npy,YAAS,2021,2021-05-25 01:00:00,train
sequences\seq_YAAS_2021_8399.npy,sequences\tgt_YAAS_2021_8399.npy,YAAS,2021,2021-05-25 01:15:00,train
sequences\seq_YAAS_2021_8400.npy,sequences\tgt_YAAS_2021_8400.npy,YAAS,2021,2021-05-25 01:45:00,train
sequences\seq_YAAS_2021_8401.npy,sequences\tgt_YAAS_2021_8401.npy,YAAS,2021,2021-05-25 02:00:00,train
sequences\seq_YAAS_2021_8402.npy,sequences\tgt_YAAS_2021_8402.npy,YAAS,2021,2021-05-25 02:15:00,train
sequences\seq_YAAS_2021_8403.npy,sequences\tgt_YAAS_2021_8403.npy,YAAS,2021,2021-05-25 02:45:00,train
sequences\seq_YAAS_2021_8404.npy,sequences\tgt_YAAS_2021_8404.npy,YAAS,2021,2021-05-25 03:00:00,train
sequences\seq_YAAS_2021_8405.npy,sequences\tgt_YAAS_2021_8405.npy,YAAS,2021,2021-05-25 03:15:00,train
sequences\seq_YAAS_2021_8406.npy,sequences\tgt_YAAS_2021_8406.npy,YAAS,2021,2021-05-25 03:30:00,train
sequences\seq_YAAS_2021_8407.npy,sequences\tgt_YAAS_2021_8407.npy,YAAS,2021,2021-05-25 03:45:00,train
sequences\seq_YAAS_2021_8408.npy,sequences\tgt_YAAS_2021_8408.npy,YAAS,2021,2021-05-25 04:00:00,train
sequences\seq_YAAS_2021_8409.npy,sequences\tgt_YAAS_2021_8409.npy,YAAS,2021,2021-05-25 04:15:00,train
sequences\seq_YAAS_2021_8410.npy,sequences\tgt_YAAS_2021_8410.npy,YAAS,2021,2021-05-25 04:30:00,train
sequences\seq_YAAS_2021_8411.npy,sequences\tgt_YAAS_2021_8411.npy,YAAS,2021,2021-05-25 04:45:00,train
sequences\seq_YAAS_2021_8412.npy,sequences\tgt_YAAS_2021_8412.npy,YAAS,2021,2021-05-25 05:00:00,train
sequences\seq_YAAS_2021_8413.npy,sequences\tgt_YAAS_2021_8413.npy,YAAS,2021,2021-05-25 05:15:00,train
sequences\seq_YAAS_2021_8414.npy,sequences\tgt_YAAS_2021_8414.npy,YAAS,2021,2021-05-25 05:30:00,train
sequences\seq_YAAS_2021_8415.npy,sequences\tgt_YAAS_2021_8415.npy,YAAS,2021,2021-05-25 05:45:00,train
sequences\seq_YAAS_2021_8416.npy,sequences\tgt_YAAS_2021_8416.npy,YAAS,2021,2021-05-25 06:00:00,train
sequences\seq_YAAS_2021_8417.npy,sequences\tgt_YAAS_2021_8417.npy,YAAS,2021,2021-05-25 06:15:00,train
sequences\seq_YAAS_2021_8418.npy,sequences\tgt_YAAS_2021_8418.npy,YAAS,2021,2021-05-25 06:45:00,train
sequences\seq_YAAS_2021_8419.npy,sequences\tgt_YAAS_2021_8419.npy,YAAS,2021,2021-05-25 07:00:00,train
sequences\seq_YAAS_2021_8420.npy,sequences\tgt_YAAS_2021_8420.npy,YAAS,2021,2021-05-25 07:15:00,train
sequences\seq_YAAS_2021_8421.npy,sequences\tgt_YAAS_2021_8421.npy,YAAS,2021,2021-05-25 07:30:00,train
sequences\seq_YAAS_2021_8422.npy,sequences\tgt_YAAS_2021_8422.npy,YAAS,2021,2021-05-25 07:45:00,train
sequences\seq_YAAS_2021_8423.npy,sequences\tgt_YAAS_2021_8423.npy,YAAS,2021,2021-05-25 08:00:00,train
sequences\seq_YAAS_2021_8424.npy,sequences\tgt_YAAS_2021_8424.npy,YAAS,2021,2021-05-25 08:15:00,train
sequences\seq_YAAS_2021_8425.npy,sequences\tgt_YAAS_2021_8425.npy,YAAS,2021,2021-05-25 08:30:00,train
sequences\seq_YAAS_2021_8426.npy,sequences\tgt_YAAS_2021_8426.npy,YAAS,2021,2021-05-25 08:45:00,train
sequences\seq_YAAS_2021_8427.npy,sequences\tgt_YAAS_2021_8427.npy,YAAS,2021,2021-05-25 09:15:00,train
sequences\seq_YAAS_2021_8428.npy,sequences\tgt_YAAS_2021_8428.npy,YAAS,2021,2021-05-25 09:45:00,train
sequences\seq_YAAS_2021_8429.npy,sequences\tgt_YAAS_2021_8429.npy,YAAS,2021,2021-05-25 11:00:00,train
sequences\seq_YAAS_2021_8430.npy,sequences\tgt_YAAS_2021_8430.npy,YAAS,2021,2021-05-25 11:30:00,train
sequences\seq_YAAS_2021_8431.npy,sequences\tgt_YAAS_2021_8431.npy,YAAS,2021,2021-05-25 12:00:00,train
sequences\seq_YAAS_2021_8432.npy,sequences\tgt_YAAS_2021_8432.npy,YAAS,2021,2021-05-25 12:30:00,train
sequences\seq_YAAS_2021_8433.npy,sequences\tgt_YAAS_2021_8433.npy,YAAS,2021,2021-05-25 13:00:00,train
sequences\seq_YAAS_2021_8434.npy,sequences\tgt_YAAS_2021_8434.npy,YAAS,2021,2021-05-25 13:30:00,train
sequences\seq_YAAS_2021_8435.npy,sequences\tgt_YAAS_2021_8435.npy,YAAS,2021,2021-05-25 14:00:00,train
sequences\seq_YAAS_2021_8436.npy,sequences\tgt_YAAS_2021_8436.npy,YAAS,2021,2021-05-25 14:30:00,train
sequences\seq_YAAS_2021_8437.npy,sequences\tgt_YAAS_2021_8437.npy,YAAS,2021,2021-05-25 15:00:00,train
sequences\seq_YAAS_2021_8438.npy,sequences\tgt_YAAS_2021_8438.npy,YAAS,2021,2021-05-25 15:30:00,train
sequences\seq_YAAS_2021_8439.npy,sequences\tgt_YAAS_2021_8439.npy,YAAS,2021,2021-05-25 16:00:00,train
sequences\seq_YAAS_2021_8440.npy,sequences\tgt_YAAS_2021_8440.npy,YAAS,2021,2021-05-25 16:30:00,train
sequences\seq_YAAS_2021_8441.npy,sequences\tgt_YAAS_2021_8441.npy,YAAS,2021,2021-05-25 17:00:00,train
sequences\seq_YAAS_2021_8442.npy,sequences\tgt_YAAS_2021_8442.npy,YAAS,2021,2021-05-25 17:30:00,train
sequences\seq_YAAS_2021_8443.npy,sequences\tgt_YAAS_2021_8443.npy,YAAS,2021,2021-05-25 18:00:00,train
sequences\seq_YAAS_2021_8444.npy,sequences\tgt_YAAS_2021_8444.npy,YAAS,2021,2021-05-25 18:30:00,train
sequences\seq_YAAS_2021_8445.npy,sequences\tgt_YAAS_2021_8445.npy,YAAS,2021,2021-05-25 19:00:00,train
sequences\seq_YAAS_2021_8446.npy,sequences\tgt_YAAS_2021_8446.npy,YAAS,2021,2021-05-25 19:30:00,train
sequences\seq_YAAS_2021_8447.npy,sequences\tgt_YAAS_2021_8447.npy,YAAS,2021,2021-05-25 20:00:00,train
sequences\seq_YAAS_2021_8448.npy,sequences\tgt_YAAS_2021_8448.npy,YAAS,2021,2021-05-25 20:30:00,train
sequences\seq_YAAS_2021_8449.npy,sequences\tgt_YAAS_2021_8449.npy,YAAS,2021,2021-05-25 21:00:00,train
sequences\seq_YAAS_2021_8450.npy,sequences\tgt_YAAS_2021_8450.npy,YAAS,2021,2021-05-25 21:30:00,train
sequences\seq_YAAS_2021_8451.npy,sequences\tgt_YAAS_2021_8451.npy,YAAS,2021,2021-05-25 22:00:00,train
sequences\seq_YAAS_2021_8452.npy,sequences\tgt_YAAS_2021_8452.npy,YAAS,2021,2021-05-25 22:30:00,train
sequences\seq_YAAS_2021_8453.npy,sequences\tgt_YAAS_2021_8453.npy,YAAS,2021,2021-05-25 23:00:00,train
sequences\seq_YAAS_2021_8454.npy,sequences\tgt_YAAS_2021_8454.npy,YAAS,2021,2021-05-25 23:30:00,train
sequences\seq_YAAS_2021_8455.npy,sequences\tgt_YAAS_2021_8455.npy,YAAS,2021,2021-05-26 00:00:00,train
sequences\seq_YAAS_2021_8456.npy,sequences\tgt_YAAS_2021_8456.npy,YAAS,2021,2021-05-26 00:30:00,train
sequences\seq_YAAS_2021_8457.npy,sequences\tgt_YAAS_2021_8457.npy,YAAS,2021,2021-05-26 01:00:00,train
sequences\seq_YAAS_2021_8458.npy,sequences\tgt_YAAS_2021_8458.npy,YAAS,2021,2021-05-26 01:30:00,train
sequences\seq_YAAS_2021_8459.npy,sequences\tgt_YAAS_2021_8459.npy,YAAS,2021,2021-05-26 02:00:00,train
sequences\seq_YAAS_2021_8460.npy,sequences\tgt_YAAS_2021_8460.npy,YAAS,2021,2021-05-26 02:30:00,train
sequences\seq_YAAS_2021_8461.npy,sequences\tgt_YAAS_2021_8461.npy,YAAS,2021,2021-05-26 03:00:00,train
sequences\seq_YAAS_2021_8462.npy,sequences\tgt_YAAS_2021_8462.npy,YAAS,2021,2021-05-26 03:30:00,train
sequences\seq_YAAS_2021_8463.npy,sequences\tgt_YAAS_2021_8463.npy,YAAS,2021,2021-05-26 04:00:00,train
sequences\seq_YAAS_2021_8464.npy,sequences\tgt_YAAS_2021_8464.npy,YAAS,2021,2021-05-26 04:30:00,train
sequences\seq_YAAS_2021_8465.npy,sequences\tgt_YAAS_2021_8465.npy,YAAS,2021,2021-05-26 05:00:00,train
sequences\seq_YAAS_2021_8466.npy,sequences\tgt_YAAS_2021_8466.npy,YAAS,2021,2021-05-26 05:30:00,train
sequences\seq_YAAS_2021_8467.npy,sequences\tgt_YAAS_2021_8467.npy,YAAS,2021,2021-05-26 06:00:00,train
sequences\seq_YAAS_2021_8468.npy,sequences\tgt_YAAS_2021_8468.npy,YAAS,2021,2021-05-26 07:00:00,train
sequences\seq_YAAS_2021_8469.npy,sequences\tgt_YAAS_2021_8469.npy,YAAS,2021,2021-05-26 07:30:00,train
sequences\seq_YAAS_2021_8470.npy,sequences\tgt_YAAS_2021_8470.npy,YAAS,2021,2021-05-26 08:00:00,train
sequences\seq_YAAS_2021_8471.npy,sequences\tgt_YAAS_2021_8471.npy,YAAS,2021,2021-05-26 08:30:00,train
sequences\seq_YAAS_2021_8472.npy,sequences\tgt_YAAS_2021_8472.npy,YAAS,2021,2021-05-26 09:00:00,train
sequences\seq_YAAS_2021_8473.npy,sequences\tgt_YAAS_2021_8473.npy,YAAS,2021,2021-05-26 09:30:00,train
sequences\seq_YAAS_2021_8474.npy,sequences\tgt_YAAS_2021_8474.npy,YAAS,2021,2021-05-26 10:00:00,train
sequences\seq_YAAS_2021_8475.npy,sequences\tgt_YAAS_2021_8475.npy,YAAS,2021,2021-05-26 10:30:00,train
sequences\seq_YAAS_2021_8476.npy,sequences\tgt_YAAS_2021_8476.npy,YAAS,2021,2021-05-26 11:00:00,train
sequences\seq_YAAS_2021_8477.npy,sequences\tgt_YAAS_2021_8477.npy,YAAS,2021,2021-05-26 11:30:00,train
sequences\seq_YAAS_2021_8478.npy,sequences\tgt_YAAS_2021_8478.npy,YAAS,2021,2021-05-26 12:00:00,train
sequences\seq_YAAS_2021_8479.npy,sequences\tgt_YAAS_2021_8479.npy,YAAS,2021,2021-05-26 12:30:00,train
sequences\seq_YAAS_2021_8480.npy,sequences\tgt_YAAS_2021_8480.npy,YAAS,2021,2021-05-26 13:00:00,train
sequences\seq_YAAS_2021_8481.npy,sequences\tgt_YAAS_2021_8481.npy,YAAS,2021,2021-05-26 13:30:00,train
sequences\seq_YAAS_2021_8482.npy,sequences\tgt_YAAS_2021_8482.npy,YAAS,2021,2021-05-26 14:00:00,train
sequences\seq_YAAS_2021_8483.npy,sequences\tgt_YAAS_2021_8483.npy,YAAS,2021,2021-05-26 14:30:00,train
sequences\seq_YAAS_2021_8484.npy,sequences\tgt_YAAS_2021_8484.npy,YAAS,2021,2021-05-26 15:00:00,train
sequences\seq_YAAS_2021_8485.npy,sequences\tgt_YAAS_2021_8485.npy,YAAS,2021,2021-05-26 15:30:00,train
sequences\seq_YAAS_2021_8486.npy,sequences\tgt_YAAS_2021_8486.npy,YAAS,2021,2021-05-26 16:00:00,train
sequences\seq_YAAS_2021_8487.npy,sequences\tgt_YAAS_2021_8487.npy,YAAS,2021,2021-05-26 16:30:00,train
sequences\seq_YAAS_2021_8488.npy,sequences\tgt_YAAS_2021_8488.npy,YAAS,2021,2021-05-26 17:00:00,train
sequences\seq_YAAS_2021_8489.npy,sequences\tgt_YAAS_2021_8489.npy,YAAS,2021,2021-05-26 17:30:00,train
sequences\seq_YAAS_2021_8490.npy,sequences\tgt_YAAS_2021_8490.npy,YAAS,2021,2021-05-26 18:00:00,train
sequences\seq_YAAS_2021_8491.npy,sequences\tgt_YAAS_2021_8491.npy,YAAS,2021,2021-05-26 18:30:00,train
sequences\seq_YAAS_2021_8492.npy,sequences\tgt_YAAS_2021_8492.npy,YAAS,2021,2021-05-26 19:00:00,train
sequences\seq_YAAS_2021_8493.npy,sequences\tgt_YAAS_2021_8493.npy,YAAS,2021,2021-05-26 19:30:00,train
sequences\seq_YAAS_2021_8494.npy,sequences\tgt_YAAS_2021_8494.npy,YAAS,2021,2021-05-26 20:00:00,train
sequences\seq_YAAS_2021_8495.npy,sequences\tgt_YAAS_2021_8495.npy,YAAS,2021,2021-05-26 20:30:00,train
sequences\seq_YAAS_2021_8496.npy,sequences\tgt_YAAS_2021_8496.npy,YAAS,2021,2021-05-26 21:00:00,train
sequences\seq_YAAS_2021_8497.npy,sequences\tgt_YAAS_2021_8497.npy,YAAS,2021,2021-05-26 21:30:00,train
sequences\seq_YAAS_2021_8498.npy,sequences\tgt_YAAS_2021_8498.npy,YAAS,2021,2021-05-26 22:00:00,train
sequences\seq_YAAS_2021_8499.npy,sequences\tgt_YAAS_2021_8499.npy,YAAS,2021,2021-05-26 22:30:00,train
sequences\seq_YAAS_2021_8500.npy,sequences\tgt_YAAS_2021_8500.npy,YAAS,2021,2021-05-26 23:00:00,train
sequences\seq_YAAS_2021_8501.npy,sequences\tgt_YAAS_2021_8501.npy,YAAS,2021,2021-05-26 23:30:00,train
sequences\seq_YAAS_2021_8502.npy,sequences\tgt_YAAS_2021_8502.npy,YAAS,2021,2021-05-27 00:00:00,train
sequences\seq_YAAS_2021_8503.npy,sequences\tgt_YAAS_2021_8503.npy,YAAS,2021,2021-05-27 00:30:00,train
sequences\seq_YAAS_2021_8504.npy,sequences\tgt_YAAS_2021_8504.npy,YAAS,2021,2021-05-27 01:00:00,train
sequences\seq_YAAS_2021_8505.npy,sequences\tgt_YAAS_2021_8505.npy,YAAS,2021,2021-05-27 01:30:00,train
sequences\seq_YAAS_2021_8506.npy,sequences\tgt_YAAS_2021_8506.npy,YAAS,2021,2021-05-27 02:00:00,train
sequences\seq_YAAS_2021_8507.npy,sequences\tgt_YAAS_2021_8507.npy,YAAS,2021,2021-05-27 02:30:00,train
sequences\seq_YAAS_2021_8508.npy,sequences\tgt_YAAS_2021_8508.npy,YAAS,2021,2021-05-27 03:00:00,train
sequences\seq_YAAS_2021_8509.npy,sequences\tgt_YAAS_2021_8509.npy,YAAS,2021,2021-05-27 03:30:00,train
sequences\seq_YAAS_2021_8510.npy,sequences\tgt_YAAS_2021_8510.npy,YAAS,2021,2021-05-27 04:00:00,train
